Matrícula;Nome Completo;CPF;Data de Nascimento;Sexo;Estado Civil;Escolaridade;Nome da Mãe;RG;Órgão Emissor;UF do RG;CEP;Endereço;Número;Complemento;Bairro;Cidade;UF;Celular;E-mail Pessoal;CNPJ do Empregador;Código da Unidade;Unidade;Cargo;CBO;Data de Admissão;Vínculo;Salário Bruto;Mês de Referência do Salário;Cidade de Trabalho;UF de Trabalho
002231;Amanda Mendes;532.902.513-30;20/08/1974;F;Divorciada;Superior completo;Tereza Borges Mendes;5622906;SSP;MS;79075635;Rua da Liberdade;2635;Apto 32;Nova Lima;Campo Grande;MS;(67) 99103-8256;amanda.mendes81@correio.example;10.558.657/0001-22;CGR-01;Planta Industrial;Sócio-administrador;1210-10;06/05/2016;PRO_LABORE;45.000,00;01/07/2026;Campo Grande;MS
002232;Olívia Correia Alves;792.193.892-23;08/02/1985;F;Viúva;Superior completo;Helena Borges Alves;83151865;SSP;MS;79011944;Rua do Sol Nascente;309;Casa 2;Coophavila;Campo Grande;MS;(67) 98977-6289;olivia.alves46@caixapostal.example;10.558.657/0001-22;CGR-01;Planta Industrial;Sócio-administrador;1210-10;02/01/2015;PRO_LABORE;25.000,00;01/07/2026;Campo Grande;MS
002233;Alexandre Bezerra;951.874.614-19;08/06/2004;M;Solteiro;Médio completo;Carolina Pinto Bezerra;42705243;SSP;MS;79042688;Rua das Hortênsias;195;;Nova Lima;Campo Grande;MS;(67) 99039-7822;alexandre.bezerra91@caixapostal.example;10.558.657/0001-22;CGR-01;Planta Industrial;Técnico em segurança do trabalho;3516-05;22/03/2025;CLT;5.180,00;01/07/2026;Campo Grande;MS
002234;Lúcia Barros Martins;711.714.665-60;14/11/2001;F;Solteira;Fundamental completo;Amanda Nascimento Martins;35376723;SSP;MS;79010133;Rua Nova;724;;Coophavila;Campo Grande;MS;(67) 98782-9032;lucia.martins40@correio.example;10.558.657/0001-22;CGR-01;Planta Industrial;Motorista de caminhão;7825-10;28/07/2022;CLT;2.820,00;01/07/2026;Campo Grande;MS
002235;Eduarda Teixeira Barbosa;107.533.972-34;16/10/1987;F;Casada;Fundamental completo;Rosana Monteiro Barbosa;56113077;SSP;MS;79089895;Rua das Orquídeas;1286;Bloco B;Nova Lima;Campo Grande;MS;(67) 98719-6275;eduarda.barbosa44@meuemail.example;10.558.657/0001-22;CGR-01;Planta Industrial;Magarefe;8485-20;22/12/2019;CLT;2.300,00;01/07/2026;Campo Grande;MS
002236;Daniel Farias;107.079.499-63;31/12/1983;M;Divorciado;Médio incompleto;Bruna Campos Farias;21396744;SSP;MS;79095996;Rua Três Marias;901;;Aero Rancho;Campo Grande;MS;(67) 99076-5371;daniel.farias25@meuemail.example;10.558.657/0002-03;CGR-02;Centro de Distribuição;Motorista de caminhão;7825-10;25/09/2024;CLT;3.610,00;01/07/2026;Campo Grande;MS
002237;Giovana Lopes;462.436.404-00;24/04/1981;F;Divorciada;Médio completo;Valéria Santos Lopes;3143322;SSP;MS;79086201;Rua da Esperança;1788;;Coophavila;Campo Grande;MS;(67) 99575-4364;giovana.lopes77@meuemail.example;10.558.657/0001-22;CGR-01;Planta Industrial;Desossador;8485-15;08/07/2022;CLT;2.230,00;01/07/2026;Campo Grande;MS
002238;Joana Lima;975.396.981-36;10/04/1983;F;Casada;Médio completo;Elaine Carvalho Lima;93111748;SSP;MS;79091153;Rua São Pedro;1026;;Nova Lima;Campo Grande;MS;(67) 98778-1310;joana.lima50@caixapostal.example;10.558.657/0001-22;CGR-01;Planta Industrial;Conferente de carga;4142-15;16/11/2023;CLT;2.640,00;01/07/2026;Campo Grande;MS
002239;Lúcia Costa Guimarães;551.961.414-80;11/11/1986;F;Solteira;Médio incompleto;Beatriz Miranda Guimarães;10190798;SSP;MS;79008416;Rua dos Pinheiros Altos;405;;Aero Rancho;Campo Grande;MS;(67) 98826-9855;lucia.guimaraes12@caixapostal.example;10.558.657/0001-22;CGR-01;Planta Industrial;Embalador;7841-05;16/06/2022;CLT;1.920,00;01/07/2026;Campo Grande;MS
002240;Francisca Costa;844.110.363-12;10/01/1997;F;União estável;Médio completo;Vanessa Barros Costa;18009836;SSP;MS;79031272;Rua da Esperança;112;Bloco B;Guanandi;Campo Grande;MS;(67) 99206-9877;francisca.costa35@correio.example;10.558.657/0001-22;CGR-01;Planta Industrial;Embalador;7841-05;10/08/2021;CLT;1.630,00;01/07/2026;Campo Grande;MS
002241;Beatriz Barbosa;405.633.483-80;02/09/1975;F;Casada;Médio completo;Yasmin Neves Barbosa;81559040;SSP;MS;79012184;Rua da Alvorada;1097;Apto 204;Tiradentes;Campo Grande;MS;(67) 98430-1340;beatriz.barbosa60@meuemail.example;10.558.657/0001-22;CGR-01;Planta Industrial;Motorista de caminhão;7825-10;20/01/2021;CLT;2.820,00;01/07/2026;Campo Grande;MS
002242;Rodrigo Tavares Batista;377.395.436-08;24/04/2002;M;União estável;Médio completo;Kelly Paiva Batista;11680331;SSP;MS;79069706;Rua do Sol Nascente;265;;Moreninhas;Campo Grande;MS;(67) 99216-8367;rodrigo.batista15@meuemail.example;10.558.657/0001-22;CGR-01;Planta Industrial;Desossador;8485-15;20/08/2023;CLT;2.230,00;01/07/2026;Campo Grande;MS
002243;Júlio Alves Lopes;871.862.677-77;31/08/1974;M;Viúvo;Médio completo;Olívia Moura Lopes;99049042;SSP;MS;79044903;Rua das Palmeiras;1697;;Aero Rancho;Campo Grande;MS;(67) 98379-4589;julio.lopes42@caixapostal.example;10.558.657/0001-22;CGR-01;Planta Industrial;Magarefe;8485-20;05/05/2010;CLT;2.090,00;01/07/2026;Campo Grande;MS
002244;Diego Cardoso Gomes;143.159.424-56;09/08/1990;M;Casado;Fundamental completo;Sabrina Guimarães Gomes;94147876;SSP;MS;79042663;Rua do Bosque;1372;Bloco B;Aero Rancho;Campo Grande;MS;(67) 99965-5049;diego.gomes30@caixapostal.example;10.558.657/0001-22;CGR-01;Planta Industrial;Desossador;8485-15;11/06/2020;CLT;2.230,00;01/07/2026;Campo Grande;MS
002245;Luiz Bezerra;190.609.035-10;18/11/1997;M;Casado;Médio incompleto;Adriana Nunes Bezerra;10240674;SSP;MS;79078130;Rua Santa Clara;334;;Nova Lima;Campo Grande;MS;(67) 98831-4547;luiz.bezerra62@caixapostal.example;10.558.657/0001-22;CGR-01;Planta Industrial;Motorista de caminhão;7825-10;01/09/2022;CLT;3.210,00;01/07/2026;Campo Grande;MS
002246;Luiz Vieira;195.865.526-08;02/09/1991;M;União estável;Médio completo;Joana Paiva Vieira;19533290;SSP;MS;79097883;Rua do Mirante;2482;;Moreninhas;Campo Grande;MS;(67) 98201-1296;luiz.vieira65@correio.example;10.558.657/0002-03;CGR-02;Centro de Distribuição;Abatedor;8485-05;25/11/2016;CLT;2.070,00;01/07/2026;Campo Grande;MS
002247;Kelly Aguiar Rodrigues;691.456.881-25;03/05/1982;F;Casada;Médio incompleto;Larissa Ribeiro Rodrigues;34972298;SSP;MS;79064464;Rua do Horizonte;1435;Casa 2;Nova Lima;Campo Grande;MS;(67) 99563-5105;kelly.rodrigues39@caixapostal.example;10.558.657/0001-22;CGR-01;Planta Industrial;Desossador;8485-15;18/02/2024;CLT;2.520,00;01/07/2026;Campo Grande;MS
002248;Giovana Leite Peixoto;256.974.695-94;20/09/1992;F;Solteira;Médio incompleto;Sabrina Nunes Peixoto;75273831;SSP;MS;79008333;Rua das Acácias;2349;;Aero Rancho;Campo Grande;MS;(67) 99351-3899;giovana.peixoto88@correio.example;10.558.657/0001-22;CGR-01;Planta Industrial;Desossador;8485-15;27/02/2018;CLT;2.520,00;01/07/2026;Campo Grande;MS
002249;Ana Alves Neves;168.144.780-05;17/03/2002;F;Solteira;Médio completo;Rosana Cavalcanti Neves;36016144;SSP;MS;79034817;Rua do Horizonte;1517;;Guanandi;Campo Grande;MS;(67) 99199-1127;ana.neves12@meuemail.example;10.558.657/0001-22;CGR-01;Planta Industrial;Conferente de carga;4142-15;20/10/2025;CLT;2.380,00;01/07/2026;Campo Grande;MS
002250;Bruna Santana Coelho;651.434.864-59;12/11/1998;F;Casada;Médio completo;Bruna Cavalcanti Coelho;6340464;SSP;MS;79096464;Rua dos Cravos;2304;Apto 32;Aero Rancho;Campo Grande;MS;(67) 98488-6266;bruna.coelho72@meuemail.example;10.558.657/0001-22;CGR-01;Planta Industrial;Desossador;8485-15;07/09/2023;CLT;2.230,00;01/07/2026;Campo Grande;MS
002251;Mariana Mendes Guimarães;788.560.145-56;07/07/1994;F;Casada;Fundamental completo;Vanessa Coelho Guimarães;87770823;SSP;MS;79030658;Rua das Acácias;1106;;Tiradentes;Campo Grande;MS;(67) 98329-2824;mariana.guimaraes74@caixapostal.example;10.558.657/0001-22;CGR-01;Planta Industrial;Auxiliar de escritório;4110-05;27/11/2023;CLT;2.330,00;01/07/2026;Campo Grande;MS
002252;Gustavo Teixeira;284.897.067-78;29/07/1991;M;Casado;Médio incompleto;Larissa Souza Teixeira;19136246;SSP;MS;79056138;Rua Nova;366;;Nova Lima;Campo Grande;MS;(67) 98427-7965;gustavo.teixeira7@meuemail.example;10.558.657/0002-03;CGR-02;Centro de Distribuição;Conferente de carga;4142-15;13/09/2025;CLT;2.110,00;01/07/2026;Campo Grande;MS
002253;Francisco Castro;933.164.281-43;06/03/2000;M;Casado;Médio incompleto;Joana Teixeira Castro;80403348;SSP;MS;79035724;Rua do Sol Nascente;332;;Moreninhas;Campo Grande;MS;(67) 98609-4229;francisco.castro17@correio.example;10.558.657/0002-03;CGR-02;Centro de Distribuição;Faxineiro;5143-20;08/02/2025;CLT;1.770,00;01/07/2026;Campo Grande;MS
002254;Thiago Cardoso;192.270.855-05;22/04/1990;M;Casado;Médio completo;Valéria Moreira Cardoso;67720740;SSP;MS;79088693;Rua das Gaivotas;807;;Moreninhas;Campo Grande;MS;(67) 98676-6973;thiago.cardoso98@correio.example;10.558.657/0001-22;CGR-01;Planta Industrial;Supervisor de produção;8401-05;29/10/2021;CLT;6.100,00;01/07/2026;Campo Grande;MS
002255;Giovana Fernandes;006.916.177-16;13/06/2001;F;União estável;Médio completo;Vanessa Cavalcanti Fernandes;86267723;SSP;MS;79003950;Rua das Andorinhas;1561;;Nova Lima;Campo Grande;MS;(67) 99575-4433;giovana.fernandes46@caixapostal.example;10.558.657/0001-22;CGR-01;Planta Industrial;Desossador;8485-15;27/10/2023;CLT;2.520,00;01/07/2026;Campo Grande;MS
002256;Caio Carvalho;367.520.999-79;16/03/1998;M;União estável;Médio incompleto;Camila Gonçalves Carvalho;7053575;SSP;MS;79030508;Rua das Mangueiras;1777;Bloco B;Guanandi;Campo Grande;MS;(67) 99949-0555;caio.carvalho58@meuemail.example;10.558.657/0002-03;CGR-02;Centro de Distribuição;Auxiliar de escritório;4110-05;01/02/2025;CLT;2.070,00;01/07/2026;Campo Grande;MS
002257;Camila Teixeira Martins;617.783.758-12;17/09/2006;F;Solteira;Médio completo;Isabela Farias Martins;79843346;SSP;MS;79066781;Rua das Flores do Campo;2181;;Aero Rancho;Campo Grande;MS;(67) 98837-9737;camila.martins53@correio.example;10.558.657/0002-03;CGR-02;Centro de Distribuição;Auxiliar de escritório;4110-05;04/02/2026;CLT;2.070,00;01/07/2026;Campo Grande;MS
002258;Igor Costa Santana;051.894.884-62;05/05/1990;M;Casado;Médio completo;Natália Nunes Santana;97845024;SSP;MS;79055695;Rua do Mirante;1182;;Moreninhas;Campo Grande;MS;(67) 98639-1388;igor.santana64@meuemail.example;10.558.657/0001-22;CGR-01;Planta Industrial;Magarefe;8485-20;14/11/2018;CLT;1.880,00;01/07/2026;Campo Grande;MS
002259;Jéssica Campos Freitas;634.022.657-45;23/06/2000;F;Solteira;Superior completo;Marta Coelho Freitas;66331082;SSP;MS;79090224;Rua das Mangueiras;652;;Coophavila;Campo Grande;MS;(67) 98424-5771;jessica.freitas71@caixapostal.example;10.558.657/0001-22;CGR-01;Planta Industrial;Inspetor de qualidade;3912-05;03/02/2025;CLT;3.400,00;01/07/2026;Campo Grande;MS
002260;Larissa Queiroz;296.433.743-86;02/12/1995;F;Solteira;Médio completo;Cristiane Freitas Queiroz;17998475;SSP;MS;79048768;Rua do Cruzeiro;1043;Casa 2;Moreninhas;Campo Grande;MS;(67) 98113-6365;larissa.queiroz96@correio.example;10.558.657/0001-22;CGR-01;Planta Industrial;Desossador;8485-15;11/10/2021;CLT;2.800,00;01/07/2026;Campo Grande;MS
002261;Júlio Brito Siqueira;934.453.827-19;18/12/1996;M;Solteiro;Médio completo;Olívia Cavalcanti Siqueira;84184967;SSP;MS;79003451;Rua dos Girassóis;2552;;Guanandi;Campo Grande;MS;(67) 99645-5236;julio.siqueira6@caixapostal.example;10.558.657/0002-03;CGR-02;Centro de Distribuição;Embalador;7841-05;04/12/2025;CLT;1.740,00;01/07/2026;Campo Grande;MS
002262;Raimundo Castro;485.213.874-58;17/06/1983;M;Divorciado;Médio completo;Amanda Moura Castro;42330127;SSP;MS;79003288;Avenida Beira Rio;126;;Moreninhas;Campo Grande;MS;(67) 99235-9897;raimundo.castro23@caixapostal.example;10.558.657/0001-22;CGR-01;Planta Industrial;Magarefe;8485-20;18/11/2022;CLT;2.300,00;01/07/2026;Campo Grande;MS
002263;Vanessa Teixeira;466.404.580-80;01/03/2001;F;Casada;Médio completo;Olívia Guimarães Teixeira;10119181;SSP;MS;79017421;Rua Santa Clara;1688;;Tiradentes;Campo Grande;MS;(67) 99806-9603;vanessa.teixeira65@meuemail.example;10.558.657/0001-22;CGR-01;Planta Industrial;Abatedor;8485-05;23/05/2023;CLT;1.820,00;01/07/2026;Campo Grande;MS
002264;Ana Siqueira Viana;019.929.546-82;29/07/1980;F;Divorciada;Fundamental completo;Fernanda Magalhães Viana;13085353;SSP;MS;79044016;Rua dos Cravos;546;Bloco B;Tiradentes;Campo Grande;MS;(67) 98819-7950;ana.viana47@correio.example;10.558.657/0001-22;CGR-01;Planta Industrial;Motorista de caminhão;7825-10;14/08/2012;CLT;4.000,00;01/07/2026;Campo Grande;MS
002265;Valéria Batista Nunes;709.625.906-65;29/03/1999;F;União estável;Médio completo;Francisca Moura Nunes;16160532;SSP;MS;79075869;Rua das Violetas;820;Apto 32;Nova Lima;Campo Grande;MS;(67) 98494-7753;valeria.nunes29@caixapostal.example;10.558.657/0001-22;CGR-01;Planta Industrial;Embalador;7841-05;07/04/2026;CLT;1.920,00;01/07/2026;Campo Grande;MS
002266;Felipe Monteiro Soares;705.565.220-01;22/04/2000;M;Casado;Médio completo;Marta Mendes Soares;57503385;SSP;MS;79098014;Rua das Mangueiras;637;Fundos;Nova Lima;Campo Grande;MS;(67) 99249-7083;felipe.soares97@caixapostal.example;10.558.657/0002-03;CGR-02;Centro de Distribuição;Supervisor de produção;8401-05;07/11/2023;CLT;4.170,00;01/07/2026;Campo Grande;MS
002267;Adriana Lopes Campos;109.818.050-00;10/12/1993;F;União estável;Médio incompleto;Carolina Fernandes Campos;50134459;SSP;MS;79046260;Rua das Mangueiras;1059;Casa 2;Aero Rancho;Campo Grande;MS;(67) 98335-6035;adriana.campos21@correio.example;10.558.657/0002-03;CGR-02;Centro de Distribuição;Auxiliar de escritório;4110-05;09/02/2019;CLT;2.840,00;01/07/2026;Campo Grande;MS
002268;Mariana Brito;484.861.707-37;11/12/1998;F;Casada;Fundamental completo;Marta Gonçalves Brito;26552492;SSP;MS;79095273;Rua da Esperança;2412;;Aero Rancho;Campo Grande;MS;(67) 98568-3352;mariana.brito56@meuemail.example;10.558.657/0001-22;CGR-01;Planta Industrial;Motorista de caminhão;7825-10;30/12/2024;CLT;3.610,00;01/07/2026;Campo Grande;MS
002269;Carolina Aguiar;646.381.724-40;22/07/2005;F;Solteira;Médio completo;Olívia Mendes Aguiar;79077037;SSP;MS;79077160;Rua das Hortênsias;2736;Apto 101;Guanandi;Campo Grande;MS;(67) 99315-0971;carolina.aguiar97@meuemail.example;10.558.657/0001-22;CGR-01;Planta Industrial;Magarefe;8485-20;25/09/2025;CLT;2.300,00;01/07/2026;Campo Grande;MS
002270;Giovana Teixeira;020.834.550-70;05/12/1972;F;Casada;Médio completo;Nayara Cavalcanti Teixeira;45378116;SSP;MS;79061370;Avenida das Nações;1349;;Aero Rancho;Campo Grande;MS;(67) 98495-4778;giovana.teixeira67@correio.example;10.558.657/0001-22;CGR-01;Planta Industrial;Conferente de carga;4142-15;08/09/2014;CLT;2.640,00;01/07/2026;Campo Grande;MS
002271;Lucas Batista;836.309.749-70;22/10/1997;M;Casado;Fundamental completo;Luciana Moura Batista;53533569;SSP;MS;79057349;Rua dos Cravos;1838;;Nova Lima;Campo Grande;MS;(67) 98606-7999;lucas.batista29@meuemail.example;10.558.657/0001-22;CGR-01;Planta Industrial;Abatedor;8485-05;17/01/2026;CLT;2.570,00;01/07/2026;Campo Grande;MS
002272;Karina Rezende Santos;552.605.878-63;03/11/1992;F;Casada;Médio completo;Isabela Bezerra Santos;6767643;SSP;MS;79005589;Rua dos Cravos;1778;;Guanandi;Campo Grande;MS;(67) 98608-5176;karina.santos17@meuemail.example;10.558.657/0001-22;CGR-01;Planta Industrial;Técnico em segurança do trabalho;3516-05;12/08/2021;CLT;5.180,00;01/07/2026;Campo Grande;MS
002273;Patrícia Assis Nascimento;386.953.723-08;03/10/1998;F;Casada;Fundamental completo;Lúcia Queiroz Nascimento;10023126;SSP;MS;79030825;Rua das Andorinhas;1229;;Nova Lima;Campo Grande;MS;(67) 99847-5093;patricia.nascimento97@correio.example;10.558.657/0001-22;CGR-01;Planta Industrial;Magarefe;8485-20;07/04/2024;CLT;1.880,00;01/07/2026;Campo Grande;MS
002274;Caio Castro Lima;045.575.489-62;30/12/1975;M;Casado;Médio completo;Fernanda Borges Lima;41954860;SSP;MS;79013288;Rua das Hortênsias;2706;;Moreninhas;Campo Grande;MS;(67) 99325-0369;caio.lima84@meuemail.example;10.558.657/0002-03;CGR-02;Centro de Distribuição;Faxineiro;5143-20;17/12/2019;CLT;1.910,00;01/07/2026;Campo Grande;MS
002275;Sandra Viana Brito;783.925.469-11;16/03/2006;F;Solteira;Superior incompleto;Ana Monteiro Brito;55882763;SSP;MS;79090426;Rua das Palmeiras;2412;;Guanandi;Campo Grande;MS;(67) 99841-8465;sandra.brito85@correio.example;10.558.657/0001-22;CGR-01;Planta Industrial;Técnico em segurança do trabalho;3516-05;05/09/2024;CLT;4.460,00;01/07/2026;Campo Grande;MS
002276;Bruno Viana Siqueira;046.856.758-51;29/01/1979;M;Casado;Médio completo;Elaine Barbosa Siqueira;24612801;SSP;MS;79038069;Rua Três Marias;310;;Coophavila;Campo Grande;MS;(67) 99080-7681;bruno.siqueira29@meuemail.example;10.558.657/0001-22;CGR-01;Planta Industrial;Desossador;8485-15;06/01/2026;CLT;2.230,00;01/07/2026;Campo Grande;MS
002277;Raimundo Brito Carvalho;301.131.034-33;03/08/2002;M;Solteiro;Médio completo;Kelly Machado Carvalho;96700622;SSP;MS;79003346;Rua dos Pinheiros Altos;1519;;Coophavila;Campo Grande;MS;(67) 99048-7607;raimundo.carvalho12@meuemail.example;10.558.657/0001-22;CGR-01;Planta Industrial;Motorista de caminhão;7825-10;19/10/2022;CLT;3.610,00;01/07/2026;Campo Grande;MS
002278;Fernanda Assis;836.959.368-27;20/02/1997;F;Solteira;Médio incompleto;Juliana Gonçalves Assis;20566322;SSP;MS;79021944;Rua do Bosque;411;;Coophavila;Campo Grande;MS;(67) 99047-8056;fernanda.assis21@correio.example;10.558.657/0002-03;CGR-02;Centro de Distribuição;Auxiliar de escritório;4110-05;25/11/2018;CLT;2.580,00;01/07/2026;Campo Grande;MS
002279;Marta Soares Freitas;596.912.043-04;14/04/1994;F;Divorciada;Fundamental completo;Ana Santana Freitas;47984214;SSP;MS;79030605;Rua Nova;97;;Nova Lima;Campo Grande;MS;(67) 99475-3330;marta.freitas52@meuemail.example;10.558.657/0001-22;CGR-01;Planta Industrial;Magarefe;8485-20;02/03/2022;CLT;2.090,00;01/07/2026;Campo Grande;MS
002280;Renato Soares;489.377.049-78;06/11/1977;M;União estável;Fundamental completo;Ana Martins Soares;24153431;SSP;MS;79089565;Rua das Violetas;1879;;Aero Rancho;Campo Grande;MS;(67) 99952-3112;renato.soares81@caixapostal.example;10.558.657/0001-22;CGR-01;Planta Industrial;Desossador;8485-15;02/02/2018;CLT;2.230,00;01/07/2026;Campo Grande;MS
002281;Fernando Sales;507.997.917-84;09/08/1986;M;Solteiro;Fundamental completo;Jéssica Coelho Sales;24789756;SSP;MS;79015323;Rua das Gaivotas;247;Bloco B;Aero Rancho;Campo Grande;MS;(67) 99076-2175;fernando.sales48@meuemail.example;10.558.657/0002-03;CGR-02;Centro de Distribuição;Desossador;8485-15;07/02/2026;CLT;2.230,00;01/07/2026;Campo Grande;MS
002282;Marcos Ferreira Gomes;311.428.225-32;18/01/2000;M;Solteiro;Médio completo;Sandra Peixoto Gomes;53625672;SSP;MS;79043988;Rua do Mirante;2704;;Nova Lima;Campo Grande;MS;(67) 99096-2964;marcos.gomes83@caixapostal.example;10.558.657/0001-22;CGR-01;Planta Industrial;Motorista de caminhão;7825-10;06/03/2025;CLT;3.210,00;01/07/2026;Campo Grande;MS
002283;Marcos Leite Fernandes;381.826.790-10;20/11/1987;M;Solteiro;Médio completo;Larissa Magalhães Fernandes;70409782;SSP;MS;79060396;Rua Três Marias;2542;;Tiradentes;Campo Grande;MS;(67) 99762-8612;marcos.fernandes13@correio.example;10.558.657/0001-22;CGR-01;Planta Industrial;Abatedor;8485-05;20/12/2018;CLT;1.820,00;01/07/2026;Campo Grande;MS
002284;Rafael Aguiar Costa;843.664.686-03;29/01/1984;M;Casado;Médio incompleto;Rafaela Andrade Costa;7567716;SSP;MS;79088668;Rua do Bosque;626;;Guanandi;Campo Grande;MS;(67) 98565-0565;rafael.costa60@meuemail.example;10.558.657/0001-22;CGR-01;Planta Industrial;Magarefe;8485-20;16/10/2015;CLT;2.300,00;01/07/2026;Campo Grande;MS
002285;Nayara Nunes Peixoto;658.522.867-70;29/09/2003;F;Solteira;Fundamental completo;Nayara Martins Peixoto;43945695;SSP;MS;79014967;Avenida Beira Rio;1875;;Coophavila;Campo Grande;MS;(67) 99610-9267;nayara.peixoto33@meuemail.example;10.558.657/0002-03;CGR-02;Centro de Distribuição;Embalador;7841-05;12/04/2025;CLT;1.920,00;01/07/2026;Campo Grande;MS
002286;Priscila Santana Alves;989.228.901-34;31/12/1995;F;Casada;Médio completo;Débora Peixoto Alves;61696794;SSP;MS;79062951;Rua das Mangueiras;686;Apto 32;Guanandi;Campo Grande;MS;(67) 99943-6726;priscila.alves82@meuemail.example;10.558.657/0002-03;CGR-02;Centro de Distribuição;Motorista de caminhão;7825-10;03/04/2018;CLT;2.820,00;01/07/2026;Campo Grande;MS
002287;Sandra Costa;800.276.529-04;28/05/1997;F;Casada;Médio completo;Débora Borges Costa;93232522;SSP;MS;79099038;Rua do Comércio;2528;Apto 32;Aero Rancho;Campo Grande;MS;(67) 99903-5463;sandra.costa83@meuemail.example;10.558.657/0001-22;CGR-01;Planta Industrial;Embalador;7841-05;09/03/2022;CLT;1.630,00;01/07/2026;Campo Grande;MS
002288;Francisca Aguiar Fernandes;307.230.157-32;22/10/1977;F;Solteira;Médio incompleto;Daniela Cardoso Fernandes;7018371;SSP;MS;79026036;Rua das Orquídeas;1678;;Nova Lima;Campo Grande;MS;(67) 98278-6543;francisca.fernandes17@caixapostal.example;10.558.657/0001-22;CGR-01;Planta Industrial;Magarefe;8485-20;10/06/2019;CLT;2.510,00;01/07/2026;Campo Grande;MS
002289;Larissa Dias;539.898.445-47;08/11/1986;F;Casada;Médio completo;Daniela Ribeiro Dias;16833118;SSP;MS;79036629;Rua do Cruzeiro;2285;;Nova Lima;Campo Grande;MS;(67) 98879-0040;larissa.dias1@correio.example;10.558.657/0001-22;CGR-01;Planta Industrial;Embalador;7841-05;11/10/2014;CLT;1.920,00;01/07/2026;Campo Grande;MS
002290;Gustavo Andrade;003.700.485-98;20/12/1989;M;Casado;Fundamental completo;Lúcia Nunes Andrade;35876650;SSP;MS;79017212;Rua das Violetas;1420;;Tiradentes;Campo Grande;MS;(67) 98427-3166;gustavo.andrade18@caixapostal.example;10.558.657/0002-03;CGR-02;Centro de Distribuição;Motorista de caminhão;7825-10;02/01/2024;CLT;2.820,00;01/07/2026;Campo Grande;MS
002291;Bruna Ramos;906.349.170-05;03/06/1988;F;Solteira;Médio incompleto;Beatriz Monteiro Ramos;91600364;SSP;MS;79033425;Travessa da Paz;752;Casa A;Tiradentes;Campo Grande;MS;(67) 99719-2692;bruna.ramos51@meuemail.example;10.558.657/0001-22;CGR-01;Planta Industrial;Desossador;8485-15;16/10/2020;CLT;2.230,00;01/07/2026;Campo Grande;MS
002292;Marta Rocha;630.472.313-03;31/10/1995;F;Casada;Médio incompleto;Jéssica Machado Rocha;74466467;SSP;MS;79081763;Rua das Palmeiras;2528;;Guanandi;Campo Grande;MS;(67) 99557-0743;marta.rocha42@meuemail.example;10.558.657/0001-22;CGR-01;Planta Industrial;Auxiliar de escritório;4110-05;09/11/2019;CLT;2.330,00;01/07/2026;Campo Grande;MS
002293;Valéria Prado Fernandes;144.898.390-81;03/08/2000;F;Casada;Fundamental completo;Natália Coelho Fernandes;20540979;SSP;MS;79093523;Rua dos Cravos;708;;Aero Rancho;Campo Grande;MS;(67) 98720-1877;valeria.fernandes54@meuemail.example;10.558.657/0002-03;CGR-02;Centro de Distribuição;Magarefe;8485-20;29/11/2024;CLT;2.300,00;01/07/2026;Campo Grande;MS
002294;Sabrina Barbosa Macedo;227.485.149-20;20/01/2004;F;Solteira;Fundamental completo;Marta Martins Macedo;39596136;SSP;MS;79097072;Rua dos Pinheiros Altos;1851;;Coophavila;Campo Grande;MS;(67) 99467-8708;sabrina.macedo7@correio.example;10.558.657/0001-22;CGR-01;Planta Industrial;Embalador;7841-05;10/06/2025;CLT;1.740,00;01/07/2026;Campo Grande;MS
002295;Simone Barbosa;207.576.408-50;11/07/1970;F;Casada;Médio incompleto;Priscila Santana Barbosa;1451121;SSP;MS;79086589;Avenida Beira Rio;1307;;Aero Rancho;Campo Grande;MS;(67) 99538-4545;simone.barbosa5@correio.example;10.558.657/0001-22;CGR-01;Planta Industrial;Conferente de carga;4142-15;02/02/2016;CLT;2.110,00;01/07/2026;Campo Grande;MS
002296;Yasmin Guimarães Pacheco;544.654.669-51;13/01/1979;F;União estável;Fundamental completo;Vanessa Sales Pacheco;80871288;SSP;MS;79054990;Rua das Acácias;447;;Aero Rancho;Campo Grande;MS;(67) 99510-0838;yasmin.pacheco91@meuemail.example;10.558.657/0002-03;CGR-02;Centro de Distribuição;Motorista de caminhão;7825-10;22/01/2026;CLT;4.000,00;01/07/2026;Campo Grande;MS
002297;Camila Farias;336.423.630-59;31/07/1979;F;Divorciada;Médio completo;Tatiane Moura Farias;40114663;SSP;MS;79028185;Rua das Gaivotas;2172;Casa A;Nova Lima;Campo Grande;MS;(67) 99129-9661;camila.farias63@correio.example;10.558.657/0002-03;CGR-02;Centro de Distribuição;Abatedor;8485-05;06/04/2026;CLT;2.070,00;01/07/2026;Campo Grande;MS
002298;Raimundo Cavalcanti Miranda;491.145.701-57;09/02/2000;M;Solteiro;Médio completo;Cláudia Queiroz Miranda;31190212;SSP;MS;79019012;Avenida Central;1771;;Moreninhas;Campo Grande;MS;(67) 98627-1054;raimundo.miranda5@caixapostal.example;10.558.657/0001-22;CGR-01;Planta Industrial;Faxineiro;5143-20;20/10/2025;CLT;1.910,00;01/07/2026;Campo Grande;MS
002299;Emerson Leite;445.861.127-51;18/01/1996;M;Solteiro;Médio completo;Olívia Guimarães Leite;81262771;SSP;MS;79025585;Rua do Bosque;490;;Moreninhas;Campo Grande;MS;(67) 99092-8220;emerson.leite31@caixapostal.example;10.558.657/0001-22;CGR-01;Planta Industrial;Inspetor de qualidade;3912-05;16/03/2025;CLT;4.130,00;01/07/2026;Campo Grande;MS
002300;Nayara Lopes Figueiredo;472.554.819-73;26/12/1977;F;Solteira;Médio incompleto;Tereza Barros Figueiredo;72469595;SSP;MS;79025752;Rua do Mirante;1799;;Nova Lima;Campo Grande;MS;(67) 98375-9652;nayara.figueiredo37@caixapostal.example;10.558.657/0001-22;CGR-01;Planta Industrial;Auxiliar de escritório;4110-05;23/04/2013;CLT;2.070,00;01/07/2026;Campo Grande;MS
002301;Bruno Barbosa Araújo;993.172.099-98;11/04/1979;M;Casado;Médio incompleto;Carolina Siqueira Araújo;14176188;SSP;MS;79094869;Rua do Cruzeiro;2221;;Nova Lima;Campo Grande;MS;(67) 98184-8105;bruno.araujo48@correio.example;10.558.657/0001-22;CGR-01;Planta Industrial;Magarefe;8485-20;21/04/2021;CLT;1.880,00;01/07/2026;Campo Grande;MS
002302;Daniel Tavares;438.213.640-76;08/04/1995;M;Solteiro;Médio incompleto;Jéssica Pinto Tavares;61352974;SSP;MS;79001457;Avenida das Nações;670;;Moreninhas;Campo Grande;MS;(67) 99178-2251;daniel.tavares16@caixapostal.example;10.558.657/0002-03;CGR-02;Centro de Distribuição;Magarefe;8485-20;13/04/2018;CLT;2.300,00;01/07/2026;Campo Grande;MS
002303;Cláudia Magalhães;224.983.849-60;09/10/1994;F;União estável;Médio completo;Flávia Nunes Magalhães;59955996;SSP;MS;79059955;Rua das Mangueiras;422;;Moreninhas;Campo Grande;MS;(67) 99183-8672;claudia.magalhaes92@correio.example;10.558.657/0001-22;CGR-01;Planta Industrial;Embalador;7841-05;26/09/2022;CLT;1.740,00;01/07/2026;Campo Grande;MS
002304;Sérgio Assis;249.733.352-15;14/08/1992;M;Solteiro;Médio completo;Ana Alves Assis;51237182;SSP;MS;79000916;Rua Três Marias;1923;Apto 32;Coophavila;Campo Grande;MS;(67) 99436-0191;sergio.assis76@correio.example;10.558.657/0001-22;CGR-01;Planta Industrial;Embalador;7841-05;12/08/2016;CLT;2.110,00;01/07/2026;Campo Grande;MS
002305;Ana Castro;675.998.166-90;12/11/1994;F;Casada;Médio completo;Rosana Mendes Castro;89894820;SSP;MS;79049095;Rua da Liberdade;487;;Guanandi;Campo Grande;MS;(67) 99047-1525;ana.castro84@meuemail.example;10.558.657/0002-03;CGR-02;Centro de Distribuição;Desossador;8485-15;06/11/2019;CLT;2.520,00;01/07/2026;Campo Grande;MS
002306;Pedro Cardoso Peixoto;349.518.332-98;20/01/1996;M;Casado;Fundamental completo;Natália Cardoso Peixoto;32127460;SSP;MS;79074956;Rua da Esperança;1545;;Moreninhas;Campo Grande;MS;(67) 98538-5769;pedro.peixoto2@caixapostal.example;10.558.657/0002-03;CGR-02;Centro de Distribuição;Magarefe;8485-20;18/06/2020;CLT;1.880,00;01/07/2026;Campo Grande;MS
002307;Luiz Cavalcanti;887.867.636-52;07/08/1990;M;Casado;Médio completo;Sabrina Lopes Cavalcanti;96785936;SSP;MS;79086585;Rua das Hortênsias;1627;;Coophavila;Campo Grande;MS;(67) 99682-6384;luiz.cavalcanti71@caixapostal.example;10.558.657/0001-22;CGR-01;Planta Industrial;Magarefe;8485-20;22/03/2024;CLT;1.880,00;01/07/2026;Campo Grande;MS
002308;Carlos Viana;086.099.034-60;22/01/1991;M;Casado;Médio completo;Mônica Machado Viana;76575704;SSP;MS;79086958;Rua da Alvorada;1558;;Aero Rancho;Campo Grande;MS;(67) 98579-3437;carlos.viana75@correio.example;10.558.657/0001-22;CGR-01;Planta Industrial;Abatedor;8485-05;30/10/2015;CLT;2.070,00;01/07/2026;Campo Grande;MS
002309;Rafaela Macedo;146.131.183-79;28/11/1998;F;União estável;Fundamental completo;Kelly Alves Macedo;59898518;SSP;MS;79088342;Rua das Acácias;2222;;Nova Lima;Campo Grande;MS;(67) 99037-5965;rafaela.macedo10@caixapostal.example;10.558.657/0002-03;CGR-02;Centro de Distribuição;Desossador;8485-15;08/04/2022;CLT;2.230,00;01/07/2026;Campo Grande;MS
002310;Luana Moura Siqueira;608.939.469-66;23/07/1995;F;Solteira;Médio incompleto;Joana Neves Siqueira;40189424;SSP;MS;79046296;Rua do Mirante;331;;Tiradentes;Campo Grande;MS;(67) 99358-9724;luana.siqueira10@caixapostal.example;10.558.657/0002-03;CGR-02;Centro de Distribuição;Desossador;8485-15;22/04/2026;CLT;2.520,00;01/07/2026;Campo Grande;MS
002311;Joana Souza;833.323.685-59;24/12/1998;F;Casada;Médio completo;Isabela Tavares Souza;27107111;SSP;MS;79047093;Rua da Alvorada;2559;;Guanandi;Campo Grande;MS;(67) 99061-2389;joana.souza42@correio.example;10.558.657/0001-22;CGR-01;Planta Industrial;Auxiliar de escritório;4110-05;07/10/2025;CLT;2.580,00;01/07/2026;Campo Grande;MS
002312;Rafaela Vieira;272.720.930-48;23/11/1999;F;Solteira;Médio incompleto;Cristiane Alves Vieira;90960350;SSP;MS;79033388;Rua do Bosque;2452;Sala 5;Nova Lima;Campo Grande;MS;(67) 99049-3181;rafaela.vieira24@meuemail.example;10.558.657/0001-22;CGR-01;Planta Industrial;Embalador;7841-05;30/09/2025;CLT;1.920,00;01/07/2026;Campo Grande;MS
002313;Eduarda Prado Ramos;043.949.368-45;11/04/1985;F;União estável;Fundamental completo;Juliana Freitas Ramos;49736757;SSP;MS;79022642;Rua do Bosque;2091;;Moreninhas;Campo Grande;MS;(67) 98964-7640;eduarda.ramos8@caixapostal.example;10.558.657/0001-22;CGR-01;Planta Industrial;Magarefe;8485-20;20/06/2024;CLT;2.090,00;01/07/2026;Campo Grande;MS
002314;Gabriel Araújo;188.560.968-03;13/09/1996;M;Solteiro;Fundamental completo;Mariana Prado Araújo;95209570;SSP;MS;79045492;Rua das Mangueiras;1823;;Nova Lima;Campo Grande;MS;(67) 98766-1753;gabriel.araujo62@meuemail.example;10.558.657/0001-22;CGR-01;Planta Industrial;Operador de caldeira;8621-20;;CLT;2.820,00;01/07/2026;Campo Grande;MS
002315;Isabela Carvalho Dias;304.707.615-47;02/04/1996;F;Casada;Médio incompleto;Natália Assis Dias;79930591;SSP;MS;79065610;Rua da Liberdade;1756;;Moreninhas;Campo Grande;MS;(67) 98367-2764;isabela.dias60@caixapostal.example;10.558.657/0001-22;CGR-01;Planta Industrial;Operador de caldeira;8621-20;31/07/2021;CLT;3.240,00;01/07/2026;Campo Grande;MS
002316;Rodrigo Gomes;144.840.510-60;08/08/1997;M;Casado;Superior completo;Larissa Carvalho Gomes;98883758;SSP;MS;79010450;Rua Santa Clara;220;;Moreninhas;Campo Grande;MS;(67) 98523-4333;rodrigo.gomes32@correio.example;10.558.657/0001-22;CGR-01;Planta Industrial;Gerente administrativo;1421-05;27/05/2026;CLT;6.340,00;01/07/2026;Campo Grande;MS
002317;Roberto Leite;397.161.674-74;05/05/1994;M;Solteiro;Superior incompleto;Eduarda Machado Leite;88911905;SSP;MS;79064553;Rua Santa Clara;674;Apto 204;Tiradentes;Campo Grande;MS;(67) 98590-6214;roberto.leite94@caixapostal.example;10.558.657/0001-22;CGR-01;Planta Industrial;Supervisor de produção;8401-05;30/08/2021;CLT;5.140,00;01/07/2026;Campo Grande;MS
002318;Natália Pacheco Machado;406.439.636-77;18/10/2000;F;Casada;Médio completo;Sabrina Macedo Machado;97184408;SSP;MS;79010457;Avenida das Nações;1989;;Tiradentes;Campo Grande;MS;(67) 99369-1196;natalia.machado55@correio.example;10.558.657/0002-03;CGR-02;Centro de Distribuição;Magarefe;8485-20;23/06/2025;CLT;2.300,00;01/07/2026;Campo Grande;MS
002319;Jorge Silva Miranda;605.935.703-24;08/07/1983;M;Viúvo;Médio completo;Eduarda Vieira Miranda;46277943;SSP;MS;79046226;Rua das Flores do Campo;2008;Apto 204;Nova Lima;Campo Grande;MS;(67) 99030-2052;jorge.miranda36@correio.example;10.558.657/0001-22;CGR-01;Planta Industrial;Conferente de carga;4142-15;07/10/2016;CLT;2.380,00;01/07/2026;Campo Grande;MS
002320;Adriana Araújo;844.963.582-98;02/07/2001;F;Casada;Fundamental completo;Mariana Ramos Araújo;52426254;SSP;MS;79084184;Rua dos Cravos;1052;Apto 32;Aero Rancho;Campo Grande;MS;(67) 98835-5713;adriana.araujo99@caixapostal.example;10.558.657/0001-22;CGR-01;Planta Industrial;Magarefe;8485-20;10/02/2024;CLT;2.090,00;01/07/2026;Campo Grande;MS
002321;Gabriel Xavier;270.870.618-79;07/06/1982;M;Casado;Pós-graduação;Simone Santos Xavier;62722855;SSP;MS;79082288;Rua das Andorinhas;1873;Bloco B;Nova Lima;Campo Grande;MS;(67) 99465-1069;gabriel.xavier29@caixapostal.example;10.558.657/0002-03;CGR-02;Centro de Distribuição;Gerente administrativo;1421-05;08/01/2020;CLT;8.350,00;01/07/2026;Campo Grande;MS
002322;Daniel Ramos;482.309.417-42;05/11/1986;M;Solteiro;Médio incompleto;Helena Moreira Ramos;11289874;SSP;MS;79059583;Rua Três Marias;211;;Nova Lima;Campo Grande;MS;(67) 99383-8954;daniel.ramos15@meuemail.example;10.558.657/0001-22;CGR-01;Planta Industrial;Abatedor;8485-05;08/03/2009;CLT;1.820,00;01/07/2026;Campo Grande;MS
002323;Mônica Moreira Prado;779.177.503-45;02/08/2000;F;Casada;Médio incompleto;Ana Figueiredo Prado;41417485;SSP;MS;79062873;Rua Nova;816;Bloco B;Nova Lima;Campo Grande;MS;(67) 99136-3678;monica.prado62@meuemail.example;10.558.657/0001-22;CGR-01;Planta Industrial;Magarefe;8485-20;14/05/2024;CLT;1.880,00;01/07/2026;Campo Grande;MS
002324;Luciana Nascimento Ramos;936.658.556-67;16/11/1991;F;Solteira;Médio incompleto;Aline Teixeira Ramos;55582487;SSP;MS;79077435;Rua Nova;2369;;Tiradentes;Campo Grande;MS;(67) 99087-3371;luciana.ramos62@meuemail.example;10.558.657/0001-22;CGR-01;Planta Industrial;Desossador;8485-15;13/12/2023;CLT;2.800,00;01/07/2026;Campo Grande;MS
002325;Adriana Guimarães;608.812.458-01;03/12/1985;F;Casada;Médio completo;Gabriela Ramos Guimarães;49478399;SSP;MS;79017894;Avenida Central;2150;Sala 5;Guanandi;Campo Grande;MS;(67) 98605-1301;adriana.guimaraes1@correio.example;10.558.657/0001-22;CGR-01;Planta Industrial;Magarefe;8485-20;09/01/2026;CLT;2.300,00;01/07/2026;Campo Grande;MS
002326;Nelson Lopes Gonçalves;394.024.699-90;06/10/1995;M;Solteiro;Médio incompleto;Daniela Siqueira Gonçalves;60301216;SSP;MS;79088804;Rua do Comércio;1650;Fundos;Nova Lima;Campo Grande;MS;(67) 98285-2487;nelson.goncalves96@meuemail.example;10.558.657/0001-22;CGR-01;Planta Industrial;Desossador;8485-15;16/02/2026;CLT;2.230,00;01/07/2026;Campo Grande;MS
002327;Carolina Castro Barbosa;964.595.641-24;27/01/1993;F;Casada;Médio completo;Fernanda Freitas Barbosa;47812446;SSP;MS;79084052;Rua do Sol Nascente;220;;Coophavila;Campo Grande;MS;(67) 99666-0328;carolina.barbosa5@correio.example;10.558.657/0001-22;CGR-01;Planta Industrial;Auxiliar de escritório;4110-05;30/10/2025;CLT;2.580,00;01/07/2026;Campo Grande;MS
002328;Bruna Gonçalves Lopes;925.988.470-59;18/08/2006;F;Solteira;Médio completo;Helena Mendes Lopes;11822992;SSP;MS;79079428;Rua Três Marias;1954;;Guanandi;Campo Grande;MS;(67) 99779-2065;bruna.lopes32@caixapostal.example;10.558.657/0001-22;CGR-01;Planta Industrial;Conferente de carga;4142-15;02/12/2025;CLT;2.640,00;01/07/2026;Campo Grande;MS
002329;Pedro Fernandes Carvalho;181.060.329-30;10/12/1983;M;Divorciado;Pós-graduação;Gabriela Xavier Carvalho;20330993;SSP;MS;79053673;Avenida das Nações;1082;;Coophavila;Campo Grande;MS;(67) 98726-7500;pedro.carvalho70@meuemail.example;10.558.657/0001-22;CGR-01;Planta Industrial;Gerente administrativo;1421-05;22/03/2020;CLT;12.380,00;01/07/2026;Campo Grande;MS
002330;Samuel Guimarães;475.030.676-24;01/09/1976;M;Divorciado;Fundamental completo;Nayara Santos Guimarães;73563189;SSP;MS;79062623;Travessa da Paz;2473;Sala 5;Nova Lima;Campo Grande;MS;(67) 99130-3717;samuel.guimaraes88@caixapostal.example;10.558.657/0002-03;CGR-02;Centro de Distribuição;Embalador;7841-05;16/10/2023;CLT;1.630,00;01/07/2026;Campo Grande;MS
002331;Mariana Neves Ribeiro;928.793.559-90;15/01/1986;F;Casada;Médio incompleto;Fernanda Viana Ribeiro;38154497;SSP;MS;79054927;Rua do Bosque;2263;;Coophavila;Campo Grande;MS;(67) 98317-3791;mariana.ribeiro76@correio.example;10.558.657/0001-22;CGR-01;Planta Industrial;Auxiliar de escritório;4110-05;18/05/2025;CLT;2.580,00;01/07/2026;Campo Grande;MS
002332;Yasmin Campos Freitas;023.627.857-69;17/10/1994;F;Solteira;Superior completo;Tatiane Lima Freitas;6118670;SSP;MS;79045194;Avenida Central;576;;Nova Lima;Campo Grande;MS;(67) 98836-9648;yasmin.freitas27@caixapostal.example;10.558.657/0001-22;CGR-01;Planta Industrial;Inspetor de qualidade;3912-05;04/05/2022;CLT;4.850,00;01/07/2026;Campo Grande;MS
002333;Natália Neves Peixoto;279.716.543-83;09/08/1986;F;Casada;Médio incompleto;Francisca Barros Peixoto;72444575;SSP;MS;79020968;Rua do Horizonte;1801;;Tiradentes;Campo Grande;MS;(67) 99601-4258;natalia.peixoto87@caixapostal.example;10.558.657/0001-22;CGR-01;Planta Industrial;Embalador;7841-05;08/03/2023;CLT;1.740,00;01/07/2026;Campo Grande;MS
002334;Marcelo Rodrigues;412.262.732-03;25/09/1997;M;Casado;Médio completo;Carolina Coelho Rodrigues;83550755;SSP;MS;79022208;Rua Santa Clara;2690;Casa A;Coophavila;Campo Grande;MS;(67) 99031-9837;marcelo.rodrigues22@meuemail.example;10.558.657/0001-22;CGR-01;Planta Industrial;Desossador;8485-15;28/02/2024;CLT;2.230,00;01/07/2026;Campo Grande;MS
002335;Simone Souza;508.888.174-60;24/06/1994;F;Casada;Médio completo;Camila Mendes Souza;41292246;SSP;MS;79099876;Rua do Bosque;2248;;Coophavila;Campo Grande;MS;(67) 99687-9010;simone.souza55@caixapostal.example;10.558.657/0001-22;CGR-01;Planta Industrial;Conferente de carga;4142-15;02/01/2019;CLT;2.640,00;01/07/2026;Campo Grande;MS
002336;Beatriz Marques Santos;554.172.112-14;11/09/1989;F;União estável;Médio incompleto;Bruna Oliveira Santos;27184930;SSP;MS;79074436;Rua das Orquídeas;2475;;Moreninhas;Campo Grande;MS;(67) 98782-5801;beatriz.santos61@caixapostal.example;10.558.657/0002-03;CGR-02;Centro de Distribuição;Abatedor;8485-05;19/09/2018;CLT;2.570,00;01/07/2026;Campo Grande;MS
002337;Beatriz Vieira;723.790.517-12;28/07/1987;F;Casada;Médio incompleto;Lúcia Santana Vieira;17112391;SSP;MS;79076695;Rua São Pedro;49;Fundos;Guanandi;Campo Grande;MS;(67) 99910-5409;beatriz.vieira31@correio.example;10.558.657/0001-22;CGR-01;Planta Industrial;Embalador;7841-05;30/11/2020;CLT;1.630,00;01/07/2026;Campo Grande;MS
002338;Priscila Araújo;939.206.850-67;14/11/1999;F;Solteira;Superior incompleto;Mariana Marques Araújo;62918556;SSP;MS;79064279;Rua do Horizonte;1471;;Tiradentes;Campo Grande;MS;(67) 98161-0242;priscila.araujo62@meuemail.example;10.558.657/0001-22;CGR-01;Planta Industrial;Inspetor de qualidade;3912-05;09/10/2023;CLT;3.400,00;01/07/2026;Campo Grande;MS
002339;Francisca Alves Moura;021.554.247-95;31/01/1994;F;Solteira;Fundamental completo;Simone Pinto Moura;83022041;SSP;MS;79082297;Rua Nova;2460;;Moreninhas;Campo Grande;MS;(67) 98703-6017;francisca.moura3@caixapostal.example;10.558.657/0001-22;CGR-01;Planta Industrial;Conferente de carga;4142-15;23/02/2026;CLT;2.380,00;01/07/2026;Campo Grande;MS
002340;Tiago Barbosa Lima;285.305.168-42;24/10/1990;M;Solteiro;Médio completo;Cristiane Macedo Lima;13340116;SSP;MS;79010524;Rua Nova;1070;Casa A;Tiradentes;Campo Grande;MS;(67) 99908-4476;tiago.lima30@meuemail.example;10.558.657/0002-03;CGR-02;Centro de Distribuição;Embalador;7841-05;08/04/2022;CLT;1.920,00;01/07/2026;Campo Grande;MS
002341;Thiago Almeida;129.461.955-11;21/06/1998;M;Solteiro;Médio completo;Natália Xavier Almeida;21036042;SSP;MS;79021213;Rua dos Cravos;351;Casa 2;Coophavila;Campo Grande;MS;(67) 99453-0693;thiago.almeida63@meuemail.example;10.558.657/0002-03;CGR-02;Centro de Distribuição;Conferente de carga;4142-15;06/12/2025;CLT;2.110,00;01/07/2026;Campo Grande;MS
002342;Tatiane Machado;538.760.390-02;15/07/1995;F;Casada;Médio incompleto;Marta Cavalcanti Machado;18639116;SSP;MS;79001218;Rua dos Cravos;1123;;Coophavila;Campo Grande;MS;(67) 98445-1006;tatiane.machado97@correio.example;10.558.657/0001-22;CGR-01;Planta Industrial;Embalador;7841-05;21/02/2020;CLT;1.740,00;01/07/2026;Campo Grande;MS
002343;Vanessa Correia;789.370.026-20;13/07/1997;F;Casada;Fundamental completo;Isabela Paiva Correia;70169913;SSP;MS;79031196;Travessa da Paz;2774;;Coophavila;Campo Grande;MS;(67) 98956-0736;vanessa.correia27@meuemail.example;10.558.657/0002-03;CGR-02;Centro de Distribuição;Magarefe;8485-20;24/08/2024;CLT;1.880,00;01/07/2026;Campo Grande;MS
002344;Matheus Prado;479.243.101-85;18/06/1981;M;Casado;Superior incompleto;Elaine Figueiredo Prado;90372814;SSP;MS;79099685;Rua do Mirante;540;;Moreninhas;Campo Grande;MS;(67) 99597-6546;matheus.prado58@caixapostal.example;10.558.657/0001-22;CGR-01;Planta Industrial;Supervisor de produção;8401-05;21/11/2024;CLT;4.170,00;01/07/2026;Campo Grande;MS
002345;Otávio Brito Araújo;659.923.639-12;20/03/1998;M;União estável;Médio completo;Isabela Viana Araújo;78280309;SSP;MS;79044525;Rua das Orquídeas;1169;;Moreninhas;Campo Grande;MS;(67) 98121-5553;otavio.araujo83@correio.example;10.558.657/0001-22;CGR-01;Planta Industrial;Desossador;8485-15;07/10/2023;CLT;2.520,00;01/07/2026;Campo Grande;MS
002346;Felipe Barros;909.869.859-02;12/10/1988;M;Casado;Fundamental completo;Mariana Ferreira Barros;61001450;SSP;MS;79054499;Rua dos Girassóis;2161;;Moreninhas;Campo Grande;MS;(67) 99622-8789;felipe.barros10@caixapostal.example;10.558.657/0001-22;CGR-01;Planta Industrial;Embalador;7841-05;27/09/2018;CLT;1.740,00;01/07/2026;Campo Grande;MS
002347;Jorge Guimarães Castro;739.899.019-74;17/09/1982;M;Casado;Fundamental completo;Joana Coelho Castro;17167012;SSP;MS;79071809;Rua das Violetas;1087;;Tiradentes;Campo Grande;MS;(67) 98983-1416;jorge.castro75@meuemail.example;10.558.657/0001-22;CGR-01;Planta Industrial;Abatedor;8485-05;15/07/2024;CLT;2.320,00;01/07/2026;Campo Grande;MS
002348;André Fernandes Araújo;136.213.953-00;21/01/1988;M;União estável;Médio completo;Francisca Araújo Araújo;18795526;SSP;MS;79039537;Rua Santa Clara;559;;Nova Lima;Campo Grande;MS;(67) 99042-1906;andre.araujo94@correio.example;10.558.657/0001-22;CGR-01;Planta Industrial;Abatedor;8485-05;24/12/2024;CLT;1.820,00;01/07/2026;Campo Grande;MS
002349;Olívia Almeida;836.768.721-34;03/01/1983;F;Divorciada;Médio completo;Joana Rodrigues Almeida;34308917;SSP;MS;79063975;Travessa da Paz;990;Casa 2;Coophavila;Campo Grande;MS;(67) 98565-9239;olivia.almeida66@correio.example;10.558.657/0001-22;CGR-01;Planta Industrial;Magarefe;8485-20;24/09/2023;CLT;1.880,00;01/07/2026;Campo Grande;MS
002350;Sabrina Fernandes;463.929.404-21;17/03/1982;F;Casada;Fundamental completo;Fernanda Campos Fernandes;59920756;SSP;MS;79049731;Avenida das Nações;66;;Moreninhas;Campo Grande;MS;(67) 99203-2604;sabrina.fernandes51@meuemail.example;10.558.657/0002-03;CGR-02;Centro de Distribuição;Magarefe;8485-20;15/09/2025;CLT;2.300,00;01/07/2026;Campo Grande;MS
002351;Mônica Coelho;050.652.237-77;18/07/1997;F;Casada;Superior incompleto;Fernanda Xavier Coelho;52321809;SSP;MS;79038755;Rua das Andorinhas;1938;;Tiradentes;Campo Grande;MS;(67) 99587-4293;monica.coelho63@meuemail.example;10.558.657/0001-22;CGR-01;Planta Industrial;Técnico em segurança do trabalho;3516-05;28/02/2024;CLT;4.460,00;01/07/2026;Campo Grande;MS
002352;Nelson Ramos;859.500.873-64;27/03/1987;M;Solteiro;Superior completo;Elaine Vieira Ramos;74054750;SSP;MS;79067743;Rua dos Ipês Amarelos;2180;;Coophavila;Campo Grande;MS;(67) 99110-5233;nelson.ramos30@meuemail.example;10.558.657/0002-03;CGR-02;Centro de Distribuição;Técnico em segurança do trabalho;3516-05;04/10/2024;CLT;4.460,00;01/07/2026;Campo Grande;MS
002353;Hugo Monteiro Rezende;906.104.421-98;30/09/1988;M;Casado;Fundamental completo;Cláudia Dias Rezende;14817281;SSP;MS;79091809;Rua dos Ipês Amarelos;374;Apto 32;Moreninhas;Campo Grande;MS;(67) 99210-8747;hugo.rezende87@meuemail.example;10.558.657/0001-22;CGR-01;Planta Industrial;Operador de caldeira;8621-20;04/05/2021;CLT;3.670,00;01/07/2026;Campo Grande;MS
002354;Vinícius Vieira Silva;923.009.585-03;13/03/1979;M;Solteiro;Médio completo;Camila Pacheco Silva;12826662;SSP;MS;79078386;Rua das Orquídeas;957;Sala 5;Moreninhas;Campo Grande;MS;(67) 98832-4065;vinicius.silva97@caixapostal.example;10.558.657/0001-22;CGR-01;Planta Industrial;Embalador;7841-05;25/03/2025;CLT;1.740,00;01/07/2026;Campo Grande;MS
002355;Luana Mendes;508.887.036-19;19/11/1987;F;Casada;Médio completo;Mariana Teixeira Mendes;86584603;SSP;MS;79096039;Avenida das Nações;1331;;Guanandi;Campo Grande;MS;(67) 99426-6154;luana.mendes55@caixapostal.example;10.558.657/0001-22;CGR-01;Planta Industrial;Abatedor;8485-05;28/05/2023;CLT;2.570,00;01/07/2026;Campo Grande;MS
002356;Júlio Lima;700.747.544-24;17/12/1999;M;Casado;Superior incompleto;Francisca Borges Lima;81291527;SSP;MS;79056485;Rua do Comércio;2584;;Coophavila;Campo Grande;MS;(67) 99425-6936;julio.lima96@caixapostal.example;10.558.657/0001-22;CGR-01;Planta Industrial;Técnico em segurança do trabalho;3516-05;03/06/2020;CLT;5.180,00;01/07/2026;Campo Grande;MS
002357;Helena Leite Araújo;393.903.477-00;07/02/1990;F;União estável;Médio incompleto;Eduarda Batista Araújo;17141046;SSP;MS;79005009;Rua dos Ipês Amarelos;658;Apto 101;Coophavila;Campo Grande;MS;(67) 98275-7584;helena.araujo26@caixapostal.example;10.558.657/0001-22;CGR-01;Planta Industrial;Desossador;8485-15;12/07/2024;CLT;3.090,00;01/07/2026;Campo Grande;MS
002358;Marcos Gonçalves;245.859.928-12;01/03/1995;M;Casado;Médio completo;Rafaela Queiroz Gonçalves;46441697;SSP;MS;79026948;Rua São Pedro;1624;;Aero Rancho;Campo Grande;MS;(67) 98712-6929;marcos.goncalves56@meuemail.example;10.558.657/0001-22;CGR-01;Planta Industrial;Supervisor de produção;8401-05;19/06/2020;CLT;4.170,00;01/07/2026;Campo Grande;MS
002359;Emerson Macedo;928.456.857-93;01/08/1999;M;Casado;Médio completo;Vanessa Castro Macedo;14932258;SSP;MS;79024429;Rua das Orquídeas;1701;;Tiradentes;Campo Grande;MS;(67) 98839-6067;emerson.macedo72@correio.example;10.558.657/0001-22;CGR-01;Planta Industrial;Magarefe;8485-20;26/03/2023;CLT;1.880,00;01/07/2026;Campo Grande;MS
002360;Júlio Ribeiro Santos;572.201.731-05;04/05/1995;M;Divorciado;Médio completo;Beatriz Correia Santos;17600115;SSP;MS;79061219;Rua das Flores do Campo;1140;;Nova Lima;Campo Grande;MS;(67) 99237-6970;julio.santos85@meuemail.example;10.558.657/0001-22;CGR-01;Planta Industrial;Desossador;8485-15;09/10/2025;CLT;2.520,00;01/07/2026;Campo Grande;MS
002361;Amanda Ribeiro;148.917.741-85;18/03/1992;F;Casada;Fundamental completo;Luciana Borges Ribeiro;35871408;SSP;MS;79075609;Rua das Mangueiras;718;;Aero Rancho;Campo Grande;MS;(67) 98898-1000;amanda.ribeiro48@correio.example;10.558.657/0001-22;CGR-01;Planta Industrial;Abatedor;8485-05;18/02/2022;CLT;2.320,00;01/07/2026;Campo Grande;MS
002362;Luiz Leite;336.937.405-69;05/06/2000;M;Casado;Médio completo;Cristiane Miranda Leite;11182427;SSP;MS;79059459;Avenida das Nações;22;;Coophavila;Campo Grande;MS;(67) 99229-1493;luiz.leite32@correio.example;10.558.657/0001-22;CGR-01;Planta Industrial;Conferente de carga;4142-15;01/01/2024;CLT;2.640,00;01/07/2026;Campo Grande;MS
002363;Rafael Castro Queiroz;817.088.722-48;11/06/1995;M;Casado;Médio completo;Sandra Soares Queiroz;99988934;SSP;MS;79002163;Rua das Andorinhas;1600;;Nova Lima;Campo Grande;MS;(67) 98787-9534;rafael.queiroz73@correio.example;10.558.657/0002-03;CGR-02;Centro de Distribuição;Abatedor;8485-05;22/04/2026;CLT;2.070,00;01/07/2026;Campo Grande;MS
002364;Roberto Santana Machado;286.364.940-01;19/01/1965;M;Viúvo;Médio incompleto;Sandra Almeida Machado;50631002;SSP;MS;79035036;Rua Santa Clara;1690;;Guanandi;Campo Grande;MS;(67) 98224-7411;roberto.machado71@caixapostal.example;10.558.657/0001-22;CGR-01;Planta Industrial;Magarefe;8485-20;11/08/2012;CLT;2.090,00;01/07/2026;Campo Grande;MS
002365;Alexandre Machado Gomes;239.310.945-53;20/12/1977;M;Divorciado;Médio completo;Débora Guimarães Gomes;85456621;SSP;MS;79054130;Rua do Comércio;1258;;Tiradentes;Campo Grande;MS;(67) 98913-7606;alexandre.gomes38@correio.example;10.558.657/0001-22;CGR-01;Planta Industrial;Abatedor;8485-05;21/08/2018;CLT;2.070,00;01/07/2026;Campo Grande;MS
002366;José Queiroz Coelho;217.543.362-56;30/09/2000;M;Solteiro;Médio completo;Nayara Pinto Coelho;64754916;SSP;MS;79082549;Rua dos Pinheiros Altos;768;Bloco B;Nova Lima;Campo Grande;MS;(67) 98688-5180;jose.coelho95@caixapostal.example;10.558.657/0002-03;CGR-02;Centro de Distribuição;Conferente de carga;4142-15;04/03/2025;CLT;2.910,00;01/07/2026;Campo Grande;MS
002367;Karina Brito Martins;325.413.061-80;29/11/2006;F;Solteira;Médio incompleto;Débora Marques Martins;17035571;SSP;MS;79041538;Rua Santa Clara;234;Apto 101;Coophavila;Campo Grande;MS;(67) 99393-9992;karina.martins85@caixapostal.example;10.558.657/0001-22;CGR-01;Planta Industrial;Desossador;8485-15;24/08/2025;CLT;2.230,00;01/07/2026;Campo Grande;MS
002368;Camila Costa;117.472.299-11;13/05/1996;F;Casada;Médio completo;Francisca Nunes Costa;75337367;SSP;MS;79090836;Rua Nova;702;;Coophavila;Campo Grande;MS;(67) 98888-6733;camila.costa58@meuemail.example;10.558.657/0001-22;CGR-01;Planta Industrial;Motorista de caminhão;7825-10;23/07/2021;CLT;4.000,00;01/07/2026;Campo Grande;MS
002369;Renato Nunes Guimarães;620.922.981-60;27/04/1990;M;Solteiro;Fundamental completo;Débora Pereira Guimarães;31407749;SSP;MS;79029400;Avenida Central;2505;Bloco B;Coophavila;Campo Grande;MS;(67) 98947-5458;renato.guimaraes96@correio.example;10.558.657/0002-03;CGR-02;Centro de Distribuição;Conferente de carga;4142-15;13/01/2026;CLT;2.640,00;01/07/2026;Campo Grande;MS
002370;Juliana Teixeira Peixoto;120.782.518-28;02/09/1991;F;União estável;Superior completo;Mariana Cardoso Peixoto;30938473;SSP;MS;79098492;Rua da Esperança;2529;;Guanandi;Campo Grande;MS;(67) 99996-3156;juliana.peixoto79@caixapostal.example;10.558.657/0001-22;CGR-01;Planta Industrial;Gerente administrativo;1421-05;25/10/2019;CLT;8.350,00;01/07/2026;Campo Grande;MS
002371;Lúcia Campos Gomes;375.468.983-58;06/09/1977;F;Casada;Médio completo;Daniela Almeida Gomes;30604121;SSP;MS;79029423;Avenida das Nações;1669;Casa A;Aero Rancho;Campo Grande;MS;(67) 99252-8338;lucia.gomes71@caixapostal.example;10.558.657/0001-22;CGR-01;Planta Industrial;Embalador;7841-05;29/03/2025;CLT;1.740,00;01/07/2026;Campo Grande;MS
002372;Renata Borges Costa;761.308.622-45;16/01/1994;F;Solteira;Médio completo;Luciana Santana Costa;91075164;SSP;MS;79096314;Rua da Alvorada;458;;Tiradentes;Campo Grande;MS;(67) 98207-4912;renata.costa89@meuemail.example;10.558.657/0001-22;CGR-01;Planta Industrial;Desossador;8485-15;26/07/2020;CLT;2.520,00;01/07/2026;Campo Grande;MS
002373;Ricardo Prado Figueiredo;992.723.126-12;27/11/1978;M;Casado;Médio completo;Tatiane Marques Figueiredo;15522736;SSP;MS;79051549;Rua do Sol Nascente;910;Casa A;Coophavila;Campo Grande;MS;(67) 99982-1547;ricardo.figueiredo10@caixapostal.example;10.558.657/0001-22;CGR-01;Planta Industrial;Magarefe;8485-20;16/07/2021;CLT;1.880,00;01/07/2026;Campo Grande;MS
002374;Luiz Bezerra Araújo;183.121.482-21;06/05/1983;M;Divorciado;Médio completo;Larissa Castro Araújo;84187597;SSP;MS;79096715;Rua dos Cravos;2510;;Tiradentes;Campo Grande;MS;(67) 98100-7676;luiz.araujo70@correio.example;10.558.657/0002-03;CGR-02;Centro de Distribuição;Desossador;8485-15;06/05/2025;CLT;2.230,00;01/07/2026;Campo Grande;MS
002375;Bruna Nunes Prado;463.769.061-76;11/04/1993;F;União estável;Médio completo;Cristiane Pereira Prado;22320955;SSP;MS;79080657;Rua Nova;1436;;Coophavila;Campo Grande;MS;(67) 99294-6299;bruna.prado70@caixapostal.example;10.558.657/0001-22;CGR-01;Planta Industrial;Desossador;8485-15;18/02/2022;CLT;2.520,00;01/07/2026;Campo Grande;MS
002376;Cristiane Almeida Brito;947.143.141-73;20/07/1988;F;Casada;Médio completo;Cristiane Siqueira Brito;17593661;SSP;MS;79055921;Rua dos Cravos;2507;;Guanandi;Campo Grande;MS;(67) 98227-8856;cristiane.brito34@meuemail.example;10.558.657/0001-22;CGR-01;Planta Industrial;Auxiliar de escritório;4110-05;07/02/2025;CLT;2.330,00;01/07/2026;Campo Grande;MS
002377;Bruna Borges Almeida;394.668.144-19;14/07/2000;F;Solteira;Médio incompleto;Letícia Batista Almeida;67004592;SSP;MS;79062208;Rua das Acácias;2736;;Tiradentes;Campo Grande;MS;(67) 99718-5087;bruna.almeida18@caixapostal.example;10.558.657/0001-22;CGR-01;Planta Industrial;Magarefe;8485-20;28/05/2026;CLT;2.300,00;01/07/2026;Campo Grande;MS
002378;Bruno Nunes Pacheco;972.753.815-08;15/04/1993;M;Solteiro;Médio incompleto;Olívia Viana Pacheco;50829233;SSP;MS;79049762;Avenida Central;2241;Apto 32;Coophavila;Campo Grande;MS;(67) 99045-2966;bruno.pacheco14@correio.example;10.558.657/0002-03;CGR-02;Centro de Distribuição;Abatedor;8485-05;27/06/2017;CLT;2.070,00;01/07/2026;Campo Grande;MS
002379;Bruna Santos Dias;042.251.838-74;09/06/1991;F;Casada;Médio completo;Amanda Ramos Dias;22207684;SSP;MS;79027906;Rua das Mangueiras;40;;Aero Rancho;Campo Grande;MS;(67) 98733-9196;bruna.dias33@correio.example;10.558.657/0001-22;CGR-01;Planta Industrial;Magarefe;8485-20;25/09/2024;CLT;1.880,00;01/07/2026;Campo Grande;MS
002380;Renata Monteiro;603.322.352-70;30/03/1993;F;Divorciada;Médio completo;Giovana Bezerra Monteiro;11715428;SSP;MS;79040564;Avenida das Nações;1322;;Coophavila;Campo Grande;MS;(67) 98477-8983;renata.monteiro47@correio.example;10.558.657/0001-22;CGR-01;Planta Industrial;Desossador;8485-15;22/04/2026;CLT;2.520,00;01/07/2026;Campo Grande;MS
002381;Nelson Bezerra Andrade;698.173.168-15;28/06/1999;M;Solteiro;Médio completo;Joana Cavalcanti Andrade;84109739;SSP;MS;79023774;Rua dos Cravos;2456;Casa A;Moreninhas;Campo Grande;MS;(67) 99090-5691;nelson.andrade9@meuemail.example;10.558.657/0001-22;CGR-01;Planta Industrial;Desossador;8485-15;08/08/2025;CLT;2.230,00;01/07/2026;Campo Grande;MS
002382;Kaique Santos Coelho;784.723.098-43;14/03/1992;M;Casado;Médio incompleto;Eduarda Costa Coelho;75294335;SSP;MS;79001220;Rua do Comércio;1354;;Moreninhas;Campo Grande;MS;(67) 98200-6665;kaique.coelho96@correio.example;10.558.657/0001-22;CGR-01;Planta Industrial;Desossador;8485-15;25/03/2026;CLT;2.520,00;01/07/2026;Campo Grande;MS
002383;Camila Ribeiro Paiva;176.761.676-71;27/02/2001;F;Solteira;Médio completo;Flávia Sales Paiva;55524656;SSP;MS;79082730;Rua das Andorinhas;827;;Tiradentes;Campo Grande;MS;(67) 99936-7776;camila.paiva63@meuemail.example;10.558.657/0001-22;CGR-01;Planta Industrial;Motorista de caminhão;7825-10;31/12/2025;CLT;3.610,00;01/07/2026;Campo Grande;MS
002384;Matheus Cardoso;880.918.244-83;30/05/1987;M;Casado;Médio completo;Rafaela Cavalcanti Cardoso;48153652;SSP;MS;79069232;Rua Três Marias;2199;Apto 204;Coophavila;Campo Grande;MS;(67) 98320-0133;matheus.cardoso97@correio.example;10.558.657/0001-22;CGR-01;Planta Industrial;Magarefe;8485-20;03/07/2022;CLT;2.090,00;01/07/2026;Campo Grande;MS
002385;João Moura;978.636.768-51;18/08/1992;M;Solteiro;Médio completo;Larissa Almeida Moura;16592322;SSP;MS;79046697;Rua São Pedro;2373;;Tiradentes;Campo Grande;MS;(67) 98831-4239;joao.moura29@correio.example;10.558.657/0002-03;CGR-02;Centro de Distribuição;Magarefe;8485-20;31/08/2024;CLT;2.300,00;01/07/2026;Campo Grande;MS
002386;Amanda Andrade Borges;483.583.311-26;14/03/1993;F;Solteira;Médio completo;Natália Freitas Borges;17946460;SSP;MS;79088520;Rua do Bosque;897;;Aero Rancho;Campo Grande;MS;(67) 98855-9314;amanda.borges23@meuemail.example;10.558.657/0001-22;CGR-01;Planta Industrial;Desossador;8485-15;24/12/2020;CLT;2.230,00;01/07/2026;Campo Grande;MS
002387;Fernando Magalhães Martins;462.957.099-31;06/08/1991;M;Casado;Médio incompleto;Camila Assis Martins;72221850;SSP;MS;79098092;Rua das Flores do Campo;1106;;Moreninhas;Campo Grande;MS;(67) 99274-0377;fernando.martins62@correio.example;10.558.657/0001-22;CGR-01;Planta Industrial;Embalador;7841-05;24/05/2022;CLT;1.630,00;01/07/2026;Campo Grande;MS
002388;Luciana Nunes Mendes;269.900.088-49;07/08/1979;F;Solteira;Superior completo;Cláudia Borges Mendes;86115915;SSP;MS;79096805;Rua Três Marias;1748;;Aero Rancho;Campo Grande;MS;(67) 98342-1282;luciana.mendes84@caixapostal.example;10.558.657/0001-22;CGR-01;Planta Industrial;Supervisor de produção;8401-05;29/08/2025;CLT;4.170,00;01/07/2026;Campo Grande;MS
002389;José Borges;169.167.708-64;24/07/1981;M;Casado;Fundamental completo;Sandra Siqueira Borges;95389131;SSP;MS;79089351;Rua das Orquídeas;410;;Nova Lima;Campo Grande;MS;(67) 99552-0618;jose.borges64@correio.example;10.558.657/0001-22;CGR-01;Planta Industrial;Magarefe;8485-20;21/12/2024;CLT;1.880,00;01/07/2026;Campo Grande;MS
002390;Yasmin Teixeira Gonçalves;798.880.268-28;22/06/2000;F;União estável;Médio incompleto;Jéssica Martins Gonçalves;17382264;SSP;MS;79054873;Rua do Bosque;407;;Coophavila;Campo Grande;MS;(67) 99179-9410;yasmin.goncalves4@caixapostal.example;10.558.657/0001-22;CGR-01;Planta Industrial;Desossador;8485-15;08/08/2022;CLT;3.090,00;01/07/2026;Campo Grande;MS
002391;Samuel Moreira;778.364.226-82;21/07/1998;M;Solteiro;Médio completo;Lúcia Costa Moreira;67613009;SSP;MS;79057300;Avenida Central;2105;Bloco B;Aero Rancho;Campo Grande;MS;(67) 98543-1334;samuel.moreira59@meuemail.example;10.558.657/0002-03;CGR-02;Centro de Distribuição;Supervisor de produção;8401-05;06/12/2024;CLT;6.100,00;01/07/2026;Campo Grande;MS
002392;Cláudia Alves;219.605.061-02;03/04/1993;F;Casada;Médio completo;Larissa Barros Alves;59400335;SSP;MS;79022528;Rua dos Pinheiros Altos;145;;Aero Rancho;Campo Grande;MS;(67) 99973-7936;claudia.alves33@meuemail.example;10.558.657/0001-22;CGR-01;Planta Industrial;Desossador;8485-15;20/08/2019;CLT;2.520,00;01/07/2026;Campo Grande;MS
002393;Gabriel Ribeiro;967.361.790-25;01/03/1996;M;União estável;Médio completo;Yasmin Teixeira Ribeiro;31876303;SSP;MS;79049531;Rua dos Ipês Amarelos;1852;;Aero Rancho;Campo Grande;MS;(67) 98131-4157;gabriel.ribeiro26@meuemail.example;10.558.657/0001-22;CGR-01;Planta Industrial;Desossador;8485-15;04/04/2022;CLT;2.230,00;01/07/2026;Campo Grande;MS
002394;Otávio Prado;000.088.982-27;15/03/2003;M;Solteiro;Superior completo;Marta Marques Prado;90234544;SSP;MS;79061717;Rua da Liberdade;2362;;Tiradentes;Campo Grande;MS;(67) 98897-4572;otavio.prado70@caixapostal.example;10.558.657/0002-03;CGR-02;Centro de Distribuição;Gerente administrativo;1421-05;09/09/2023;CLT;10.370,00;01/07/2026;Campo Grande;MS
002395;Giovana Rocha Lima;702.378.491-86;25/12/2003;F;Solteira;Médio completo;Juliana Pereira Lima;36425688;SSP;MS;79046107;Rua Nova;1770;Casa A;Moreninhas;Campo Grande;MS;(67) 99678-8994;giovana.lima18@correio.example;10.558.657/0001-22;CGR-01;Planta Industrial;Motorista de caminhão;7825-10;15/10/2024;CLT;2.820,00;01/07/2026;Campo Grande;MS
002396;Paulo Marques;215.240.179-49;16/11/1982;M;Casado;Fundamental completo;Beatriz Barbosa Marques;74235702;SSP;MS;79062766;Rua dos Girassóis;283;Apto 101;Tiradentes;Campo Grande;MS;(67) 98336-0498;paulo.marques55@meuemail.example;10.558.657/0001-22;CGR-01;Planta Industrial;Motorista de caminhão;7825-10;07/02/2026;CLT;3.210,00;01/07/2026;Campo Grande;MS
002397;Pedro Rezende;140.535.227-22;27/12/1994;M;Solteiro;Médio incompleto;Carolina Araújo Rezende;69181337;SSP;MS;79008488;Avenida das Nações;2033;;Aero Rancho;Campo Grande;MS;(67) 98194-1102;pedro.rezende39@correio.example;10.558.657/0002-03;CGR-02;Centro de Distribuição;Abatedor;8485-05;17/09/2025;CLT;2.320,00;01/07/2026;Campo Grande;MS
002398;Rosana Andrade Monteiro;830.504.718-08;22/04/1993;F;União estável;Médio incompleto;Luciana Cavalcanti Monteiro;96485697;SSP;MS;79041680;Rua dos Ipês Amarelos;2148;;Coophavila;Campo Grande;MS;(67) 99449-3722;rosana.monteiro31@correio.example;10.558.657/0001-22;CGR-01;Planta Industrial;Desossador;8485-15;14/03/2016;CLT;2.230,00;01/07/2026;Campo Grande;MS
002399;Giovana Rodrigues;586.044.363-32;31/07/1992;F;Solteira;Médio completo;Francisca Monteiro Rodrigues;92432432;SSP;MS;79036306;Rua das Andorinhas;250;Apto 32;Tiradentes;Campo Grande;MS;(67) 98746-9444;giovana.rodrigues2@correio.example;10.558.657/0002-03;CGR-02;Centro de Distribuição;Magarefe;8485-20;10/04/2022;CLT;1.880,00;01/07/2026;Campo Grande;MS
002400;Flávia Correia Barros;505.769.186-44;07/09/1984;F;Casada;Médio completo;Joana Assis Barros;22350568;SSP;MS;79007968;Rua da Alvorada;337;;Guanandi;Campo Grande;MS;(67) 98600-2790;flavia.barros21@meuemail.example;10.558.657/0001-22;CGR-01;Planta Industrial;Conferente de carga;4142-15;28/02/2025;CLT;2.640,00;01/07/2026;Campo Grande;MS
002401;Gabriel Cavalcanti;641.158.536-97;03/11/1982;M;Casado;Médio completo;Helena Rocha Cavalcanti;81108944;SSP;MS;79060834;Rua da Liberdade;264;;Guanandi;Campo Grande;MS;(67) 98626-8955;gabriel.cavalcanti16@correio.example;10.558.657/0002-03;CGR-02;Centro de Distribuição;Magarefe;8485-20;18/01/2022;CLT;2.090,00;01/07/2026;Campo Grande;MS
002402;Elaine Assis Santos;312.996.389-88;23/11/2001;F;Solteira;Médio incompleto;Yasmin Cardoso Santos;72891254;SSP;MS;79079000;Rua São Pedro;697;;Tiradentes;Campo Grande;MS;(67) 99896-3850;elaine.santos13@meuemail.example;10.558.657/0001-22;CGR-01;Planta Industrial;Magarefe;8485-20;25/05/2022;CLT;2.300,00;01/07/2026;Campo Grande;MS
002403;Daniel Gonçalves;520.047.926-63;12/09/1987;M;Solteiro;Fundamental completo;Luana Queiroz Gonçalves;99831280;SSP;MS;79021686;Rua dos Pinheiros Altos;1677;;Nova Lima;Campo Grande;MS;(67) 99667-5475;daniel.goncalves47@correio.example;10.558.657/0001-22;CGR-01;Planta Industrial;Motorista de caminhão;7825-10;10/11/2021;CLT;3.610,00;01/07/2026;Campo Grande;MS
002404;Marta Cavalcanti Miranda;746.754.484-70;10/09/1990;F;Solteira;Médio incompleto;Natália Coelho Miranda;89907670;SSP;MS;79022243;Rua dos Cravos;2272;;Tiradentes;Campo Grande;MS;(67) 99501-6676;marta.miranda91@correio.example;10.558.657/0001-22;CGR-01;Planta Industrial;Desossador;8485-15;12/01/2020;CLT;2.230,00;01/07/2026;Campo Grande;MS
002405;Natália Vieira Gonçalves;441.513.488-24;18/10/1993;F;Solteira;Médio completo;Bruna Pacheco Gonçalves;48353062;SSP;MS;79003667;Avenida Central;267;;Aero Rancho;Campo Grande;MS;(67) 98675-7678;natalia.goncalves43@caixapostal.example;10.558.657/0001-22;CGR-01;Planta Industrial;Motorista de caminhão;7825-10;23/05/2019;CLT;2.820,00;01/07/2026;Campo Grande;MS
002406;Felipe Tavares Fernandes;526.988.065-24;15/01/1997;M;Casado;Fundamental completo;Bruna Gonçalves Fernandes;67611400;SSP;MS;79041452;Rua das Gaivotas;1051;;Aero Rancho;Campo Grande;MS;(67) 99602-4089;felipe.fernandes45@correio.example;10.558.657/0002-03;CGR-02;Centro de Distribuição;Desossador;8485-15;25/09/2023;CLT;2.230,00;01/07/2026;Campo Grande;MS
002407;Wellington Mendes Carvalho;152.925.914-24;22/12/2007;M;Solteiro;Fundamental completo;Kelly Souza Carvalho;31503727;SSP;MS;79009344;Rua Santa Clara;2545;Casa A;Tiradentes;Campo Grande;MS;(67) 99497-3787;wellington.carvalho97@correio.example;10.558.657/0002-03;CGR-02;Centro de Distribuição;Magarefe;8485-20;27/04/2026;CLT;1.880,00;01/07/2026;Campo Grande;MS
002408;Luana Fernandes;173.687.580-91;20/04/1991;F;Solteira;Médio completo;Bruna Nunes Fernandes;94308805;SSP;MS;79052280;Rua do Cruzeiro;1036;;Tiradentes;Campo Grande;MS;(67) 99197-4564;luana.fernandes16@correio.example;10.558.657/0002-03;CGR-02;Centro de Distribuição;Auxiliar de escritório;4110-05;06/02/2019;CLT;2.330,00;01/07/2026;Campo Grande;MS
002409;Marta Souza Monteiro;980.899.456-35;18/12/1988;F;Solteira;Médio completo;Isabela Pacheco Monteiro;8487056;SSP;MS;79076729;Avenida das Nações;1140;;Tiradentes;Campo Grande;MS;(67) 99399-4740;marta.monteiro1@caixapostal.example;10.558.657/0002-03;CGR-02;Centro de Distribuição;Magarefe;8485-20;04/03/2019;CLT;2.300,00;01/07/2026;Campo Grande;MS
002410;Thiago Silva Santos;768.648.482-30;31/05/2002;M;Solteiro;Médio incompleto;Larissa Paiva Santos;83783843;SSP;MS;79068023;Rua das Palmeiras;264;;Tiradentes;Campo Grande;MS;(67) 98990-8533;thiago.santos12@caixapostal.example;10.558.657/0002-03;CGR-02;Centro de Distribuição;Conferente de carga;4142-15;29/07/2021;CLT;2.380,00;01/07/2026;Campo Grande;MS
002411;Marcelo Queiroz;692.489.335-05;05/03/1993;M;Solteiro;Médio completo;Simone Teixeira Queiroz;2605407;SSP;MS;79044996;Rua das Acácias;860;Bloco B;Nova Lima;Campo Grande;MS;(67) 99842-3981;marcelo.queiroz42@meuemail.example;10.558.657/0001-22;CGR-01;Planta Industrial;Abatedor;8485-05;08/11/2024;CLT;1.820,00;01/07/2026;Campo Grande;MS
002412;Gustavo Gonçalves Araújo;066.711.472-64;03/04/1996;M;Solteiro;Médio incompleto;Sandra Silva Araújo;82089058;SSP;MS;79015514;Rua das Violetas;622;Apto 101;Aero Rancho;Campo Grande;MS;(67) 99004-1094;gustavo.araujo53@caixapostal.example;10.558.657/0001-22;CGR-01;Planta Industrial;Auxiliar de escritório;4110-05;06/08/2025;CLT;2.070,00;01/07/2026;Campo Grande;MS
002413;Gustavo Pinto;198.750.119-59;02/02/1984;M;Casado;Médio completo;Kelly Marques Pinto;87251048;SSP;MS;79044490;Rua dos Girassóis;569;;Aero Rancho;Campo Grande;MS;(67) 98361-1544;gustavo.pinto97@meuemail.example;10.558.657/0001-22;CGR-01;Planta Industrial;Abatedor;8485-05;27/08/2007;CLT;2.570,00;01/07/2026;Campo Grande;MS
002414;Simone Ramos Vieira;843.245.469-91;20/05/2002;F;Solteira;Fundamental completo;Kelly Leite Vieira;51661831;SSP;MS;79044318;Avenida Central;167;;Coophavila;Campo Grande;MS;(67) 99310-0854;simone.vieira76@meuemail.example;10.558.657/0001-22;CGR-01;Planta Industrial;Motorista de caminhão;7825-10;01/11/2025;CLT;4.000,00;01/07/2026;Campo Grande;MS
002415;Paulo Assis Siqueira;673.386.438-06;10/10/1991;M;União estável;Fundamental completo;Aline Teixeira Siqueira;6114846;SSP;MS;79090878;Rua Três Marias;2078;;Coophavila;Campo Grande;MS;(67) 99791-0143;paulo.siqueira11@caixapostal.example;10.558.657/0002-03;CGR-02;Centro de Distribuição;Magarefe;8485-20;26/07/2025;CLT;2.090,00;01/07/2026;Campo Grande;MS
002416;Elaine Macedo;517.040.911-79;21/11/1999;F;União estável;Médio incompleto;Mariana Cavalcanti Macedo;29535244;SSP;MS;79058333;Avenida das Nações;211;;Moreninhas;Campo Grande;MS;(67) 99798-5337;elaine.macedo14@correio.example;10.558.657/0001-22;CGR-01;Planta Industrial;Embalador;7841-05;08/06/2025;CLT;1.920,00;01/07/2026;Campo Grande;MS
002417;Fábio Carvalho Teixeira;704.540.744-09;02/10/1990;M;União estável;Médio completo;Mariana Moreira Teixeira;45799139;SSP;MS;79078987;Rua do Sol Nascente;1420;Apto 32;Nova Lima;Campo Grande;MS;(67) 99488-4927;fabio.teixeira56@caixapostal.example;10.558.657/0001-22;CGR-01;Planta Industrial;Supervisor de produção;8401-05;23/06/2017;CLT;7.060,00;01/07/2026;Campo Grande;MS
002418;Juliana Brito Ramos;579.691.646-76;02/08/1998;F;Casada;Médio completo;Carolina Tavares Ramos;25686324;SSP;MS;79023276;Travessa da Paz;48;Casa A;Tiradentes;Campo Grande;MS;(67) 99973-2007;juliana.ramos26@caixapostal.example;10.558.657/0001-22;CGR-01;Planta Industrial;Motorista de caminhão;7825-10;03/04/2023;CLT;3.210,00;01/07/2026;Campo Grande;MS
002419;Vinícius Moreira;873.058.689-57;07/07/1987;M;Solteiro;Fundamental completo;Patrícia Soares Moreira;72169360;SSP;MS;79061945;Rua das Hortênsias;1438;;Nova Lima;Campo Grande;MS;(67) 98863-3414;vinicius.moreira3@correio.example;10.558.657/0001-22;CGR-01;Planta Industrial;Magarefe;8485-20;26/09/2023;CLT;2.090,00;01/07/2026;Campo Grande;MS
002420;Júlio Assis;891.735.058-54;25/12/1980;M;Casado;Fundamental completo;Vanessa Almeida Assis;73052145;SSP;MS;79014168;Rua Santa Clara;502;;Aero Rancho;Campo Grande;MS;(67) 99560-3262;julio.assis6@caixapostal.example;10.558.657/0002-03;CGR-02;Centro de Distribuição;Operador de caldeira;8621-20;10/03/2022;CLT;2.820,00;01/07/2026;Campo Grande;MS
002421;Gabriel Viana Andrade;024.962.603-93;15/02/1997;M;Solteiro;Médio completo;Giovana Aguiar Andrade;42674330;SSP;MS;79073476;Avenida das Nações;1352;;Aero Rancho;Campo Grande;MS;(67) 98243-9195;gabriel.andrade26@meuemail.example;10.558.657/0001-22;CGR-01;Planta Industrial;Embalador;7841-05;05/10/2025;CLT;1.740,00;01/07/2026;Campo Grande;MS
002422;Tereza Figueiredo;298.885.264-21;22/09/1980;F;Divorciada;Médio incompleto;Aline Pereira Figueiredo;73015294;SSP;MS;79004706;Rua do Comércio;283;;Guanandi;Campo Grande;MS;(67) 98652-0653;tereza.figueiredo65@meuemail.example;10.558.657/0001-22;CGR-01;Planta Industrial;Desossador;8485-15;15/12/2006;CLT;2.520,00;01/07/2026;Campo Grande;MS
002423;Olívia Machado Cardoso;226.873.556-74;27/07/1995;F;Solteira;Fundamental completo;Cristiane Guimarães Cardoso;93557077;SSP;MS;79029736;Rua das Palmeiras;1942;Bloco B;Tiradentes;Campo Grande;MS;(67) 98795-6876;olivia.cardoso19@caixapostal.example;10.558.657/0001-22;CGR-01;Planta Industrial;Desossador;8485-15;23/03/2023;CLT;2.230,00;01/07/2026;Campo Grande;MS
002424;Francisca Magalhães Mendes;755.636.319-82;05/10/1996;F;Solteira;Médio completo;Priscila Mendes Mendes;58256609;SSP;MS;79030154;Rua dos Girassóis;1624;;Coophavila;Campo Grande;MS;(67) 98222-7975;francisca.mendes76@correio.example;10.558.657/0001-22;CGR-01;Planta Industrial;Conferente de carga;4142-15;19/07/2020;CLT;2.110,00;01/07/2026;Campo Grande;MS
002425;Daniela Soares Almeida;795.242.531-51;17/06/2002;F;Casada;Médio completo;Gabriela Araújo Almeida;36773373;SSP;MS;79086523;Rua das Hortênsias;2640;;Coophavila;Campo Grande;MS;(67) 99136-5353;daniela.almeida59@caixapostal.example;10.558.657/0002-03;CGR-02;Centro de Distribuição;Magarefe;8485-20;04/07/2025;CLT;2.090,00;01/07/2026;Campo Grande;MS
002426;Rosana Vieira;260.715.466-99;19/01/2002;F;Solteira;Superior incompleto;Carolina Ferreira Vieira;16108579;SSP;MS;79084283;Rua das Andorinhas;880;Casa 2;Aero Rancho;Campo Grande;MS;(67) 99712-3971;rosana.vieira5@caixapostal.example;10.558.657/0001-22;CGR-01;Planta Industrial;Técnico em segurança do trabalho;3516-05;11/04/2026;CLT;5.180,00;01/07/2026;Campo Grande;MS
002427;Mônica Xavier;338.739.720-85;09/05/1994;F;União estável;Médio completo;Daniela Costa Xavier;91963867;SSP;MS;79013717;Rua das Mangueiras;72;Casa A;Aero Rancho;Campo Grande;MS;(67) 99077-6143;monica.xavier99@caixapostal.example;10.558.657/0001-22;CGR-01;Planta Industrial;Embalador;7841-05;31/03/2023;CLT;1.630,00;01/07/2026;Campo Grande;MS
002428;Vinícius Pinto;875.725.914-34;21/10/2007;M;Solteiro;Médio completo;Bruna Rezende Pinto;53171041;SSP;MS;79078837;Avenida Beira Rio;1032;;Coophavila;Campo Grande;MS;(67) 99070-7213;vinicius.pinto40@meuemail.example;10.558.657/0001-22;CGR-01;Planta Industrial;Magarefe;8485-20;03/12/2025;CLT;1.880,00;01/07/2026;Campo Grande;MS
002429;Bruno Lopes;120.198.367-34;06/12/2002;M;Solteiro;Fundamental completo;Juliana Lima Lopes;55075995;SSP;MS;79060142;Rua das Mangueiras;1459;;Nova Lima;Campo Grande;MS;(67) 98373-2198;bruno.lopes2@correio.example;10.558.657/0001-22;CGR-01;Planta Industrial;Embalador;7841-05;06/03/2026;CLT;1.740,00;01/07/2026;Campo Grande;MS
002430;Samuel Andrade Barbosa;442.359.299-17;09/09/1996;M;Casado;Médio completo;Juliana Fernandes Barbosa;29190257;SSP;MS;79019250;Avenida Beira Rio;1417;;Guanandi;Campo Grande;MS;(67) 99655-9978;samuel.barbosa8@correio.example;10.558.657/0001-22;CGR-01;Planta Industrial;Motorista de caminhão;7825-10;24/04/2020;CLT;3.210,00;01/07/2026;Campo Grande;MS
002431;Olívia Figueiredo;455.828.603-12;29/11/1985;F;Casada;Superior completo;Luciana Ramos Figueiredo;61365977;SSP;MS;79061216;Travessa da Paz;1143;Bloco B;Tiradentes;Campo Grande;MS;(67) 98285-0643;olivia.figueiredo44@caixapostal.example;10.558.657/0002-03;CGR-02;Centro de Distribuição;Gerente administrativo;1421-05;21/07/2024;CLT;8.350,00;01/07/2026;Campo Grande;MS
002432;Natália Moreira Neves;351.887.579-58;17/11/1997;F;Casada;Médio incompleto;Rafaela Siqueira Neves;6393748;SSP;MS;79009368;Rua Nova;2253;;Moreninhas;Campo Grande;MS;(67) 98794-1660;natalia.neves67@correio.example;10.558.657/0001-22;CGR-01;Planta Industrial;Desossador;8485-15;16/06/2025;CLT;2.800,00;01/07/2026;Campo Grande;MS
002433;Helena Figueiredo;904.811.464-07;30/11/1998;F;Solteira;Fundamental completo;Rosana Farias Figueiredo;92254897;SSP;MS;79063436;Rua do Mirante;595;;Moreninhas;Campo Grande;MS;(67) 99883-7165;helena.figueiredo22@meuemail.example;10.558.657/0001-22;CGR-01;Planta Industrial;Abatedor;8485-05;16/07/2025;CLT;2.070,00;01/07/2026;Campo Grande;MS
002434;Mariana Ribeiro;885.371.848-02;08/09/1992;F;União estável;Médio incompleto;Larissa Andrade Ribeiro;6252390;SSP;MS;79000066;Rua da Liberdade;911;;Aero Rancho;Campo Grande;MS;(67) 98550-2159;mariana.ribeiro94@caixapostal.example;10.558.657/0002-03;CGR-02;Centro de Distribuição;Embalador;7841-05;19/02/2022;CLT;1.740,00;01/07/2026;Campo Grande;MS
002435;Matheus Paiva Santos;220.696.298-56;07/05/2002;M;Solteiro;Médio completo;Valéria Correia Santos;26961879;SSP;MS;79089826;Rua do Cruzeiro;1807;;Guanandi;Campo Grande;MS;(67) 99351-4133;matheus.santos67@correio.example;10.558.657/0002-03;CGR-02;Centro de Distribuição;Motorista de caminhão;7825-10;11/06/2024;CLT;4.000,00;01/07/2026;Campo Grande;MS
002436;Simone Moura Teixeira;322.679.860-00;07/12/2001;F;Solteira;Médio completo;Carolina Alves Teixeira;68057064;SSP;MS;79059739;Rua dos Cravos;2017;;Guanandi;Campo Grande;MS;(67) 98994-3816;simone.teixeira33@correio.example;10.558.657/0001-22;CGR-01;Planta Industrial;Desossador;8485-15;22/02/2024;CLT;2.520,00;01/07/2026;Campo Grande;MS
002437;Jorge Pereira;387.625.775-14;23/11/2006;M;Solteiro;Fundamental completo;Priscila Miranda Pereira;69211520;SSP;MS;79090190;Travessa da Paz;1018;;Aero Rancho;Campo Grande;MS;(67) 99482-1315;jorge.pereira26@correio.example;10.558.657/0001-22;CGR-01;Planta Industrial;Embalador;7841-05;28/01/2026;CLT;1.920,00;01/07/2026;Campo Grande;MS
002438;Tiago Leite;429.350.606-36;24/10/2004;M;Solteiro;Médio completo;Patrícia Castro Leite;27181244;SSP;MS;79095348;Rua das Gaivotas;2087;;Nova Lima;Campo Grande;MS;(67) 99266-9734;tiago.leite40@meuemail.example;10.558.657/0002-03;CGR-02;Centro de Distribuição;Desossador;8485-15;26/03/2025;CLT;2.520,00;01/07/2026;Campo Grande;MS
002439;Kaique Dias;489.942.084-61;19/06/1982;M;Casado;Médio completo;Cristiane Araújo Dias;88092183;SSP;MS;79076290;Rua das Mangueiras;1267;;Nova Lima;Campo Grande;MS;(67) 99024-0336;kaique.dias50@correio.example;10.558.657/0001-22;CGR-01;Planta Industrial;Desossador;8485-15;30/09/2025;CLT;2.230,00;01/07/2026;Campo Grande;MS
002440;Camila Ramos;390.475.680-01;07/03/1996;F;Solteira;Médio incompleto;Beatriz Santos Ramos;90112578;SSP;MS;79015661;Rua das Mangueiras;2216;Fundos;Tiradentes;Campo Grande;MS;(67) 99848-3556;camila.ramos35@meuemail.example;10.558.657/0001-22;CGR-01;Planta Industrial;Magarefe;8485-20;23/03/2023;CLT;2.090,00;01/07/2026;Campo Grande;MS
002441;Patrícia Figueiredo Vieira;125.445.206-04;04/09/1983;F;Casada;Médio completo;Joana Farias Vieira;2028377;SSP;MS;79063703;Avenida Beira Rio;218;;Coophavila;Campo Grande;MS;(67) 99297-2983;patricia.vieira44@caixapostal.example;10.558.657/0001-22;CGR-01;Planta Industrial;Desossador;8485-15;03/11/2020;CLT;2.520,00;01/07/2026;Campo Grande;MS
002442;Giovana Mendes;287.163.321-56;20/12/1995;F;Casada;Médio incompleto;Luciana Farias Mendes;53565384;SSP;MS;79027508;Rua dos Ipês Amarelos;1174;;Moreninhas;Campo Grande;MS;(67) 98629-1202;giovana.mendes51@correio.example;10.558.657/0001-22;CGR-01;Planta Industrial;Magarefe;8485-20;09/02/2025;CLT;2.300,00;01/07/2026;Campo Grande;MS
002443;Wellington Freitas;497.371.498-40;20/08/2005;M;Solteiro;Fundamental completo;Joana Viana Freitas;74309894;SSP;MS;79006441;Avenida das Nações;356;;Aero Rancho;Campo Grande;MS;(67) 98318-5721;wellington.freitas53@correio.example;10.558.657/0002-03;CGR-02;Centro de Distribuição;Embalador;7841-05;10/03/2026;CLT;1.920,00;01/07/2026;Campo Grande;MS
002444;Hugo Barbosa;769.638.632-88;06/12/1988;M;Casado;Médio completo;Juliana Alves Barbosa;46231387;SSP;MS;79041463;Rua do Cruzeiro;1583;;Tiradentes;Campo Grande;MS;(67) 98989-7926;hugo.barbosa5@meuemail.example;10.558.657/0001-22;CGR-01;Planta Industrial;Conferente de carga;4142-15;02/02/2024;CLT;2.380,00;01/07/2026;Campo Grande;MS
002445;Leonardo Correia;650.198.757-16;02/12/1989;M;União estável;Médio incompleto;Aline Santana Correia;67220090;SSP;MS;79020499;Rua das Orquídeas;2637;;Guanandi;Campo Grande;MS;(67) 98764-4153;leonardo.correia56@caixapostal.example;10.558.657/0001-22;CGR-01;Planta Industrial;Abatedor;8485-05;12/11/2021;CLT;1.820,00;01/07/2026;Campo Grande;MS
002446;Tereza Correia Ferreira;967.705.639-59;06/04/1990;F;Solteira;Médio completo;Cláudia Carvalho Ferreira;47067320;SSP;MS;79033583;Avenida Central;741;;Aero Rancho;Campo Grande;MS;(67) 99021-5895;tereza.ferreira97@caixapostal.example;10.558.657/0001-22;CGR-01;Planta Industrial;Embalador;7841-05;22/01/2024;CLT;2.110,00;01/07/2026;Campo Grande;MS
002447;Isabela Macedo Miranda;114.271.325-34;22/10/1995;F;Casada;Médio incompleto;Bruna Nunes Miranda;10564318;SSP;MS;79070277;Rua das Andorinhas;1150;;Coophavila;Campo Grande;MS;(67) 98718-6980;isabela.miranda69@meuemail.example;10.558.657/0001-22;CGR-01;Planta Industrial;Abatedor;8485-05;03/04/2026;CLT;1.820,00;01/07/2026;Campo Grande;MS
002448;Larissa Aguiar Martins;468.478.274-32;22/02/1991;F;Casada;Fundamental completo;Francisca Rodrigues Martins;29244047;SSP;MS;79055460;Rua das Acácias;430;;Guanandi;Campo Grande;MS;(67) 98386-9562;larissa.martins29@caixapostal.example;10.558.657/0002-03;CGR-02;Centro de Distribuição;Abatedor;8485-05;23/07/2023;CLT;1.820,00;01/07/2026;Campo Grande;MS
002449;Eduardo Santos Queiroz;265.360.998-34;01/06/1992;M;União estável;Fundamental completo;Nayara Silva Queiroz;52067139;SSP;MS;79034779;Rua dos Pinheiros Altos;524;;Guanandi;Campo Grande;MS;(67) 99067-3721;eduardo.queiroz83@meuemail.example;10.558.657/0002-03;CGR-02;Centro de Distribuição;Magarefe;8485-20;30/06/2025;CLT;1.880,00;01/07/2026;Campo Grande;MS
002450;Isabela Souza;021.275.063-16;24/11/1991;F;Solteira;Médio incompleto;Marta Farias Souza;73301514;SSP;MS;79098902;Rua do Bosque;2023;;Moreninhas;Campo Grande;MS;(67) 99363-0617;isabela.souza50@caixapostal.example;10.558.657/0001-22;CGR-01;Planta Industrial;Abatedor;8485-05;23/12/2024;CLT;1.820,00;01/07/2026;Campo Grande;MS
002451;Nelson Barros;175.895.869-35;21/09/2000;M;Solteiro;Médio incompleto;Daniela Ferreira Barros;92346262;SSP;MS;79028554;Rua das Violetas;2330;;Nova Lima;Campo Grande;MS;(67) 98679-5270;nelson.barros53@caixapostal.example;10.558.657/0001-22;CGR-01;Planta Industrial;Magarefe;8485-20;13/05/2025;CLT;1.880,00;01/07/2026;Campo Grande;MS
002452;Nayara Dias Assis;107.508.169-61;10/04/1998;F;Solteira;Fundamental completo;Nayara Santos Assis;38487223;SSP;MS;79035522;Rua do Horizonte;2125;Sala 5;Tiradentes;Campo Grande;MS;(67) 99716-6783;nayara.assis3@meuemail.example;10.558.657/0001-22;CGR-01;Planta Industrial;Auxiliar de escritório;4110-05;21/10/2023;CLT;2.330,00;01/07/2026;Campo Grande;MS
002453;Camila Ribeiro;084.449.610-35;27/05/1987;F;Solteira;Médio completo;Letícia Ribeiro Ribeiro;69937147;SSP;MS;79043047;Rua das Hortênsias;454;;Coophavila;Campo Grande;MS;(67) 99906-0133;camila.ribeiro94@correio.example;10.558.657/0001-22;CGR-01;Planta Industrial;Magarefe;8485-20;11/01/2024;CLT;1.880,00;01/07/2026;Campo Grande;MS
002454;Kelly Vieira;727.782.493-89;03/11/1991;F;Solteira;Fundamental completo;Rosana Coelho Vieira;10280804;SSP;MS;79002880;Rua do Sol Nascente;381;;Nova Lima;Campo Grande;MS;(67) 99552-4485;kelly.vieira69@caixapostal.example;10.558.657/0002-03;CGR-02;Centro de Distribuição;Desossador;8485-15;23/11/2018;CLT;2.800,00;01/07/2026;Campo Grande;MS
002455;Alexandre Cavalcanti Fernandes;774.109.257-01;05/01/2004;M;Solteiro;Médio completo;Yasmin Marques Fernandes;97847322;SSP;MS;79042925;Rua dos Girassóis;268;Casa 2;Tiradentes;Campo Grande;MS;(67) 99523-6287;alexandre.fernandes93@meuemail.example;10.558.657/0002-03;CGR-02;Centro de Distribuição;Inspetor de qualidade;3912-05;08/04/2026;CLT;5.580,00;01/07/2026;Campo Grande;MS
002456;Sabrina Siqueira;058.106.127-68;13/06/1998;F;Solteira;Médio completo;Rafaela Prado Siqueira;94712660;SSP;MS;79094463;Rua São Pedro;1857;;Aero Rancho;Campo Grande;MS;(67) 98239-2383;sabrina.siqueira49@meuemail.example;10.558.657/0001-22;CGR-01;Planta Industrial;Embalador;7841-05;04/11/2022;CLT;1.740,00;01/07/2026;Campo Grande;MS
002457;Renato Pacheco Lima;348.041.442-77;19/11/1996;M;Solteiro;Médio incompleto;Karina Mendes Lima;4451267;SSP;MS;79075010;Rua do Cruzeiro;1769;;Aero Rancho;Campo Grande;MS;(67) 98118-4280;renato.lima36@correio.example;10.558.657/0001-22;CGR-01;Planta Industrial;Magarefe;8485-20;23/02/2023;CLT;1.880,00;01/07/2026;Campo Grande;MS
002458;Tatiane Marques Santana;826.224.738-85;07/12/1987;F;Casada;Fundamental completo;Isabela Queiroz Santana;22574022;SSP;MS;79009614;Rua das Acácias;402;;Moreninhas;Campo Grande;MS;(67) 98547-8938;tatiane.santana44@correio.example;10.558.657/0001-22;CGR-01;Planta Industrial;Magarefe;8485-20;09/02/2024;CLT;1.880,00;01/07/2026;Campo Grande;MS
002459;Adriana Rocha Borges;633.842.946-37;10/11/1989;F;União estável;Fundamental completo;Eduarda Neves Borges;18255054;SSP;MS;79072898;Rua do Sol Nascente;973;;Moreninhas;Campo Grande;MS;(67) 98114-6952;adriana.borges50@correio.example;10.558.657/0001-22;CGR-01;Planta Industrial;Desossador;8485-15;07/10/2022;CLT;2.800,00;01/07/2026;Campo Grande;MS
002460;Wellington Moreira Siqueira;279.779.851-10;26/07/1996;M;Casado;Superior completo;Cláudia Freitas Siqueira;41078426;SSP;MS;79021157;Avenida Central;277;;Guanandi;Campo Grande;MS;(67) 98425-8776;wellington.siqueira13@meuemail.example;10.558.657/0002-03;CGR-02;Centro de Distribuição;Inspetor de qualidade;3912-05;28/02/2025;CLT;5.580,00;01/07/2026;Campo Grande;MS
002461;Nelson Coelho Siqueira;736.237.410-00;03/08/1997;M;Solteiro;Fundamental completo;Cristiane Rodrigues Siqueira;45792312;SSP;MS;79000171;Rua da Alvorada;564;;Coophavila;Campo Grande;MS;(67) 99785-5909;nelson.siqueira2@caixapostal.example;10.558.657/0001-22;CGR-01;Planta Industrial;Desossador;8485-15;07/07/2025;CLT;2.230,00;01/07/2026;Campo Grande;MS
002462;Elaine Moreira Correia;806.201.818-00;04/03/1988;F;Solteira;Médio incompleto;Tatiane Leite Correia;96952900;SSP;MS;79059813;Rua dos Pinheiros Altos;1314;;Guanandi;Campo Grande;MS;(67) 98790-4012;elaine.correia14@meuemail.example;10.558.657/0001-22;CGR-01;Planta Industrial;Magarefe;8485-20;14/05/2023;CLT;2.090,00;01/07/2026;Campo Grande;MS
002463;Kaique Barbosa Gonçalves;733.985.718-40;06/06/1986;M;Casado;Médio completo;Débora Marques Gonçalves;81251893;SSP;MS;79060271;Rua Três Marias;2770;;Aero Rancho;Campo Grande;MS;(67) 99514-0236;kaique.goncalves95@caixapostal.example;10.558.657/0001-22;CGR-01;Planta Industrial;Conferente de carga;4142-15;04/08/2023;CLT;2.380,00;01/07/2026;Campo Grande;MS
002464;Gabriela Moura;377.987.197-17;19/06/1998;F;União estável;Médio completo;Beatriz Tavares Moura;54474986;SSP;MS;79056342;Rua da Esperança;2539;;Coophavila;Campo Grande;MS;(67) 98489-5452;gabriela.moura16@caixapostal.example;10.558.657/0002-03;CGR-02;Centro de Distribuição;Auxiliar de escritório;4110-05;13/03/2023;CLT;2.840,00;01/07/2026;Campo Grande;MS
002465;Marta Siqueira;752.788.192-51;24/04/2004;F;Solteira;Fundamental completo;Isabela Farias Siqueira;70694350;SSP;MS;79086913;Rua Três Marias;1455;;Moreninhas;Campo Grande;MS;(67) 99192-1400;marta.siqueira53@caixapostal.example;10.558.657/0001-22;CGR-01;Planta Industrial;Desossador;8485-15;09/02/2026;CLT;2.800,00;01/07/2026;Campo Grande;MS
002466;Bruna Rocha;727.321.483-34;25/04/2001;F;Casada;Médio incompleto;Larissa Oliveira Rocha;53787328;SSP;MS;79053060;Rua dos Ipês Amarelos;331;;Moreninhas;Campo Grande;MS;(67) 99255-3390;bruna.rocha2@caixapostal.example;10.558.657/0002-03;CGR-02;Centro de Distribuição;Conferente de carga;4142-15;27/02/2026;CLT;2.640,00;01/07/2026;Campo Grande;MS
002467;Sabrina Castro Magalhães;350.639.924-12;06/04/1988;F;Casada;Médio completo;Carolina Freitas Magalhães;42876869;SSP;MS;79079399;Rua dos Ipês Amarelos;1887;;Aero Rancho;Campo Grande;MS;(67) 99098-6075;sabrina.magalhaes68@meuemail.example;10.558.657/0001-22;CGR-01;Planta Industrial;Auxiliar de escritório;4110-05;16/03/2026;CLT;2.580,00;01/07/2026;Campo Grande;MS
002468;Luiz Paiva Nunes;163.924.639-84;12/06/1976;M;Casado;Fundamental completo;Marta Vieira Nunes;38969752;SSP;MS;79024397;Travessa da Paz;1381;Apto 101;Coophavila;Campo Grande;MS;(67) 98686-3634;luiz.nunes14@meuemail.example;10.558.657/0001-22;CGR-01;Planta Industrial;Desossador;8485-15;15/01/2026;CLT;2.230,00;01/07/2026;Campo Grande;MS
002469;Kelly Castro;071.003.361-39;25/02/1995;F;Casada;Médio incompleto;Karina Barros Castro;75388804;SSP;MS;79082205;Rua do Cruzeiro;1718;;Tiradentes;Campo Grande;MS;(67) 99053-3298;kelly.castro95@meuemail.example;10.558.657/0001-22;CGR-01;Planta Industrial;Abatedor;8485-05;25/03/2025;CLT;2.570,00;01/07/2026;Campo Grande;MS
002470;Gustavo Pereira Cardoso;075.274.645-69;16/10/1979;M;Divorciado;Médio completo;Ana Gomes Cardoso;54107009;SSP;MS;79073705;Rua dos Cravos;2271;;Aero Rancho;Campo Grande;MS;(67) 98375-7375;gustavo.cardoso9@meuemail.example;10.558.657/0001-22;CGR-01;Planta Industrial;Motorista de caminhão;7825-10;26/03/2026;CLT;4.000,00;01/07/2026;Campo Grande;MS
002471;Helena Coelho Campos;146.353.386-14;23/03/1983;F;Divorciada;Fundamental completo;Mônica Dias Campos;76069930;SSP;MS;79016725;Rua das Violetas;1999;;Tiradentes;Campo Grande;MS;(67) 98973-0720;helena.campos30@caixapostal.example;10.558.657/0001-22;CGR-01;Planta Industrial;Magarefe;8485-20;03/03/2012;CLT;1.880,00;01/07/2026;Campo Grande;MS
002472;Juliana Vieira Barros;969.865.331-79;14/02/1974;F;Casada;Médio completo;Larissa Rocha Barros;74492543;SSP;MS;79013579;Rua das Hortênsias;1283;;Nova Lima;Campo Grande;MS;(67) 99585-4404;juliana.barros56@caixapostal.example;10.558.657/0001-22;CGR-01;Planta Industrial;Operador de caldeira;8621-20;25/12/2017;CLT;3.240,00;01/07/2026;Campo Grande;MS
002473;Priscila Aguiar Vieira;485.621.912-05;28/03/1998;F;Solteira;Médio completo;Mariana Vieira Vieira;30799334;SSP;MS;79000585;Rua do Comércio;284;;Coophavila;Campo Grande;MS;(67) 99604-0381;priscila.vieira4@meuemail.example;10.558.657/0001-22;CGR-01;Planta Industrial;Desossador;8485-15;24/03/2023;CLT;2.800,00;01/07/2026;Campo Grande;MS
002474;Paulo Brito;209.446.346-05;04/04/1977;M;Casado;Médio completo;Valéria Martins Brito;48372533;SSP;MS;79003623;Rua das Palmeiras;2551;;Tiradentes;Campo Grande;MS;(67) 98837-7397;paulo.brito76@meuemail.example;10.558.657/0002-03;CGR-02;Centro de Distribuição;Desossador;8485-15;02/10/2013;CLT;2.230,00;01/07/2026;Campo Grande;MS
002475;Rodrigo Cavalcanti;880.175.153-24;31/07/1990;M;Casado;Médio completo;Cristiane Pacheco Cavalcanti;86923510;SSP;MS;79093162;Avenida Central;1245;;Guanandi;Campo Grande;MS;(67) 98924-2848;rodrigo.cavalcanti55@correio.example;10.558.657/0001-22;CGR-01;Planta Industrial;Embalador;7841-05;06/02/2017;CLT;1.630,00;01/07/2026;Campo Grande;MS
002476;Vinícius Ferreira Marques;985.888.204-12;26/02/1986;M;Casado;Fundamental completo;Juliana Ribeiro Marques;28662227;SSP;MS;79025665;Rua das Gaivotas;487;;Nova Lima;Campo Grande;MS;(67) 98780-8582;vinicius.marques51@caixapostal.example;10.558.657/0002-03;CGR-02;Centro de Distribuição;Faxineiro;5143-20;07/01/2021;CLT;1.770,00;01/07/2026;Campo Grande;MS
002477;Felipe Figueiredo;835.986.293-11;26/06/1986;M;Divorciado;Médio completo;Sandra Souza Figueiredo;63379138;SSP;MS;79021315;Rua da Esperança;716;;Aero Rancho;Campo Grande;MS;(67) 99896-9967;felipe.figueiredo32@meuemail.example;10.558.657/0001-22;CGR-01;Planta Industrial;Embalador;7841-05;14/02/2022;CLT;1.630,00;01/07/2026;Campo Grande;MS
002478;Otávio Nascimento Vieira;720.102.258-05;11/05/1987;M;Casado;Médio incompleto;Joana Barbosa Vieira;15090509;SSP;MS;79039479;Rua Santa Clara;1264;;Coophavila;Campo Grande;MS;(67) 98362-8331;otavio.vieira4@meuemail.example;10.558.657/0001-22;CGR-01;Planta Industrial;Conferente de carga;4142-15;25/06/2024;CLT;2.380,00;01/07/2026;Campo Grande;MS
002479;Hugo Araújo Guimarães;292.371.843-79;26/10/1997;M;União estável;Médio completo;Amanda Macedo Guimarães;95972632;SSP;MS;79066254;Avenida das Nações;2316;;Coophavila;Campo Grande;MS;(67) 99516-3668;hugo.guimaraes76@correio.example;10.558.657/0001-22;CGR-01;Planta Industrial;Abatedor;8485-05;08/07/2022;CLT;1.820,00;01/07/2026;Campo Grande;MS
002480;Kelly Rocha Almeida;869.041.110-03;07/02/1993;F;Solteira;Médio incompleto;Larissa Moreira Almeida;36266747;SSP;MS;79067407;Rua dos Girassóis;1982;;Aero Rancho;Campo Grande;MS;(67) 99113-4783;kelly.almeida47@meuemail.example;10.558.657/0001-22;CGR-01;Planta Industrial;Motorista de caminhão;7825-10;23/12/2025;CLT;3.610,00;01/07/2026;Campo Grande;MS
002481;Paulo Correia;764.411.092-55;06/04/2003;M;Solteiro;Médio incompleto;Joana Ramos Correia;31767026;SSP;MS;79075332;Rua do Horizonte;1713;;Nova Lima;Campo Grande;MS;(67) 99813-3992;paulo.correia11@correio.example;10.558.657/0001-22;CGR-01;Planta Industrial;Conferente de carga;4142-15;11/06/2023;CLT;2.380,00;01/07/2026;Campo Grande;MS
002482;José Bezerra;352.103.384-87;14/05/1967;M;Divorciado;Médio incompleto;Simone Almeida Bezerra;49701379;SSP;MS;79062194;Avenida das Nações;2420;;Tiradentes;Campo Grande;MS;(67) 98553-7148;jose.bezerra33@correio.example;10.558.657/0002-03;CGR-02;Centro de Distribuição;Motorista de caminhão;7825-10;08/06/2006;CLT;4.000,00;01/07/2026;Campo Grande;MS
002483;Fernanda Silva;507.324.599-74;28/03/1989;F;Divorciada;Médio incompleto;Kelly Assis Silva;69207874;SSP;MS;79044629;Rua das Hortênsias;156;Bloco B;Coophavila;Campo Grande;MS;(67) 98321-8481;fernanda.silva58@meuemail.example;10.558.657/0001-22;CGR-01;Planta Industrial;Magarefe;8485-20;05/05/2020;CLT;2.300,00;01/07/2026;Campo Grande;MS
002484;Igor Santana;820.460.419-09;17/03/1985;M;Divorciado;Médio completo;Beatriz Coelho Santana;98273891;SSP;MS;79068028;Avenida Central;1452;;Coophavila;Campo Grande;MS;(67) 98292-8688;igor.santana42@correio.example;10.558.657/0001-22;CGR-01;Planta Industrial;Faxineiro;5143-20;31/07/2023;CLT;1.630,00;01/07/2026;Campo Grande;MS
002485;Aline Almeida;576.445.567-70;05/09/1989;F;Solteira;Médio incompleto;Elaine Macedo Almeida;14583449;SSP;MS;79003017;Rua Santa Clara;2308;;Nova Lima;Campo Grande;MS;(67) 98634-3868;aline.almeida87@caixapostal.example;10.558.657/0001-22;CGR-01;Planta Industrial;Desossador;8485-15;01/03/2022;CLT;2.520,00;01/07/2026;Campo Grande;MS
002486;Vinícius Oliveira Fernandes;378.019.744-84;20/12/1978;M;Divorciado;Médio incompleto;Letícia Siqueira Fernandes;62337848;SSP;MS;79065917;Rua das Hortênsias;246;;Guanandi;Campo Grande;MS;(67) 99286-5908;vinicius.fernandes55@correio.example;10.558.657/0001-22;CGR-01;Planta Industrial;Magarefe;8485-20;16/01/2013;CLT;2.090,00;01/07/2026;Campo Grande;MS
002487;Luana Monteiro Miranda;235.710.831-21;20/08/1989;F;Divorciada;Fundamental completo;Kelly Alves Miranda;15765639;SSP;MS;79086440;Rua Nova;1771;;Aero Rancho;Campo Grande;MS;(67) 99278-8483;luana.miranda69@correio.example;10.558.657/0002-03;CGR-02;Centro de Distribuição;Abatedor;8485-05;18/03/2026;CLT;2.070,00;01/07/2026;Campo Grande;MS
002488;Nayara Farias Santos;938.156.262-85;08/11/1996;F;União estável;Médio completo;Mônica Cavalcanti Santos;95366080;SSP;MS;79092771;Rua dos Girassóis;1438;;Guanandi;Campo Grande;MS;(67) 99648-2821;nayara.santos56@meuemail.example;10.558.657/0001-22;CGR-01;Planta Industrial;Desossador;8485-15;23/12/2019;CLT;2.230,00;01/07/2026;Campo Grande;MS
002489;Yasmin Guimarães Magalhães;342.391.021-62;11/03/1995;F;Solteira;Médio completo;Flávia Rezende Magalhães;28909952;SSP;MS;79002988;Rua das Mangueiras;1582;;Moreninhas;Campo Grande;MS;(67) 99906-9155;yasmin.magalhaes99@meuemail.example;10.558.657/0001-22;CGR-01;Planta Industrial;Magarefe;8485-20;17/01/2026;CLT;2.300,00;01/07/2026;Campo Grande;MS
002490;Leonardo Barbosa;480.897.535-15;11/05/2003;M;Solteiro;Médio incompleto;Camila Pacheco Barbosa;27084895;SSP;MS;79026480;Rua da Esperança;528;;Moreninhas;Campo Grande;MS;(67) 99569-1642;leonardo.barbosa25@meuemail.example;10.558.657/0001-22;CGR-01;Planta Industrial;Abatedor;8485-05;08/01/2026;CLT;2.070,00;01/07/2026;Campo Grande;MS
002491;Carolina Soares;205.381.337-75;18/03/1986;F;Casada;Médio completo;Juliana Nascimento Soares;29455111;SSP;MS;79055588;Rua do Horizonte;1354;;Guanandi;Campo Grande;MS;(67) 98856-2944;carolina.soares19@correio.example;10.558.657/0002-03;CGR-02;Centro de Distribuição;Desossador;8485-15;09/11/2021;CLT;2.520,00;01/07/2026;Campo Grande;MS
002492;Olívia Lopes Figueiredo;919.380.827-53;19/04/1973;F;Casada;Médio completo;Yasmin Ramos Figueiredo;26255533;SSP;MS;79019942;Rua dos Ipês Amarelos;153;;Guanandi;Campo Grande;MS;(67) 99251-6000;olivia.figueiredo41@caixapostal.example;10.558.657/0001-22;CGR-01;Planta Industrial;Conferente de carga;4142-15;18/02/2019;CLT;2.110,00;01/07/2026;Campo Grande;MS
002493;Rosana Coelho;675.000.591-83;21/11/1988;F;União estável;Médio completo;Amanda Barbosa Coelho;39510703;SSP;MS;79039714;Rua Nova;1543;;Coophavila;Campo Grande;MS;(67) 98888-4313;rosana.coelho63@meuemail.example;10.558.657/0001-22;CGR-01;Planta Industrial;Técnico em segurança do trabalho;3516-05;06/03/2022;CLT;4.460,00;01/07/2026;Campo Grande;MS
002494;Caio Magalhães Lima;924.963.059-07;28/02/1992;M;União estável;Médio completo;Ana Xavier Lima;78083112;SSP;MS;79080924;Rua das Violetas;1187;;Aero Rancho;Campo Grande;MS;(67) 98601-6063;caio.lima83@meuemail.example;10.558.657/0001-22;CGR-01;Planta Industrial;Motorista de caminhão;7825-10;15/08/2024;CLT;2.820,00;01/07/2026;Campo Grande;MS
002495;André Fernandes;306.212.498-90;12/04/1993;M;União estável;Médio completo;Rafaela Barbosa Fernandes;64215541;SSP;MS;79075373;Rua do Horizonte;2241;;Aero Rancho;Campo Grande;MS;(67) 99863-5500;andre.fernandes89@caixapostal.example;10.558.657/0001-22;CGR-01;Planta Industrial;Embalador;7841-05;11/02/2024;CLT;1.630,00;01/07/2026;Campo Grande;MS
002496;Aline Paiva;350.726.527-34;08/10/1992;F;União estável;Médio completo;Joana Ribeiro Paiva;10345091;SSP;MS;79081063;Rua das Violetas;2783;;Guanandi;Campo Grande;MS;(67) 98235-0910;aline.paiva20@caixapostal.example;10.558.657/0001-22;CGR-01;Planta Industrial;Embalador;7841-05;10/03/2026;CLT;1.920,00;01/07/2026;Campo Grande;MS
002497;Rosana Freitas Queiroz;895.912.280-74;13/03/1991;F;Solteira;Médio completo;Sabrina Vieira Queiroz;56206552;SSP;MS;79076746;Rua das Flores do Campo;1254;;Tiradentes;Campo Grande;MS;(67) 99814-6823;rosana.queiroz30@correio.example;10.558.657/0002-03;CGR-02;Centro de Distribuição;Motorista de caminhão;7825-10;08/03/2023;CLT;3.610,00;01/07/2026;Campo Grande;MS
002498;Alexandre Monteiro;785.175.526-36;30/01/1994;M;União estável;Fundamental completo;Fernanda Lopes Monteiro;58593378;SSP;MS;79083675;Rua das Violetas;680;Casa A;Moreninhas;Campo Grande;MS;(67) 99964-1284;alexandre.monteiro24@caixapostal.example;10.558.657/0001-22;CGR-01;Planta Industrial;Desossador;8485-15;08/12/2025;CLT;2.800,00;01/07/2026;Campo Grande;MS
002499;Fernando Paiva Miranda;691.054.385-86;29/07/1999;M;Casado;Médio completo;Helena Miranda Miranda;8937886;SSP;MS;79028019;Rua das Palmeiras;1911;;Guanandi;Campo Grande;MS;(67) 98205-6437;fernando.miranda96@caixapostal.example;10.558.657/0001-22;CGR-01;Planta Industrial;Magarefe;8485-20;07/04/2026;CLT;2.090,00;01/07/2026;Campo Grande;MS
002500;Kelly Ferreira Soares;467.374.948-03;26/04/2003;F;Solteira;Médio incompleto;Sabrina Viana Soares;88516963;SSP;MS;79033458;Rua das Violetas;2565;Casa A;Nova Lima;Campo Grande;MS;(67) 99842-5303;kelly.soares26@meuemail.example;10.558.657/0001-22;CGR-01;Planta Industrial;Embalador;7841-05;16/09/2023;CLT;1.630,00;01/07/2026;Campo Grande;MS
002501;Emerson Peixoto;210.205.411-05;26/12/1994;M;União estável;Médio completo;Fernanda Batista Peixoto;5568292;SSP;MS;79010545;Rua do Mirante;476;;Guanandi;Campo Grande;MS;(67) 98419-8227;emerson.peixoto67@meuemail.example;10.558.657/0001-22;CGR-01;Planta Industrial;Auxiliar de escritório;4110-05;15/09/2023;CLT;2.840,00;01/07/2026;Campo Grande;MS
002502;Rosana Figueiredo;467.233.422-83;17/06/1994;F;Casada;Médio completo;Lúcia Macedo Figueiredo;51610659;SSP;MS;79082198;Rua do Bosque;2699;;Aero Rancho;Campo Grande;MS;(67) 98307-6410;rosana.figueiredo23@caixapostal.example;10.558.657/0002-03;CGR-02;Centro de Distribuição;Magarefe;8485-20;29/04/2025;CLT;1.880,00;01/07/2026;Campo Grande;MS
002503;Marcelo Borges Fernandes;805.233.337-73;27/10/1988;M;União estável;Médio completo;Giovana Santana Fernandes;48313519;SSP;MS;79084840;Rua dos Ipês Amarelos;2786;Apto 101;Aero Rancho;Campo Grande;MS;(67) 98621-8751;marcelo.fernandes25@correio.example;10.558.657/0001-22;CGR-01;Planta Industrial;Desossador;8485-15;07/08/2020;CLT;2.800,00;01/07/2026;Campo Grande;MS
002504;João Castro Brito;535.847.431-50;23/12/1989;M;Solteiro;Médio incompleto;Gabriela Ferreira Brito;33309898;SSP;MS;79046510;Travessa da Paz;2689;Apto 204;Coophavila;Campo Grande;MS;(67) 98514-5695;joao.brito29@meuemail.example;10.558.657/0001-22;CGR-01;Planta Industrial;Conferente de carga;4142-15;18/03/2025;CLT;2.380,00;01/07/2026;Campo Grande;MS
002505;Débora Alves Castro;799.295.748-24;08/11/1990;F;Solteira;Fundamental completo;Gabriela Xavier Castro;74235664;SSP;MS;79036466;Rua das Gaivotas;2098;;Aero Rancho;Campo Grande;MS;(67) 99856-2097;debora.castro77@correio.example;10.558.657/0001-22;CGR-01;Planta Industrial;Auxiliar de escritório;4110-05;27/03/2022;CLT;2.580,00;01/07/2026;Campo Grande;MS
002506;Joana Ribeiro;896.968.057-80;21/03/1981;F;União estável;Médio completo;Marta Ribeiro Ribeiro;85435123;SSP;MS;79080826;Rua Nova;1980;;Coophavila;Campo Grande;MS;(67) 98147-2485;joana.ribeiro18@meuemail.example;10.558.657/0002-03;CGR-02;Centro de Distribuição;Motorista de caminhão;7825-10;01/11/2008;CLT;4.000,00;01/07/2026;Campo Grande;MS
002507;Yasmin Aguiar;913.082.436-26;27/08/2002;F;Solteira;Fundamental completo;Renata Assis Aguiar;57029993;SSP;MS;79010210;Rua Nova;2237;;Coophavila;Campo Grande;MS;(67) 99236-0942;yasmin.aguiar88@correio.example;10.558.657/0001-22;CGR-01;Planta Industrial;Auxiliar de escritório;4110-05;24/07/2023;CLT;2.580,00;01/07/2026;Campo Grande;MS
002508;Nelson Campos;947.767.346-30;24/10/1996;M;Solteiro;Superior incompleto;Marta Tavares Campos;49445912;SSP;MS;79081919;Rua Três Marias;776;;Coophavila;Campo Grande;MS;(67) 99120-9892;nelson.campos35@caixapostal.example;10.558.657/0001-22;CGR-01;Planta Industrial;Inspetor de qualidade;3912-05;29/06/2025;CLT;5.580,00;01/07/2026;Campo Grande;MS
002509;Rodrigo Vieira Rocha;556.003.276-09;06/07/1997;M;Solteiro;Médio incompleto;Gabriela Barros Rocha;87422120;SSP;MS;79013878;Rua das Palmeiras;2186;Apto 204;Tiradentes;Campo Grande;MS;(67) 99737-9950;rodrigo.rocha74@caixapostal.example;10.558.657/0002-03;CGR-02;Centro de Distribuição;Desossador;8485-15;12/06/2024;CLT;2.800,00;01/07/2026;Campo Grande;MS
002510;Marcelo Monteiro Gomes;680.107.990-50;19/02/1977;M;União estável;Médio completo;Simone Cavalcanti Gomes;53869139;SSP;MS;79074326;Rua da Liberdade;1736;;Coophavila;Campo Grande;MS;(67) 99934-5946;marcelo.gomes27@caixapostal.example;10.558.657/0001-22;CGR-01;Planta Industrial;Inspetor de qualidade;3912-05;19/11/2013;CLT;4.850,00;01/07/2026;Campo Grande;MS
002511;Vitor Barros;056.286.805-40;09/10/2006;M;Casado;Médio incompleto;Fernanda Santana Barros;7335342;SSP;MS;79076537;Rua das Hortênsias;2304;Fundos;Nova Lima;Campo Grande;MS;(67) 98644-8348;vitor.barros57@correio.example;10.558.657/0001-22;CGR-01;Planta Industrial;Motorista de caminhão;7825-10;16/04/2026;CLT;4.000,00;01/07/2026;Campo Grande;MS
002512;Júlio Fernandes Nunes;967.802.425-00;06/01/1978;M;Casado;Fundamental completo;Cláudia Aguiar Nunes;36092348;SSP;MS;79039939;Rua dos Girassóis;471;;Moreninhas;Campo Grande;MS;(67) 98250-4730;julio.nunes68@caixapostal.example;10.558.657/0001-22;CGR-01;Planta Industrial;Abatedor;8485-05;20/10/2021;CLT;2.070,00;01/07/2026;Campo Grande;MS
002513;Daniela Nascimento;030.595.829-12;06/07/1997;F;Casada;Médio incompleto;Jéssica Sales Nascimento;95767241;SSP;MS;79042105;Rua das Acácias;265;;Tiradentes;Campo Grande;MS;(67) 99010-1143;daniela.nascimento20@meuemail.example;10.558.657/0002-03;CGR-02;Centro de Distribuição;Desossador;8485-15;29/11/2024;CLT;2.230,00;01/07/2026;Campo Grande;MS
002514;Luciano Freitas Ramos;160.650.725-75;17/12/1990;M;Casado;Médio completo;Gabriela Vieira Ramos;73630219;SSP;MS;79000263;Rua do Comércio;2707;Bloco B;Coophavila;Campo Grande;MS;(67) 99223-2094;luciano.ramos79@caixapostal.example;10.558.657/0001-22;CGR-01;Planta Industrial;Magarefe;8485-20;08/06/2019;CLT;2.090,00;01/07/2026;Campo Grande;MS
002515;Fernanda Correia Macedo;133.416.700-17;21/12/1995;F;Divorciada;Médio completo;Joana Costa Macedo;92797211;SSP;MS;79060228;Rua dos Cravos;2383;Sala 5;Moreninhas;Campo Grande;MS;(67) 99979-0480;fernanda.macedo38@caixapostal.example;10.558.657/0001-22;CGR-01;Planta Industrial;Supervisor de produção;8401-05;25/03/2026;CLT;5.140,00;01/07/2026;Campo Grande;MS
002516;Priscila Xavier Bezerra;027.166.855-50;04/03/1992;F;Casada;Médio completo;Camila Costa Bezerra;20797599;SSP;MS;79003979;Rua das Gaivotas;105;;Moreninhas;Campo Grande;MS;(67) 98183-5873;priscila.bezerra99@meuemail.example;10.558.657/0001-22;CGR-01;Planta Industrial;Magarefe;8485-20;08/05/2015;CLT;2.510,00;01/07/2026;Campo Grande;MS
002517;Eduardo Santana;406.763.869-89;30/01/1995;M;Divorciado;Médio completo;Renata Santos Santana;3100733;SSP;MS;79059834;Rua Três Marias;1899;Casa A;Moreninhas;Campo Grande;MS;(67) 98749-2596;eduardo.santana73@correio.example;10.558.657/0001-22;CGR-01;Planta Industrial;Desossador;8485-15;28/05/2024;CLT;2.520,00;01/07/2026;Campo Grande;MS
002518;Beatriz Batista Costa;162.619.261-82;29/09/1991;F;Casada;Médio completo;Beatriz Campos Costa;40489969;SSP;MS;79071882;Rua do Mirante;2544;;Nova Lima;Campo Grande;MS;(67) 99739-3526;beatriz.costa20@correio.example;10.558.657/0001-22;CGR-01;Planta Industrial;Desossador;8485-15;16/07/2020;CLT;2.230,00;01/07/2026;Campo Grande;MS
002519;Pedro Vieira Marques;961.230.141-70;15/07/1969;M;Casado;Médio completo;Isabela Monteiro Marques;4545323;SSP;MS;79033665;Avenida Central;494;;Tiradentes;Campo Grande;MS;(67) 99873-1654;pedro.marques91@caixapostal.example;10.558.657/0001-22;CGR-01;Planta Industrial;Supervisor de produção;8401-05;20/10/2013;CLT;5.140,00;01/07/2026;Campo Grande;MS
002520;Nicolas Farias Ramos;794.839.544-01;05/08/1995;M;União estável;Médio completo;Natália Moreira Ramos;30847159;SSP;MS;79094999;Travessa da Paz;1970;;Coophavila;Campo Grande;MS;(67) 99888-8057;nicolas.ramos60@correio.example;10.558.657/0001-22;CGR-01;Planta Industrial;Abatedor;8485-05;04/04/2023;CLT;2.320,00;01/07/2026;Campo Grande;MS
002521;Cristiane Magalhães;343.351.663-46;23/01/1993;F;União estável;Superior incompleto;Larissa Figueiredo Magalhães;58256064;SSP;MS;79046364;Avenida Beira Rio;2050;;Aero Rancho;Campo Grande;MS;(67) 99226-7916;cristiane.magalhaes75@correio.example;10.558.657/0001-22;CGR-01;Planta Industrial;Supervisor de produção;8401-05;23/10/2017;CLT;4.170,00;01/07/2026;Campo Grande;MS
002522;Luana Marques;455.931.119-60;31/03/1975;F;Casada;Médio completo;Isabela Miranda Marques;39455047;SSP;MS;79076226;Rua da Alvorada;2748;;Moreninhas;Campo Grande;MS;(67) 99975-5862;luana.marques11@caixapostal.example;10.558.657/0001-22;CGR-01;Planta Industrial;Desossador;8485-15;08/06/2006;CLT;2.800,00;01/07/2026;Campo Grande;MS
002523;Marta Farias Queiroz;493.443.890-47;18/05/1992;F;Casada;Médio completo;Helena Carvalho Queiroz;11953433;SSP;MS;79059738;Avenida Central;17;;Nova Lima;Campo Grande;MS;(67) 99951-2380;marta.queiroz24@meuemail.example;10.558.657/0001-22;CGR-01;Planta Industrial;Desossador;8485-15;30/10/2022;CLT;2.230,00;01/07/2026;Campo Grande;MS
002524;Renato Fernandes;802.520.237-22;23/07/1972;M;Divorciado;Médio incompleto;Kelly Vieira Fernandes;40326293;SSP;MS;79025815;Rua do Cruzeiro;2493;;Moreninhas;Campo Grande;MS;(67) 98546-7641;renato.fernandes67@caixapostal.example;10.558.657/0001-22;CGR-01;Planta Industrial;Desossador;8485-15;23/03/2017;CLT;2.230,00;01/07/2026;Campo Grande;MS
002525;Júlio Ferreira Viana;740.929.077-37;21/09/1999;M;União estável;Médio completo;Mariana Pereira Viana;95383070;SSP;MS;79057546;Rua da Esperança;1792;;Coophavila;Campo Grande;MS;(67) 99159-0197;julio.viana43@meuemail.example;10.558.657/0001-22;CGR-01;Planta Industrial;Desossador;8485-15;02/06/2023;CLT;2.800,00;01/07/2026;Campo Grande;MS
002526;Pedro Neves Mendes;589.397.826-90;25/02/1999;M;Divorciado;Médio incompleto;Yasmin Alves Mendes;66749768;SSP;MS;79045774;Rua Três Marias;108;Bloco B;Tiradentes;Campo Grande;MS;(67) 98442-5879;pedro.mendes85@correio.example;10.558.657/0001-22;CGR-01;Planta Industrial;Motorista de caminhão;7825-10;30/03/2023;CLT;3.610,00;01/07/2026;Campo Grande;MS
002527;Giovana Miranda Freitas;631.214.611-18;21/10/1996;F;União estável;Médio incompleto;Carolina Teixeira Freitas;13755121;SSP;MS;79073860;Rua das Acácias;2612;;Nova Lima;Campo Grande;MS;(67) 99871-9096;giovana.freitas64@caixapostal.example;10.558.657/0002-03;CGR-02;Centro de Distribuição;Embalador;7841-05;09/03/2023;CLT;1.740,00;01/07/2026;Campo Grande;MS
002528;Nicolas Aguiar Bezerra;528.417.492-58;28/05/1970;M;Casado;Médio incompleto;Kelly Almeida Bezerra;88854065;SSP;MS;79099198;Avenida das Nações;1733;Casa A;Coophavila;Campo Grande;MS;(67) 99218-6812;nicolas.bezerra6@caixapostal.example;10.558.657/0002-03;CGR-02;Centro de Distribuição;Motorista de caminhão;7825-10;08/06/2006;CLT;3.210,00;01/07/2026;Campo Grande;MS
002529;Olívia Pereira;970.853.280-02;10/11/1983;F;Divorciada;Médio completo;Olívia Silva Pereira;75640789;SSP;MS;79075327;Rua do Mirante;2588;;Moreninhas;Campo Grande;MS;(67) 98995-3501;olivia.pereira48@meuemail.example;10.558.657/0001-22;CGR-01;Planta Industrial;Desossador;8485-15;14/10/2022;CLT;2.230,00;01/07/2026;Campo Grande;MS
002530;Felipe Dias Ramos;847.955.746-00;03/05/1994;M;Solteiro;Médio completo;Francisca Cardoso Ramos;51415486;SSP;MS;79020625;Rua do Comércio;1577;Apto 204;Aero Rancho;Campo Grande;MS;(67) 98882-6214;felipe.ramos2@meuemail.example;10.558.657/0001-22;CGR-01;Planta Industrial;Faxineiro;5143-20;28/02/2026;CLT;1.630,00;01/07/2026;Campo Grande;MS
002531;Henrique Carvalho Neves;600.987.329-00;19/05/2004;M;Solteiro;Médio completo;Elaine Vieira Neves;59597315;SSP;MS;79084378;Rua do Sol Nascente;1478;;Guanandi;Campo Grande;MS;(67) 99301-7267;henrique.neves80@meuemail.example;10.558.657/0001-22;CGR-01;Planta Industrial;Operador de caldeira;8621-20;11/12/2024;CLT;3.240,00;01/07/2026;Campo Grande;MS
002532;Júlio Araújo;389.573.789-52;05/03/1983;M;Casado;Fundamental completo;Sabrina Barbosa Araújo;53689782;SSP;MS;79093593;Rua do Horizonte;522;;Aero Rancho;Campo Grande;MS;(67) 98897-6048;julio.araujo64@caixapostal.example;10.558.657/0001-22;CGR-01;Planta Industrial;Faxineiro;5143-20;17/04/2016;CLT;1.910,00;01/07/2026;Campo Grande;MS
002533;Sabrina Guimarães Borges;840.095.116-64;25/04/1980;F;Divorciada;Médio incompleto;Carolina Assis Borges;30565541;SSP;MS;79002816;Rua dos Pinheiros Altos;2111;;Tiradentes;Campo Grande;MS;(67) 98303-6609;sabrina.borges69@meuemail.example;10.558.657/0001-22;CGR-01;Planta Industrial;Magarefe;8485-20;30/11/2013;CLT;2.510,00;01/07/2026;Campo Grande;MS
002534;Cláudia Dias Soares;991.700.486-65;11/11/1986;F;União estável;Fundamental completo;Jéssica Almeida Soares;17837015;SSP;MS;79018197;Rua Santa Clara;2276;Apto 32;Moreninhas;Campo Grande;MS;(67) 99388-1253;claudia.soares62@correio.example;10.558.657/0001-22;CGR-01;Planta Industrial;Abatedor;8485-05;17/01/2025;CLT;2.320,00;01/07/2026;Campo Grande;MS
002535;Helena Campos Viana;021.948.994-72;23/02/1991;F;Solteira;Médio completo;Mariana Barros Viana;25920591;SSP;MS;79069693;Rua do Horizonte;2572;Fundos;Coophavila;Campo Grande;MS;(67) 99199-0227;helena.viana59@correio.example;10.558.657/0001-22;CGR-01;Planta Industrial;Supervisor de produção;8401-05;29/01/2022;CLT;4.170,00;01/07/2026;Campo Grande;MS
002536;Vanessa Viana;357.518.277-91;12/12/1997;F;Solteira;Médio completo;Helena Oliveira Viana;29357142;SSP;MS;79035390;Rua do Bosque;1403;;Nova Lima;Campo Grande;MS;(67) 98255-4785;vanessa.viana32@caixapostal.example;10.558.657/0001-22;CGR-01;Planta Industrial;Magarefe;8485-20;02/02/2023;CLT;2.090,00;01/07/2026;Campo Grande;MS
002537;João Moreira;495.481.944-06;22/05/2000;M;Casado;Médio completo;Luana Mendes Moreira;78007722;SSP;MS;79058946;Rua da Esperança;361;;Moreninhas;Campo Grande;MS;(67) 98797-8522;joao.moreira63@correio.example;10.558.657/0002-03;CGR-02;Centro de Distribuição;Embalador;7841-05;06/03/2023;CLT;1.630,00;01/07/2026;Campo Grande;MS
002538;Lúcia Queiroz Batista;181.495.349-38;01/11/2004;F;Solteira;Médio completo;Joana Campos Batista;43467809;SSP;MS;79029061;Rua do Mirante;1849;Apto 32;Aero Rancho;Campo Grande;MS;(67) 99765-5292;lucia.batista68@caixapostal.example;10.558.657/0001-22;CGR-01;Planta Industrial;Abatedor;8485-05;21/11/2025;CLT;1.820,00;01/07/2026;Campo Grande;MS
002539;Júlio Magalhães;191.040.312-10;10/12/1988;M;Solteiro;Médio completo;Rosana Magalhães Magalhães;98429920;SSP;MS;79046907;Rua das Flores do Campo;748;Apto 32;Nova Lima;Campo Grande;MS;(67) 99670-5926;julio.magalhaes79@caixapostal.example;10.558.657/0002-03;CGR-02;Centro de Distribuição;Inspetor de qualidade;3912-05;14/09/2017;CLT;4.130,00;01/07/2026;Campo Grande;MS
002540;Antônio Souza;712.808.948-90;01/12/1983;M;Divorciado;Fundamental completo;Juliana Machado Souza;6042775;SSP;MS;79030370;Rua da Esperança;766;Sala 5;Tiradentes;Campo Grande;MS;(67) 99959-1517;antonio.souza14@correio.example;10.558.657/0002-03;CGR-02;Centro de Distribuição;Desossador;8485-15;12/06/2019;CLT;2.230,00;01/07/2026;Campo Grande;MS
002541;Alexandre Ramos Figueiredo;160.378.974-09;25/05/1991;M;Casado;Médio completo;Olívia Batista Figueiredo;75462910;SSP;MS;79023373;Rua São Pedro;449;;Tiradentes;Campo Grande;MS;(67) 99304-6745;alexandre.figueiredo18@caixapostal.example;10.558.657/0001-22;CGR-01;Planta Industrial;Abatedor;8485-05;09/12/2023;CLT;2.320,00;01/07/2026;Campo Grande;MS
002542;Alexandre Guimarães Nunes;583.908.029-29;11/11/1998;M;União estável;Médio incompleto;Helena Bezerra Nunes;52912310;SSP;MS;79010584;Rua das Flores do Campo;1587;;Guanandi;Campo Grande;MS;(67) 99881-3253;alexandre.nunes95@caixapostal.example;10.558.657/0001-22;CGR-01;Planta Industrial;Magarefe;8485-20;26/02/2024;CLT;1.880,00;01/07/2026;Campo Grande;MS
002543;Mônica Lima Barros;959.644.140-01;18/11/1998;F;Solteira;Fundamental completo;Eduarda Almeida Barros;97954493;SSP;MS;79059657;Rua do Bosque;2800;;Nova Lima;Campo Grande;MS;(67) 98115-2770;monica.barros29@correio.example;10.558.657/0001-22;CGR-01;Planta Industrial;Desossador;8485-15;01/01/2026;CLT;2.800,00;01/07/2026;Campo Grande;MS
002544;Thiago Barros Ramos;458.473.519-09;26/09/1992;M;Solteiro;Médio completo;Juliana Costa Ramos;86775156;SSP;MS;79090007;Rua dos Pinheiros Altos;2666;;Nova Lima;Campo Grande;MS;(67) 99810-1458;thiago.ramos62@caixapostal.example;10.558.657/0001-22;CGR-01;Planta Industrial;Supervisor de produção;8401-05;05/06/2023;CLT;7.060,00;01/07/2026;Campo Grande;MS
002545;Jéssica Marques;037.064.131-08;07/07/1997;F;Casada;Médio incompleto;Natália Dias Marques;24558987;SSP;MS;79066860;Rua da Liberdade;1680;Sala 5;Aero Rancho;Campo Grande;MS;(67) 98241-4082;jessica.marques41@correio.example;10.558.657/0001-22;CGR-01;Planta Industrial;Auxiliar de escritório;4110-05;03/09/2025;CLT;2.330,00;01/07/2026;Campo Grande;MS
002546;Bruna Ferreira;582.593.982-22;09/02/1986;F;União estável;Médio incompleto;Juliana Nunes Ferreira;17943983;SSP;MS;79095572;Rua das Acácias;1021;;Aero Rancho;Campo Grande;MS;(67) 99557-7337;bruna.ferreira43@meuemail.example;10.558.657/0002-03;CGR-02;Centro de Distribuição;Auxiliar de escritório;4110-05;29/09/2014;CLT;2.070,00;01/07/2026;Campo Grande;MS
002547;Priscila Marques;137.637.088-39;02/09/1999;F;Solteira;Médio completo;Simone Gomes Marques;22574957;SSP;MS;79032436;Rua das Palmeiras;2795;;Aero Rancho;Campo Grande;MS;(67) 98666-2856;priscila.marques4@meuemail.example;10.558.657/0001-22;CGR-01;Planta Industrial;Supervisor de produção;8401-05;10/03/2026;CLT;7.060,00;01/07/2026;Campo Grande;MS
002548;Júlio Gomes Carvalho;779.086.143-37;11/02/1983;M;Divorciado;Médio incompleto;Natália Sales Carvalho;12312792;SSP;MS;79060761;Rua das Orquídeas;890;;Tiradentes;Campo Grande;MS;(67) 99383-6300;julio.carvalho31@caixapostal.example;10.558.657/0002-03;CGR-02;Centro de Distribuição;Desossador;8485-15;24/02/2022;CLT;2.230,00;01/07/2026;Campo Grande;MS
002549;Vinícius Lima;653.130.478-25;27/05/1995;M;Casado;Médio completo;Priscila Cardoso Lima;31530595;SSP;MS;79008937;Rua Três Marias;2722;;Guanandi;Campo Grande;MS;(67) 98464-5680;vinicius.lima60@meuemail.example;10.558.657/0001-22;CGR-01;Planta Industrial;Magarefe;8485-20;21/02/2022;CLT;1.880,00;01/07/2026;Campo Grande;MS
002550;Eduardo Correia Campos;671.945.571-00;31/05/1984;M;Casado;Médio incompleto;Cristiane Machado Campos;3876369;SSP;MS;79001771;Rua Três Marias;575;Apto 204;Coophavila;Campo Grande;MS;(67) 99985-1090;eduardo.campos57@caixapostal.example;10.558.657/0002-03;CGR-02;Centro de Distribuição;Embalador;7841-05;15/02/2012;CLT;1.740,00;01/07/2026;Campo Grande;MS
002551;Júlio Barros;649.032.535-70;01/01/2001;M;Solteiro;Médio incompleto;Isabela Neves Barros;55032770;SSP;MS;79093408;Rua do Mirante;1018;;Guanandi;Campo Grande;MS;(67) 99794-8218;julio.barros34@meuemail.example;10.558.657/0001-22;CGR-01;Planta Industrial;Abatedor;8485-05;24/11/2024;CLT;2.070,00;01/07/2026;Campo Grande;MS
002552;Lucas Rodrigues;212.978.263-96;19/08/1978;M;Casado;Médio incompleto;Letícia Machado Rodrigues;90173354;SSP;MS;79028067;Rua das Acácias;1936;;Moreninhas;Campo Grande;MS;(67) 99737-0462;lucas.rodrigues20@correio.example;10.558.657/0001-22;CGR-01;Planta Industrial;Embalador;7841-05;20/03/2024;CLT;1.740,00;01/07/2026;Campo Grande;MS
002553;Carolina Brito;522.123.063-18;20/01/2002;F;Solteira;Fundamental completo;Luciana Assis Brito;90260591;SSP;MS;79087061;Rua Nova;2155;;Guanandi;Campo Grande;MS;(67) 98496-9255;carolina.brito71@caixapostal.example;10.558.657/0001-22;CGR-01;Planta Industrial;Desossador;8485-15;13/10/2025;CLT;2.520,00;01/07/2026;Campo Grande;MS
002554;Helena Vieira Nascimento;799.934.232-70;07/01/1999;F;Casada;Médio incompleto;Elaine Ramos Nascimento;6184053;SSP;MS;79026434;Rua do Comércio;2128;;Coophavila;Campo Grande;MS;(67) 99407-2272;helena.nascimento66@caixapostal.example;10.558.657/0001-22;CGR-01;Planta Industrial;Abatedor;8485-05;06/01/2024;CLT;2.570,00;01/07/2026;Campo Grande;MS
002555;Giovana Assis Macedo;282.741.158-05;22/01/1999;F;Casada;Médio incompleto;Camila Cardoso Macedo;1635688;SSP;MS;79017011;Travessa da Paz;1708;;Guanandi;Campo Grande;MS;(67) 99641-8760;giovana.macedo26@caixapostal.example;10.558.657/0001-22;CGR-01;Planta Industrial;Embalador;7841-05;18/11/2021;CLT;1.920,00;01/07/2026;Campo Grande;MS
002556;Roberto Alves Correia;819.658.424-53;24/03/1998;M;Casado;Médio incompleto;Aline Marques Correia;7557913;SSP;MS;79081695;Rua Santa Clara;2166;Bloco B;Aero Rancho;Campo Grande;MS;(67) 99728-5617;roberto.correia84@meuemail.example;10.558.657/0001-22;CGR-01;Planta Industrial;Desossador;8485-15;09/11/2021;CLT;2.520,00;01/07/2026;Campo Grande;MS
002557;Débora Soares;951.640.068-04;08/04/1996;F;União estável;Fundamental completo;Marta Campos Soares;26776337;SSP;MS;79085249;Rua da Liberdade;1552;;Guanandi;Campo Grande;MS;(67) 98807-8835;debora.soares15@caixapostal.example;10.558.657/0001-22;CGR-01;Planta Industrial;Embalador;7841-05;04/11/2025;CLT;2.110,00;01/07/2026;Campo Grande;MS
002558;Gabriela Fernandes Neves;575.288.697-08;18/12/1990;F;Casada;Fundamental completo;Aline Guimarães Neves;79334039;SSP;MS;79054681;Rua do Bosque;1122;Apto 32;Nova Lima;Campo Grande;MS;(67) 99871-8027;gabriela.neves60@meuemail.example;10.558.657/0001-22;CGR-01;Planta Industrial;Desossador;8485-15;15/07/2025;CLT;2.800,00;01/07/2026;Campo Grande;MS
002559;Rafaela Lima;265.283.872-57;07/10/1999;F;Solteira;Médio completo;Valéria Borges Lima;90239541;SSP;MS;79007038;Rua das Hortênsias;842;;Tiradentes;Campo Grande;MS;(67) 99382-3568;rafaela.lima83@meuemail.example;10.558.657/0001-22;CGR-01;Planta Industrial;Operador de caldeira;8621-20;15/06/2022;CLT;2.820,00;01/07/2026;Campo Grande;MS
002560;Isabela Pinto Mendes;518.345.068-40;23/11/2003;F;Solteira;Fundamental completo;Vanessa Santos Mendes;10403295;SSP;MS;79036790;Avenida das Nações;650;;Moreninhas;Campo Grande;MS;(67) 99672-2403;isabela.mendes26@correio.example;10.558.657/0001-22;CGR-01;Planta Industrial;Abatedor;8485-05;18/08/2025;CLT;2.070,00;01/07/2026;Campo Grande;MS
002561;Carlos Monteiro;035.279.019-90;09/12/1979;M;União estável;Médio incompleto;Aline Siqueira Monteiro;78004571;SSP;MS;79040458;Rua da Alvorada;1838;Fundos;Guanandi;Campo Grande;MS;(67) 98852-2112;carlos.monteiro49@meuemail.example;10.558.657/0001-22;CGR-01;Planta Industrial;Motorista de caminhão;7825-10;24/07/2009;CLT;2.820,00;01/07/2026;Campo Grande;MS
002562;Luciano Siqueira Ribeiro;566.537.501-24;03/05/1984;M;Casado;Fundamental completo;Ana Pinto Ribeiro;28520705;SSP;MS;79056839;Avenida Beira Rio;2380;;Moreninhas;Campo Grande;MS;(67) 99359-6684;luciano.ribeiro96@caixapostal.example;10.558.657/0002-03;CGR-02;Centro de Distribuição;Abatedor;8485-05;16/04/2017;CLT;2.070,00;01/07/2026;Campo Grande;MS
002563;Renata Teixeira;633.072.386-98;16/01/1992;F;Solteira;Médio completo;Mariana Santos Teixeira;54700069;SSP;MS;79029723;Rua do Mirante;270;;Nova Lima;Campo Grande;MS;(67) 98459-9516;renata.teixeira8@correio.example;10.558.657/0002-03;CGR-02;Centro de Distribuição;Desossador;8485-15;24/04/2026;CLT;2.230,00;01/07/2026;Campo Grande;MS
002564;Jéssica Tavares;613.481.680-99;25/11/1997;F;União estável;Fundamental completo;Rafaela Assis Tavares;54456399;SSP;MS;79008685;Rua dos Pinheiros Altos;2352;;Nova Lima;Campo Grande;MS;(67) 98182-3484;jessica.tavares98@caixapostal.example;10.558.657/0001-22;CGR-01;Planta Industrial;Abatedor;8485-05;29/07/2024;CLT;2.070,00;01/07/2026;Campo Grande;MS
002565;Marcelo Brito;406.275.808-31;02/10/1987;M;Divorciado;Fundamental completo;Rafaela Campos Brito;64072030;SSP;MS;79007736;Rua da Liberdade;2370;;Coophavila;Campo Grande;MS;(67) 98515-4305;marcelo.brito28@meuemail.example;10.558.657/0001-22;CGR-01;Planta Industrial;Desossador;8485-15;22/03/2026;CLT;2.230,00;01/07/2026;Campo Grande;MS
002566;Giovana Oliveira;172.560.803-01;10/08/1982;F;Casada;Médio incompleto;Carolina Dias Oliveira;60957235;SSP;MS;79045929;Rua dos Girassóis;1443;;Aero Rancho;Campo Grande;MS;(67) 98729-3292;giovana.oliveira38@caixapostal.example;10.558.657/0002-03;CGR-02;Centro de Distribuição;Auxiliar de escritório;4110-05;25/04/2019;CLT;2.580,00;01/07/2026;Campo Grande;MS
002567;Bruno Alves;511.473.985-93;14/07/1983;M;Casado;Fundamental completo;Fernanda Farias Alves;61711180;SSP;MS;79055559;Rua Santa Clara;184;;Nova Lima;Campo Grande;MS;(67) 99697-5164;bruno.alves89@correio.example;10.558.657/0001-22;CGR-01;Planta Industrial;Magarefe;8485-20;18/04/2026;CLT;1.880,00;01/07/2026;Campo Grande;MS
002568;Rafael Cardoso;776.243.264-77;17/10/1991;M;Solteiro;Médio completo;Adriana Vieira Cardoso;2456238;SSP;MS;79090365;Rua Nova;2084;;Guanandi;Campo Grande;MS;(67) 99337-2739;rafael.cardoso35@meuemail.example;10.558.657/0001-22;CGR-01;Planta Industrial;Magarefe;8485-20;14/03/2025;CLT;1.880,00;01/07/2026;Campo Grande;MS
002569;Juliana Paiva;522.867.560-40;19/12/2000;F;Solteira;Médio completo;Lúcia Guimarães Paiva;75274964;SSP;MS;79042902;Rua da Esperança;1536;;Coophavila;Campo Grande;MS;(67) 98370-7240;juliana.paiva1@caixapostal.example;10.558.657/0002-03;CGR-02;Centro de Distribuição;Auxiliar de escritório;4110-05;14/09/2022;CLT;2.070,00;01/07/2026;Campo Grande;MS
002570;Nayara Moura;096.632.657-10;28/07/2001;F;Solteira;Médio completo;Cláudia Miranda Moura;3166953;SSP;MS;79046307;Rua das Andorinhas;775;;Tiradentes;Campo Grande;MS;(67) 99849-8403;nayara.moura1@correio.example;10.558.657/0002-03;CGR-02;Centro de Distribuição;Embalador;7841-05;17/05/2025;CLT;1.630,00;01/07/2026;Campo Grande;MS
002571;Helena Barros;018.998.752-98;10/12/1996;F;Casada;Médio incompleto;Karina Costa Barros;74074030;SSP;MS;79024500;Rua das Orquídeas;1853;Fundos;Moreninhas;Campo Grande;MS;(67) 98874-3088;helena.barros23@caixapostal.example;10.558.657/0001-22;CGR-01;Planta Industrial;Magarefe;8485-20;17/04/2026;CLT;2.510,00;01/07/2026;Campo Grande;MS
002572;André Sales Santos;921.329.931-14;11/10/1985;M;União estável;Médio completo;Vanessa Leite Santos;79803615;SSP;MS;79004940;Rua dos Ipês Amarelos;1891;;Guanandi;Campo Grande;MS;(67) 98502-1265;andre.santos90@correio.example;10.558.657/0001-22;CGR-01;Planta Industrial;Embalador;7841-05;16/07/2023;CLT;1.740,00;01/07/2026;Campo Grande;MS
002573;Thiago Coelho;373.479.762-43;04/06/1992;M;União estável;Médio incompleto;Olívia Campos Coelho;32305604;SSP;MS;79057251;Rua dos Ipês Amarelos;1938;Apto 32;Guanandi;Campo Grande;MS;(67) 98151-7820;thiago.coelho8@caixapostal.example;10.558.657/0002-03;CGR-02;Centro de Distribuição;Desossador;8485-15;23/03/2015;CLT;2.520,00;01/07/2026;Campo Grande;MS
002574;Adriana Moreira Guimarães;772.758.084-80;20/07/1982;F;União estável;Médio completo;Tatiane Santos Guimarães;26653049;SSP;MS;79082476;Rua da Alvorada;256;;Nova Lima;Campo Grande;MS;(67) 99752-2683;adriana.guimaraes17@correio.example;10.558.657/0001-22;CGR-01;Planta Industrial;Auxiliar de escritório;4110-05;02/03/2020;CLT;2.330,00;01/07/2026;Campo Grande;MS
002575;Matheus Oliveira;064.568.169-55;19/12/1978;M;Casado;Médio completo;Kelly Alves Oliveira;27707516;SSP;MS;79078841;Rua do Bosque;2393;;Tiradentes;Campo Grande;MS;(67) 99089-8794;matheus.oliveira9@correio.example;10.558.657/0001-22;CGR-01;Planta Industrial;Desossador;8485-15;12/07/2014;CLT;2.520,00;01/07/2026;Campo Grande;MS
002576;Vitor Carvalho;266.365.582-10;06/07/1990;M;Casado;Fundamental completo;Daniela Carvalho Carvalho;52735017;SSP;MS;79073480;Rua das Acácias;17;;Coophavila;Campo Grande;MS;(67) 98172-6794;vitor.carvalho69@correio.example;10.558.657/0001-22;CGR-01;Planta Industrial;Magarefe;8485-20;01/02/2024;CLT;1.880,00;01/07/2026;Campo Grande;MS
002577;Kaique Silva;135.440.167-02;11/10/1990;M;Casado;Médio incompleto;Yasmin Gonçalves Silva;26543714;SSP;MS;79077666;Rua da Liberdade;2001;;Aero Rancho;Campo Grande;MS;(67) 99306-5342;kaique.silva82@correio.example;10.558.657/0001-22;CGR-01;Planta Industrial;Desossador;8485-15;22/12/2009;CLT;3.090,00;01/07/2026;Campo Grande;MS
002578;Fernando Oliveira Borges;223.326.064-32;23/12/1974;M;Casado;Fundamental completo;Helena Gomes Borges;39421904;SSP;MS;79016634;Rua da Alvorada;1458;;Moreninhas;Campo Grande;MS;(67) 98661-0175;fernando.borges95@caixapostal.example;10.558.657/0001-22;CGR-01;Planta Industrial;Magarefe;8485-20;29/03/2022;CLT;1.880,00;01/07/2026;Campo Grande;MS
002579;Paulo Magalhães;688.003.767-46;17/01/1990;M;Casado;Fundamental completo;Camila Peixoto Magalhães;2828044;SSP;MS;79072005;Rua da Alvorada;2142;Sala 5;Guanandi;Campo Grande;MS;(67) 99517-7153;paulo.magalhaes20@meuemail.example;10.558.657/0002-03;CGR-02;Centro de Distribuição;Embalador;7841-05;12/08/2018;CLT;2.110,00;01/07/2026;Campo Grande;MS
002580;Otávio Souza Ribeiro;040.595.303-87;15/10/1983;M;Divorciado;Médio incompleto;Karina Ramos Ribeiro;1615786;SSP;MS;79070539;Rua das Andorinhas;778;Apto 32;Moreninhas;Campo Grande;MS;(67) 99266-3798;otavio.ribeiro84@meuemail.example;10.558.657/0001-22;CGR-01;Planta Industrial;Magarefe;8485-20;27/07/2025;CLT;2.090,00;01/07/2026;Campo Grande;MS
002581;Daniel Dias Pinto;067.937.648-88;29/12/1998;M;União estável;Médio completo;Daniela Costa Pinto;2221591;SSP;MS;79060511;Rua das Mangueiras;331;Apto 101;Nova Lima;Campo Grande;MS;(67) 98820-9454;daniel.pinto52@caixapostal.example;10.558.657/0001-22;CGR-01;Planta Industrial;Desossador;8485-15;12/05/2026;CLT;2.230,00;01/07/2026;Campo Grande;MS
002582;Vanessa Queiroz Figueiredo;646.864.565-41;12/06/1993;F;Casada;Médio completo;Isabela Figueiredo Figueiredo;96264048;SSP;MS;79052195;Rua das Violetas;898;;Guanandi;Campo Grande;MS;(67) 99532-1663;vanessa.figueiredo11@caixapostal.example;10.558.657/0001-22;CGR-01;Planta Industrial;Conferente de carga;4142-15;16/05/2023;CLT;2.110,00;01/07/2026;Campo Grande;MS
002583;Leonardo Rocha Miranda;982.155.619-18;03/11/1985;M;Casado;Médio incompleto;Rafaela Sales Miranda;36110984;SSP;MS;79006486;Rua do Bosque;1567;;Coophavila;Campo Grande;MS;(67) 99047-7435;leonardo.miranda11@meuemail.example;10.558.657/0001-22;CGR-01;Planta Industrial;Magarefe;8485-20;06/05/2025;CLT;2.510,00;01/07/2026;Campo Grande;MS
002584;Luana Moura Barros;800.567.459-74;31/01/1997;F;Casada;Médio incompleto;Juliana Alves Barros;5767172;SSP;MS;79072336;Rua dos Cravos;426;Apto 32;Nova Lima;Campo Grande;MS;(67) 98977-1399;luana.barros77@caixapostal.example;10.558.657/0001-22;CGR-01;Planta Industrial;Auxiliar de escritório;4110-99;09/06/2022;CLT;2.070,00;01/07/2026;Campo Grande;MS
002585;Camila Campos Dias;369.336.122-36;01/11/1979;F;Divorciada;Médio completo;Cláudia Figueiredo Dias;98220603;SSP;MS;79024282;Rua dos Pinheiros Altos;341;;Tiradentes;Campo Grande;MS;(67) 98441-3451;camila.dias93@correio.example;10.558.657/0001-22;CGR-01;Planta Industrial;Desossador;8485-15;29/01/2022;CLT;2.230,00;01/07/2026;Campo Grande;MS
002586;Fernando Macedo Lopes;317.445.105-12;30/04/1975;M;Casado;Médio incompleto;Isabela Rezende Lopes;36606495;SSP;MS;79091625;Rua do Cruzeiro;787;;Moreninhas;Campo Grande;MS;(67) 99669-5099;fernando.lopes81@caixapostal.example;10.558.657/0002-03;CGR-02;Centro de Distribuição;Desossador;8485-15;09/04/2023;CLT;2.520,00;01/07/2026;Campo Grande;MS
002587;João Souza;651.059.639-38;20/11/1982;M;Casado;Médio incompleto;Lúcia Neves Souza;30343819;SSP;MS;79061598;Rua São Pedro;2659;;Tiradentes;Campo Grande;MS;(67) 98246-1074;joao.souza28@meuemail.example;10.558.657/0001-22;CGR-01;Planta Industrial;Embalador;7841-05;25/05/2025;CLT;1.630,00;01/07/2026;Campo Grande;MS
002588;Igor Macedo Castro;313.417.626-29;25/02/1997;M;Casado;Médio completo;Gabriela Souza Castro;10926552;SSP;MS;79081697;Rua do Bosque;146;;Aero Rancho;Campo Grande;MS;(67) 99764-7737;igor.castro77@meuemail.example;10.558.657/0001-22;CGR-01;Planta Industrial;Embalador;7841-05;09/01/2025;CLT;1.920,00;01/07/2026;Campo Grande;MS
002589;Daniela Fernandes;513.961.838-92;18/09/1997;F;Casada;Fundamental completo;Beatriz Ribeiro Fernandes;85468166;SSP;MS;79005155;Rua São Pedro;2091;;Coophavila;Campo Grande;MS;(67) 98123-4994;daniela.fernandes54@meuemail.example;10.558.657/0001-22;CGR-01;Planta Industrial;Desossador;8485-15;05/09/2022;CLT;2.520,00;01/07/2026;Campo Grande;MS
002590;Luciana Carvalho;961.184.980-08;07/07/1988;F;Casada;Fundamental completo;Tereza Neves Carvalho;66324861;SSP;MS;79088096;Avenida Beira Rio;667;;Coophavila;Campo Grande;MS;(67) 99027-6621;luciana.carvalho4@correio.example;10.558.657/0001-22;CGR-01;Planta Industrial;Magarefe;8485-20;19/03/2019;CLT;1.880,00;01/07/2026;Campo Grande;MS
002591;Gustavo Prado;916.689.252-06;20/02/1987;M;Casado;Médio completo;Bruna Rodrigues Prado;16846508;SSP;MS;79028610;Rua Nova;344;Fundos;Aero Rancho;Campo Grande;MS;(67) 98242-8961;gustavo.prado37@meuemail.example;10.558.657/0001-22;CGR-01;Planta Industrial;Magarefe;8485-20;14/01/2021;CLT;2.510,00;01/07/2026;Campo Grande;MS
002592;Mônica Viana;932.030.851-94;01/08/1986;F;Casada;Médio incompleto;Juliana Paiva Viana;71699164;SSP;MS;79085318;Rua do Horizonte;1223;;Aero Rancho;Campo Grande;MS;(67) 98646-1931;monica.viana20@meuemail.example;10.558.657/0001-22;CGR-01;Planta Industrial;Magarefe;8485-20;03/02/2015;CLT;2.510,00;01/07/2026;Campo Grande;MS
002593;Marta Souza Martins;587.443.832-74;14/07/2001;F;União estável;Fundamental completo;Giovana Silva Martins;30322805;SSP;MS;79058506;Avenida Beira Rio;1074;;Coophavila;Campo Grande;MS;(67) 98921-8051;marta.martins92@meuemail.example;10.558.657/0001-22;CGR-01;Planta Industrial;Abatedor;8485-05;21/01/2026;CLT;2.070,00;01/07/2026;Campo Grande;MS
002594;Camila Rezende;430.967.306-60;30/09/1988;F;Casada;Médio completo;Daniela Correia Rezende;15768215;SSP;MS;79072189;Rua do Bosque;1957;;Coophavila;Campo Grande;MS;(67) 98938-0762;camila.rezende32@caixapostal.example;10.558.657/0001-22;CGR-01;Planta Industrial;Motorista de caminhão;7825-10;02/01/2022;CLT;3.610,00;01/07/2026;Campo Grande;MS
002595;Emerson Sales;431.800.851-77;06/10/1994;M;Casado;Médio incompleto;Larissa Guimarães Sales;55747569;SSP;MS;79088262;Rua do Comércio;685;;Guanandi;Campo Grande;MS;(67) 98956-7228;emerson.sales79@correio.example;10.558.657/0002-03;CGR-02;Centro de Distribuição;Magarefe;8485-20;27/08/2020;CLT;2.090,00;01/07/2026;Campo Grande;MS
002596;Eduarda Figueiredo Silva;394.523.145-08;07/01/1969;F;Casada;Médio incompleto;Francisca Vieira Silva;96101097;SSP;MS;79043625;Rua das Mangueiras;1590;;Nova Lima;Campo Grande;MS;(67) 98974-8611;eduarda.silva74@caixapostal.example;10.558.657/0001-22;CGR-01;Planta Industrial;Magarefe;8485-20;16/10/2010;CLT;2.090,00;01/07/2026;Campo Grande;MS
002597;Jéssica Nunes;924.719.374-54;02/02/1990;F;Casada;Médio incompleto;Eduarda Bezerra Nunes;49191745;SSP;MS;79054323;Rua das Hortênsias;1063;;Tiradentes;Campo Grande;MS;(67) 99215-6670;jessica.nunes75@meuemail.example;10.558.657/0001-22;CGR-01;Planta Industrial;Auxiliar de escritório;4110-05;26/03/2016;CLT;2.580,00;01/07/2026;Campo Grande;MS
002598;Jorge Barbosa;238.329.564-76;03/06/1982;M;Viúvo;Médio completo;Yasmin Pacheco Barbosa;80103799;SSP;MS;79041848;Rua das Orquídeas;2265;Apto 204;Moreninhas;Campo Grande;MS;(67) 99030-8572;jorge.barbosa99@caixapostal.example;10.558.657/0001-22;CGR-01;Planta Industrial;Motorista de caminhão;7825-10;17/04/2023;CLT;2.820,00;01/07/2026;Campo Grande;MS
002599;Francisca Moreira Gonçalves;154.676.552-21;13/10/1991;F;Solteira;Médio completo;Fernanda Mendes Gonçalves;23164559;SSP;MS;79014701;Rua da Alvorada;930;;Tiradentes;Campo Grande;MS;(67) 98898-3125;francisca.goncalves15@correio.example;10.558.657/0001-22;CGR-01;Planta Industrial;Embalador;7841-05;24/04/2026;CLT;1.920,00;01/07/2026;Campo Grande;MS
002600;Mônica Leite Moreira;728.147.313-35;25/04/1980;F;Casada;Médio completo;Ana Soares Moreira;88232246;SSP;MS;79037344;Rua das Palmeiras;1137;;Tiradentes;Campo Grande;MS;(67) 98859-6901;monica.moreira51@correio.example;10.558.657/0001-22;CGR-01;Planta Industrial;Inspetor de qualidade;3912-05;08/06/2006;CLT;3.400,00;01/07/2026;Campo Grande;MS
002601;Tereza Assis Gomes;906.567.600-79;12/10/1998;F;Solteira;Médio completo;Beatriz Queiroz Gomes;83081794;SSP;MS;79023723;Rua do Mirante;932;Casa 2;Tiradentes;Campo Grande;MS;(67) 98318-1905;tereza.gomes82@caixapostal.example;10.558.657/0001-22;CGR-01;Planta Industrial;Magarefe;8485-20;23/03/2021;CLT;2.090,00;01/07/2026;Campo Grande;MS
002602;Priscila Campos Macedo;023.321.203-51;11/07/1991;F;Casada;Médio completo;Sandra Alves Macedo;80511965;SSP;MS;79075910;Rua da Liberdade;2006;;Coophavila;Campo Grande;MS;(67) 98795-1965;priscila.macedo69@correio.example;10.558.657/0001-22;CGR-01;Planta Industrial;Inspetor de qualidade;3912-05;13/10/2024;CLT;3.400,00;01/07/2026;Campo Grande;MS
002603;Felipe Andrade;947.321.490-14;11/05/1998;M;Casado;Médio incompleto;Isabela Tavares Andrade;83737920;SSP;MS;79063084;Rua das Flores do Campo;699;;Aero Rancho;Campo Grande;MS;(67) 98474-9125;felipe.andrade60@caixapostal.example;10.558.657/0002-03;CGR-02;Centro de Distribuição;Abatedor;8485-05;02/03/2024;CLT;2.570,00;01/07/2026;Campo Grande;MS
002604;Joana Santana;273.463.902-53;02/02/2001;F;Solteira;Médio incompleto;Karina Siqueira Santana;37318269;SSP;MS;79072738;Rua Três Marias;2690;Apto 101;Moreninhas;Campo Grande;MS;(67) 98900-8978;joana.santana56@caixapostal.example;10.558.657/0001-22;CGR-01;Planta Industrial;Motorista de caminhão;7825-10;20/03/2025;CLT;2.820,00;01/07/2026;Campo Grande;MS
002605;Vinícius Batista Rocha;974.237.647-60;18/12/1982;M;Casado;Médio completo;Jéssica Barbosa Rocha;32126278;SSP;MS;79048051;Rua das Hortênsias;2464;Sala 5;Guanandi;Campo Grande;MS;(67) 98643-8559;vinicius.rocha8@meuemail.example;10.558.657/0001-22;CGR-01;Planta Industrial;Magarefe;8485-20;20/01/2021;CLT;1.880,00;01/07/2026;Campo Grande;MS
002606;João Correia Campos;855.322.487-29;03/12/1988;M;Casado;Superior completo;Beatriz Cardoso Campos;50485620;SSP;MS;79049455;Rua do Mirante;955;;Tiradentes;Campo Grande;MS;(67) 99866-3221;joao.campos68@meuemail.example;10.558.657/0001-22;CGR-01;Planta Industrial;Gerente administrativo;1421-05;01/06/2026;CLT;10.370,00;01/07/2026;Campo Grande;MS
002607;Antônio Nunes Rocha;333.167.477-02;11/01/1995;M;Casado;Médio completo;Larissa Macedo Rocha;41582632;SSP;MS;79079812;Rua do Cruzeiro;667;Bloco B;Tiradentes;Campo Grande;MS;(67) 99657-9641;antonio.rocha33@correio.example;10.558.657/0002-03;CGR-02;Centro de Distribuição;Inspetor de qualidade;3912-05;28/10/2024;CLT;3.400,00;01/07/2026;Campo Grande;MS
002608;Antônio Almeida;849.518.931-34;05/05/1992;M;Solteiro;Médio completo;Luana Peixoto Almeida;44873719;SSP;MS;79028910;Rua das Orquídeas;2196;;Coophavila;Campo Grande;MS;(67) 99530-0616;antonio.almeida34@meuemail.example;10.558.657/0001-22;CGR-01;Planta Industrial;Auxiliar de escritório;4110-05;21/03/2017;CLT;2.070,00;01/07/2026;Campo Grande;MS
002609;Otávio Lima Ribeiro;963.096.073-75;01/02/1994;M;Casado;Médio completo;Sabrina Campos Ribeiro;79007953;SSP;MS;79067915;Rua São Pedro;2382;;Nova Lima;Campo Grande;MS;(67) 98576-6985;otavio.ribeiro30@meuemail.example;10.558.657/0001-22;CGR-01;Planta Industrial;Inspetor de qualidade;3912-05;07/08/2023;CLT;3.400,00;01/07/2026;Campo Grande;MS
002610;Leonardo Brito Souza;466.468.358-88;14/10/1983;M;Casado;Médio completo;Larissa Cavalcanti Souza;27398534;SSP;MS;79037017;Rua dos Ipês Amarelos;170;;Aero Rancho;Campo Grande;MS;(67) 99115-6310;leonardo.souza30@correio.example;10.558.657/0001-22;CGR-01;Planta Industrial;Operador de caldeira;8621-20;10/09/2022;CLT;3.240,00;01/07/2026;Campo Grande;MS
002611;Jéssica Neves;494.046.206-45;31/03/1987;F;União estável;Médio incompleto;Rosana Correia Neves;77121744;SSP;MS;79060486;Rua Santa Clara;41;Apto 101;Nova Lima;Campo Grande;MS;(67) 98450-8198;jessica.neves42@correio.example;10.558.657/0001-22;CGR-01;Planta Industrial;Magarefe;8485-20;09/05/2025;CLT;2.090,00;01/07/2026;Campo Grande;MS
002612;Felipe Ribeiro Nascimento;485.866.258-68;14/09/1999;M;União estável;Médio incompleto;Cláudia Ribeiro Nascimento;88799096;SSP;MS;79004528;Rua Três Marias;2647;;Tiradentes;Campo Grande;MS;(67) 99696-7642;felipe.nascimento91@meuemail.example;10.558.657/0002-03;CGR-02;Centro de Distribuição;Desossador;8485-15;12/05/2026;CLT;2.230,00;01/07/2026;Campo Grande;MS
002613;Tereza Oliveira Costa;157.731.064-00;14/11/1988;F;União estável;Médio incompleto;Luana Silva Costa;1169034;SSP;MS;79081863;Rua do Horizonte;459;Casa 2;Aero Rancho;Campo Grande;MS;(67) 98927-4577;tereza.costa51@meuemail.example;10.558.657/0002-03;CGR-02;Centro de Distribuição;Magarefe;8485-20;26/07/2025;CLT;2.090,00;01/07/2026;Campo Grande;MS
002614;Matheus Lima;852.790.705-48;14/01/1987;M;Casado;Fundamental completo;Giovana Siqueira Lima;61119565;SSP;MS;79098506;Rua das Palmeiras;2344;;Coophavila;Campo Grande;MS;(67) 99485-4469;matheus.lima12@caixapostal.example;10.558.657/0001-22;CGR-01;Planta Industrial;Magarefe;8485-20;24/07/2020;CLT;2.300,00;01/07/2026;Campo Grande;MS
002615;Gabriela Xavier;419.817.710-42;19/08/1996;F;Solteira;Fundamental completo;Helena Almeida Xavier;3189342;SSP;MS;79024596;Rua das Andorinhas;2667;;Moreninhas;Campo Grande;MS;(67) 99754-0020;gabriela.xavier14@caixapostal.example;10.558.657/0002-03;CGR-02;Centro de Distribuição;Magarefe;8485-20;28/08/2024;CLT;2.300,00;01/07/2026;Campo Grande;MS
002616;Daniel Lopes;896.504.925-34;15/06/2002;M;Solteiro;Superior completo;Isabela Assis Lopes;46467664;SSP;MS;79090541;Rua do Comércio;778;Sala 5;Guanandi;Campo Grande;MS;(67) 99099-8889;daniel.lopes74@caixapostal.example;10.558.657/0002-03;CGR-02;Centro de Distribuição;Inspetor de qualidade;3912-05;16/09/2025;CLT;5.580,00;01/07/2026;Campo Grande;MS
002617;Otávio Leite;460.317.745-34;09/09/1985;M;União estável;Médio completo;Valéria Borges Leite;99483047;SSP;MS;79046916;Rua das Flores do Campo;807;;Aero Rancho;Campo Grande;MS;(67) 98439-8332;otavio.leite51@correio.example;10.558.657/0001-22;CGR-01;Planta Industrial;Auxiliar de escritório;4110-05;18/11/2019;CLT;2.840,00;01/07/2026;Campo Grande;MS
002618;Gabriela Paiva;191.148.332-39;21/09/1975;F;Casada;Médio completo;Yasmin Borges Paiva;38408520;SSP;MS;79001709;Rua do Mirante;2316;;Guanandi;Campo Grande;MS;(67) 99267-4414;gabriela.paiva19@caixapostal.example;10.558.657/0001-22;CGR-01;Planta Industrial;Desossador;8485-15;29/01/2023;CLT;2.520,00;01/07/2026;Campo Grande;MS
002619;Marta Oliveira Oliveira;754.102.629-80;07/03/1996;F;Casada;Médio incompleto;Juliana Martins Oliveira;71736050;SSP;MS;79031865;Avenida das Nações;1357;;Coophavila;Campo Grande;MS;(67) 99688-1631;marta.oliveira74@caixapostal.example;10.558.657/0001-22;CGR-01;Planta Industrial;Embalador;7841-05;15/05/2024;CLT;2.110,00;01/07/2026;Campo Grande;MS
002620;Cristiane Martins Prado;869.379.263-67;04/12/1979;F;Casada;Fundamental completo;Fernanda Santana Prado;29518092;SSP;MS;79096351;Rua da Liberdade;2097;Casa A;Coophavila;Campo Grande;MS;(67) 98908-7722;cristiane.prado29@caixapostal.example;10.558.657/0001-22;CGR-01;Planta Industrial;Desossador;8485-15;13/08/2025;CLT;2.800,00;01/07/2026;Campo Grande;MS
002621;Nelson Alves Araújo;385.876.686-09;28/06/1994;M;Casado;Fundamental completo;Letícia Campos Araújo;2533350;SSP;MS;79023771;Avenida Beira Rio;510;Sala 5;Coophavila;Campo Grande;MS;(67) 98637-7721;nelson.araujo17@correio.example;10.558.657/0002-03;CGR-02;Centro de Distribuição;Abatedor;8485-05;18/04/2022;CLT;1.820,00;01/07/2026;Campo Grande;MS
002622;Aline Brito Teixeira;990.809.163-82;19/05/1988;F;Solteira;Médio completo;Cláudia Nunes Teixeira;49368249;SSP;MS;79039341;Rua dos Girassóis;1055;;Moreninhas;Campo Grande;MS;(67) 99350-5263;aline.teixeira44@meuemail.example;10.558.657/0002-03;CGR-02;Centro de Distribuição;Supervisor de produção;8401-05;05/03/2021;CLT;5.140,00;01/07/2026;Campo Grande;MS
002623;Elaine Teixeira;425.155.246-64;10/06/2000;F;Casada;Médio completo;Amanda Dias Teixeira;99939536;SSP;MS;79047596;Rua das Hortênsias;1026;;Aero Rancho;Campo Grande;MS;(67) 98248-5894;elaine.teixeira23@correio.example;10.558.657/0001-22;CGR-01;Planta Industrial;Operador de caldeira;8621-20;30/09/2025;CLT;4.100,00;01/07/2026;Campo Grande;MS
002624;Ana Ribeiro;318.262.770-80;23/08/1993;F;Solteira;Superior incompleto;Karina Silva Ribeiro;56858706;SSP;MS;79004778;Travessa da Paz;570;;Moreninhas;Campo Grande;MS;(67) 99408-9354;ana.ribeiro34@caixapostal.example;10.558.657/0002-03;CGR-02;Centro de Distribuição;Técnico em segurança do trabalho;3516-05;12/01/2026;CLT;3.730,00;01/07/2026;Campo Grande;MS
002625;Joana Machado;205.942.644-80;23/12/1997;F;Casada;Médio completo;Cláudia Ramos Machado;85382071;SSP;MS;79021804;Avenida Beira Rio;1669;;Moreninhas;Campo Grande;MS;(67) 99985-6219;joana.machado89@correio.example;10.558.657/0002-03;CGR-02;Centro de Distribuição;Magarefe;8485-20;20/06/2023;CLT;2.510,00;01/07/2026;Campo Grande;MS
002626;Antônio Campos;804.573.881-29;01/07/1994;M;União estável;Médio completo;Joana Siqueira Campos;67297085;SSP;MS;79035702;Rua do Horizonte;1058;;Tiradentes;Campo Grande;MS;(67) 99329-6942;antonio.campos45@correio.example;10.558.657/0001-22;CGR-01;Planta Industrial;Desossador;8485-15;13/02/2025;CLT;2.800,00;01/07/2026;Campo Grande;MS
002627;Paulo Magalhães Pacheco;466.426.039-31;21/03/1991;M;Solteiro;Médio completo;Priscila Sales Pacheco;47675627;SSP;MS;79084113;Avenida das Nações;1516;;Coophavila;Campo Grande;MS;(67) 99598-9972;paulo.pacheco78@meuemail.example;10.558.657/0001-22;CGR-01;Planta Industrial;Desossador;8485-15;21/03/2017;CLT;2.230,00;01/07/2026;Campo Grande;MS
002628;Bruna Correia Rodrigues;376.257.572-00;01/04/1999;F;Solteira;Médio completo;Francisca Guimarães Rodrigues;38355463;SSP;MS;79000823;Rua Três Marias;1717;;Coophavila;Campo Grande;MS;(67) 98895-4260;bruna.rodrigues33@caixapostal.example;10.558.657/0001-22;CGR-01;Planta Industrial;Embalador;7841-05;17/05/2022;CLT;1.740,00;01/07/2026;Campo Grande;MS
002629;Bruna Aguiar;185.398.346-26;16/01/1982;F;Casada;Fundamental completo;Mônica Ribeiro Aguiar;14387477;SSP;MS;79070950;Rua do Comércio;1921;;Nova Lima;Campo Grande;MS;(67) 99875-2147;bruna.aguiar46@correio.example;10.558.657/0001-22;CGR-01;Planta Industrial;Operador de caldeira;8621-20;28/12/2025;CLT;3.670,00;01/07/2026;Campo Grande;MS
002630;Bruno Peixoto Rezende;811.001.455-08;18/11/1995;M;Solteiro;Médio incompleto;Ana Pinto Rezende;23279581;SSP;MS;79060579;Rua das Mangueiras;1745;Apto 101;Moreninhas;Campo Grande;MS;(67) 98403-1789;bruno.rezende51@caixapostal.example;10.558.657/0001-22;CGR-01;Planta Industrial;Magarefe;8485-20;12/09/2022;CLT;2.300,00;01/07/2026;Campo Grande;MS
002631;Marcos Monteiro Peixoto;741.665.856-06;26/06/1992;M;Solteiro;Médio completo;Flávia Santana Peixoto;56548483;SSP;MS;79036216;Rua Três Marias;1178;;Coophavila;Campo Grande;MS;(67) 98787-9488;marcos.peixoto34@caixapostal.example;10.558.657/0001-22;CGR-01;Planta Industrial;Magarefe;8485-20;13/08/2022;CLT;2.090,00;01/07/2026;Campo Grande;MS
002632;Tiago Lima;099.900.716-59;29/03/1989;M;Casado;Médio completo;Priscila Rocha Lima;22626872;SSP;MS;79074352;Rua dos Pinheiros Altos;1058;Apto 101;Aero Rancho;Campo Grande;MS;(67) 99181-3992;tiago.lima40@caixapostal.example;10.558.657/0001-22;CGR-01;Planta Industrial;Faxineiro;5143-20;31/12/2024;CLT;1.630,00;01/07/2026;Campo Grande;MS
002633;Tereza Santos Moreira;217.715.969-53;06/03/1994;F;Solteira;Médio incompleto;Yasmin Gonçalves Moreira;1702975;SSP;MS;79089679;Rua das Gaivotas;1013;;Tiradentes;Campo Grande;MS;(67) 99777-8177;tereza.moreira72@correio.example;10.558.657/0001-22;CGR-01;Planta Industrial;Conferente de carga;4142-15;25/04/2022;CLT;2.110,00;01/07/2026;Campo Grande;MS
002634;Kelly Alves Pinto;384.424.348-87;10/07/1993;F;Casada;Médio incompleto;Beatriz Nunes Pinto;74811001;SSP;MS;79010914;Rua do Mirante;1506;Bloco B;Nova Lima;Campo Grande;MS;(67) 99413-8927;kelly.pinto96@meuemail.example;10.558.657/0002-03;CGR-02;Centro de Distribuição;Abatedor;8485-05;27/09/2022;CLT;1.820,00;01/07/2026;Campo Grande;MS
002635;Marcos Leite Vieira;864.434.897-30;31/05/1994;M;Casado;Médio completo;Luana Queiroz Vieira;3293129;SSP;MS;79078573;Rua dos Girassóis;712;;Moreninhas;Campo Grande;MS;(67) 99012-2755;marcos.vieira52@caixapostal.example;10.558.657/0002-03;CGR-02;Centro de Distribuição;Desossador;8485-15;07/04/2024;CLT;2.520,00;01/07/2026;Campo Grande;MS
002636;Vitor Assis Moreira;621.034.969-22;24/10/1990;M;Solteiro;Médio incompleto;Adriana Mendes Moreira;39400329;SSP;MS;79043972;Rua das Orquídeas;585;Casa A;Aero Rancho;Campo Grande;MS;(67) 99657-3803;vitor.moreira36@caixapostal.example;10.558.657/0001-22;CGR-01;Planta Industrial;Magarefe;8485-20;04/03/2026;CLT;2.300,00;01/07/2026;Campo Grande;MS
002637;Wellington Macedo;964.777.608-00;25/05/2001;M;Casado;Médio completo;Elaine Vieira Macedo;77348522;SSP;MS;79052433;Rua da Alvorada;2308;;Nova Lima;Campo Grande;MS;(67) 99856-6786;wellington.macedo52@correio.example;10.558.657/0002-03;CGR-02;Centro de Distribuição;Magarefe;8485-20;25/01/2026;CLT;2.510,00;01/07/2026;Campo Grande;MS
002638;Nelson Magalhães;177.934.301-90;24/11/1977;M;União estável;Médio completo;Jéssica Assis Magalhães;59000174;SSP;MS;79055761;Rua das Acácias;659;;Guanandi;Campo Grande;MS;(67) 98222-4375;nelson.magalhaes13@meuemail.example;10.558.657/0001-22;CGR-01;Planta Industrial;Abatedor;8485-05;19/03/2021;CLT;1.820,00;01/07/2026;Campo Grande;MS
002639;João Mendes Campos;781.324.291-25;29/10/1992;M;União estável;Médio incompleto;Sabrina Pereira Campos;9035333;SSP;MS;79091186;Rua das Violetas;2285;Apto 101;Moreninhas;Campo Grande;MS;(67) 98465-5470;joao.campos27@correio.example;10.558.657/0001-22;CGR-01;Planta Industrial;Desossador;8485-15;07/01/2026;CLT;2.230,00;01/07/2026;Campo Grande;MS
002640;Juliana Pereira;890.820.995-60;08/02/1982;F;Casada;Superior completo;Valéria Figueiredo Pereira;74792645;SSP;MS;79004403;Rua Nova;816;Casa 2;Tiradentes;Campo Grande;MS;(67) 98845-2690;juliana.pereira17@caixapostal.example;10.558.657/0002-03;CGR-02;Centro de Distribuição;Inspetor de qualidade;3912-05;23/05/2021;CLT;4.850,00;01/07/2026;Campo Grande;MS
002641;Helena Almeida;457.667.360-29;17/02/1986;F;Casada;Superior incompleto;Gabriela Viana Almeida;7496977;SSP;MS;79046572;Rua do Comércio;127;;Tiradentes;Campo Grande;MS;(67) 98100-2156;helena.almeida61@meuemail.example;10.558.657/0001-22;CGR-01;Planta Industrial;Técnico em segurança do trabalho;3516-05;21/12/2024;CLT;5.180,00;01/07/2026;Campo Grande;MS
002642;Lucas Almeida;469.664.786-28;10/02/1985;M;Solteiro;Médio incompleto;Elaine Barros Almeida;74351942;SSP;MS;79076193;Rua da Liberdade;2316;;Aero Rancho;Campo Grande;MS;(67) 98567-1445;lucas.almeida9@caixapostal.example;10.558.657/0001-22;CGR-01;Planta Industrial;Magarefe;8485-20;20/11/2023;CLT;2.300,00;01/07/2026;Campo Grande;MS
002643;Daniel Martins Freitas;901.982.279-90;14/06/1993;M;Casado;Médio completo;Letícia Costa Freitas;73591584;SSP;MS;79055244;Rua da Alvorada;979;;Nova Lima;Campo Grande;MS;(67) 98338-4652;daniel.freitas41@caixapostal.example;10.558.657/0002-03;CGR-02;Centro de Distribuição;Embalador;7841-05;22/02/2024;CLT;1.920,00;01/07/2026;Campo Grande;MS
002644;Helena Santana Brito;615.229.195-03;17/11/1993;F;Solteira;Médio incompleto;Letícia Macedo Brito;95020909;SSP;MS;79059434;Rua do Comércio;987;;Coophavila;Campo Grande;MS;(67) 99320-1427;helena.brito39@meuemail.example;10.558.657/0001-22;CGR-01;Planta Industrial;Magarefe;8485-20;24/08/2022;CLT;1.880,00;01/07/2026;Campo Grande;MS
002645;Francisco Cardoso Rocha;096.030.252-24;15/03/1999;M;Divorciado;Fundamental completo;Priscila Queiroz Rocha;32695091;SSP;MS;79099839;Rua da Esperança;1814;Apto 101;Moreninhas;Campo Grande;MS;(67) 98905-9620;francisco.rocha96@correio.example;10.558.657/0001-22;CGR-01;Planta Industrial;Embalador;7841-05;04/07/2025;CLT;2.110,00;01/07/2026;Campo Grande;MS
002646;Felipe Batista;970.634.885-97;30/11/1999;M;Solteiro;Médio completo;Jéssica Cavalcanti Batista;32652075;SSP;MS;79022958;Rua São Pedro;2567;;Moreninhas;Campo Grande;MS;(67) 98155-6377;felipe.batista12@caixapostal.example;10.558.657/0001-22;CGR-01;Planta Industrial;Conferente de carga;4142-15;02/04/2024;CLT;2.640,00;01/07/2026;Campo Grande;MS
002647;Gabriel Gomes Alves;057.906.111-68;28/03/1998;M;Casado;Médio incompleto;Karina Xavier Alves;62956740;SSP;MS;79067912;Rua do Bosque;284;;Guanandi;Campo Grande;MS;(67) 98236-7446;gabriel.alves65@meuemail.example;10.558.657/0001-22;CGR-01;Planta Industrial;Abatedor;8485-05;07/06/2024;CLT;1.820,00;01/07/2026;Campo Grande;MS
002648;Vitor Almeida;667.391.011-91;22/08/1984;M;Casado;Fundamental completo;Simone Siqueira Almeida;38214645;SSP;MS;79018419;Rua das Violetas;1728;;Moreninhas;Campo Grande;MS;(67) 99975-0496;vitor.almeida73@correio.example;10.558.657/0001-22;CGR-01;Planta Industrial;Magarefe;8485-20;14/06/2021;CLT;1.880,00;01/07/2026;Campo Grande;MS
002649;Sandra Bezerra;070.764.884-00;03/03/1991;F;Solteira;Médio incompleto;Amanda Castro Bezerra;95210235;SSP;MS;79077838;Rua Três Marias;473;Apto 101;Coophavila;Campo Grande;MS;(67) 99949-5204;sandra.bezerra41@meuemail.example;10.558.657/0001-22;CGR-01;Planta Industrial;Desossador;8485-15;27/08/2021;CLT;2.520,00;01/07/2026;Campo Grande;MS
002650;João Gomes;362.721.967-84;21/02/1997;M;Casado;Médio incompleto;Luciana Rocha Gomes;17559612;SSP;MS;79032709;Rua do Sol Nascente;2620;;Aero Rancho;Campo Grande;MS;(67) 99665-6102;joao.gomes68@correio.example;10.558.657/0001-22;CGR-01;Planta Industrial;Abatedor;8485-05;12/05/2021;CLT;2.070,00;01/07/2026;Campo Grande;MS
002651;Sérgio Ferreira;530.771.076-35;20/03/1981;M;Divorciado;Médio incompleto;Luana Rocha Ferreira;14259062;SSP;MS;79042555;Rua do Horizonte;2508;;Nova Lima;Campo Grande;MS;(67) 99430-0670;sergio.ferreira87@meuemail.example;10.558.657/0001-22;CGR-01;Planta Industrial;Motorista de caminhão;7825-10;22/07/2024;CLT;3.210,00;01/07/2026;Campo Grande;MS
002652;Beatriz Lima;552.788.408-62;23/08/1996;F;Solteira;Médio completo;Helena Batista Lima;95472462;SSP;MS;79002756;Rua dos Cravos;2599;;Moreninhas;Campo Grande;MS;(67) 99163-2536;beatriz.lima65@meuemail.example;10.558.657/0001-22;CGR-01;Planta Industrial;Operador de caldeira;8621-20;21/06/2025;CLT;3.240,00;01/07/2026;Campo Grande;MS
