codigo_cbo,minimo,maximo,nivel,vinculos_na_base,fonte,ano_base,calculado_em
010105,,,SEM_DADOS,0,RAIS 2025 - MTE,2025,2026-09-29
010110,,,SEM_DADOS,0,RAIS 2025 - MTE,2025,2026-09-29
010115,,,SEM_DADOS,0,RAIS 2025 - MTE,2025,2026-09-29
010205,,,SEM_DADOS,0,RAIS 2025 - MTE,2025,2026-09-29
010210,,,SEM_DADOS,0,RAIS 2025 - MTE,2025,2026-09-29
010215,,,SEM_DADOS,0,RAIS 2025 - MTE,2025,2026-09-29
010305,,,SEM_DADOS,0,RAIS 2025 - MTE,2025,2026-09-29
010310,,,SEM_DADOS,0,RAIS 2025 - MTE,2025,2026-09-29
010315,,,SEM_DADOS,0,RAIS 2025 - MTE,2025,2026-09-29
020105,,,SEM_DADOS,0,RAIS 2025 - MTE,2025,2026-09-29
020110,,,SEM_DADOS,0,RAIS 2025 - MTE,2025,2026-09-29
020115,,,SEM_DADOS,0,RAIS 2025 - MTE,2025,2026-09-29
020205,,,SEM_DADOS,0,RAIS 2025 - MTE,2025,2026-09-29
020305,,,SEM_DADOS,0,RAIS 2025 - MTE,2025,2026-09-29
020310,,,SEM_DADOS,0,RAIS 2025 - MTE,2025,2026-09-29
021105,,,SEM_DADOS,0,RAIS 2025 - MTE,2025,2026-09-29
021110,,,SEM_DADOS,0,RAIS 2025 - MTE,2025,2026-09-29
021205,,,SEM_DADOS,0,RAIS 2025 - MTE,2025,2026-09-29
021210,,,SEM_DADOS,0,RAIS 2025 - MTE,2025,2026-09-29
030105,,,SEM_DADOS,0,RAIS 2025 - MTE,2025,2026-09-29
030110,,,SEM_DADOS,0,RAIS 2025 - MTE,2025,2026-09-29
030115,,,SEM_DADOS,0,RAIS 2025 - MTE,2025,2026-09-29
030205,,,SEM_DADOS,0,RAIS 2025 - MTE,2025,2026-09-29
030305,,,SEM_DADOS,0,RAIS 2025 - MTE,2025,2026-09-29
031105,,,SEM_DADOS,0,RAIS 2025 - MTE,2025,2026-09-29
031110,,,SEM_DADOS,0,RAIS 2025 - MTE,2025,2026-09-29
031205,,,SEM_DADOS,0,RAIS 2025 - MTE,2025,2026-09-29
031210,,,SEM_DADOS,0,RAIS 2025 - MTE,2025,2026-09-29
111105,1392.66,6624.47,OCUPACAO,42,RAIS 2025 - MTE,2025,2026-09-29
111110,1518.00,13202.55,FAMILIA,353,RAIS 2025 - MTE,2025,2026-09-29
111115,1518.00,13202.55,FAMILIA,353,RAIS 2025 - MTE,2025,2026-09-29
111120,1518.00,13202.55,OCUPACAO,296,RAIS 2025 - MTE,2025,2026-09-29
111205,1518.00,10117.46,FAMILIA,3168,RAIS 2025 - MTE,2025,2026-09-29
111210,1518.00,10117.46,FAMILIA,3168,RAIS 2025 - MTE,2025,2026-09-29
111215,1518.00,10117.46,FAMILIA,3168,RAIS 2025 - MTE,2025,2026-09-29
111220,1518.00,9697.15,OCUPACAO,3081,RAIS 2025 - MTE,2025,2026-09-29
111225,507.20,15045.83,OCUPACAO,34,RAIS 2025 - MTE,2025,2026-09-29
111230,1518.00,10117.46,FAMILIA,3168,RAIS 2025 - MTE,2025,2026-09-29
111235,1518.00,10117.46,FAMILIA,3168,RAIS 2025 - MTE,2025,2026-09-29
111240,1518.00,10117.46,FAMILIA,3168,RAIS 2025 - MTE,2025,2026-09-29
111245,1518.00,10117.46,FAMILIA,3168,RAIS 2025 - MTE,2025,2026-09-29
111250,1518.00,10117.46,FAMILIA,3168,RAIS 2025 - MTE,2025,2026-09-29
111255,1518.00,10117.46,FAMILIA,3168,RAIS 2025 - MTE,2025,2026-09-29
111305,6300.18,31346.45,FAMILIA,627,RAIS 2025 - MTE,2025,2026-09-29
111310,6300.18,31346.45,FAMILIA,627,RAIS 2025 - MTE,2025,2026-09-29
111315,6300.18,31346.45,FAMILIA,627,RAIS 2025 - MTE,2025,2026-09-29
111320,6300.18,31346.45,FAMILIA,627,RAIS 2025 - MTE,2025,2026-09-29
111325,6300.18,31346.45,FAMILIA,627,RAIS 2025 - MTE,2025,2026-09-29
111330,6300.18,31346.45,FAMILIA,627,RAIS 2025 - MTE,2025,2026-09-29
111335,6300.18,31346.45,FAMILIA,627,RAIS 2025 - MTE,2025,2026-09-29
111340,6781.67,31424.74,OCUPACAO,618,RAIS 2025 - MTE,2025,2026-09-29
111345,6300.18,31346.45,FAMILIA,627,RAIS 2025 - MTE,2025,2026-09-29
111405,1069.86,25427.60,OCUPACAO,351,RAIS 2025 - MTE,2025,2026-09-29
111410,2225.61,18922.09,OCUPACAO,4710,RAIS 2025 - MTE,2025,2026-09-29
111415,1699.82,19474.16,OCUPACAO,3882,RAIS 2025 - MTE,2025,2026-09-29
111505,2321.75,24187.11,OCUPACAO,250,RAIS 2025 - MTE,2025,2026-09-29
111510,2192.87,25875.76,OCUPACAO,7634,RAIS 2025 - MTE,2025,2026-09-29
113005,1588.32,7161.86,FAMILIA,46,RAIS 2025 - MTE,2025,2026-09-29
113010,1564.26,4766.53,OCUPACAO,33,RAIS 2025 - MTE,2025,2026-09-29
113015,1588.32,7161.86,FAMILIA,46,RAIS 2025 - MTE,2025,2026-09-29
114105,1310.80,24624.87,OCUPACAO,33,RAIS 2025 - MTE,2025,2026-09-29
114205,1721.41,21789.16,OCUPACAO,715,RAIS 2025 - MTE,2025,2026-09-29
114210,1889.80,114120.32,OCUPACAO,81,RAIS 2025 - MTE,2025,2026-09-29
114305,1944.30,22090.12,OCUPACAO,337,RAIS 2025 - MTE,2025,2026-09-29
114405,1810.28,49230.45,OCUPACAO,380,RAIS 2025 - MTE,2025,2026-09-29
121005,1883.63,91966.16,OCUPACAO,2752,RAIS 2025 - MTE,2025,2026-09-29
121010,1699.85,116158.99,OCUPACAO,12177,RAIS 2025 - MTE,2025,2026-09-29
122105,1763.74,88673.35,OCUPACAO,423,RAIS 2025 - MTE,2025,2026-09-29
122110,1773.27,89942.21,FAMILIA,529,RAIS 2025 - MTE,2025,2026-09-29
122115,1853.42,94366.31,OCUPACAO,76,RAIS 2025 - MTE,2025,2026-09-29
122120,1773.27,89942.21,FAMILIA,529,RAIS 2025 - MTE,2025,2026-09-29
122205,3887.24,101169.29,OCUPACAO,1837,RAIS 2025 - MTE,2025,2026-09-29
122305,2551.72,76277.15,OCUPACAO,772,RAIS 2025 - MTE,2025,2026-09-29
122405,2221.73,85546.37,OCUPACAO,1548,RAIS 2025 - MTE,2025,2026-09-29
122505,1850.39,94627.93,OCUPACAO,383,RAIS 2025 - MTE,2025,2026-09-29
122510,1975.21,52060.61,OCUPACAO,98,RAIS 2025 - MTE,2025,2026-09-29
122515,2286.99,42162.91,OCUPACAO,67,RAIS 2025 - MTE,2025,2026-09-29
122520,2139.37,14120.20,OCUPACAO,347,RAIS 2025 - MTE,2025,2026-09-29
122605,2122.01,30479.94,OCUPACAO,44,RAIS 2025 - MTE,2025,2026-09-29
122610,2500.58,83317.63,OCUPACAO,302,RAIS 2025 - MTE,2025,2026-09-29
122615,2006.25,73063.77,OCUPACAO,660,RAIS 2025 - MTE,2025,2026-09-29
122620,2295.28,81147.50,OCUPACAO,746,RAIS 2025 - MTE,2025,2026-09-29
122705,4165.35,110966.81,OCUPACAO,612,RAIS 2025 - MTE,2025,2026-09-29
122710,8057.70,160717.62,OCUPACAO,304,RAIS 2025 - MTE,2025,2026-09-29
122715,4888.13,115430.17,FAMILIA,2158,RAIS 2025 - MTE,2025,2026-09-29
122720,4121.19,107405.47,OCUPACAO,49,RAIS 2025 - MTE,2025,2026-09-29
122725,5371.30,91909.65,OCUPACAO,718,RAIS 2025 - MTE,2025,2026-09-29
122730,8042.38,137863.22,OCUPACAO,102,RAIS 2025 - MTE,2025,2026-09-29
122735,4888.13,115430.17,FAMILIA,2158,RAIS 2025 - MTE,2025,2026-09-29
122740,4888.13,115430.17,FAMILIA,2158,RAIS 2025 - MTE,2025,2026-09-29
122745,12894.84,134774.78,OCUPACAO,95,RAIS 2025 - MTE,2025,2026-09-29
122750,5502.32,86808.66,OCUPACAO,34,RAIS 2025 - MTE,2025,2026-09-29
122755,12232.18,100564.02,OCUPACAO,199,RAIS 2025 - MTE,2025,2026-09-29
123105,1852.07,84682.45,OCUPACAO,16297,RAIS 2025 - MTE,2025,2026-09-29
123110,2192.84,81854.12,OCUPACAO,6033,RAIS 2025 - MTE,2025,2026-09-29
123115,2000.00,90040.80,OCUPACAO,6029,RAIS 2025 - MTE,2025,2026-09-29
123205,3230.12,96598.16,OCUPACAO,2338,RAIS 2025 - MTE,2025,2026-09-29
123210,1629.46,85392.65,OCUPACAO,150,RAIS 2025 - MTE,2025,2026-09-29
123305,3000.00,113766.27,OCUPACAO,11940,RAIS 2025 - MTE,2025,2026-09-29
123310,2000.00,97869.17,OCUPACAO,2701,RAIS 2025 - MTE,2025,2026-09-29
123405,3629.06,96151.20,OCUPACAO,1362,RAIS 2025 - MTE,2025,2026-09-29
123410,3475.07,95932.84,FAMILIA,1387,RAIS 2025 - MTE,2025,2026-09-29
123605,4902.15,93805.39,OCUPACAO,3751,RAIS 2025 - MTE,2025,2026-09-29
123705,5709.09,95059.73,OCUPACAO,1700,RAIS 2025 - MTE,2025,2026-09-29
123805,2035.15,79137.97,OCUPACAO,998,RAIS 2025 - MTE,2025,2026-09-29
131105,2719.05,63677.48,OCUPACAO,1056,RAIS 2025 - MTE,2025,2026-09-29
131110,2600.00,39742.81,OCUPACAO,734,RAIS 2025 - MTE,2025,2026-09-29
131115,2092.22,30830.83,OCUPACAO,4387,RAIS 2025 - MTE,2025,2026-09-29
131120,2524.69,20676.03,OCUPACAO,6691,RAIS 2025 - MTE,2025,2026-09-29
131205,2609.17,71360.56,OCUPACAO,1947,RAIS 2025 - MTE,2025,2026-09-29
131210,2500.00,30437.19,OCUPACAO,15038,RAIS 2025 - MTE,2025,2026-09-29
131215,2544.16,19998.27,OCUPACAO,414,RAIS 2025 - MTE,2025,2026-09-29
131220,2344.39,10563.21,OCUPACAO,62,RAIS 2025 - MTE,2025,2026-09-29
131225,1518.00,9660.22,OCUPACAO,389,RAIS 2025 - MTE,2025,2026-09-29
131305,1749.37,28651.28,OCUPACAO,14200,RAIS 2025 - MTE,2025,2026-09-29
131310,3263.18,16490.97,OCUPACAO,2737,RAIS 2025 - MTE,2025,2026-09-29
131315,2093.47,30197.36,OCUPACAO,2578,RAIS 2025 - MTE,2025,2026-09-29
131320,2056.05,15639.60,OCUPACAO,157,RAIS 2025 - MTE,2025,2026-09-29
141105,1969.88,27599.44,OCUPACAO,1546,RAIS 2025 - MTE,2025,2026-09-29
141110,2242.44,33054.10,OCUPACAO,1876,RAIS 2025 - MTE,2025,2026-09-29
141115,2000.00,21632.23,OCUPACAO,16868,RAIS 2025 - MTE,2025,2026-09-29
141120,1912.73,12914.40,OCUPACAO,263,RAIS 2025 - MTE,2025,2026-09-29
141205,2041.76,33317.00,OCUPACAO,91322,RAIS 2025 - MTE,2025,2026-09-29
141305,2396.81,31202.12,OCUPACAO,13439,RAIS 2025 - MTE,2025,2026-09-29
141405,1400.65,5990.57,OCUPACAO,8442,RAIS 2025 - MTE,2025,2026-09-29
141410,1518.00,6912.62,OCUPACAO,32218,RAIS 2025 - MTE,2025,2026-09-29
141415,1849.48,12050.74,OCUPACAO,180355,RAIS 2025 - MTE,2025,2026-09-29
141420,2083.19,26024.64,OCUPACAO,12764,RAIS 2025 - MTE,2025,2026-09-29
141505,1864.17,17134.84,OCUPACAO,7188,RAIS 2025 - MTE,2025,2026-09-29
141510,1790.66,8202.56,OCUPACAO,55405,RAIS 2025 - MTE,2025,2026-09-29
141515,1676.60,6892.45,OCUPACAO,12406,RAIS 2025 - MTE,2025,2026-09-29
141520,1828.00,7768.20,OCUPACAO,221,RAIS 2025 - MTE,2025,2026-09-29
141525,2011.26,22195.87,OCUPACAO,890,RAIS 2025 - MTE,2025,2026-09-29
141605,2266.91,25299.77,OCUPACAO,15199,RAIS 2025 - MTE,2025,2026-09-29
141610,2652.24,26989.91,OCUPACAO,2193,RAIS 2025 - MTE,2025,2026-09-29
141615,2140.00,28500.00,OCUPACAO,33014,RAIS 2025 - MTE,2025,2026-09-29
141705,4584.72,52041.73,OCUPACAO,8312,RAIS 2025 - MTE,2025,2026-09-29
141710,5681.01,27590.68,OCUPACAO,17327,RAIS 2025 - MTE,2025,2026-09-29
141715,4000.00,35115.51,OCUPACAO,1033,RAIS 2025 - MTE,2025,2026-09-29
141720,1901.21,40412.83,OCUPACAO,3909,RAIS 2025 - MTE,2025,2026-09-29
141725,2287.08,30443.93,OCUPACAO,569,RAIS 2025 - MTE,2025,2026-09-29
141730,2875.90,35027.76,OCUPACAO,250,RAIS 2025 - MTE,2025,2026-09-29
141735,3327.21,31067.35,OCUPACAO,617,RAIS 2025 - MTE,2025,2026-09-29
141805,3153.89,24974.98,OCUPACAO,147,RAIS 2025 - MTE,2025,2026-09-29
141810,2100.62,27911.57,OCUPACAO,407,RAIS 2025 - MTE,2025,2026-09-29
141815,2786.81,33074.94,OCUPACAO,70,RAIS 2025 - MTE,2025,2026-09-29
141820,2017.77,25125.75,OCUPACAO,297,RAIS 2025 - MTE,2025,2026-09-29
141825,2205.55,28617.15,FAMILIA,1046,RAIS 2025 - MTE,2025,2026-09-29
141830,2505.64,56224.95,OCUPACAO,97,RAIS 2025 - MTE,2025,2026-09-29
142105,1800.00,27000.00,OCUPACAO,318071,RAIS 2025 - MTE,2025,2026-09-29
142110,3420.06,45464.73,OCUPACAO,6970,RAIS 2025 - MTE,2025,2026-09-29
142115,2139.50,34531.82,OCUPACAO,52214,RAIS 2025 - MTE,2025,2026-09-29
142120,2917.98,18224.77,OCUPACAO,5256,RAIS 2025 - MTE,2025,2026-09-29
142125,2500.00,16990.52,OCUPACAO,9742,RAIS 2025 - MTE,2025,2026-09-29
142130,2392.36,17629.08,OCUPACAO,9838,RAIS 2025 - MTE,2025,2026-09-29
142135,2488.39,25462.05,OCUPACAO,396,RAIS 2025 - MTE,2025,2026-09-29
142140,2944.74,28119.08,OCUPACAO,1290,RAIS 2025 - MTE,2025,2026-09-29
142205,2706.56,33613.89,OCUPACAO,37346,RAIS 2025 - MTE,2025,2026-09-29
142210,2115.44,16959.51,OCUPACAO,17930,RAIS 2025 - MTE,2025,2026-09-29
142305,1850.00,30428.33,OCUPACAO,164227,RAIS 2025 - MTE,2025,2026-09-29
142310,2476.28,40612.26,OCUPACAO,8510,RAIS 2025 - MTE,2025,2026-09-29
142315,2104.00,39441.03,OCUPACAO,36826,RAIS 2025 - MTE,2025,2026-09-29
142320,1976.00,38180.18,OCUPACAO,124743,RAIS 2025 - MTE,2025,2026-09-29
142325,2063.93,23076.30,OCUPACAO,7831,RAIS 2025 - MTE,2025,2026-09-29
142330,2351.06,19155.87,OCUPACAO,164209,RAIS 2025 - MTE,2025,2026-09-29
142335,2100.00,15373.18,OCUPACAO,91675,RAIS 2025 - MTE,2025,2026-09-29
142340,1645.16,16194.68,OCUPACAO,3144,RAIS 2025 - MTE,2025,2026-09-29
142345,3391.45,33098.89,OCUPACAO,3468,RAIS 2025 - MTE,2025,2026-09-29
142350,3273.43,39021.79,OCUPACAO,544,RAIS 2025 - MTE,2025,2026-09-29
142355,1720.35,9324.22,OCUPACAO,5665,RAIS 2025 - MTE,2025,2026-09-29
142405,2275.56,31540.62,OCUPACAO,18673,RAIS 2025 - MTE,2025,2026-09-29
142410,2599.85,36600.00,OCUPACAO,8420,RAIS 2025 - MTE,2025,2026-09-29
142415,1760.40,16000.10,OCUPACAO,4545,RAIS 2025 - MTE,2025,2026-09-29
142505,2939.97,36651.41,OCUPACAO,8390,RAIS 2025 - MTE,2025,2026-09-29
142510,5972.00,41874.07,OCUPACAO,19924,RAIS 2025 - MTE,2025,2026-09-29
142515,3710.54,37753.13,OCUPACAO,8119,RAIS 2025 - MTE,2025,2026-09-29
142520,4476.90,36698.20,OCUPACAO,28590,RAIS 2025 - MTE,2025,2026-09-29
142525,5047.76,44119.95,OCUPACAO,2191,RAIS 2025 - MTE,2025,2026-09-29
142530,2726.03,32337.08,OCUPACAO,11287,RAIS 2025 - MTE,2025,2026-09-29
142535,2293.46,27601.96,OCUPACAO,4988,RAIS 2025 - MTE,2025,2026-09-29
142605,4966.88,43681.88,OCUPACAO,23748,RAIS 2025 - MTE,2025,2026-09-29
142610,7690.07,37271.71,OCUPACAO,32,RAIS 2025 - MTE,2025,2026-09-29
142705,2800.00,33349.91,OCUPACAO,34224,RAIS 2025 - MTE,2025,2026-09-29
142710,2652.93,14787.31,OCUPACAO,210,RAIS 2025 - MTE,2025,2026-09-29
201105,2756.25,24270.39,OCUPACAO,78,RAIS 2025 - MTE,2025,2026-09-29
201110,2672.94,19475.42,OCUPACAO,620,RAIS 2025 - MTE,2025,2026-09-29
201115,5062.86,28601.25,OCUPACAO,37,RAIS 2025 - MTE,2025,2026-09-29
201205,1529.22,15061.63,OCUPACAO,91,RAIS 2025 - MTE,2025,2026-09-29
201210,2136.72,17141.79,OCUPACAO,362,RAIS 2025 - MTE,2025,2026-09-29
201215,2200.91,14342.58,OCUPACAO,374,RAIS 2025 - MTE,2025,2026-09-29
201220,3108.74,20247.60,OCUPACAO,153,RAIS 2025 - MTE,2025,2026-09-29
201225,1760.77,11188.20,OCUPACAO,43,RAIS 2025 - MTE,2025,2026-09-29
202105,3963.60,29711.99,OCUPACAO,530,RAIS 2025 - MTE,2025,2026-09-29
202110,5654.47,30789.41,OCUPACAO,3318,RAIS 2025 - MTE,2025,2026-09-29
202115,2625.19,13620.63,OCUPACAO,175,RAIS 2025 - MTE,2025,2026-09-29
202120,2404.21,16354.38,OCUPACAO,1810,RAIS 2025 - MTE,2025,2026-09-29
203005,2974.86,37541.98,OCUPACAO,491,RAIS 2025 - MTE,2025,2026-09-29
203010,1518.00,20770.36,OCUPACAO,119,RAIS 2025 - MTE,2025,2026-09-29
203015,2778.95,27280.32,OCUPACAO,342,RAIS 2025 - MTE,2025,2026-09-29
203020,2932.80,31240.23,OCUPACAO,537,RAIS 2025 - MTE,2025,2026-09-29
203025,2617.75,27820.97,OCUPACAO,82,RAIS 2025 - MTE,2025,2026-09-29
203105,4360.81,26771.89,OCUPACAO,2922,RAIS 2025 - MTE,2025,2026-09-29
203110,3266.28,22671.29,OCUPACAO,512,RAIS 2025 - MTE,2025,2026-09-29
203115,3113.58,25882.65,OCUPACAO,56,RAIS 2025 - MTE,2025,2026-09-29
203120,3348.76,51559.01,OCUPACAO,52,RAIS 2025 - MTE,2025,2026-09-29
203125,4228.39,20400.00,OCUPACAO,1297,RAIS 2025 - MTE,2025,2026-09-29
203205,4706.81,24887.04,OCUPACAO,1009,RAIS 2025 - MTE,2025,2026-09-29
203210,5543.34,34240.10,OCUPACAO,12050,RAIS 2025 - MTE,2025,2026-09-29
203215,3829.91,25144.90,OCUPACAO,1438,RAIS 2025 - MTE,2025,2026-09-29
203220,5402.20,22258.59,OCUPACAO,2222,RAIS 2025 - MTE,2025,2026-09-29
203225,3531.09,31213.88,OCUPACAO,412,RAIS 2025 - MTE,2025,2026-09-29
203230,4769.48,32217.80,OCUPACAO,500,RAIS 2025 - MTE,2025,2026-09-29
203305,3500.00,26927.48,OCUPACAO,2996,RAIS 2025 - MTE,2025,2026-09-29
203310,5028.82,26509.36,OCUPACAO,179,RAIS 2025 - MTE,2025,2026-09-29
203315,3171.09,20146.68,OCUPACAO,145,RAIS 2025 - MTE,2025,2026-09-29
203320,4593.33,28362.72,OCUPACAO,1586,RAIS 2025 - MTE,2025,2026-09-29
203405,3932.06,47911.73,OCUPACAO,4316,RAIS 2025 - MTE,2025,2026-09-29
203410,3798.53,46366.19,FAMILIA,4499,RAIS 2025 - MTE,2025,2026-09-29
203415,3980.41,25219.28,OCUPACAO,60,RAIS 2025 - MTE,2025,2026-09-29
203420,1780.64,21664.49,OCUPACAO,107,RAIS 2025 - MTE,2025,2026-09-29
203505,3654.19,24358.42,OCUPACAO,1425,RAIS 2025 - MTE,2025,2026-09-29
203510,2346.24,46858.64,OCUPACAO,97,RAIS 2025 - MTE,2025,2026-09-29
203515,3932.31,21358.63,OCUPACAO,339,RAIS 2025 - MTE,2025,2026-09-29
203520,2343.34,11805.58,OCUPACAO,168,RAIS 2025 - MTE,2025,2026-09-29
203525,2803.38,11455.53,OCUPACAO,76,RAIS 2025 - MTE,2025,2026-09-29
204105,,,SEM_DADOS,0,RAIS 2025 - MTE,2025,2026-09-29
204110,,,SEM_DADOS,0,RAIS 2025 - MTE,2025,2026-09-29
211105,3554.63,26179.01,OCUPACAO,1189,RAIS 2025 - MTE,2025,2026-09-29
211110,2011.68,22516.04,OCUPACAO,2970,RAIS 2025 - MTE,2025,2026-09-29
211115,2438.07,27456.85,FAMILIA,6040,RAIS 2025 - MTE,2025,2026-09-29
211120,7437.95,30827.68,OCUPACAO,1858,RAIS 2025 - MTE,2025,2026-09-29
211205,3127.04,28369.64,OCUPACAO,3462,RAIS 2025 - MTE,2025,2026-09-29
211210,2502.22,24651.72,OCUPACAO,335,RAIS 2025 - MTE,2025,2026-09-29
211215,3136.89,15508.89,OCUPACAO,118,RAIS 2025 - MTE,2025,2026-09-29
211220,3227.77,25303.92,OCUPACAO,2805,RAIS 2025 - MTE,2025,2026-09-29
212205,4622.10,61980.76,OCUPACAO,11825,RAIS 2025 - MTE,2025,2026-09-29
212210,4583.33,38985.48,OCUPACAO,811,RAIS 2025 - MTE,2025,2026-09-29
212215,4500.00,46908.11,OCUPACAO,12398,RAIS 2025 - MTE,2025,2026-09-29
212305,2778.02,24681.64,OCUPACAO,9134,RAIS 2025 - MTE,2025,2026-09-29
212310,2202.50,21637.32,OCUPACAO,6490,RAIS 2025 - MTE,2025,2026-09-29
212315,2383.67,24979.33,OCUPACAO,9786,RAIS 2025 - MTE,2025,2026-09-29
212320,3002.49,27000.00,OCUPACAO,14584,RAIS 2025 - MTE,2025,2026-09-29
212405,2862.57,24454.15,OCUPACAO,274424,RAIS 2025 - MTE,2025,2026-09-29
212410,2138.27,18480.53,OCUPACAO,49218,RAIS 2025 - MTE,2025,2026-09-29
212415,2262.70,18085.27,OCUPACAO,10610,RAIS 2025 - MTE,2025,2026-09-29
212420,1905.68,15931.79,OCUPACAO,105102,RAIS 2025 - MTE,2025,2026-09-29
212425,5047.02,37430.52,OCUPACAO,6832,RAIS 2025 - MTE,2025,2026-09-29
212430,2526.93,14945.44,OCUPACAO,13378,RAIS 2025 - MTE,2025,2026-09-29
213105,4804.68,49124.41,OCUPACAO,369,RAIS 2025 - MTE,2025,2026-09-29
213110,3395.63,45162.39,FAMILIA,717,RAIS 2025 - MTE,2025,2026-09-29
213115,3395.63,45162.39,FAMILIA,717,RAIS 2025 - MTE,2025,2026-09-29
213120,3395.63,45162.39,FAMILIA,717,RAIS 2025 - MTE,2025,2026-09-29
213125,3395.63,45162.39,FAMILIA,717,RAIS 2025 - MTE,2025,2026-09-29
213130,3395.63,45162.39,FAMILIA,717,RAIS 2025 - MTE,2025,2026-09-29
213135,3395.63,45162.39,FAMILIA,717,RAIS 2025 - MTE,2025,2026-09-29
213140,3395.63,45162.39,FAMILIA,717,RAIS 2025 - MTE,2025,2026-09-29
213145,3395.63,45162.39,FAMILIA,717,RAIS 2025 - MTE,2025,2026-09-29
213150,3318.75,33236.70,OCUPACAO,194,RAIS 2025 - MTE,2025,2026-09-29
213155,4006.22,29599.79,OCUPACAO,119,RAIS 2025 - MTE,2025,2026-09-29
213160,3395.63,45162.39,FAMILIA,717,RAIS 2025 - MTE,2025,2026-09-29
213165,3395.63,45162.39,FAMILIA,717,RAIS 2025 - MTE,2025,2026-09-29
213170,3395.63,45162.39,FAMILIA,717,RAIS 2025 - MTE,2025,2026-09-29
213175,3395.63,45162.39,FAMILIA,717,RAIS 2025 - MTE,2025,2026-09-29
213205,2599.40,28566.98,OCUPACAO,3818,RAIS 2025 - MTE,2025,2026-09-29
213210,3060.71,46207.06,OCUPACAO,1473,RAIS 2025 - MTE,2025,2026-09-29
213215,2441.56,16425.46,OCUPACAO,411,RAIS 2025 - MTE,2025,2026-09-29
213305,2290.60,23619.64,FAMILIA,254,RAIS 2025 - MTE,2025,2026-09-29
213310,2290.60,23619.64,FAMILIA,254,RAIS 2025 - MTE,2025,2026-09-29
213315,3107.90,23974.16,OCUPACAO,237,RAIS 2025 - MTE,2025,2026-09-29
213405,6499.35,51295.13,OCUPACAO,3609,RAIS 2025 - MTE,2025,2026-09-29
213410,4596.84,29662.68,OCUPACAO,238,RAIS 2025 - MTE,2025,2026-09-29
213415,8593.63,59430.94,OCUPACAO,825,RAIS 2025 - MTE,2025,2026-09-29
213420,5616.55,52242.94,FAMILIA,4985,RAIS 2025 - MTE,2025,2026-09-29
213425,2930.50,25382.54,OCUPACAO,71,RAIS 2025 - MTE,2025,2026-09-29
213430,5616.55,52242.94,FAMILIA,4985,RAIS 2025 - MTE,2025,2026-09-29
213435,2845.24,34212.48,OCUPACAO,52,RAIS 2025 - MTE,2025,2026-09-29
213440,3275.16,41478.17,OCUPACAO,162,RAIS 2025 - MTE,2025,2026-09-29
214005,3583.69,35304.23,OCUPACAO,3701,RAIS 2025 - MTE,2025,2026-09-29
214010,2497.85,19151.48,OCUPACAO,2786,RAIS 2025 - MTE,2025,2026-09-29
214105,2876.22,36457.22,OCUPACAO,6755,RAIS 2025 - MTE,2025,2026-09-29
214110,1872.00,18863.12,OCUPACAO,946,RAIS 2025 - MTE,2025,2026-09-29
214115,2465.26,20352.23,OCUPACAO,271,RAIS 2025 - MTE,2025,2026-09-29
214120,1806.39,14039.94,OCUPACAO,630,RAIS 2025 - MTE,2025,2026-09-29
214125,2500.00,22997.54,OCUPACAO,2085,RAIS 2025 - MTE,2025,2026-09-29
214130,1800.00,22811.98,OCUPACAO,106,RAIS 2025 - MTE,2025,2026-09-29
214205,3370.44,33614.91,OCUPACAO,40318,RAIS 2025 - MTE,2025,2026-09-29
214210,5534.41,33948.01,OCUPACAO,353,RAIS 2025 - MTE,2025,2026-09-29
214215,3038.64,21910.60,OCUPACAO,2894,RAIS 2025 - MTE,2025,2026-09-29
214220,3003.61,26781.04,OCUPACAO,343,RAIS 2025 - MTE,2025,2026-09-29
214225,5351.37,29029.29,OCUPACAO,165,RAIS 2025 - MTE,2025,2026-09-29
214230,7339.54,37042.45,OCUPACAO,755,RAIS 2025 - MTE,2025,2026-09-29
214235,8439.39,30581.32,OCUPACAO,208,RAIS 2025 - MTE,2025,2026-09-29
214240,2832.42,37053.14,OCUPACAO,106,RAIS 2025 - MTE,2025,2026-09-29
214245,5663.88,23518.00,OCUPACAO,89,RAIS 2025 - MTE,2025,2026-09-29
214250,7669.99,32104.20,OCUPACAO,44,RAIS 2025 - MTE,2025,2026-09-29
214255,4191.23,20477.50,OCUPACAO,1128,RAIS 2025 - MTE,2025,2026-09-29
214260,7027.31,35036.28,OCUPACAO,1302,RAIS 2025 - MTE,2025,2026-09-29
214265,3290.21,32569.62,FAMILIA,50582,RAIS 2025 - MTE,2025,2026-09-29
214270,2863.83,28072.68,OCUPACAO,1782,RAIS 2025 - MTE,2025,2026-09-29
214280,2417.24,20158.05,OCUPACAO,1088,RAIS 2025 - MTE,2025,2026-09-29
214305,5524.21,39989.20,OCUPACAO,15330,RAIS 2025 - MTE,2025,2026-09-29
214310,6213.64,51829.05,OCUPACAO,2492,RAIS 2025 - MTE,2025,2026-09-29
214315,4560.19,31257.65,OCUPACAO,2295,RAIS 2025 - MTE,2025,2026-09-29
214320,4000.00,28399.76,OCUPACAO,1978,RAIS 2025 - MTE,2025,2026-09-29
214325,4062.17,47710.88,OCUPACAO,632,RAIS 2025 - MTE,2025,2026-09-29
214330,4703.57,33991.51,OCUPACAO,821,RAIS 2025 - MTE,2025,2026-09-29
214335,5506.77,34074.12,OCUPACAO,390,RAIS 2025 - MTE,2025,2026-09-29
214340,7132.31,41340.71,OCUPACAO,1873,RAIS 2025 - MTE,2025,2026-09-29
214345,2504.91,25956.68,OCUPACAO,242,RAIS 2025 - MTE,2025,2026-09-29
214350,5265.24,44424.16,OCUPACAO,451,RAIS 2025 - MTE,2025,2026-09-29
214360,1626.47,16926.64,OCUPACAO,263,RAIS 2025 - MTE,2025,2026-09-29
214365,1529.64,15829.07,OCUPACAO,964,RAIS 2025 - MTE,2025,2026-09-29
214370,1701.85,20913.04,OCUPACAO,1136,RAIS 2025 - MTE,2025,2026-09-29
214375,7292.00,24129.41,OCUPACAO,725,RAIS 2025 - MTE,2025,2026-09-29
214380,4269.92,29465.37,OCUPACAO,233,RAIS 2025 - MTE,2025,2026-09-29
214405,5000.00,32128.15,OCUPACAO,15157,RAIS 2025 - MTE,2025,2026-09-29
214410,5930.34,23813.80,OCUPACAO,3598,RAIS 2025 - MTE,2025,2026-09-29
214415,10033.92,44916.33,OCUPACAO,67,RAIS 2025 - MTE,2025,2026-09-29
214420,6328.83,62708.60,OCUPACAO,5758,RAIS 2025 - MTE,2025,2026-09-29
214425,11293.70,33992.81,OCUPACAO,4273,RAIS 2025 - MTE,2025,2026-09-29
214430,9893.25,59877.67,OCUPACAO,1080,RAIS 2025 - MTE,2025,2026-09-29
214435,3000.00,18978.34,OCUPACAO,664,RAIS 2025 - MTE,2025,2026-09-29
214505,6141.81,59568.23,OCUPACAO,4012,RAIS 2025 - MTE,2025,2026-09-29
214510,4280.48,31380.02,OCUPACAO,691,RAIS 2025 - MTE,2025,2026-09-29
214515,7222.94,26344.66,OCUPACAO,108,RAIS 2025 - MTE,2025,2026-09-29
214520,5345.31,32787.20,OCUPACAO,84,RAIS 2025 - MTE,2025,2026-09-29
214525,12967.52,75571.03,OCUPACAO,3092,RAIS 2025 - MTE,2025,2026-09-29
214530,6507.14,31460.42,OCUPACAO,211,RAIS 2025 - MTE,2025,2026-09-29
214535,3945.11,13642.25,OCUPACAO,105,RAIS 2025 - MTE,2025,2026-09-29
214540,6590.03,65160.63,FAMILIA,8314,RAIS 2025 - MTE,2025,2026-09-29
214605,5478.96,49544.03,OCUPACAO,944,RAIS 2025 - MTE,2025,2026-09-29
214610,6497.20,51447.30,OCUPACAO,1621,RAIS 2025 - MTE,2025,2026-09-29
214615,2658.67,23826.15,OCUPACAO,432,RAIS 2025 - MTE,2025,2026-09-29
214705,10817.10,27007.68,OCUPACAO,4640,RAIS 2025 - MTE,2025,2026-09-29
214710,7390.15,32482.52,OCUPACAO,30,RAIS 2025 - MTE,2025,2026-09-29
214715,10905.11,31323.47,OCUPACAO,86,RAIS 2025 - MTE,2025,2026-09-29
214720,10007.20,29583.97,FAMILIA,5958,RAIS 2025 - MTE,2025,2026-09-29
214725,11921.20,37121.50,OCUPACAO,171,RAIS 2025 - MTE,2025,2026-09-29
214730,8919.58,25244.12,OCUPACAO,354,RAIS 2025 - MTE,2025,2026-09-29
214735,6533.58,25500.08,OCUPACAO,104,RAIS 2025 - MTE,2025,2026-09-29
214740,8318.66,35924.02,OCUPACAO,362,RAIS 2025 - MTE,2025,2026-09-29
214745,5071.77,58157.65,OCUPACAO,189,RAIS 2025 - MTE,2025,2026-09-29
214750,10007.20,29583.97,FAMILIA,5958,RAIS 2025 - MTE,2025,2026-09-29
214805,2805.07,27989.46,OCUPACAO,307,RAIS 2025 - MTE,2025,2026-09-29
214810,2825.97,35799.77,OCUPACAO,281,RAIS 2025 - MTE,2025,2026-09-29
214905,5546.22,32002.18,OCUPACAO,25753,RAIS 2025 - MTE,2025,2026-09-29
214910,4549.88,27715.69,OCUPACAO,9925,RAIS 2025 - MTE,2025,2026-09-29
214915,4342.27,32132.39,OCUPACAO,11349,RAIS 2025 - MTE,2025,2026-09-29
214920,8220.77,42629.59,OCUPACAO,502,RAIS 2025 - MTE,2025,2026-09-29
214925,2467.54,20848.05,OCUPACAO,854,RAIS 2025 - MTE,2025,2026-09-29
214930,2149.72,20207.75,OCUPACAO,1476,RAIS 2025 - MTE,2025,2026-09-29
214935,1879.22,15954.52,OCUPACAO,1221,RAIS 2025 - MTE,2025,2026-09-29
214940,1824.41,10937.84,OCUPACAO,435,RAIS 2025 - MTE,2025,2026-09-29
214945,4015.70,21640.18,OCUPACAO,134,RAIS 2025 - MTE,2025,2026-09-29
215105,1670.00,47003.99,OCUPACAO,649,RAIS 2025 - MTE,2025,2026-09-29
215110,7065.20,71089.88,OCUPACAO,165,RAIS 2025 - MTE,2025,2026-09-29
215115,5568.89,82214.52,OCUPACAO,1651,RAIS 2025 - MTE,2025,2026-09-29
215120,2044.64,16429.21,OCUPACAO,310,RAIS 2025 - MTE,2025,2026-09-29
215125,7438.51,76527.06,OCUPACAO,1131,RAIS 2025 - MTE,2025,2026-09-29
215130,1978.93,15146.53,OCUPACAO,285,RAIS 2025 - MTE,2025,2026-09-29
215135,1807.88,37593.77,OCUPACAO,195,RAIS 2025 - MTE,2025,2026-09-29
215140,14269.46,57250.28,OCUPACAO,2798,RAIS 2025 - MTE,2025,2026-09-29
215145,3137.94,14092.20,OCUPACAO,32,RAIS 2025 - MTE,2025,2026-09-29
215150,1708.30,38653.52,OCUPACAO,424,RAIS 2025 - MTE,2025,2026-09-29
215205,11528.89,86238.54,OCUPACAO,1103,RAIS 2025 - MTE,2025,2026-09-29
215210,18568.15,74788.65,OCUPACAO,912,RAIS 2025 - MTE,2025,2026-09-29
215215,11263.41,50938.15,OCUPACAO,1262,RAIS 2025 - MTE,2025,2026-09-29
215220,1710.98,90725.79,OCUPACAO,156,RAIS 2025 - MTE,2025,2026-09-29
215305,4189.00,62145.71,OCUPACAO,10320,RAIS 2025 - MTE,2025,2026-09-29
215310,2734.73,50976.53,OCUPACAO,75,RAIS 2025 - MTE,2025,2026-09-29
215315,1167.51,47189.23,OCUPACAO,207,RAIS 2025 - MTE,2025,2026-09-29
221105,2502.52,18550.73,OCUPACAO,6915,RAIS 2025 - MTE,2025,2026-09-29
221205,2203.82,9041.87,OCUPACAO,25000,RAIS 2025 - MTE,2025,2026-09-29
222105,2826.23,35847.70,OCUPACAO,547,RAIS 2025 - MTE,2025,2026-09-29
222110,3200.00,30241.42,OCUPACAO,13685,RAIS 2025 - MTE,2025,2026-09-29
222115,2223.90,18981.47,OCUPACAO,115,RAIS 2025 - MTE,2025,2026-09-29
222120,2953.89,24444.18,OCUPACAO,1223,RAIS 2025 - MTE,2025,2026-09-29
222125,2891.54,24222.70,OCUPACAO,391,RAIS 2025 - MTE,2025,2026-09-29
222205,2692.97,21951.13,OCUPACAO,486,RAIS 2025 - MTE,2025,2026-09-29
222215,1629.55,20376.02,OCUPACAO,402,RAIS 2025 - MTE,2025,2026-09-29
223204,4326.88,18493.08,OCUPACAO,357,RAIS 2025 - MTE,2025,2026-09-29
223208,2424.47,17970.67,OCUPACAO,7328,RAIS 2025 - MTE,2025,2026-09-29
223212,1903.63,13184.19,OCUPACAO,81,RAIS 2025 - MTE,2025,2026-09-29
223216,2389.56,17607.80,FAMILIA,9920,RAIS 2025 - MTE,2025,2026-09-29
223220,2389.56,17607.80,FAMILIA,9920,RAIS 2025 - MTE,2025,2026-09-29
223224,2389.56,17607.80,FAMILIA,9920,RAIS 2025 - MTE,2025,2026-09-29
223228,2389.56,17607.80,FAMILIA,9920,RAIS 2025 - MTE,2025,2026-09-29
223232,2002.70,8256.21,OCUPACAO,96,RAIS 2025 - MTE,2025,2026-09-29
223236,2389.56,17607.80,FAMILIA,9920,RAIS 2025 - MTE,2025,2026-09-29
223240,2014.83,17513.75,OCUPACAO,139,RAIS 2025 - MTE,2025,2026-09-29
223244,2389.56,17607.80,FAMILIA,9920,RAIS 2025 - MTE,2025,2026-09-29
223248,2389.56,17607.80,FAMILIA,9920,RAIS 2025 - MTE,2025,2026-09-29
223252,2389.56,17607.80,FAMILIA,9920,RAIS 2025 - MTE,2025,2026-09-29
223256,1545.75,14015.69,OCUPACAO,56,RAIS 2025 - MTE,2025,2026-09-29
223260,2678.71,10284.91,OCUPACAO,32,RAIS 2025 - MTE,2025,2026-09-29
223264,2389.56,17607.80,FAMILIA,9920,RAIS 2025 - MTE,2025,2026-09-29
223268,2856.93,24176.15,OCUPACAO,189,RAIS 2025 - MTE,2025,2026-09-29
223272,3511.19,21077.71,OCUPACAO,269,RAIS 2025 - MTE,2025,2026-09-29
223276,2389.56,17607.80,FAMILIA,9920,RAIS 2025 - MTE,2025,2026-09-29
223280,1744.24,12970.12,OCUPACAO,165,RAIS 2025 - MTE,2025,2026-09-29
223284,2389.56,17607.80,FAMILIA,9920,RAIS 2025 - MTE,2025,2026-09-29
223288,2022.51,9419.30,OCUPACAO,228,RAIS 2025 - MTE,2025,2026-09-29
223293,5397.51,16644.28,OCUPACAO,863,RAIS 2025 - MTE,2025,2026-09-29
223305,2000.00,20393.08,OCUPACAO,10157,RAIS 2025 - MTE,2025,2026-09-29
223310,2201.13,22498.82,OCUPACAO,1363,RAIS 2025 - MTE,2025,2026-09-29
223405,2696.79,9803.50,OCUPACAO,135006,RAIS 2025 - MTE,2025,2026-09-29
223415,2531.30,14007.02,OCUPACAO,3748,RAIS 2025 - MTE,2025,2026-09-29
223420,2649.50,14851.11,OCUPACAO,60,RAIS 2025 - MTE,2025,2026-09-29
223425,3326.92,12742.49,OCUPACAO,78,RAIS 2025 - MTE,2025,2026-09-29
223430,3497.64,24808.47,OCUPACAO,418,RAIS 2025 - MTE,2025,2026-09-29
223435,4532.83,20672.65,OCUPACAO,5258,RAIS 2025 - MTE,2025,2026-09-29
223440,1657.62,29515.95,OCUPACAO,39,RAIS 2025 - MTE,2025,2026-09-29
223445,3091.34,10111.02,OCUPACAO,4101,RAIS 2025 - MTE,2025,2026-09-29
223505,3131.61,12656.39,OCUPACAO,250079,RAIS 2025 - MTE,2025,2026-09-29
223510,3682.09,12042.78,OCUPACAO,7326,RAIS 2025 - MTE,2025,2026-09-29
223515,4970.63,27996.62,OCUPACAO,179,RAIS 2025 - MTE,2025,2026-09-29
223520,2857.68,14376.35,OCUPACAO,858,RAIS 2025 - MTE,2025,2026-09-29
223525,3366.71,19285.74,OCUPACAO,2693,RAIS 2025 - MTE,2025,2026-09-29
223530,3347.82,14793.95,OCUPACAO,4847,RAIS 2025 - MTE,2025,2026-09-29
223535,3495.47,12862.24,OCUPACAO,1285,RAIS 2025 - MTE,2025,2026-09-29
223540,3396.78,19908.15,OCUPACAO,453,RAIS 2025 - MTE,2025,2026-09-29
223545,3722.94,16591.99,OCUPACAO,3803,RAIS 2025 - MTE,2025,2026-09-29
223550,2958.49,13159.96,OCUPACAO,293,RAIS 2025 - MTE,2025,2026-09-29
223555,3998.14,10846.18,OCUPACAO,292,RAIS 2025 - MTE,2025,2026-09-29
223560,4127.66,17321.07,OCUPACAO,457,RAIS 2025 - MTE,2025,2026-09-29
223565,4634.56,15533.35,OCUPACAO,3770,RAIS 2025 - MTE,2025,2026-09-29
223570,2911.98,21897.07,OCUPACAO,301,RAIS 2025 - MTE,2025,2026-09-29
223575,3164.36,13199.40,FAMILIA,276696,RAIS 2025 - MTE,2025,2026-09-29
223580,3183.89,13401.08,OCUPACAO,55,RAIS 2025 - MTE,2025,2026-09-29
223585,3164.36,13199.40,FAMILIA,276696,RAIS 2025 - MTE,2025,2026-09-29
223605,2082.99,9896.62,OCUPACAO,41640,RAIS 2025 - MTE,2025,2026-09-29
223625,2883.16,12642.73,OCUPACAO,594,RAIS 2025 - MTE,2025,2026-09-29
223630,1720.68,8261.76,OCUPACAO,113,RAIS 2025 - MTE,2025,2026-09-29
223635,1518.00,4890.02,OCUPACAO,159,RAIS 2025 - MTE,2025,2026-09-29
223640,2060.00,9948.47,FAMILIA,43273,RAIS 2025 - MTE,2025,2026-09-29
223645,2060.00,9948.47,FAMILIA,43273,RAIS 2025 - MTE,2025,2026-09-29
223650,2060.00,9948.47,FAMILIA,43273,RAIS 2025 - MTE,2025,2026-09-29
223655,1457.74,20255.03,OCUPACAO,274,RAIS 2025 - MTE,2025,2026-09-29
223660,1679.21,10419.12,OCUPACAO,453,RAIS 2025 - MTE,2025,2026-09-29
223705,1393.77,4377.31,OCUPACAO,1967,RAIS 2025 - MTE,2025,2026-09-29
223710,2268.18,9476.91,OCUPACAO,37510,RAIS 2025 - MTE,2025,2026-09-29
223810,2419.07,12379.82,OCUPACAO,7765,RAIS 2025 - MTE,2025,2026-09-29
223815,1520.10,9888.78,OCUPACAO,82,RAIS 2025 - MTE,2025,2026-09-29
223820,2920.23,15609.20,OCUPACAO,251,RAIS 2025 - MTE,2025,2026-09-29
223825,2417.20,12427.73,FAMILIA,8182,RAIS 2025 - MTE,2025,2026-09-29
223830,2417.20,12427.73,FAMILIA,8182,RAIS 2025 - MTE,2025,2026-09-29
223835,2417.20,12427.73,FAMILIA,8182,RAIS 2025 - MTE,2025,2026-09-29
223840,2396.47,6839.09,OCUPACAO,44,RAIS 2025 - MTE,2025,2026-09-29
223845,2417.20,12427.73,FAMILIA,8182,RAIS 2025 - MTE,2025,2026-09-29
223905,1843.59,10660.68,OCUPACAO,3863,RAIS 2025 - MTE,2025,2026-09-29
223910,2289.29,13658.15,OCUPACAO,32,RAIS 2025 - MTE,2025,2026-09-29
223915,1981.79,7112.00,OCUPACAO,323,RAIS 2025 - MTE,2025,2026-09-29
224105,926.40,5341.27,OCUPACAO,10596,RAIS 2025 - MTE,2025,2026-09-29
224110,583.17,8997.00,OCUPACAO,531,RAIS 2025 - MTE,2025,2026-09-29
224115,967.21,12928.00,OCUPACAO,1217,RAIS 2025 - MTE,2025,2026-09-29
224120,794.21,6273.16,OCUPACAO,31549,RAIS 2025 - MTE,2025,2026-09-29
224125,1129.18,12448.15,OCUPACAO,6096,RAIS 2025 - MTE,2025,2026-09-29
224130,1394.90,10685.28,OCUPACAO,177,RAIS 2025 - MTE,2025,2026-09-29
224135,1500.00,25000.00,OCUPACAO,2140,RAIS 2025 - MTE,2025,2026-09-29
224140,822.71,7472.53,OCUPACAO,8007,RAIS 2025 - MTE,2025,2026-09-29
225103,6400.00,30331.49,OCUPACAO,161,RAIS 2025 - MTE,2025,2026-09-29
225105,1354.02,26910.26,OCUPACAO,51,RAIS 2025 - MTE,2025,2026-09-29
225106,4461.48,36907.88,FAMILIA,28254,RAIS 2025 - MTE,2025,2026-09-29
225109,3740.93,37987.04,OCUPACAO,174,RAIS 2025 - MTE,2025,2026-09-29
225110,1518.00,18068.30,OCUPACAO,55,RAIS 2025 - MTE,2025,2026-09-29
225112,2437.96,58687.47,OCUPACAO,195,RAIS 2025 - MTE,2025,2026-09-29
225115,4461.48,36907.88,FAMILIA,28254,RAIS 2025 - MTE,2025,2026-09-29
225118,4461.48,36907.88,FAMILIA,28254,RAIS 2025 - MTE,2025,2026-09-29
225120,2800.00,46366.19,OCUPACAO,341,RAIS 2025 - MTE,2025,2026-09-29
225121,7700.00,46326.19,OCUPACAO,145,RAIS 2025 - MTE,2025,2026-09-29
225122,4461.48,36907.88,FAMILIA,28254,RAIS 2025 - MTE,2025,2026-09-29
225124,4961.91,45778.96,OCUPACAO,1549,RAIS 2025 - MTE,2025,2026-09-29
225125,4788.69,37221.82,OCUPACAO,14013,RAIS 2025 - MTE,2025,2026-09-29
225127,3142.93,34386.88,OCUPACAO,34,RAIS 2025 - MTE,2025,2026-09-29
225130,14908.36,26447.44,OCUPACAO,1892,RAIS 2025 - MTE,2025,2026-09-29
225133,2908.40,38944.48,OCUPACAO,366,RAIS 2025 - MTE,2025,2026-09-29
225135,2304.45,23179.38,OCUPACAO,40,RAIS 2025 - MTE,2025,2026-09-29
225136,4461.48,36907.88,FAMILIA,28254,RAIS 2025 - MTE,2025,2026-09-29
225139,5888.59,31795.76,OCUPACAO,81,RAIS 2025 - MTE,2025,2026-09-29
225140,3239.43,34629.70,OCUPACAO,3786,RAIS 2025 - MTE,2025,2026-09-29
225142,14384.56,32418.43,OCUPACAO,2510,RAIS 2025 - MTE,2025,2026-09-29
225145,4461.48,36907.88,FAMILIA,28254,RAIS 2025 - MTE,2025,2026-09-29
225148,1088.91,27245.07,OCUPACAO,75,RAIS 2025 - MTE,2025,2026-09-29
225150,6115.53,37050.55,OCUPACAO,992,RAIS 2025 - MTE,2025,2026-09-29
225151,6884.99,58200.11,OCUPACAO,525,RAIS 2025 - MTE,2025,2026-09-29
225154,4461.48,36907.88,FAMILIA,28254,RAIS 2025 - MTE,2025,2026-09-29
225155,4420.63,35380.15,OCUPACAO,41,RAIS 2025 - MTE,2025,2026-09-29
225160,4461.48,36907.88,FAMILIA,28254,RAIS 2025 - MTE,2025,2026-09-29
225165,3230.56,38103.26,OCUPACAO,50,RAIS 2025 - MTE,2025,2026-09-29
225170,8419.47,33317.05,OCUPACAO,901,RAIS 2025 - MTE,2025,2026-09-29
225175,4461.48,36907.88,FAMILIA,28254,RAIS 2025 - MTE,2025,2026-09-29
225180,3127.65,37570.80,OCUPACAO,31,RAIS 2025 - MTE,2025,2026-09-29
225185,7114.07,48555.52,OCUPACAO,116,RAIS 2025 - MTE,2025,2026-09-29
225195,4461.48,36907.88,FAMILIA,28254,RAIS 2025 - MTE,2025,2026-09-29
225203,4905.73,44626.85,OCUPACAO,76,RAIS 2025 - MTE,2025,2026-09-29
225210,1518.00,77048.41,OCUPACAO,81,RAIS 2025 - MTE,2025,2026-09-29
225215,3014.32,46935.06,FAMILIA,2160,RAIS 2025 - MTE,2025,2026-09-29
225220,3014.32,46935.06,FAMILIA,2160,RAIS 2025 - MTE,2025,2026-09-29
225225,5333.04,42538.70,OCUPACAO,376,RAIS 2025 - MTE,2025,2026-09-29
225230,1518.00,46366.19,OCUPACAO,61,RAIS 2025 - MTE,2025,2026-09-29
225235,3396.97,58200.11,OCUPACAO,62,RAIS 2025 - MTE,2025,2026-09-29
225240,3014.32,46935.06,FAMILIA,2160,RAIS 2025 - MTE,2025,2026-09-29
225250,3829.57,36294.47,OCUPACAO,604,RAIS 2025 - MTE,2025,2026-09-29
225255,2352.17,26983.68,OCUPACAO,30,RAIS 2025 - MTE,2025,2026-09-29
225260,10823.51,63278.21,OCUPACAO,78,RAIS 2025 - MTE,2025,2026-09-29
225265,1518.00,24710.72,OCUPACAO,116,RAIS 2025 - MTE,2025,2026-09-29
225270,4085.04,62619.34,OCUPACAO,421,RAIS 2025 - MTE,2025,2026-09-29
225275,4886.20,35544.29,OCUPACAO,62,RAIS 2025 - MTE,2025,2026-09-29
225280,3014.32,46935.06,FAMILIA,2160,RAIS 2025 - MTE,2025,2026-09-29
225285,2682.11,60589.89,OCUPACAO,115,RAIS 2025 - MTE,2025,2026-09-29
225290,3014.32,46935.06,FAMILIA,2160,RAIS 2025 - MTE,2025,2026-09-29
225295,3014.32,46935.06,FAMILIA,2160,RAIS 2025 - MTE,2025,2026-09-29
225305,3083.02,72231.21,FAMILIA,703,RAIS 2025 - MTE,2025,2026-09-29
225310,3631.09,56201.63,OCUPACAO,47,RAIS 2025 - MTE,2025,2026-09-29
225315,3083.02,72231.21,FAMILIA,703,RAIS 2025 - MTE,2025,2026-09-29
225320,3608.31,81093.06,OCUPACAO,400,RAIS 2025 - MTE,2025,2026-09-29
225325,2556.99,53279.65,OCUPACAO,48,RAIS 2025 - MTE,2025,2026-09-29
225330,3083.02,72231.21,FAMILIA,703,RAIS 2025 - MTE,2025,2026-09-29
225335,1896.72,69330.13,OCUPACAO,89,RAIS 2025 - MTE,2025,2026-09-29
225340,10436.49,66211.50,OCUPACAO,36,RAIS 2025 - MTE,2025,2026-09-29
225345,3083.02,72231.21,FAMILIA,703,RAIS 2025 - MTE,2025,2026-09-29
225350,3083.02,72231.21,FAMILIA,703,RAIS 2025 - MTE,2025,2026-09-29
225355,3083.02,72231.21,FAMILIA,703,RAIS 2025 - MTE,2025,2026-09-29
226105,,,SEM_DADOS,0,RAIS 2025 - MTE,2025,2026-09-29
226110,,,SEM_DADOS,0,RAIS 2025 - MTE,2025,2026-09-29
226305,1716.68,7679.18,OCUPACAO,206,RAIS 2025 - MTE,2025,2026-09-29
226310,1620.73,5983.87,OCUPACAO,59,RAIS 2025 - MTE,2025,2026-09-29
226315,1518.00,6335.41,OCUPACAO,64,RAIS 2025 - MTE,2025,2026-09-29
226320,1629.64,7427.23,FAMILIA,334,RAIS 2025 - MTE,2025,2026-09-29
231105,1518.00,10275.46,OCUPACAO,32890,RAIS 2025 - MTE,2025,2026-09-29
231110,1918.33,6103.50,OCUPACAO,45037,RAIS 2025 - MTE,2025,2026-09-29
231205,1111.77,9737.99,OCUPACAO,26546,RAIS 2025 - MTE,2025,2026-09-29
231210,1518.00,12666.21,OCUPACAO,44609,RAIS 2025 - MTE,2025,2026-09-29
231305,1057.26,16034.81,OCUPACAO,5428,RAIS 2025 - MTE,2025,2026-09-29
231310,883.84,11810.03,OCUPACAO,2468,RAIS 2025 - MTE,2025,2026-09-29
231315,825.09,12916.59,OCUPACAO,7034,RAIS 2025 - MTE,2025,2026-09-29
231320,882.00,13057.49,OCUPACAO,2110,RAIS 2025 - MTE,2025,2026-09-29
231325,874.71,13200.78,OCUPACAO,2057,RAIS 2025 - MTE,2025,2026-09-29
231330,1019.87,18160.33,OCUPACAO,2133,RAIS 2025 - MTE,2025,2026-09-29
231335,1183.04,13897.58,OCUPACAO,3792,RAIS 2025 - MTE,2025,2026-09-29
231340,1120.98,14675.65,OCUPACAO,3899,RAIS 2025 - MTE,2025,2026-09-29
232105,917.88,10585.43,OCUPACAO,1844,RAIS 2025 - MTE,2025,2026-09-29
232110,763.42,16577.38,OCUPACAO,1638,RAIS 2025 - MTE,2025,2026-09-29
232115,1042.47,16940.55,OCUPACAO,25381,RAIS 2025 - MTE,2025,2026-09-29
232120,755.44,10258.91,OCUPACAO,2134,RAIS 2025 - MTE,2025,2026-09-29
232125,626.01,11724.33,OCUPACAO,600,RAIS 2025 - MTE,2025,2026-09-29
232130,782.27,16890.88,OCUPACAO,1486,RAIS 2025 - MTE,2025,2026-09-29
232135,750.01,13927.39,OCUPACAO,1016,RAIS 2025 - MTE,2025,2026-09-29
232140,845.19,16523.57,OCUPACAO,1231,RAIS 2025 - MTE,2025,2026-09-29
232145,954.81,16577.85,OCUPACAO,1209,RAIS 2025 - MTE,2025,2026-09-29
232150,767.63,16350.50,OCUPACAO,834,RAIS 2025 - MTE,2025,2026-09-29
232155,893.93,17548.90,OCUPACAO,2057,RAIS 2025 - MTE,2025,2026-09-29
232160,613.69,8149.24,OCUPACAO,79,RAIS 2025 - MTE,2025,2026-09-29
232165,771.68,15267.83,OCUPACAO,1398,RAIS 2025 - MTE,2025,2026-09-29
232170,772.84,17820.06,OCUPACAO,284,RAIS 2025 - MTE,2025,2026-09-29
233105,1390.48,10489.68,OCUPACAO,163,RAIS 2025 - MTE,2025,2026-09-29
233110,901.85,10303.52,OCUPACAO,413,RAIS 2025 - MTE,2025,2026-09-29
233115,1749.02,11482.36,OCUPACAO,237,RAIS 2025 - MTE,2025,2026-09-29
233120,1518.00,8080.00,OCUPACAO,323,RAIS 2025 - MTE,2025,2026-09-29
233125,623.79,7387.46,OCUPACAO,387,RAIS 2025 - MTE,2025,2026-09-29
233130,900.54,10772.08,OCUPACAO,56,RAIS 2025 - MTE,2025,2026-09-29
233135,1217.65,14261.43,OCUPACAO,403,RAIS 2025 - MTE,2025,2026-09-29
233205,1523.31,12458.71,OCUPACAO,608,RAIS 2025 - MTE,2025,2026-09-29
233210,1708.66,12410.55,OCUPACAO,17940,RAIS 2025 - MTE,2025,2026-09-29
233215,1688.03,12912.76,OCUPACAO,12594,RAIS 2025 - MTE,2025,2026-09-29
233220,2374.53,13410.62,OCUPACAO,235,RAIS 2025 - MTE,2025,2026-09-29
233225,803.62,9791.00,OCUPACAO,8375,RAIS 2025 - MTE,2025,2026-09-29
234105,1271.48,27356.57,OCUPACAO,64,RAIS 2025 - MTE,2025,2026-09-29
234110,2060.35,31726.96,OCUPACAO,89,RAIS 2025 - MTE,2025,2026-09-29
234115,825.28,12633.53,OCUPACAO,34,RAIS 2025 - MTE,2025,2026-09-29
234120,1106.07,30260.45,OCUPACAO,821,RAIS 2025 - MTE,2025,2026-09-29
234125,1106.90,30488.11,FAMILIA,1024,RAIS 2025 - MTE,2025,2026-09-29
234205,748.16,26686.32,OCUPACAO,157,RAIS 2025 - MTE,2025,2026-09-29
234210,775.64,29778.13,OCUPACAO,117,RAIS 2025 - MTE,2025,2026-09-29
234215,770.14,28747.72,FAMILIA,277,RAIS 2025 - MTE,2025,2026-09-29
234305,991.99,24392.79,OCUPACAO,269,RAIS 2025 - MTE,2025,2026-09-29
234310,1345.05,37137.00,OCUPACAO,966,RAIS 2025 - MTE,2025,2026-09-29
234315,1180.11,35012.05,FAMILIA,1250,RAIS 2025 - MTE,2025,2026-09-29
234320,1180.11,35012.05,FAMILIA,1250,RAIS 2025 - MTE,2025,2026-09-29
234405,1224.37,27570.96,OCUPACAO,898,RAIS 2025 - MTE,2025,2026-09-29
234410,815.45,8466.57,OCUPACAO,2899,RAIS 2025 - MTE,2025,2026-09-29
234415,1296.07,20407.94,OCUPACAO,646,RAIS 2025 - MTE,2025,2026-09-29
234420,1565.71,21536.66,OCUPACAO,260,RAIS 2025 - MTE,2025,2026-09-29
234425,980.22,21829.59,OCUPACAO,465,RAIS 2025 - MTE,2025,2026-09-29
234430,1045.21,21960.37,OCUPACAO,89,RAIS 2025 - MTE,2025,2026-09-29
234435,2394.09,27574.87,OCUPACAO,3525,RAIS 2025 - MTE,2025,2026-09-29
234440,1607.89,23368.45,OCUPACAO,309,RAIS 2025 - MTE,2025,2026-09-29
234445,2216.08,18754.10,OCUPACAO,221,RAIS 2025 - MTE,2025,2026-09-29
234450,1946.67,24424.54,OCUPACAO,663,RAIS 2025 - MTE,2025,2026-09-29
234455,851.00,11470.54,OCUPACAO,37,RAIS 2025 - MTE,2025,2026-09-29
234460,689.28,12624.33,OCUPACAO,31,RAIS 2025 - MTE,2025,2026-09-29
234505,827.39,20978.71,OCUPACAO,24607,RAIS 2025 - MTE,2025,2026-09-29
234510,1042.38,24652.83,OCUPACAO,9857,RAIS 2025 - MTE,2025,2026-09-29
234515,1436.77,33532.53,OCUPACAO,2606,RAIS 2025 - MTE,2025,2026-09-29
234520,1172.88,21943.15,OCUPACAO,19475,RAIS 2025 - MTE,2025,2026-09-29
234604,875.36,28190.86,OCUPACAO,117,RAIS 2025 - MTE,2025,2026-09-29
234608,726.01,18235.32,OCUPACAO,38,RAIS 2025 - MTE,2025,2026-09-29
234612,765.89,26913.06,OCUPACAO,154,RAIS 2025 - MTE,2025,2026-09-29
234616,752.49,11288.71,OCUPACAO,8285,RAIS 2025 - MTE,2025,2026-09-29
234620,636.10,13399.55,OCUPACAO,505,RAIS 2025 - MTE,2025,2026-09-29
234624,964.26,14583.02,OCUPACAO,2469,RAIS 2025 - MTE,2025,2026-09-29
234628,643.41,13158.63,OCUPACAO,124,RAIS 2025 - MTE,2025,2026-09-29
234632,612.72,11732.15,OCUPACAO,104,RAIS 2025 - MTE,2025,2026-09-29
234636,747.46,12765.86,FAMILIA,12949,RAIS 2025 - MTE,2025,2026-09-29
234640,747.46,12765.86,FAMILIA,12949,RAIS 2025 - MTE,2025,2026-09-29
234644,747.46,12765.86,FAMILIA,12949,RAIS 2025 - MTE,2025,2026-09-29
234648,747.46,12765.86,FAMILIA,12949,RAIS 2025 - MTE,2025,2026-09-29
234652,604.04,9972.90,OCUPACAO,107,RAIS 2025 - MTE,2025,2026-09-29
234656,747.46,12765.86,FAMILIA,12949,RAIS 2025 - MTE,2025,2026-09-29
234660,582.74,13780.19,OCUPACAO,65,RAIS 2025 - MTE,2025,2026-09-29
234664,983.28,12875.52,OCUPACAO,164,RAIS 2025 - MTE,2025,2026-09-29
234668,615.92,10995.91,OCUPACAO,722,RAIS 2025 - MTE,2025,2026-09-29
234672,1172.81,29865.62,OCUPACAO,34,RAIS 2025 - MTE,2025,2026-09-29
234676,747.46,12765.86,FAMILIA,12949,RAIS 2025 - MTE,2025,2026-09-29
234680,747.46,12765.86,FAMILIA,12949,RAIS 2025 - MTE,2025,2026-09-29
234684,747.46,12765.86,FAMILIA,12949,RAIS 2025 - MTE,2025,2026-09-29
234689,747.46,12765.86,FAMILIA,12949,RAIS 2025 - MTE,2025,2026-09-29
234705,2196.00,27068.80,OCUPACAO,95,RAIS 2025 - MTE,2025,2026-09-29
234710,1140.18,29761.03,FAMILIA,3743,RAIS 2025 - MTE,2025,2026-09-29
234715,1140.18,29761.03,FAMILIA,3743,RAIS 2025 - MTE,2025,2026-09-29
234720,1672.66,31480.08,OCUPACAO,98,RAIS 2025 - MTE,2025,2026-09-29
234725,1342.31,27118.02,OCUPACAO,207,RAIS 2025 - MTE,2025,2026-09-29
234730,1094.00,29264.04,OCUPACAO,1993,RAIS 2025 - MTE,2025,2026-09-29
234735,1674.14,32114.32,OCUPACAO,188,RAIS 2025 - MTE,2025,2026-09-29
234740,989.25,34551.30,OCUPACAO,36,RAIS 2025 - MTE,2025,2026-09-29
234745,1332.69,27717.19,OCUPACAO,85,RAIS 2025 - MTE,2025,2026-09-29
234750,1140.18,29761.03,FAMILIA,3743,RAIS 2025 - MTE,2025,2026-09-29
234755,1140.18,29761.03,FAMILIA,3743,RAIS 2025 - MTE,2025,2026-09-29
234760,1323.76,25471.33,OCUPACAO,827,RAIS 2025 - MTE,2025,2026-09-29
234765,690.71,29714.33,OCUPACAO,85,RAIS 2025 - MTE,2025,2026-09-29
234770,919.79,32677.14,OCUPACAO,91,RAIS 2025 - MTE,2025,2026-09-29
234805,1779.17,57386.75,OCUPACAO,431,RAIS 2025 - MTE,2025,2026-09-29
234810,988.97,42991.57,OCUPACAO,2314,RAIS 2025 - MTE,2025,2026-09-29
234815,817.76,21379.82,OCUPACAO,270,RAIS 2025 - MTE,2025,2026-09-29
234905,829.92,12311.36,OCUPACAO,134,RAIS 2025 - MTE,2025,2026-09-29
234910,1376.78,35248.58,OCUPACAO,111,RAIS 2025 - MTE,2025,2026-09-29
234915,788.85,11594.66,OCUPACAO,479,RAIS 2025 - MTE,2025,2026-09-29
239205,1519.14,8488.51,OCUPACAO,364,RAIS 2025 - MTE,2025,2026-09-29
239210,1614.00,9642.84,OCUPACAO,485,RAIS 2025 - MTE,2025,2026-09-29
239215,1965.65,7381.96,OCUPACAO,3484,RAIS 2025 - MTE,2025,2026-09-29
239220,1557.61,9626.46,OCUPACAO,4123,RAIS 2025 - MTE,2025,2026-09-29
239225,1619.45,6877.33,OCUPACAO,216,RAIS 2025 - MTE,2025,2026-09-29
239405,1632.66,15406.96,OCUPACAO,50702,RAIS 2025 - MTE,2025,2026-09-29
239410,1423.27,13523.43,OCUPACAO,28017,RAIS 2025 - MTE,2025,2026-09-29
239415,1518.75,11205.45,OCUPACAO,13007,RAIS 2025 - MTE,2025,2026-09-29
239420,1537.52,8835.39,OCUPACAO,53,RAIS 2025 - MTE,2025,2026-09-29
239425,1518.00,8130.50,OCUPACAO,2784,RAIS 2025 - MTE,2025,2026-09-29
239430,1658.01,14988.64,OCUPACAO,7399,RAIS 2025 - MTE,2025,2026-09-29
239435,2026.45,15647.21,OCUPACAO,1512,RAIS 2025 - MTE,2025,2026-09-29
239440,1737.65,8493.04,OCUPACAO,56,RAIS 2025 - MTE,2025,2026-09-29
239445,1562.20,8592.26,OCUPACAO,67,RAIS 2025 - MTE,2025,2026-09-29
241005,2200.00,31320.15,OCUPACAO,43920,RAIS 2025 - MTE,2025,2026-09-29
241010,3051.23,42791.45,OCUPACAO,12399,RAIS 2025 - MTE,2025,2026-09-29
241015,2802.91,24916.34,OCUPACAO,643,RAIS 2025 - MTE,2025,2026-09-29
241020,3365.84,27795.49,OCUPACAO,515,RAIS 2025 - MTE,2025,2026-09-29
241025,3102.28,24699.79,OCUPACAO,34,RAIS 2025 - MTE,2025,2026-09-29
241030,2549.00,25665.25,OCUPACAO,423,RAIS 2025 - MTE,2025,2026-09-29
241035,3000.00,24330.30,OCUPACAO,1130,RAIS 2025 - MTE,2025,2026-09-29
241040,1980.30,32774.00,OCUPACAO,15431,RAIS 2025 - MTE,2025,2026-09-29
241205,5025.58,41845.49,FAMILIA,733,RAIS 2025 - MTE,2025,2026-09-29
241210,4781.39,46366.19,OCUPACAO,182,RAIS 2025 - MTE,2025,2026-09-29
241215,5025.58,41845.49,FAMILIA,733,RAIS 2025 - MTE,2025,2026-09-29
241220,21456.96,41845.49,OCUPACAO,55,RAIS 2025 - MTE,2025,2026-09-29
241225,5551.79,38919.03,OCUPACAO,421,RAIS 2025 - MTE,2025,2026-09-29
241230,5025.58,41845.49,FAMILIA,733,RAIS 2025 - MTE,2025,2026-09-29
241235,5344.59,23218.80,OCUPACAO,48,RAIS 2025 - MTE,2025,2026-09-29
241305,2803.31,17265.35,OCUPACAO,36,RAIS 2025 - MTE,2025,2026-09-29
241310,1518.00,19304.76,OCUPACAO,63,RAIS 2025 - MTE,2025,2026-09-29
241315,1518.00,11114.64,OCUPACAO,291,RAIS 2025 - MTE,2025,2026-09-29
241320,1395.69,18215.50,OCUPACAO,43,RAIS 2025 - MTE,2025,2026-09-29
241325,1800.85,40903.33,OCUPACAO,387,RAIS 2025 - MTE,2025,2026-09-29
241330,1518.00,20338.97,OCUPACAO,323,RAIS 2025 - MTE,2025,2026-09-29
241335,1518.00,23946.90,OCUPACAO,906,RAIS 2025 - MTE,2025,2026-09-29
241340,1518.00,22542.39,OCUPACAO,169,RAIS 2025 - MTE,2025,2026-09-29
241405,,,SEM_DADOS,0,RAIS 2025 - MTE,2025,2026-09-29
242205,1631.34,21497.46,FAMILIA,38,RAIS 2025 - MTE,2025,2026-09-29
242210,1631.34,21497.46,FAMILIA,38,RAIS 2025 - MTE,2025,2026-09-29
242215,1631.34,21497.46,FAMILIA,38,RAIS 2025 - MTE,2025,2026-09-29
242220,1631.34,21497.46,FAMILIA,38,RAIS 2025 - MTE,2025,2026-09-29
242225,1631.34,21497.46,FAMILIA,38,RAIS 2025 - MTE,2025,2026-09-29
242230,1631.34,21497.46,FAMILIA,38,RAIS 2025 - MTE,2025,2026-09-29
242235,1631.34,21497.46,FAMILIA,38,RAIS 2025 - MTE,2025,2026-09-29
242240,1631.34,21497.46,FAMILIA,38,RAIS 2025 - MTE,2025,2026-09-29
242245,1631.34,21497.46,FAMILIA,38,RAIS 2025 - MTE,2025,2026-09-29
242250,1631.34,21497.46,FAMILIA,38,RAIS 2025 - MTE,2025,2026-09-29
242305,,,SEM_DADOS,0,RAIS 2025 - MTE,2025,2026-09-29
242405,2491.97,11245.86,OCUPACAO,64,RAIS 2025 - MTE,2025,2026-09-29
242410,2533.71,20578.25,OCUPACAO,48,RAIS 2025 - MTE,2025,2026-09-29
242905,2455.60,19658.43,OCUPACAO,85,RAIS 2025 - MTE,2025,2026-09-29
242910,1867.02,20260.35,OCUPACAO,262,RAIS 2025 - MTE,2025,2026-09-29
251105,3015.97,18219.75,OCUPACAO,132,RAIS 2025 - MTE,2025,2026-09-29
251110,1618.16,10874.25,OCUPACAO,226,RAIS 2025 - MTE,2025,2026-09-29
251115,2978.25,19789.33,OCUPACAO,113,RAIS 2025 - MTE,2025,2026-09-29
251120,3454.69,19691.82,OCUPACAO,262,RAIS 2025 - MTE,2025,2026-09-29
251205,3105.10,60080.11,OCUPACAO,4886,RAIS 2025 - MTE,2025,2026-09-29
251210,2855.26,25558.87,OCUPACAO,801,RAIS 2025 - MTE,2025,2026-09-29
251215,2545.04,15999.55,OCUPACAO,26429,RAIS 2025 - MTE,2025,2026-09-29
251220,3318.16,17995.42,OCUPACAO,2448,RAIS 2025 - MTE,2025,2026-09-29
251225,2500.00,12595.80,OCUPACAO,8423,RAIS 2025 - MTE,2025,2026-09-29
251230,2815.46,20365.09,OCUPACAO,637,RAIS 2025 - MTE,2025,2026-09-29
251235,2597.91,16811.64,OCUPACAO,65,RAIS 2025 - MTE,2025,2026-09-29
251305,2757.43,22369.78,OCUPACAO,582,RAIS 2025 - MTE,2025,2026-09-29
251405,,,SEM_DADOS,0,RAIS 2025 - MTE,2025,2026-09-29
251505,1877.57,8937.28,OCUPACAO,5283,RAIS 2025 - MTE,2025,2026-09-29
251510,2100.00,9172.19,OCUPACAO,16015,RAIS 2025 - MTE,2025,2026-09-29
251515,2765.25,19297.61,OCUPACAO,115,RAIS 2025 - MTE,2025,2026-09-29
251520,2517.27,10633.21,OCUPACAO,4766,RAIS 2025 - MTE,2025,2026-09-29
251525,2108.02,9963.60,FAMILIA,34790,RAIS 2025 - MTE,2025,2026-09-29
251530,2139.88,9824.90,OCUPACAO,5480,RAIS 2025 - MTE,2025,2026-09-29
251535,1518.00,5599.71,OCUPACAO,111,RAIS 2025 - MTE,2025,2026-09-29
251540,2330.27,20724.69,OCUPACAO,2761,RAIS 2025 - MTE,2025,2026-09-29
251545,1994.05,8663.56,OCUPACAO,138,RAIS 2025 - MTE,2025,2026-09-29
251550,1620.22,6951.64,OCUPACAO,97,RAIS 2025 - MTE,2025,2026-09-29
251555,2108.02,9963.60,FAMILIA,34790,RAIS 2025 - MTE,2025,2026-09-29
251605,2200.00,10526.36,OCUPACAO,31949,RAIS 2025 - MTE,2025,2026-09-29
251610,2599.45,38208.10,OCUPACAO,172,RAIS 2025 - MTE,2025,2026-09-29
252105,2167.23,19223.10,OCUPACAO,274851,RAIS 2025 - MTE,2025,2026-09-29
252205,2400.00,23591.71,OCUPACAO,17839,RAIS 2025 - MTE,2025,2026-09-29
252210,2447.86,20384.84,OCUPACAO,140710,RAIS 2025 - MTE,2025,2026-09-29
252215,2430.23,20488.58,OCUPACAO,475,RAIS 2025 - MTE,2025,2026-09-29
252305,1518.00,13574.62,OCUPACAO,95820,RAIS 2025 - MTE,2025,2026-09-29
252310,1518.00,17555.01,OCUPACAO,3470,RAIS 2025 - MTE,2025,2026-09-29
252315,1518.00,17217.73,OCUPACAO,448,RAIS 2025 - MTE,2025,2026-09-29
252320,1518.00,6931.91,OCUPACAO,5850,RAIS 2025 - MTE,2025,2026-09-29
252405,2176.46,12363.39,OCUPACAO,138549,RAIS 2025 - MTE,2025,2026-09-29
252505,3246.71,38798.34,OCUPACAO,2395,RAIS 2025 - MTE,2025,2026-09-29
252510,2546.56,13591.96,OCUPACAO,1173,RAIS 2025 - MTE,2025,2026-09-29
252515,1593.21,13312.34,OCUPACAO,5374,RAIS 2025 - MTE,2025,2026-09-29
252525,1702.00,16440.80,OCUPACAO,18003,RAIS 2025 - MTE,2025,2026-09-29
252530,2106.00,12627.85,OCUPACAO,760,RAIS 2025 - MTE,2025,2026-09-29
252535,1692.34,11643.71,OCUPACAO,154,RAIS 2025 - MTE,2025,2026-09-29
252540,3654.81,23603.93,OCUPACAO,15258,RAIS 2025 - MTE,2025,2026-09-29
252545,2318.98,14487.31,OCUPACAO,80738,RAIS 2025 - MTE,2025,2026-09-29
252550,4634.93,28866.35,OCUPACAO,2805,RAIS 2025 - MTE,2025,2026-09-29
252605,2714.17,33273.27,OCUPACAO,3728,RAIS 2025 - MTE,2025,2026-09-29
252705,2364.43,11148.90,OCUPACAO,17027,RAIS 2025 - MTE,2025,2026-09-29
252710,2850.79,14644.34,OCUPACAO,5235,RAIS 2025 - MTE,2025,2026-09-29
252715,2100.00,10702.93,OCUPACAO,34944,RAIS 2025 - MTE,2025,2026-09-29
252720,2338.64,18945.65,OCUPACAO,4038,RAIS 2025 - MTE,2025,2026-09-29
252725,1815.99,9509.39,OCUPACAO,6637,RAIS 2025 - MTE,2025,2026-09-29
253110,1518.00,11199.14,OCUPACAO,9473,RAIS 2025 - MTE,2025,2026-09-29
253115,1613.39,15897.38,OCUPACAO,12795,RAIS 2025 - MTE,2025,2026-09-29
253120,2102.04,21797.29,OCUPACAO,5376,RAIS 2025 - MTE,2025,2026-09-29
253125,2008.66,18000.00,OCUPACAO,3940,RAIS 2025 - MTE,2025,2026-09-29
253130,2147.21,46449.20,OCUPACAO,855,RAIS 2025 - MTE,2025,2026-09-29
253135,2799.00,56392.55,OCUPACAO,656,RAIS 2025 - MTE,2025,2026-09-29
253140,1518.00,18011.70,OCUPACAO,3208,RAIS 2025 - MTE,2025,2026-09-29
253205,3602.78,48216.73,OCUPACAO,1440,RAIS 2025 - MTE,2025,2026-09-29
253210,5712.91,38265.43,OCUPACAO,7298,RAIS 2025 - MTE,2025,2026-09-29
253215,3628.65,18578.96,OCUPACAO,72447,RAIS 2025 - MTE,2025,2026-09-29
253220,4026.65,58528.57,OCUPACAO,3891,RAIS 2025 - MTE,2025,2026-09-29
253225,1525.60,16939.52,OCUPACAO,23111,RAIS 2025 - MTE,2025,2026-09-29
253305,2000.00,33843.60,OCUPACAO,4022,RAIS 2025 - MTE,2025,2026-09-29
253405,1518.00,8707.81,OCUPACAO,14532,RAIS 2025 - MTE,2025,2026-09-29
253410,1518.00,10570.00,OCUPACAO,941,RAIS 2025 - MTE,2025,2026-09-29
254105,2023.11,13825.62,FAMILIA,31,RAIS 2025 - MTE,2025,2026-09-29
254110,2023.11,13825.62,FAMILIA,31,RAIS 2025 - MTE,2025,2026-09-29
254205,,,SEM_DADOS,0,RAIS 2025 - MTE,2025,2026-09-29
254305,2456.76,17845.18,OCUPACAO,56,RAIS 2025 - MTE,2025,2026-09-29
254310,1367.42,9338.29,OCUPACAO,4300,RAIS 2025 - MTE,2025,2026-09-29
254405,2192.03,19208.10,OCUPACAO,870,RAIS 2025 - MTE,2025,2026-09-29
254410,2028.29,20428.20,OCUPACAO,1885,RAIS 2025 - MTE,2025,2026-09-29
254415,3001.22,19076.31,OCUPACAO,230,RAIS 2025 - MTE,2025,2026-09-29
254420,2354.42,10810.57,OCUPACAO,161,RAIS 2025 - MTE,2025,2026-09-29
254505,1470.78,14982.33,OCUPACAO,2485,RAIS 2025 - MTE,2025,2026-09-29
261105,1974.12,13894.72,OCUPACAO,132,RAIS 2025 - MTE,2025,2026-09-29
261110,1902.56,16427.04,OCUPACAO,3136,RAIS 2025 - MTE,2025,2026-09-29
261115,2502.68,71721.01,OCUPACAO,483,RAIS 2025 - MTE,2025,2026-09-29
261120,1892.72,21369.87,OCUPACAO,6885,RAIS 2025 - MTE,2025,2026-09-29
261125,2200.00,27018.90,OCUPACAO,6069,RAIS 2025 - MTE,2025,2026-09-29
261130,2050.38,17312.55,OCUPACAO,1416,RAIS 2025 - MTE,2025,2026-09-29
261135,2248.86,24197.32,OCUPACAO,4039,RAIS 2025 - MTE,2025,2026-09-29
261140,1570.40,9869.92,OCUPACAO,2428,RAIS 2025 - MTE,2025,2026-09-29
261205,1971.64,23346.20,OCUPACAO,5018,RAIS 2025 - MTE,2025,2026-09-29
261210,1900.62,14243.71,OCUPACAO,6585,RAIS 2025 - MTE,2025,2026-09-29
261215,1872.13,15287.16,OCUPACAO,10556,RAIS 2025 - MTE,2025,2026-09-29
261305,1518.00,9502.16,OCUPACAO,2691,RAIS 2025 - MTE,2025,2026-09-29
261310,1875.35,20077.43,OCUPACAO,513,RAIS 2025 - MTE,2025,2026-09-29
261405,1642.75,11113.43,FAMILIA,3052,RAIS 2025 - MTE,2025,2026-09-29
261410,1710.56,12247.13,OCUPACAO,313,RAIS 2025 - MTE,2025,2026-09-29
261415,1883.31,12763.01,OCUPACAO,127,RAIS 2025 - MTE,2025,2026-09-29
261420,2000.00,17318.11,OCUPACAO,771,RAIS 2025 - MTE,2025,2026-09-29
261425,1572.32,5440.84,OCUPACAO,1779,RAIS 2025 - MTE,2025,2026-09-29
261430,2108.18,4839.60,OCUPACAO,53,RAIS 2025 - MTE,2025,2026-09-29
261505,1898.73,51600.48,OCUPACAO,477,RAIS 2025 - MTE,2025,2026-09-29
261510,1894.35,21785.53,FAMILIA,1916,RAIS 2025 - MTE,2025,2026-09-29
261515,1894.35,21785.53,FAMILIA,1916,RAIS 2025 - MTE,2025,2026-09-29
261520,1894.35,21785.53,FAMILIA,1916,RAIS 2025 - MTE,2025,2026-09-29
261525,1894.35,21785.53,FAMILIA,1916,RAIS 2025 - MTE,2025,2026-09-29
261530,1972.76,12471.34,OCUPACAO,1372,RAIS 2025 - MTE,2025,2026-09-29
261605,2275.99,25205.47,OCUPACAO,499,RAIS 2025 - MTE,2025,2026-09-29
261610,3343.55,19939.09,OCUPACAO,1104,RAIS 2025 - MTE,2025,2026-09-29
261615,1582.30,10654.13,OCUPACAO,1122,RAIS 2025 - MTE,2025,2026-09-29
261620,2508.97,27552.85,OCUPACAO,145,RAIS 2025 - MTE,2025,2026-09-29
261625,1800.00,17356.97,FAMILIA,2891,RAIS 2025 - MTE,2025,2026-09-29
261705,1518.00,33236.63,OCUPACAO,177,RAIS 2025 - MTE,2025,2026-09-29
261710,1536.90,76648.05,OCUPACAO,150,RAIS 2025 - MTE,2025,2026-09-29
261715,1423.33,7170.62,OCUPACAO,7166,RAIS 2025 - MTE,2025,2026-09-29
261730,1952.44,16060.80,OCUPACAO,2449,RAIS 2025 - MTE,2025,2026-09-29
261805,1364.48,6857.61,OCUPACAO,2185,RAIS 2025 - MTE,2025,2026-09-29
261810,1608.45,9708.87,OCUPACAO,167,RAIS 2025 - MTE,2025,2026-09-29
261815,1185.89,6819.78,OCUPACAO,286,RAIS 2025 - MTE,2025,2026-09-29
261820,1800.39,14361.99,OCUPACAO,255,RAIS 2025 - MTE,2025,2026-09-29
261905,1311.95,23128.14,OCUPACAO,75,RAIS 2025 - MTE,2025,2026-09-29
261910,1910.05,4780.05,OCUPACAO,42,RAIS 2025 - MTE,2025,2026-09-29
262105,1673.51,12273.50,OCUPACAO,1271,RAIS 2025 - MTE,2025,2026-09-29
262110,1774.19,16415.49,OCUPACAO,328,RAIS 2025 - MTE,2025,2026-09-29
262115,1395.46,10374.23,OCUPACAO,713,RAIS 2025 - MTE,2025,2026-09-29
262120,2531.24,10082.62,OCUPACAO,90,RAIS 2025 - MTE,2025,2026-09-29
262125,2014.26,20726.60,OCUPACAO,2421,RAIS 2025 - MTE,2025,2026-09-29
262130,1914.35,23580.90,OCUPACAO,58,RAIS 2025 - MTE,2025,2026-09-29
262135,1831.67,11057.32,OCUPACAO,1572,RAIS 2025 - MTE,2025,2026-09-29
262205,1518.00,35646.41,OCUPACAO,57,RAIS 2025 - MTE,2025,2026-09-29
262210,1520.10,12239.39,OCUPACAO,142,RAIS 2025 - MTE,2025,2026-09-29
262215,2716.48,88254.44,OCUPACAO,450,RAIS 2025 - MTE,2025,2026-09-29
262220,1982.27,44804.45,OCUPACAO,171,RAIS 2025 - MTE,2025,2026-09-29
262225,2625.29,93255.24,OCUPACAO,82,RAIS 2025 - MTE,2025,2026-09-29
262230,1750.00,64093.88,OCUPACAO,321,RAIS 2025 - MTE,2025,2026-09-29
262235,1777.65,34241.05,OCUPACAO,68,RAIS 2025 - MTE,2025,2026-09-29
262305,1733.78,19014.40,FAMILIA,1757,RAIS 2025 - MTE,2025,2026-09-29
262310,1733.78,19014.40,FAMILIA,1757,RAIS 2025 - MTE,2025,2026-09-29
262315,1518.00,9743.85,OCUPACAO,153,RAIS 2025 - MTE,2025,2026-09-29
262320,1759.75,7892.17,OCUPACAO,32,RAIS 2025 - MTE,2025,2026-09-29
262325,2070.50,19519.58,OCUPACAO,158,RAIS 2025 - MTE,2025,2026-09-29
262330,1886.98,19465.39,OCUPACAO,1378,RAIS 2025 - MTE,2025,2026-09-29
262405,1518.00,12578.26,OCUPACAO,1868,RAIS 2025 - MTE,2025,2026-09-29
262410,1560.00,12789.85,OCUPACAO,37054,RAIS 2025 - MTE,2025,2026-09-29
262415,1704.35,9868.91,OCUPACAO,304,RAIS 2025 - MTE,2025,2026-09-29
262420,2012.70,18264.88,OCUPACAO,3771,RAIS 2025 - MTE,2025,2026-09-29
262425,1884.96,14849.74,OCUPACAO,4075,RAIS 2025 - MTE,2025,2026-09-29
262505,1133.38,100702.91,OCUPACAO,384,RAIS 2025 - MTE,2025,2026-09-29
262605,1518.00,14787.21,FAMILIA,833,RAIS 2025 - MTE,2025,2026-09-29
262610,1465.42,10720.20,OCUPACAO,190,RAIS 2025 - MTE,2025,2026-09-29
262615,1518.00,15494.68,OCUPACAO,521,RAIS 2025 - MTE,2025,2026-09-29
262620,1360.22,12932.04,OCUPACAO,102,RAIS 2025 - MTE,2025,2026-09-29
262705,1518.00,13631.89,OCUPACAO,503,RAIS 2025 - MTE,2025,2026-09-29
262710,1518.00,23630.99,OCUPACAO,1719,RAIS 2025 - MTE,2025,2026-09-29
262805,1236.06,16029.95,OCUPACAO,39,RAIS 2025 - MTE,2025,2026-09-29
262810,1518.00,16909.93,OCUPACAO,342,RAIS 2025 - MTE,2025,2026-09-29
262815,752.56,13013.55,OCUPACAO,47,RAIS 2025 - MTE,2025,2026-09-29
262820,565.73,9871.20,FAMILIA,2044,RAIS 2025 - MTE,2025,2026-09-29
262825,604.33,5750.90,OCUPACAO,44,RAIS 2025 - MTE,2025,2026-09-29
262830,550.21,6747.50,OCUPACAO,1571,RAIS 2025 - MTE,2025,2026-09-29
262905,1739.56,10505.56,OCUPACAO,477,RAIS 2025 - MTE,2025,2026-09-29
263105,1556.24,16098.74,OCUPACAO,1939,RAIS 2025 - MTE,2025,2026-09-29
263110,1533.18,11831.50,OCUPACAO,344,RAIS 2025 - MTE,2025,2026-09-29
263115,1130.97,14520.32,OCUPACAO,156,RAIS 2025 - MTE,2025,2026-09-29
271105,1730.53,8212.33,OCUPACAO,30196,RAIS 2025 - MTE,2025,2026-09-29
271110,1533.33,11086.89,OCUPACAO,377,RAIS 2025 - MTE,2025,2026-09-29
300105,2365.04,14875.08,OCUPACAO,8963,RAIS 2025 - MTE,2025,2026-09-29
300110,1807.35,15307.79,OCUPACAO,607,RAIS 2025 - MTE,2025,2026-09-29
300305,2334.92,13363.86,OCUPACAO,24670,RAIS 2025 - MTE,2025,2026-09-29
301105,1955.64,10772.34,OCUPACAO,25382,RAIS 2025 - MTE,2025,2026-09-29
301110,1625.00,8141.41,OCUPACAO,11537,RAIS 2025 - MTE,2025,2026-09-29
301115,2779.12,32320.33,OCUPACAO,1394,RAIS 2025 - MTE,2025,2026-09-29
301205,2173.33,14293.99,OCUPACAO,220,RAIS 2025 - MTE,2025,2026-09-29
311105,2180.10,13671.91,OCUPACAO,24645,RAIS 2025 - MTE,2025,2026-09-29
311110,2456.35,18105.21,OCUPACAO,3044,RAIS 2025 - MTE,2025,2026-09-29
311115,2651.92,14906.05,OCUPACAO,180,RAIS 2025 - MTE,2025,2026-09-29
311205,3409.85,22282.49,OCUPACAO,733,RAIS 2025 - MTE,2025,2026-09-29
311305,2023.19,11772.39,OCUPACAO,780,RAIS 2025 - MTE,2025,2026-09-29
311405,1944.55,8970.72,OCUPACAO,1159,RAIS 2025 - MTE,2025,2026-09-29
311410,1618.66,10781.05,OCUPACAO,5502,RAIS 2025 - MTE,2025,2026-09-29
311505,1550.00,13561.98,OCUPACAO,9161,RAIS 2025 - MTE,2025,2026-09-29
311510,2290.00,30721.81,OCUPACAO,324,RAIS 2025 - MTE,2025,2026-09-29
311515,1866.56,17709.35,OCUPACAO,2675,RAIS 2025 - MTE,2025,2026-09-29
311520,2193.03,13983.36,OCUPACAO,948,RAIS 2025 - MTE,2025,2026-09-29
311605,1851.15,12215.17,OCUPACAO,842,RAIS 2025 - MTE,2025,2026-09-29
311610,2343.21,15522.17,OCUPACAO,131,RAIS 2025 - MTE,2025,2026-09-29
311615,2235.20,12516.70,OCUPACAO,166,RAIS 2025 - MTE,2025,2026-09-29
311620,2447.99,10729.86,OCUPACAO,63,RAIS 2025 - MTE,2025,2026-09-29
311625,1696.00,14343.37,OCUPACAO,246,RAIS 2025 - MTE,2025,2026-09-29
311705,1597.44,9754.98,OCUPACAO,386,RAIS 2025 - MTE,2025,2026-09-29
311710,1287.39,4927.98,OCUPACAO,9303,RAIS 2025 - MTE,2025,2026-09-29
311715,1800.00,8422.88,OCUPACAO,7429,RAIS 2025 - MTE,2025,2026-09-29
311720,1893.62,7096.70,OCUPACAO,462,RAIS 2025 - MTE,2025,2026-09-29
311725,1754.62,5961.45,OCUPACAO,159,RAIS 2025 - MTE,2025,2026-09-29
312105,1918.14,11805.51,OCUPACAO,51210,RAIS 2025 - MTE,2025,2026-09-29
312205,1837.59,13760.10,OCUPACAO,2862,RAIS 2025 - MTE,2025,2026-09-29
312210,1837.34,18597.09,OCUPACAO,5603,RAIS 2025 - MTE,2025,2026-09-29
312305,1788.90,11649.70,OCUPACAO,1212,RAIS 2025 - MTE,2025,2026-09-29
312310,1802.81,15875.90,OCUPACAO,1170,RAIS 2025 - MTE,2025,2026-09-29
312315,2675.08,20871.36,OCUPACAO,417,RAIS 2025 - MTE,2025,2026-09-29
312320,1518.00,9182.18,OCUPACAO,17864,RAIS 2025 - MTE,2025,2026-09-29
313105,1952.97,14400.19,OCUPACAO,32430,RAIS 2025 - MTE,2025,2026-09-29
313110,2275.13,17507.45,OCUPACAO,4618,RAIS 2025 - MTE,2025,2026-09-29
313115,2073.61,14869.39,OCUPACAO,20632,RAIS 2025 - MTE,2025,2026-09-29
313120,2224.83,21884.56,OCUPACAO,25469,RAIS 2025 - MTE,2025,2026-09-29
313125,1808.04,13322.67,OCUPACAO,4902,RAIS 2025 - MTE,2025,2026-09-29
313130,2426.25,15267.55,OCUPACAO,25503,RAIS 2025 - MTE,2025,2026-09-29
313205,1628.13,14947.35,OCUPACAO,21880,RAIS 2025 - MTE,2025,2026-09-29
313210,1872.30,33409.14,OCUPACAO,4737,RAIS 2025 - MTE,2025,2026-09-29
313215,1609.25,12631.10,OCUPACAO,44758,RAIS 2025 - MTE,2025,2026-09-29
313220,1518.00,7235.56,OCUPACAO,40629,RAIS 2025 - MTE,2025,2026-09-29
313305,1518.00,9447.55,OCUPACAO,5194,RAIS 2025 - MTE,2025,2026-09-29
313310,1573.44,6797.46,OCUPACAO,26357,RAIS 2025 - MTE,2025,2026-09-29
313315,1600.00,8578.95,OCUPACAO,19297,RAIS 2025 - MTE,2025,2026-09-29
313320,1820.42,9361.72,OCUPACAO,4730,RAIS 2025 - MTE,2025,2026-09-29
313405,1884.49,11666.66,OCUPACAO,1116,RAIS 2025 - MTE,2025,2026-09-29
313410,3023.14,29778.78,OCUPACAO,9529,RAIS 2025 - MTE,2025,2026-09-29
313415,1855.35,16674.75,OCUPACAO,6057,RAIS 2025 - MTE,2025,2026-09-29
313505,1717.81,6528.67,OCUPACAO,8869,RAIS 2025 - MTE,2025,2026-09-29
314105,1759.78,13228.73,OCUPACAO,1951,RAIS 2025 - MTE,2025,2026-09-29
314110,1960.00,19799.48,OCUPACAO,48665,RAIS 2025 - MTE,2025,2026-09-29
314115,1435.66,6719.07,OCUPACAO,12529,RAIS 2025 - MTE,2025,2026-09-29
314120,1763.71,13975.02,OCUPACAO,11452,RAIS 2025 - MTE,2025,2026-09-29
314125,1600.00,15614.13,OCUPACAO,1639,RAIS 2025 - MTE,2025,2026-09-29
314205,2721.33,17369.47,OCUPACAO,1850,RAIS 2025 - MTE,2025,2026-09-29
314210,1813.65,14365.59,OCUPACAO,3075,RAIS 2025 - MTE,2025,2026-09-29
314305,1649.46,12001.79,OCUPACAO,5142,RAIS 2025 - MTE,2025,2026-09-29
314310,2701.99,19133.52,OCUPACAO,4284,RAIS 2025 - MTE,2025,2026-09-29
314315,2030.15,34557.96,OCUPACAO,698,RAIS 2025 - MTE,2025,2026-09-29
314405,1739.92,18938.34,OCUPACAO,6280,RAIS 2025 - MTE,2025,2026-09-29
314410,1974.81,13855.53,OCUPACAO,35863,RAIS 2025 - MTE,2025,2026-09-29
314610,2756.46,37584.16,OCUPACAO,1156,RAIS 2025 - MTE,2025,2026-09-29
314615,1958.97,15101.17,OCUPACAO,1100,RAIS 2025 - MTE,2025,2026-09-29
314620,1939.44,14877.98,OCUPACAO,1004,RAIS 2025 - MTE,2025,2026-09-29
314625,2025.00,22180.11,FAMILIA,3289,RAIS 2025 - MTE,2025,2026-09-29
314705,2670.11,13621.38,OCUPACAO,394,RAIS 2025 - MTE,2025,2026-09-29
314710,4284.34,20573.33,OCUPACAO,269,RAIS 2025 - MTE,2025,2026-09-29
314715,1898.51,12614.12,OCUPACAO,526,RAIS 2025 - MTE,2025,2026-09-29
314720,4104.21,16456.07,OCUPACAO,356,RAIS 2025 - MTE,2025,2026-09-29
314725,3413.52,23842.12,OCUPACAO,221,RAIS 2025 - MTE,2025,2026-09-29
314730,2268.40,15801.80,OCUPACAO,271,RAIS 2025 - MTE,2025,2026-09-29
314805,2202.69,15430.92,OCUPACAO,1424,RAIS 2025 - MTE,2025,2026-09-29
314810,2692.58,14844.19,OCUPACAO,637,RAIS 2025 - MTE,2025,2026-09-29
314815,2761.88,20522.93,OCUPACAO,655,RAIS 2025 - MTE,2025,2026-09-29
314825,2600.00,14838.11,OCUPACAO,210,RAIS 2025 - MTE,2025,2026-09-29
314830,2546.37,15782.42,OCUPACAO,259,RAIS 2025 - MTE,2025,2026-09-29
314835,2943.10,16186.23,OCUPACAO,423,RAIS 2025 - MTE,2025,2026-09-29
314840,2635.01,15249.92,OCUPACAO,2510,RAIS 2025 - MTE,2025,2026-09-29
314845,2774.81,20812.61,OCUPACAO,866,RAIS 2025 - MTE,2025,2026-09-29
316105,1629.41,13867.17,OCUPACAO,35,RAIS 2025 - MTE,2025,2026-09-29
316110,1762.27,20374.90,OCUPACAO,990,RAIS 2025 - MTE,2025,2026-09-29
316115,2271.65,8145.20,OCUPACAO,307,RAIS 2025 - MTE,2025,2026-09-29
316120,2000.00,11903.37,OCUPACAO,430,RAIS 2025 - MTE,2025,2026-09-29
316305,3039.51,12115.35,OCUPACAO,4102,RAIS 2025 - MTE,2025,2026-09-29
316310,4224.92,42011.47,OCUPACAO,878,RAIS 2025 - MTE,2025,2026-09-29
316315,3308.05,9906.43,OCUPACAO,1441,RAIS 2025 - MTE,2025,2026-09-29
316320,1570.80,9140.62,OCUPACAO,149,RAIS 2025 - MTE,2025,2026-09-29
316325,2525.02,53265.92,OCUPACAO,1051,RAIS 2025 - MTE,2025,2026-09-29
316330,1622.03,14504.71,OCUPACAO,171,RAIS 2025 - MTE,2025,2026-09-29
316335,1802.26,3610.01,OCUPACAO,45,RAIS 2025 - MTE,2025,2026-09-29
316340,2825.56,26328.45,FAMILIA,7849,RAIS 2025 - MTE,2025,2026-09-29
317105,1832.26,15914.96,OCUPACAO,4646,RAIS 2025 - MTE,2025,2026-09-29
317110,2036.00,16752.10,OCUPACAO,81869,RAIS 2025 - MTE,2025,2026-09-29
317115,2362.46,11395.71,OCUPACAO,6080,RAIS 2025 - MTE,2025,2026-09-29
317120,1895.59,17642.79,OCUPACAO,1896,RAIS 2025 - MTE,2025,2026-09-29
317205,1518.00,7365.40,OCUPACAO,24614,RAIS 2025 - MTE,2025,2026-09-29
317210,1560.00,6759.50,OCUPACAO,77715,RAIS 2025 - MTE,2025,2026-09-29
318005,1737.27,10746.09,OCUPACAO,5817,RAIS 2025 - MTE,2025,2026-09-29
318010,1650.08,8924.01,OCUPACAO,1972,RAIS 2025 - MTE,2025,2026-09-29
318015,2033.83,11846.25,OCUPACAO,1768,RAIS 2025 - MTE,2025,2026-09-29
318105,1651.80,7924.45,OCUPACAO,2833,RAIS 2025 - MTE,2025,2026-09-29
318110,1518.00,8906.83,OCUPACAO,1180,RAIS 2025 - MTE,2025,2026-09-29
318115,1790.91,10150.28,OCUPACAO,975,RAIS 2025 - MTE,2025,2026-09-29
318120,1815.04,9224.80,OCUPACAO,136,RAIS 2025 - MTE,2025,2026-09-29
318205,2315.98,12873.66,OCUPACAO,2365,RAIS 2025 - MTE,2025,2026-09-29
318210,2321.84,13455.74,FAMILIA,2494,RAIS 2025 - MTE,2025,2026-09-29
318215,2775.88,24746.64,OCUPACAO,102,RAIS 2025 - MTE,2025,2026-09-29
318305,1675.80,9898.68,OCUPACAO,425,RAIS 2025 - MTE,2025,2026-09-29
318310,1601.75,10165.27,OCUPACAO,184,RAIS 2025 - MTE,2025,2026-09-29
318405,1518.00,8112.31,OCUPACAO,5453,RAIS 2025 - MTE,2025,2026-09-29
318410,1602.21,17257.09,OCUPACAO,319,RAIS 2025 - MTE,2025,2026-09-29
318415,1778.97,10558.30,OCUPACAO,189,RAIS 2025 - MTE,2025,2026-09-29
318420,1634.82,7915.54,OCUPACAO,793,RAIS 2025 - MTE,2025,2026-09-29
318425,1703.98,9260.68,OCUPACAO,596,RAIS 2025 - MTE,2025,2026-09-29
318430,1801.00,12527.72,OCUPACAO,683,RAIS 2025 - MTE,2025,2026-09-29
318505,1686.67,8500.10,OCUPACAO,8840,RAIS 2025 - MTE,2025,2026-09-29
318510,1823.36,10574.02,OCUPACAO,9549,RAIS 2025 - MTE,2025,2026-09-29
318605,2669.84,13751.59,OCUPACAO,4727,RAIS 2025 - MTE,2025,2026-09-29
318610,2595.38,13876.44,OCUPACAO,14488,RAIS 2025 - MTE,2025,2026-09-29
318705,1852.90,11678.46,OCUPACAO,4240,RAIS 2025 - MTE,2025,2026-09-29
318710,2108.07,12368.05,OCUPACAO,832,RAIS 2025 - MTE,2025,2026-09-29
318805,1622.43,7756.65,OCUPACAO,8257,RAIS 2025 - MTE,2025,2026-09-29
318810,1801.11,10865.03,OCUPACAO,4990,RAIS 2025 - MTE,2025,2026-09-29
318815,2198.00,12043.15,OCUPACAO,1426,RAIS 2025 - MTE,2025,2026-09-29
319105,2175.20,11021.23,OCUPACAO,223,RAIS 2025 - MTE,2025,2026-09-29
319110,1752.50,8345.53,OCUPACAO,489,RAIS 2025 - MTE,2025,2026-09-29
319205,1781.29,9229.33,OCUPACAO,554,RAIS 2025 - MTE,2025,2026-09-29
320105,1829.80,11076.90,OCUPACAO,523,RAIS 2025 - MTE,2025,2026-09-29
320110,1894.95,6786.90,OCUPACAO,270,RAIS 2025 - MTE,2025,2026-09-29
321105,2084.40,12545.94,OCUPACAO,21812,RAIS 2025 - MTE,2025,2026-09-29
321110,1725.00,12859.02,OCUPACAO,8850,RAIS 2025 - MTE,2025,2026-09-29
321205,1528.31,10660.21,OCUPACAO,143,RAIS 2025 - MTE,2025,2026-09-29
321210,1570.23,10634.13,OCUPACAO,5617,RAIS 2025 - MTE,2025,2026-09-29
321305,1518.00,7417.30,OCUPACAO,195,RAIS 2025 - MTE,2025,2026-09-29
321310,1518.00,5335.34,OCUPACAO,228,RAIS 2025 - MTE,2025,2026-09-29
321315,1518.00,6877.74,FAMILIA,434,RAIS 2025 - MTE,2025,2026-09-29
321320,1518.00,6877.74,FAMILIA,434,RAIS 2025 - MTE,2025,2026-09-29
322105,1518.00,4809.38,FAMILIA,13114,RAIS 2025 - MTE,2025,2026-09-29
322110,1518.00,6843.35,OCUPACAO,993,RAIS 2025 - MTE,2025,2026-09-29
322115,1518.00,4809.38,FAMILIA,13114,RAIS 2025 - MTE,2025,2026-09-29
322120,1458.77,7296.44,OCUPACAO,277,RAIS 2025 - MTE,2025,2026-09-29
322125,1518.00,4809.38,FAMILIA,13114,RAIS 2025 - MTE,2025,2026-09-29
322130,1518.00,4549.60,OCUPACAO,11492,RAIS 2025 - MTE,2025,2026-09-29
322135,1882.32,4303.60,OCUPACAO,41,RAIS 2025 - MTE,2025,2026-09-29
322140,826.56,4095.30,OCUPACAO,260,RAIS 2025 - MTE,2025,2026-09-29
322205,1826.39,6294.71,OCUPACAO,645634,RAIS 2025 - MTE,2025,2026-09-29
322210,1867.24,6052.25,OCUPACAO,6115,RAIS 2025 - MTE,2025,2026-09-29
322215,2280.61,7882.06,OCUPACAO,9869,RAIS 2025 - MTE,2025,2026-09-29
322220,1892.69,5235.94,OCUPACAO,1164,RAIS 2025 - MTE,2025,2026-09-29
322225,1912.86,8169.45,OCUPACAO,7457,RAIS 2025 - MTE,2025,2026-09-29
322230,1783.61,5528.10,OCUPACAO,70248,RAIS 2025 - MTE,2025,2026-09-29
322235,1871.10,6980.61,OCUPACAO,1312,RAIS 2025 - MTE,2025,2026-09-29
322240,1518.00,15735.95,OCUPACAO,268,RAIS 2025 - MTE,2025,2026-09-29
322245,2523.20,5514.26,OCUPACAO,3454,RAIS 2025 - MTE,2025,2026-09-29
322250,2291.99,6271.57,OCUPACAO,2308,RAIS 2025 - MTE,2025,2026-09-29
322255,3113.11,5522.85,OCUPACAO,391,RAIS 2025 - MTE,2025,2026-09-29
322305,1518.00,6935.87,OCUPACAO,3090,RAIS 2025 - MTE,2025,2026-09-29
322405,1655.41,4441.16,OCUPACAO,12083,RAIS 2025 - MTE,2025,2026-09-29
322410,1518.00,6510.81,OCUPACAO,2556,RAIS 2025 - MTE,2025,2026-09-29
322415,1518.00,3562.70,OCUPACAO,59638,RAIS 2025 - MTE,2025,2026-09-29
322420,1518.00,4356.94,OCUPACAO,8242,RAIS 2025 - MTE,2025,2026-09-29
322425,1773.19,6215.58,OCUPACAO,452,RAIS 2025 - MTE,2025,2026-09-29
322430,1684.99,4652.08,OCUPACAO,1567,RAIS 2025 - MTE,2025,2026-09-29
322505,1675.00,9251.45,OCUPACAO,1091,RAIS 2025 - MTE,2025,2026-09-29
322605,1602.77,5034.54,OCUPACAO,3385,RAIS 2025 - MTE,2025,2026-09-29
323105,1842.90,11211.53,OCUPACAO,676,RAIS 2025 - MTE,2025,2026-09-29
324105,1419.29,5467.25,OCUPACAO,821,RAIS 2025 - MTE,2025,2026-09-29
324110,1586.10,5516.09,OCUPACAO,567,RAIS 2025 - MTE,2025,2026-09-29
324115,2134.26,9281.26,OCUPACAO,7991,RAIS 2025 - MTE,2025,2026-09-29
324120,1981.08,11454.00,OCUPACAO,541,RAIS 2025 - MTE,2025,2026-09-29
324125,1563.53,9475.26,OCUPACAO,651,RAIS 2025 - MTE,2025,2026-09-29
324130,1753.67,4425.88,OCUPACAO,91,RAIS 2025 - MTE,2025,2026-09-29
324135,1950.88,7093.74,OCUPACAO,324,RAIS 2025 - MTE,2025,2026-09-29
324140,5640.88,11320.27,OCUPACAO,47,RAIS 2025 - MTE,2025,2026-09-29
324205,1584.35,6556.50,OCUPACAO,47244,RAIS 2025 - MTE,2025,2026-09-29
324215,1861.57,9429.97,OCUPACAO,378,RAIS 2025 - MTE,2025,2026-09-29
324220,1748.73,5406.97,OCUPACAO,3057,RAIS 2025 - MTE,2025,2026-09-29
325005,2623.16,19375.48,OCUPACAO,142,RAIS 2025 - MTE,2025,2026-09-29
325010,1857.85,44038.16,OCUPACAO,181,RAIS 2025 - MTE,2025,2026-09-29
325015,1290.80,3381.61,OCUPACAO,2933,RAIS 2025 - MTE,2025,2026-09-29
325105,1413.93,4076.44,OCUPACAO,10366,RAIS 2025 - MTE,2025,2026-09-29
325110,1552.15,5221.20,OCUPACAO,5274,RAIS 2025 - MTE,2025,2026-09-29
325115,1646.46,6895.18,OCUPACAO,10206,RAIS 2025 - MTE,2025,2026-09-29
325205,1569.22,8754.63,OCUPACAO,7503,RAIS 2025 - MTE,2025,2026-09-29
325210,1527.57,5092.97,OCUPACAO,6353,RAIS 2025 - MTE,2025,2026-09-29
325305,1666.21,12753.71,OCUPACAO,466,RAIS 2025 - MTE,2025,2026-09-29
325310,1832.68,10784.96,OCUPACAO,90,RAIS 2025 - MTE,2025,2026-09-29
328105,1759.04,5738.81,OCUPACAO,238,RAIS 2025 - MTE,2025,2026-09-29
328110,1863.18,9813.64,OCUPACAO,118,RAIS 2025 - MTE,2025,2026-09-29
331105,1518.00,8393.99,OCUPACAO,40148,RAIS 2025 - MTE,2025,2026-09-29
331110,1180.74,3425.59,OCUPACAO,127514,RAIS 2025 - MTE,2025,2026-09-29
331205,1358.90,11473.05,OCUPACAO,34005,RAIS 2025 - MTE,2025,2026-09-29
331305,1042.10,16376.65,OCUPACAO,2753,RAIS 2025 - MTE,2025,2026-09-29
332105,1183.78,6287.14,OCUPACAO,3665,RAIS 2025 - MTE,2025,2026-09-29
332205,1081.06,7324.24,OCUPACAO,1984,RAIS 2025 - MTE,2025,2026-09-29
333105,1518.00,4220.62,OCUPACAO,37207,RAIS 2025 - MTE,2025,2026-09-29
333110,752.80,6631.97,OCUPACAO,18346,RAIS 2025 - MTE,2025,2026-09-29
333115,703.41,7953.62,OCUPACAO,8506,RAIS 2025 - MTE,2025,2026-09-29
334105,1264.00,3901.52,OCUPACAO,36802,RAIS 2025 - MTE,2025,2026-09-29
334110,1153.61,3824.20,OCUPACAO,34082,RAIS 2025 - MTE,2025,2026-09-29
334115,995.59,2371.50,OCUPACAO,19451,RAIS 2025 - MTE,2025,2026-09-29
341105,2555.89,41944.80,OCUPACAO,1009,RAIS 2025 - MTE,2025,2026-09-29
341110,3985.35,42919.22,OCUPACAO,674,RAIS 2025 - MTE,2025,2026-09-29
341115,2000.00,33620.39,OCUPACAO,74,RAIS 2025 - MTE,2025,2026-09-29
341120,2501.56,19021.40,OCUPACAO,1478,RAIS 2025 - MTE,2025,2026-09-29
341205,2918.79,27185.18,OCUPACAO,993,RAIS 2025 - MTE,2025,2026-09-29
341210,4102.32,26768.22,OCUPACAO,898,RAIS 2025 - MTE,2025,2026-09-29
341215,2488.66,12632.86,OCUPACAO,666,RAIS 2025 - MTE,2025,2026-09-29
341220,2462.10,5803.59,OCUPACAO,388,RAIS 2025 - MTE,2025,2026-09-29
341225,2724.95,8157.41,OCUPACAO,101,RAIS 2025 - MTE,2025,2026-09-29
341230,1551.73,12161.35,OCUPACAO,2217,RAIS 2025 - MTE,2025,2026-09-29
341235,1699.12,19852.65,FAMILIA,5408,RAIS 2025 - MTE,2025,2026-09-29
341240,1688.43,23116.45,OCUPACAO,43,RAIS 2025 - MTE,2025,2026-09-29
341245,1699.12,19852.65,FAMILIA,5408,RAIS 2025 - MTE,2025,2026-09-29
341250,1379.86,5297.88,OCUPACAO,78,RAIS 2025 - MTE,2025,2026-09-29
341305,1973.40,11715.17,OCUPACAO,1015,RAIS 2025 - MTE,2025,2026-09-29
341310,2567.79,22012.71,OCUPACAO,1915,RAIS 2025 - MTE,2025,2026-09-29
341315,2173.11,29787.62,OCUPACAO,383,RAIS 2025 - MTE,2025,2026-09-29
341320,1510.83,17109.10,OCUPACAO,91,RAIS 2025 - MTE,2025,2026-09-29
341325,1897.88,13970.07,OCUPACAO,108,RAIS 2025 - MTE,2025,2026-09-29
342105,1858.18,11882.45,OCUPACAO,7404,RAIS 2025 - MTE,2025,2026-09-29
342110,1686.99,10971.63,OCUPACAO,13288,RAIS 2025 - MTE,2025,2026-09-29
342115,1800.00,10309.40,OCUPACAO,6967,RAIS 2025 - MTE,2025,2026-09-29
342120,1604.53,6810.16,OCUPACAO,7058,RAIS 2025 - MTE,2025,2026-09-29
342125,1854.32,9726.40,OCUPACAO,66700,RAIS 2025 - MTE,2025,2026-09-29
342205,1482.71,6924.75,OCUPACAO,1490,RAIS 2025 - MTE,2025,2026-09-29
342210,1604.00,13666.63,OCUPACAO,781,RAIS 2025 - MTE,2025,2026-09-29
342215,2316.10,10615.29,OCUPACAO,1591,RAIS 2025 - MTE,2025,2026-09-29
342305,1907.10,9617.30,OCUPACAO,15021,RAIS 2025 - MTE,2025,2026-09-29
342310,1605.54,7822.45,OCUPACAO,11005,RAIS 2025 - MTE,2025,2026-09-29
342315,1870.44,9786.75,OCUPACAO,23740,RAIS 2025 - MTE,2025,2026-09-29
342405,1765.33,21190.68,OCUPACAO,6425,RAIS 2025 - MTE,2025,2026-09-29
342410,1742.50,21824.07,OCUPACAO,3313,RAIS 2025 - MTE,2025,2026-09-29
342505,2441.21,28424.45,OCUPACAO,1710,RAIS 2025 - MTE,2025,2026-09-29
342510,1670.66,13732.12,OCUPACAO,671,RAIS 2025 - MTE,2025,2026-09-29
342515,1935.45,4610.67,OCUPACAO,625,RAIS 2025 - MTE,2025,2026-09-29
342530,5058.14,34207.17,OCUPACAO,121,RAIS 2025 - MTE,2025,2026-09-29
342535,1758.37,5421.53,OCUPACAO,12511,RAIS 2025 - MTE,2025,2026-09-29
342540,2226.21,12935.19,OCUPACAO,1357,RAIS 2025 - MTE,2025,2026-09-29
342545,2379.23,21576.97,OCUPACAO,791,RAIS 2025 - MTE,2025,2026-09-29
342550,1394.65,3988.90,OCUPACAO,7045,RAIS 2025 - MTE,2025,2026-09-29
342555,1403.18,4031.97,OCUPACAO,245,RAIS 2025 - MTE,2025,2026-09-29
342560,1715.19,3828.53,OCUPACAO,615,RAIS 2025 - MTE,2025,2026-09-29
342605,1482.43,13679.83,OCUPACAO,600,RAIS 2025 - MTE,2025,2026-09-29
342610,2463.91,18907.70,OCUPACAO,4346,RAIS 2025 - MTE,2025,2026-09-29
351105,2106.40,16078.49,OCUPACAO,9310,RAIS 2025 - MTE,2025,2026-09-29
351110,2365.07,22246.87,OCUPACAO,1992,RAIS 2025 - MTE,2025,2026-09-29
351115,1757.38,15408.21,OCUPACAO,2568,RAIS 2025 - MTE,2025,2026-09-29
351305,1518.00,17819.94,OCUPACAO,23692,RAIS 2025 - MTE,2025,2026-09-29
351310,2016.65,11673.20,OCUPACAO,463,RAIS 2025 - MTE,2025,2026-09-29
351315,1609.08,13000.00,OCUPACAO,4955,RAIS 2025 - MTE,2025,2026-09-29
351405,1518.00,15000.00,OCUPACAO,45679,RAIS 2025 - MTE,2025,2026-09-29
351410,1677.73,14992.46,OCUPACAO,334,RAIS 2025 - MTE,2025,2026-09-29
351415,1518.00,19309.16,OCUPACAO,5335,RAIS 2025 - MTE,2025,2026-09-29
351420,1518.00,12642.56,FAMILIA,74268,RAIS 2025 - MTE,2025,2026-09-29
351425,1477.92,14380.56,OCUPACAO,334,RAIS 2025 - MTE,2025,2026-09-29
351430,1518.00,7314.08,OCUPACAO,22529,RAIS 2025 - MTE,2025,2026-09-29
351435,1459.48,6022.25,OCUPACAO,46,RAIS 2025 - MTE,2025,2026-09-29
351440,1518.00,12642.56,FAMILIA,74268,RAIS 2025 - MTE,2025,2026-09-29
351505,1518.00,7168.95,OCUPACAO,37078,RAIS 2025 - MTE,2025,2026-09-29
351510,1315.74,3944.17,OCUPACAO,1273,RAIS 2025 - MTE,2025,2026-09-29
351515,1518.00,7047.55,FAMILIA,38377,RAIS 2025 - MTE,2025,2026-09-29
351605,2095.07,11180.77,OCUPACAO,119352,RAIS 2025 - MTE,2025,2026-09-29
351610,1632.78,14317.62,OCUPACAO,218,RAIS 2025 - MTE,2025,2026-09-29
351705,2037.56,13576.54,OCUPACAO,8878,RAIS 2025 - MTE,2025,2026-09-29
351710,1810.55,9368.08,OCUPACAO,7598,RAIS 2025 - MTE,2025,2026-09-29
351715,1532.10,7973.18,OCUPACAO,8603,RAIS 2025 - MTE,2025,2026-09-29
351720,1607.70,7820.11,OCUPACAO,3011,RAIS 2025 - MTE,2025,2026-09-29
351725,1447.03,6451.59,OCUPACAO,5671,RAIS 2025 - MTE,2025,2026-09-29
351730,1518.00,8869.21,OCUPACAO,3570,RAIS 2025 - MTE,2025,2026-09-29
351735,2895.03,24959.20,OCUPACAO,267,RAIS 2025 - MTE,2025,2026-09-29
351740,1879.77,10480.00,OCUPACAO,4621,RAIS 2025 - MTE,2025,2026-09-29
351805,2518.30,48256.03,FAMILIA,46,RAIS 2025 - MTE,2025,2026-09-29
351810,2518.30,48256.03,FAMILIA,46,RAIS 2025 - MTE,2025,2026-09-29
351815,2518.30,48256.03,FAMILIA,46,RAIS 2025 - MTE,2025,2026-09-29
351905,2003.42,17062.06,OCUPACAO,175,RAIS 2025 - MTE,2025,2026-09-29
351910,1518.00,10987.87,OCUPACAO,208,RAIS 2025 - MTE,2025,2026-09-29
352205,1714.23,13459.43,OCUPACAO,15906,RAIS 2025 - MTE,2025,2026-09-29
352210,1800.00,12663.78,OCUPACAO,15414,RAIS 2025 - MTE,2025,2026-09-29
352305,1972.50,13659.73,OCUPACAO,3765,RAIS 2025 - MTE,2025,2026-09-29
352310,1700.00,13895.76,OCUPACAO,4372,RAIS 2025 - MTE,2025,2026-09-29
352315,2036.72,6165.34,OCUPACAO,151,RAIS 2025 - MTE,2025,2026-09-29
352320,1802.65,13724.78,FAMILIA,8312,RAIS 2025 - MTE,2025,2026-09-29
352405,1518.11,11598.51,OCUPACAO,136,RAIS 2025 - MTE,2025,2026-09-29
352410,1533.18,11924.08,OCUPACAO,218,RAIS 2025 - MTE,2025,2026-09-29
352420,1561.57,11847.38,FAMILIA,382,RAIS 2025 - MTE,2025,2026-09-29
353205,1893.50,15724.61,OCUPACAO,403,RAIS 2025 - MTE,2025,2026-09-29
353210,1518.00,10766.91,OCUPACAO,432,RAIS 2025 - MTE,2025,2026-09-29
353215,1708.37,19439.80,OCUPACAO,75,RAIS 2025 - MTE,2025,2026-09-29
353220,2003.98,9423.93,OCUPACAO,49,RAIS 2025 - MTE,2025,2026-09-29
353225,3035.64,24520.95,OCUPACAO,1009,RAIS 2025 - MTE,2025,2026-09-29
353230,1919.65,9946.07,OCUPACAO,3656,RAIS 2025 - MTE,2025,2026-09-29
353235,4430.31,17384.09,OCUPACAO,2191,RAIS 2025 - MTE,2025,2026-09-29
354120,1436.22,13417.00,OCUPACAO,56265,RAIS 2025 - MTE,2025,2026-09-29
354125,1512.00,7515.24,OCUPACAO,200842,RAIS 2025 - MTE,2025,2026-09-29
354130,1375.37,19818.02,OCUPACAO,44722,RAIS 2025 - MTE,2025,2026-09-29
354135,1981.35,22591.39,OCUPACAO,39295,RAIS 2025 - MTE,2025,2026-09-29
354140,1555.71,13474.40,OCUPACAO,35980,RAIS 2025 - MTE,2025,2026-09-29
354145,1518.00,16474.25,OCUPACAO,44315,RAIS 2025 - MTE,2025,2026-09-29
354150,4013.32,23126.39,OCUPACAO,24902,RAIS 2025 - MTE,2025,2026-09-29
354205,2112.88,13080.49,OCUPACAO,95310,RAIS 2025 - MTE,2025,2026-09-29
354210,2097.48,18609.68,OCUPACAO,12359,RAIS 2025 - MTE,2025,2026-09-29
354305,2728.34,15455.99,OCUPACAO,23462,RAIS 2025 - MTE,2025,2026-09-29
354405,2050.00,16338.37,OCUPACAO,126,RAIS 2025 - MTE,2025,2026-09-29
354410,1695.74,10978.44,OCUPACAO,1769,RAIS 2025 - MTE,2025,2026-09-29
354415,1596.73,8614.45,OCUPACAO,2110,RAIS 2025 - MTE,2025,2026-09-29
354505,1518.00,9649.24,OCUPACAO,1849,RAIS 2025 - MTE,2025,2026-09-29
354605,1518.00,10844.81,OCUPACAO,3464,RAIS 2025 - MTE,2025,2026-09-29
354610,1744.88,29598.40,OCUPACAO,39,RAIS 2025 - MTE,2025,2026-09-29
354705,1518.00,13331.23,OCUPACAO,2339,RAIS 2025 - MTE,2025,2026-09-29
354805,1532.96,9652.34,OCUPACAO,1210,RAIS 2025 - MTE,2025,2026-09-29
354810,1600.00,8656.19,OCUPACAO,6100,RAIS 2025 - MTE,2025,2026-09-29
354815,1518.00,8987.21,OCUPACAO,12648,RAIS 2025 - MTE,2025,2026-09-29
354820,1628.18,11471.58,OCUPACAO,7989,RAIS 2025 - MTE,2025,2026-09-29
354825,1465.80,11621.35,OCUPACAO,435,RAIS 2025 - MTE,2025,2026-09-29
371105,1414.46,4548.00,OCUPACAO,4157,RAIS 2025 - MTE,2025,2026-09-29
371110,1757.82,11036.65,OCUPACAO,360,RAIS 2025 - MTE,2025,2026-09-29
371205,1530.55,8199.30,FAMILIA,137,RAIS 2025 - MTE,2025,2026-09-29
371210,1538.49,8466.64,OCUPACAO,128,RAIS 2025 - MTE,2025,2026-09-29
371305,1570.56,9050.11,OCUPACAO,370,RAIS 2025 - MTE,2025,2026-09-29
371310,1518.00,13663.58,OCUPACAO,976,RAIS 2025 - MTE,2025,2026-09-29
371405,1365.24,4397.31,OCUPACAO,268,RAIS 2025 - MTE,2025,2026-09-29
371410,1199.78,3834.75,OCUPACAO,33353,RAIS 2025 - MTE,2025,2026-09-29
372105,1621.02,35743.50,OCUPACAO,96,RAIS 2025 - MTE,2025,2026-09-29
372110,1518.00,12414.13,OCUPACAO,480,RAIS 2025 - MTE,2025,2026-09-29
372115,1525.86,7493.70,OCUPACAO,5493,RAIS 2025 - MTE,2025,2026-09-29
372205,1472.18,15836.64,OCUPACAO,4979,RAIS 2025 - MTE,2025,2026-09-29
372210,1957.43,24187.87,OCUPACAO,100,RAIS 2025 - MTE,2025,2026-09-29
373105,1518.00,7209.44,OCUPACAO,6137,RAIS 2025 - MTE,2025,2026-09-29
373130,1682.40,11174.55,OCUPACAO,2695,RAIS 2025 - MTE,2025,2026-09-29
373135,1565.05,10182.19,OCUPACAO,1097,RAIS 2025 - MTE,2025,2026-09-29
373140,1897.06,17362.18,OCUPACAO,1212,RAIS 2025 - MTE,2025,2026-09-29
373145,1518.00,7771.79,OCUPACAO,2406,RAIS 2025 - MTE,2025,2026-09-29
373220,2000.00,19966.91,OCUPACAO,2484,RAIS 2025 - MTE,2025,2026-09-29
373225,2115.11,15538.97,OCUPACAO,769,RAIS 2025 - MTE,2025,2026-09-29
373230,2080.60,15435.52,OCUPACAO,424,RAIS 2025 - MTE,2025,2026-09-29
374105,1518.00,7027.27,OCUPACAO,1120,RAIS 2025 - MTE,2025,2026-09-29
374110,1518.00,5708.27,OCUPACAO,4629,RAIS 2025 - MTE,2025,2026-09-29
374115,1296.89,6744.58,OCUPACAO,96,RAIS 2025 - MTE,2025,2026-09-29
374120,1773.35,13384.81,OCUPACAO,149,RAIS 2025 - MTE,2025,2026-09-29
374125,1518.00,7462.94,OCUPACAO,1693,RAIS 2025 - MTE,2025,2026-09-29
374130,1565.16,9429.33,OCUPACAO,99,RAIS 2025 - MTE,2025,2026-09-29
374135,1665.15,12436.69,OCUPACAO,120,RAIS 2025 - MTE,2025,2026-09-29
374140,1518.00,7516.58,FAMILIA,8744,RAIS 2025 - MTE,2025,2026-09-29
374145,1518.00,8061.61,OCUPACAO,112,RAIS 2025 - MTE,2025,2026-09-29
374150,1545.31,14521.25,OCUPACAO,611,RAIS 2025 - MTE,2025,2026-09-29
374155,1285.25,8680.98,OCUPACAO,110,RAIS 2025 - MTE,2025,2026-09-29
374205,1576.05,12028.21,OCUPACAO,730,RAIS 2025 - MTE,2025,2026-09-29
374210,1620.18,10638.59,OCUPACAO,375,RAIS 2025 - MTE,2025,2026-09-29
374215,1649.68,8371.73,OCUPACAO,359,RAIS 2025 - MTE,2025,2026-09-29
374305,1562.25,10035.12,OCUPACAO,396,RAIS 2025 - MTE,2025,2026-09-29
374310,1625.47,5119.98,OCUPACAO,66,RAIS 2025 - MTE,2025,2026-09-29
374405,1600.96,10890.66,OCUPACAO,8274,RAIS 2025 - MTE,2025,2026-09-29
374410,1724.47,10986.47,OCUPACAO,111,RAIS 2025 - MTE,2025,2026-09-29
374415,1590.00,13000.00,OCUPACAO,481,RAIS 2025 - MTE,2025,2026-09-29
374420,1518.00,6326.89,OCUPACAO,2560,RAIS 2025 - MTE,2025,2026-09-29
374425,2295.41,16055.62,OCUPACAO,606,RAIS 2025 - MTE,2025,2026-09-29
375105,1529.43,9500.00,OCUPACAO,1656,RAIS 2025 - MTE,2025,2026-09-29
375110,1518.00,6382.00,OCUPACAO,1433,RAIS 2025 - MTE,2025,2026-09-29
375115,1550.97,8697.96,OCUPACAO,4691,RAIS 2025 - MTE,2025,2026-09-29
375120,1421.84,5055.92,OCUPACAO,1866,RAIS 2025 - MTE,2025,2026-09-29
375125,1561.99,7636.19,OCUPACAO,571,RAIS 2025 - MTE,2025,2026-09-29
375130,926.86,5457.77,OCUPACAO,120,RAIS 2025 - MTE,2025,2026-09-29
376105,1683.67,8217.78,OCUPACAO,42,RAIS 2025 - MTE,2025,2026-09-29
376110,949.27,4045.29,OCUPACAO,62,RAIS 2025 - MTE,2025,2026-09-29
376205,1518.00,6991.13,OCUPACAO,61,RAIS 2025 - MTE,2025,2026-09-29
376210,1518.00,6863.12,FAMILIA,208,RAIS 2025 - MTE,2025,2026-09-29
376215,1518.00,6863.12,FAMILIA,208,RAIS 2025 - MTE,2025,2026-09-29
376220,1518.00,6863.12,FAMILIA,208,RAIS 2025 - MTE,2025,2026-09-29
376225,1518.00,5210.59,OCUPACAO,53,RAIS 2025 - MTE,2025,2026-09-29
376230,1518.00,6863.12,FAMILIA,208,RAIS 2025 - MTE,2025,2026-09-29
376235,1619.68,4558.82,OCUPACAO,42,RAIS 2025 - MTE,2025,2026-09-29
376240,1518.00,6863.12,FAMILIA,208,RAIS 2025 - MTE,2025,2026-09-29
376245,1518.00,6863.12,FAMILIA,208,RAIS 2025 - MTE,2025,2026-09-29
376250,1518.00,6863.12,FAMILIA,208,RAIS 2025 - MTE,2025,2026-09-29
376255,1518.00,6863.12,FAMILIA,208,RAIS 2025 - MTE,2025,2026-09-29
376305,1400.00,7571.66,OCUPACAO,384,RAIS 2025 - MTE,2025,2026-09-29
376310,1178.00,32226.00,FAMILIA,1121,RAIS 2025 - MTE,2025,2026-09-29
376315,983.22,10588.11,OCUPACAO,127,RAIS 2025 - MTE,2025,2026-09-29
376320,1066.67,50721.96,OCUPACAO,539,RAIS 2025 - MTE,2025,2026-09-29
376325,1178.00,32226.00,FAMILIA,1121,RAIS 2025 - MTE,2025,2026-09-29
376330,1459.48,6522.60,OCUPACAO,44,RAIS 2025 - MTE,2025,2026-09-29
376405,1642.64,7641.05,FAMILIA,90,RAIS 2025 - MTE,2025,2026-09-29
376410,1688.00,6716.40,OCUPACAO,64,RAIS 2025 - MTE,2025,2026-09-29
376415,1642.64,7641.05,FAMILIA,90,RAIS 2025 - MTE,2025,2026-09-29
377105,816.39,9698.25,OCUPACAO,1018,RAIS 2025 - MTE,2025,2026-09-29
377110,1066.67,42388.33,OCUPACAO,6142,RAIS 2025 - MTE,2025,2026-09-29
377115,1957.11,17925.51,OCUPACAO,42,RAIS 2025 - MTE,2025,2026-09-29
377120,596.25,4093.48,OCUPACAO,466,RAIS 2025 - MTE,2025,2026-09-29
377125,1612.43,8910.66,OCUPACAO,86,RAIS 2025 - MTE,2025,2026-09-29
377130,946.22,30660.94,FAMILIA,7889,RAIS 2025 - MTE,2025,2026-09-29
377135,2208.34,15293.09,OCUPACAO,30,RAIS 2025 - MTE,2025,2026-09-29
377140,1123.63,5779.88,OCUPACAO,86,RAIS 2025 - MTE,2025,2026-09-29
377145,946.22,30660.94,FAMILIA,7889,RAIS 2025 - MTE,2025,2026-09-29
377205,1649.79,6470.43,OCUPACAO,37,RAIS 2025 - MTE,2025,2026-09-29
377210,1518.00,29449.24,FAMILIA,268,RAIS 2025 - MTE,2025,2026-09-29
377215,1518.00,29449.24,FAMILIA,268,RAIS 2025 - MTE,2025,2026-09-29
377220,1726.43,37754.25,OCUPACAO,177,RAIS 2025 - MTE,2025,2026-09-29
377225,1518.00,29449.24,FAMILIA,268,RAIS 2025 - MTE,2025,2026-09-29
377230,1518.00,29449.24,FAMILIA,268,RAIS 2025 - MTE,2025,2026-09-29
377235,1518.00,29449.24,FAMILIA,268,RAIS 2025 - MTE,2025,2026-09-29
377240,1518.00,29449.24,FAMILIA,268,RAIS 2025 - MTE,2025,2026-09-29
377245,1518.00,29449.24,FAMILIA,268,RAIS 2025 - MTE,2025,2026-09-29
391105,2433.31,13229.23,OCUPACAO,10466,RAIS 2025 - MTE,2025,2026-09-29
391110,1629.85,7315.86,OCUPACAO,751,RAIS 2025 - MTE,2025,2026-09-29
391115,1347.42,6030.52,OCUPACAO,50873,RAIS 2025 - MTE,2025,2026-09-29
391120,2195.00,15266.73,OCUPACAO,4258,RAIS 2025 - MTE,2025,2026-09-29
391125,2263.31,13409.20,OCUPACAO,74017,RAIS 2025 - MTE,2025,2026-09-29
391130,2343.18,14134.97,OCUPACAO,24827,RAIS 2025 - MTE,2025,2026-09-29
391135,2292.71,12390.16,OCUPACAO,7940,RAIS 2025 - MTE,2025,2026-09-29
391140,2500.00,13308.90,OCUPACAO,294,RAIS 2025 - MTE,2025,2026-09-29
391145,2086.35,12430.22,OCUPACAO,12079,RAIS 2025 - MTE,2025,2026-09-29
391205,1761.81,10855.46,OCUPACAO,128543,RAIS 2025 - MTE,2025,2026-09-29
391210,2085.06,12279.21,OCUPACAO,80288,RAIS 2025 - MTE,2025,2026-09-29
391215,1560.00,5757.32,OCUPACAO,40330,RAIS 2025 - MTE,2025,2026-09-29
391220,1987.02,12658.75,OCUPACAO,1703,RAIS 2025 - MTE,2025,2026-09-29
391225,1597.99,6123.57,OCUPACAO,294,RAIS 2025 - MTE,2025,2026-09-29
391230,2121.80,22186.11,OCUPACAO,1295,RAIS 2025 - MTE,2025,2026-09-29
395105,2587.29,22950.30,OCUPACAO,19432,RAIS 2025 - MTE,2025,2026-09-29
395110,2289.46,27147.56,OCUPACAO,2608,RAIS 2025 - MTE,2025,2026-09-29
410105,1864.66,14709.87,OCUPACAO,373089,RAIS 2025 - MTE,2025,2026-09-29
410205,1888.30,11650.70,OCUPACAO,26679,RAIS 2025 - MTE,2025,2026-09-29
410210,2378.71,20889.57,OCUPACAO,337,RAIS 2025 - MTE,2025,2026-09-29
410215,2170.10,14886.20,OCUPACAO,6038,RAIS 2025 - MTE,2025,2026-09-29
410220,1607.31,14734.83,OCUPACAO,4895,RAIS 2025 - MTE,2025,2026-09-29
410225,1543.59,17444.99,OCUPACAO,14786,RAIS 2025 - MTE,2025,2026-09-29
410230,2040.51,20579.46,OCUPACAO,5807,RAIS 2025 - MTE,2025,2026-09-29
410235,2106.33,17000.00,OCUPACAO,20286,RAIS 2025 - MTE,2025,2026-09-29
410240,2194.52,15713.54,OCUPACAO,43124,RAIS 2025 - MTE,2025,2026-09-29
411005,1495.14,4693.21,OCUPACAO,1204306,RAIS 2025 - MTE,2025,2026-09-29
411010,1518.00,6460.93,OCUPACAO,1437825,RAIS 2025 - MTE,2025,2026-09-29
411015,1518.00,5862.32,OCUPACAO,1147,RAIS 2025 - MTE,2025,2026-09-29
411020,1518.00,8179.45,OCUPACAO,1990,RAIS 2025 - MTE,2025,2026-09-29
411025,1518.00,6968.88,OCUPACAO,30387,RAIS 2025 - MTE,2025,2026-09-29
411030,1518.00,4710.31,OCUPACAO,60522,RAIS 2025 - MTE,2025,2026-09-29
411035,1581.80,7080.80,OCUPACAO,935,RAIS 2025 - MTE,2025,2026-09-29
411040,1518.00,5425.48,OCUPACAO,3746,RAIS 2025 - MTE,2025,2026-09-29
411045,1582.84,5840.10,OCUPACAO,11994,RAIS 2025 - MTE,2025,2026-09-29
411050,1518.00,8303.65,OCUPACAO,10462,RAIS 2025 - MTE,2025,2026-09-29
411055,1480.05,9484.37,OCUPACAO,1476,RAIS 2025 - MTE,2025,2026-09-29
412105,1518.00,5148.50,OCUPACAO,982,RAIS 2025 - MTE,2025,2026-09-29
412110,1352.49,4733.14,OCUPACAO,13489,RAIS 2025 - MTE,2025,2026-09-29
412115,1430.51,7602.51,OCUPACAO,502,RAIS 2025 - MTE,2025,2026-09-29
412120,1700.00,12110.89,OCUPACAO,2014,RAIS 2025 - MTE,2025,2026-09-29
412205,1272.63,3766.98,OCUPACAO,65588,RAIS 2025 - MTE,2025,2026-09-29
413105,2079.83,8188.74,OCUPACAO,34945,RAIS 2025 - MTE,2025,2026-09-29
413110,1594.11,6072.00,OCUPACAO,189325,RAIS 2025 - MTE,2025,2026-09-29
413115,1609.08,5753.47,OCUPACAO,77965,RAIS 2025 - MTE,2025,2026-09-29
413205,1578.32,6375.10,OCUPACAO,32972,RAIS 2025 - MTE,2025,2026-09-29
413210,1590.21,6092.96,OCUPACAO,28378,RAIS 2025 - MTE,2025,2026-09-29
413215,1616.01,9034.11,OCUPACAO,54,RAIS 2025 - MTE,2025,2026-09-29
413220,1756.76,19061.10,OCUPACAO,1318,RAIS 2025 - MTE,2025,2026-09-29
413225,4161.00,29834.19,OCUPACAO,191376,RAIS 2025 - MTE,2025,2026-09-29
413230,1484.34,10208.73,OCUPACAO,1160,RAIS 2025 - MTE,2025,2026-09-29
414105,1489.78,5341.10,OCUPACAO,377924,RAIS 2025 - MTE,2025,2026-09-29
414110,1220.28,4405.14,OCUPACAO,174583,RAIS 2025 - MTE,2025,2026-09-29
414115,1535.72,5364.82,OCUPACAO,24434,RAIS 2025 - MTE,2025,2026-09-29
414120,1488.24,5280.77,OCUPACAO,41092,RAIS 2025 - MTE,2025,2026-09-29
414125,1323.87,3929.76,OCUPACAO,172539,RAIS 2025 - MTE,2025,2026-09-29
414135,1471.59,5348.06,OCUPACAO,96192,RAIS 2025 - MTE,2025,2026-09-29
414140,1254.96,3960.57,OCUPACAO,276368,RAIS 2025 - MTE,2025,2026-09-29
414205,1612.50,6156.63,OCUPACAO,13811,RAIS 2025 - MTE,2025,2026-09-29
414210,1670.46,8387.35,OCUPACAO,72170,RAIS 2025 - MTE,2025,2026-09-29
414215,1518.00,4825.60,OCUPACAO,157797,RAIS 2025 - MTE,2025,2026-09-29
415105,1286.21,5000.00,OCUPACAO,7364,RAIS 2025 - MTE,2025,2026-09-29
415115,1282.77,12969.64,OCUPACAO,1713,RAIS 2025 - MTE,2025,2026-09-29
415120,1627.88,8743.35,OCUPACAO,153,RAIS 2025 - MTE,2025,2026-09-29
415125,1199.85,2999.00,OCUPACAO,448,RAIS 2025 - MTE,2025,2026-09-29
415130,1277.68,4026.64,OCUPACAO,3929,RAIS 2025 - MTE,2025,2026-09-29
415205,3328.92,8902.56,OCUPACAO,41783,RAIS 2025 - MTE,2025,2026-09-29
415210,1759.78,9286.22,OCUPACAO,9276,RAIS 2025 - MTE,2025,2026-09-29
415215,1262.23,3211.98,OCUPACAO,3045,RAIS 2025 - MTE,2025,2026-09-29
415305,1801.04,11509.15,FAMILIA,1879,RAIS 2025 - MTE,2025,2026-09-29
415310,1801.04,11563.92,OCUPACAO,1861,RAIS 2025 - MTE,2025,2026-09-29
420105,1547.72,5049.08,OCUPACAO,23285,RAIS 2025 - MTE,2025,2026-09-29
420110,1782.15,13347.44,OCUPACAO,6564,RAIS 2025 - MTE,2025,2026-09-29
420115,1518.00,12698.48,OCUPACAO,234,RAIS 2025 - MTE,2025,2026-09-29
420120,1742.88,10182.29,OCUPACAO,613,RAIS 2025 - MTE,2025,2026-09-29
420125,1711.57,7225.63,OCUPACAO,14132,RAIS 2025 - MTE,2025,2026-09-29
420130,1590.77,8032.50,OCUPACAO,571,RAIS 2025 - MTE,2025,2026-09-29
420135,1718.00,11309.98,OCUPACAO,42111,RAIS 2025 - MTE,2025,2026-09-29
421105,1380.00,8056.61,OCUPACAO,39249,RAIS 2025 - MTE,2025,2026-09-29
421110,1253.94,3358.48,OCUPACAO,5099,RAIS 2025 - MTE,2025,2026-09-29
421115,1036.00,2958.64,OCUPACAO,2174,RAIS 2025 - MTE,2025,2026-09-29
421120,1325.83,5928.37,OCUPACAO,7192,RAIS 2025 - MTE,2025,2026-09-29
421125,1297.45,3140.34,OCUPACAO,911620,RAIS 2025 - MTE,2025,2026-09-29
421205,1430.48,2959.04,OCUPACAO,16994,RAIS 2025 - MTE,2025,2026-09-29
421210,1518.00,4101.40,OCUPACAO,204,RAIS 2025 - MTE,2025,2026-09-29
421305,1514.84,5473.83,OCUPACAO,12854,RAIS 2025 - MTE,2025,2026-09-29
421310,1145.74,5285.52,OCUPACAO,57092,RAIS 2025 - MTE,2025,2026-09-29
421315,1389.91,7392.62,OCUPACAO,598,RAIS 2025 - MTE,2025,2026-09-29
422105,1295.10,3374.67,OCUPACAO,534191,RAIS 2025 - MTE,2025,2026-09-29
422110,1409.98,3240.36,OCUPACAO,135361,RAIS 2025 - MTE,2025,2026-09-29
422115,1484.74,3780.12,OCUPACAO,3402,RAIS 2025 - MTE,2025,2026-09-29
422120,1518.00,4491.77,OCUPACAO,44832,RAIS 2025 - MTE,2025,2026-09-29
422125,1380.46,3662.98,OCUPACAO,496,RAIS 2025 - MTE,2025,2026-09-29
422130,1518.00,5979.96,OCUPACAO,3203,RAIS 2025 - MTE,2025,2026-09-29
422205,1227.43,3741.93,OCUPACAO,22481,RAIS 2025 - MTE,2025,2026-09-29
422210,1050.24,2777.81,OCUPACAO,31352,RAIS 2025 - MTE,2025,2026-09-29
422220,1532.41,17349.83,OCUPACAO,2452,RAIS 2025 - MTE,2025,2026-09-29
422305,1055.94,3997.98,OCUPACAO,24302,RAIS 2025 - MTE,2025,2026-09-29
422310,1027.76,3012.92,OCUPACAO,246776,RAIS 2025 - MTE,2025,2026-09-29
422315,1127.04,3688.66,OCUPACAO,71068,RAIS 2025 - MTE,2025,2026-09-29
422320,1172.42,5340.15,OCUPACAO,17566,RAIS 2025 - MTE,2025,2026-09-29
422330,1451.43,3324.86,OCUPACAO,1177,RAIS 2025 - MTE,2025,2026-09-29
422335,1377.39,4686.59,OCUPACAO,8511,RAIS 2025 - MTE,2025,2026-09-29
423105,1517.19,5503.20,OCUPACAO,3964,RAIS 2025 - MTE,2025,2026-09-29
423110,1518.00,4357.17,OCUPACAO,567,RAIS 2025 - MTE,2025,2026-09-29
423115,1381.32,3753.30,OCUPACAO,6192,RAIS 2025 - MTE,2025,2026-09-29
424105,1319.55,4810.31,OCUPACAO,2133,RAIS 2025 - MTE,2025,2026-09-29
424110,1518.00,5250.04,OCUPACAO,559,RAIS 2025 - MTE,2025,2026-09-29
424115,1586.25,5455.78,OCUPACAO,882,RAIS 2025 - MTE,2025,2026-09-29
424120,1328.45,9213.36,OCUPACAO,1248,RAIS 2025 - MTE,2025,2026-09-29
424125,1518.00,9902.59,OCUPACAO,317,RAIS 2025 - MTE,2025,2026-09-29
424130,1372.31,2952.31,OCUPACAO,1399,RAIS 2025 - MTE,2025,2026-09-29
424205,1518.00,10771.36,OCUPACAO,113,RAIS 2025 - MTE,2025,2026-09-29
424210,753.41,4166.90,OCUPACAO,251,RAIS 2025 - MTE,2025,2026-09-29
510105,2041.68,12875.17,OCUPACAO,9695,RAIS 2025 - MTE,2025,2026-09-29
510110,1800.00,9336.87,OCUPACAO,8829,RAIS 2025 - MTE,2025,2026-09-29
510115,1747.98,6041.56,OCUPACAO,3785,RAIS 2025 - MTE,2025,2026-09-29
510120,1789.90,8555.88,OCUPACAO,2051,RAIS 2025 - MTE,2025,2026-09-29
510130,1637.57,6296.40,OCUPACAO,12037,RAIS 2025 - MTE,2025,2026-09-29
510135,1763.00,9461.38,OCUPACAO,12068,RAIS 2025 - MTE,2025,2026-09-29
510205,1721.22,7006.84,OCUPACAO,4399,RAIS 2025 - MTE,2025,2026-09-29
510305,2346.28,10934.51,OCUPACAO,990,RAIS 2025 - MTE,2025,2026-09-29
510310,2115.93,10113.46,OCUPACAO,17915,RAIS 2025 - MTE,2025,2026-09-29
511105,3638.41,14361.83,OCUPACAO,11708,RAIS 2025 - MTE,2025,2026-09-29
511110,1435.03,7229.25,OCUPACAO,686,RAIS 2025 - MTE,2025,2026-09-29
511115,2350.70,15785.22,OCUPACAO,2446,RAIS 2025 - MTE,2025,2026-09-29
511205,1446.98,7204.44,OCUPACAO,16807,RAIS 2025 - MTE,2025,2026-09-29
511210,1274.14,5477.50,OCUPACAO,10292,RAIS 2025 - MTE,2025,2026-09-29
511215,1481.01,4030.06,OCUPACAO,35491,RAIS 2025 - MTE,2025,2026-09-29
511220,1212.14,2879.99,OCUPACAO,2312,RAIS 2025 - MTE,2025,2026-09-29
511405,1518.00,5858.08,OCUPACAO,762,RAIS 2025 - MTE,2025,2026-09-29
511505,1103.57,4173.12,OCUPACAO,344,RAIS 2025 - MTE,2025,2026-09-29
511510,1728.78,5104.47,OCUPACAO,64,RAIS 2025 - MTE,2025,2026-09-29
511515,1220.99,4578.20,FAMILIA,432,RAIS 2025 - MTE,2025,2026-09-29
512105,1327.05,3296.16,OCUPACAO,17190,RAIS 2025 - MTE,2025,2026-09-29
512110,1497.70,4106.50,OCUPACAO,818,RAIS 2025 - MTE,2025,2026-09-29
512115,1212.66,3036.00,OCUPACAO,2421,RAIS 2025 - MTE,2025,2026-09-29
512120,1166.40,3205.91,OCUPACAO,237,RAIS 2025 - MTE,2025,2026-09-29
513105,1441.91,7889.75,OCUPACAO,835,RAIS 2025 - MTE,2025,2026-09-29
513110,1424.95,5895.85,OCUPACAO,755,RAIS 2025 - MTE,2025,2026-09-29
513115,1554.09,7132.51,OCUPACAO,8173,RAIS 2025 - MTE,2025,2026-09-29
513205,1355.95,4069.63,OCUPACAO,426144,RAIS 2025 - MTE,2025,2026-09-29
513210,1446.46,4171.18,OCUPACAO,2593,RAIS 2025 - MTE,2025,2026-09-29
513215,1481.93,4384.35,OCUPACAO,11637,RAIS 2025 - MTE,2025,2026-09-29
513220,1414.58,3745.38,OCUPACAO,9015,RAIS 2025 - MTE,2025,2026-09-29
513225,2074.14,15360.87,OCUPACAO,2392,RAIS 2025 - MTE,2025,2026-09-29
513305,1245.91,4449.31,OCUPACAO,469,RAIS 2025 - MTE,2025,2026-09-29
513310,1402.09,5185.67,OCUPACAO,356,RAIS 2025 - MTE,2025,2026-09-29
513315,1302.97,3261.87,OCUPACAO,89898,RAIS 2025 - MTE,2025,2026-09-29
513320,1498.08,4758.66,OCUPACAO,1179,RAIS 2025 - MTE,2025,2026-09-29
513325,1518.00,6396.35,OCUPACAO,109,RAIS 2025 - MTE,2025,2026-09-29
513405,1336.18,5349.71,OCUPACAO,180308,RAIS 2025 - MTE,2025,2026-09-29
513410,1518.00,8559.56,OCUPACAO,1833,RAIS 2025 - MTE,2025,2026-09-29
513415,1123.35,4221.49,OCUPACAO,23806,RAIS 2025 - MTE,2025,2026-09-29
513420,1342.78,5292.89,OCUPACAO,28116,RAIS 2025 - MTE,2025,2026-09-29
513425,1231.01,3293.56,OCUPACAO,94947,RAIS 2025 - MTE,2025,2026-09-29
513430,1300.27,3310.61,OCUPACAO,28365,RAIS 2025 - MTE,2025,2026-09-29
513435,1101.05,2987.15,OCUPACAO,345121,RAIS 2025 - MTE,2025,2026-09-29
513440,1241.69,3580.99,OCUPACAO,9427,RAIS 2025 - MTE,2025,2026-09-29
513505,1233.56,3123.58,OCUPACAO,474373,RAIS 2025 - MTE,2025,2026-09-29
513605,1419.42,4174.52,OCUPACAO,19042,RAIS 2025 - MTE,2025,2026-09-29
513610,1439.43,4071.75,OCUPACAO,25607,RAIS 2025 - MTE,2025,2026-09-29
513615,1518.00,4941.38,OCUPACAO,17060,RAIS 2025 - MTE,2025,2026-09-29
514105,1296.38,3721.14,OCUPACAO,4197,RAIS 2025 - MTE,2025,2026-09-29
514110,1320.72,4180.28,OCUPACAO,46333,RAIS 2025 - MTE,2025,2026-09-29
514115,1406.08,3321.73,OCUPACAO,1541,RAIS 2025 - MTE,2025,2026-09-29
514120,1384.90,5673.71,OCUPACAO,194907,RAIS 2025 - MTE,2025,2026-09-29
514205,1480.50,4114.79,OCUPACAO,55902,RAIS 2025 - MTE,2025,2026-09-29
514215,1382.56,4192.52,OCUPACAO,60900,RAIS 2025 - MTE,2025,2026-09-29
514225,1201.83,3476.41,OCUPACAO,258460,RAIS 2025 - MTE,2025,2026-09-29
514230,1382.51,3349.39,OCUPACAO,6790,RAIS 2025 - MTE,2025,2026-09-29
514305,1343.07,3149.58,OCUPACAO,5482,RAIS 2025 - MTE,2025,2026-09-29
514310,1373.76,4486.87,OCUPACAO,112519,RAIS 2025 - MTE,2025,2026-09-29
514315,1319.95,6115.39,OCUPACAO,2957,RAIS 2025 - MTE,2025,2026-09-29
514320,1171.48,2919.06,OCUPACAO,1570428,RAIS 2025 - MTE,2025,2026-09-29
514325,1329.00,4848.77,OCUPACAO,201890,RAIS 2025 - MTE,2025,2026-09-29
514330,1388.46,3944.15,OCUPACAO,4627,RAIS 2025 - MTE,2025,2026-09-29
515105,2511.50,5624.69,OCUPACAO,65026,RAIS 2025 - MTE,2025,2026-09-29
515110,1305.32,3364.08,OCUPACAO,19896,RAIS 2025 - MTE,2025,2026-09-29
515115,1622.24,5350.89,FAMILIA,113853,RAIS 2025 - MTE,2025,2026-09-29
515120,1518.00,7474.28,OCUPACAO,2926,RAIS 2025 - MTE,2025,2026-09-29
515125,1725.01,2303.60,OCUPACAO,5125,RAIS 2025 - MTE,2025,2026-09-29
515130,1680.81,2303.60,OCUPACAO,3192,RAIS 2025 - MTE,2025,2026-09-29
515135,1465.44,4959.27,OCUPACAO,8894,RAIS 2025 - MTE,2025,2026-09-29
515140,2753.88,6144.93,OCUPACAO,8780,RAIS 2025 - MTE,2025,2026-09-29
515205,1408.43,3725.60,OCUPACAO,4375,RAIS 2025 - MTE,2025,2026-09-29
515210,1398.47,3432.26,OCUPACAO,30158,RAIS 2025 - MTE,2025,2026-09-29
515215,1457.19,3867.74,OCUPACAO,41937,RAIS 2025 - MTE,2025,2026-09-29
515220,1567.40,5111.52,OCUPACAO,1356,RAIS 2025 - MTE,2025,2026-09-29
515225,1373.17,4402.85,OCUPACAO,14806,RAIS 2025 - MTE,2025,2026-09-29
515305,1382.54,4575.21,OCUPACAO,26558,RAIS 2025 - MTE,2025,2026-09-29
515310,1362.80,7827.94,OCUPACAO,7692,RAIS 2025 - MTE,2025,2026-09-29
515315,1280.67,4081.38,OCUPACAO,2155,RAIS 2025 - MTE,2025,2026-09-29
515320,1518.00,4751.50,OCUPACAO,75,RAIS 2025 - MTE,2025,2026-09-29
515325,1620.19,16150.40,OCUPACAO,11721,RAIS 2025 - MTE,2025,2026-09-29
515330,1464.29,3913.82,OCUPACAO,7746,RAIS 2025 - MTE,2025,2026-09-29
516105,1427.48,4035.55,OCUPACAO,387,RAIS 2025 - MTE,2025,2026-09-29
516110,1399.30,3896.54,OCUPACAO,8302,RAIS 2025 - MTE,2025,2026-09-29
516120,1254.30,2930.02,OCUPACAO,2246,RAIS 2025 - MTE,2025,2026-09-29
516125,1518.00,7867.42,OCUPACAO,550,RAIS 2025 - MTE,2025,2026-09-29
516130,1894.76,11720.97,OCUPACAO,221,RAIS 2025 - MTE,2025,2026-09-29
516145,1381.28,4527.47,FAMILIA,12104,RAIS 2025 - MTE,2025,2026-09-29
516150,1490.88,4153.14,OCUPACAO,344,RAIS 2025 - MTE,2025,2026-09-29
516155,1381.28,4527.47,FAMILIA,12104,RAIS 2025 - MTE,2025,2026-09-29
516205,1371.70,5000.14,OCUPACAO,7904,RAIS 2025 - MTE,2025,2026-09-29
516210,1237.88,3151.34,OCUPACAO,58507,RAIS 2025 - MTE,2025,2026-09-29
516215,1202.93,3744.60,OCUPACAO,5853,RAIS 2025 - MTE,2025,2026-09-29
516220,1035.00,3404.30,OCUPACAO,26008,RAIS 2025 - MTE,2025,2026-09-29
516305,1318.53,3389.03,OCUPACAO,9448,RAIS 2025 - MTE,2025,2026-09-29
516310,1374.95,3645.08,OCUPACAO,7922,RAIS 2025 - MTE,2025,2026-09-29
516315,1307.35,3529.47,OCUPACAO,675,RAIS 2025 - MTE,2025,2026-09-29
516320,1333.36,3733.24,OCUPACAO,1069,RAIS 2025 - MTE,2025,2026-09-29
516325,1368.73,3203.85,OCUPACAO,5392,RAIS 2025 - MTE,2025,2026-09-29
516330,1810.28,5850.20,OCUPACAO,1119,RAIS 2025 - MTE,2025,2026-09-29
516335,1347.65,3510.42,OCUPACAO,3719,RAIS 2025 - MTE,2025,2026-09-29
516340,1314.82,3173.96,OCUPACAO,2085,RAIS 2025 - MTE,2025,2026-09-29
516345,1231.21,3088.27,OCUPACAO,39187,RAIS 2025 - MTE,2025,2026-09-29
516405,1347.53,3257.25,OCUPACAO,2127,RAIS 2025 - MTE,2025,2026-09-29
516410,1265.14,2893.55,OCUPACAO,131,RAIS 2025 - MTE,2025,2026-09-29
516415,1460.75,3083.29,OCUPACAO,3149,RAIS 2025 - MTE,2025,2026-09-29
516505,1518.00,5537.96,OCUPACAO,16051,RAIS 2025 - MTE,2025,2026-09-29
516605,1568.18,5752.17,OCUPACAO,259,RAIS 2025 - MTE,2025,2026-09-29
516610,1514.72,4471.53,OCUPACAO,4680,RAIS 2025 - MTE,2025,2026-09-29
516705,,,SEM_DADOS,0,RAIS 2025 - MTE,2025,2026-09-29
516710,,,SEM_DADOS,0,RAIS 2025 - MTE,2025,2026-09-29
516805,,,SEM_DADOS,0,RAIS 2025 - MTE,2025,2026-09-29
516810,,,SEM_DADOS,0,RAIS 2025 - MTE,2025,2026-09-29
516905,1518.00,3658.89,FAMILIA,88,RAIS 2025 - MTE,2025,2026-09-29
516910,1518.00,3658.89,FAMILIA,88,RAIS 2025 - MTE,2025,2026-09-29
516915,1518.00,3605.84,OCUPACAO,67,RAIS 2025 - MTE,2025,2026-09-29
517105,2361.63,7625.42,OCUPACAO,2060,RAIS 2025 - MTE,2025,2026-09-29
517110,1994.95,6734.19,OCUPACAO,28332,RAIS 2025 - MTE,2025,2026-09-29
517115,1409.60,5292.65,OCUPACAO,5963,RAIS 2025 - MTE,2025,2026-09-29
517120,1675.73,4154.83,OCUPACAO,158,RAIS 2025 - MTE,2025,2026-09-29
517125,2558.32,8213.52,OCUPACAO,33,RAIS 2025 - MTE,2025,2026-09-29
517130,2304.48,6362.12,OCUPACAO,46,RAIS 2025 - MTE,2025,2026-09-29
517205,1641.17,17359.96,FAMILIA,16630,RAIS 2025 - MTE,2025,2026-09-29
517210,1641.17,17359.96,FAMILIA,16630,RAIS 2025 - MTE,2025,2026-09-29
517215,3004.43,15593.85,OCUPACAO,4934,RAIS 2025 - MTE,2025,2026-09-29
517220,1528.65,13477.28,OCUPACAO,10494,RAIS 2025 - MTE,2025,2026-09-29
517225,1641.17,17359.96,FAMILIA,16630,RAIS 2025 - MTE,2025,2026-09-29
517230,1984.74,7945.00,OCUPACAO,39,RAIS 2025 - MTE,2025,2026-09-29
517235,2972.86,37827.26,OCUPACAO,1160,RAIS 2025 - MTE,2025,2026-09-29
517305,1025.14,6830.90,OCUPACAO,550,RAIS 2025 - MTE,2025,2026-09-29
517310,1478.13,12212.17,OCUPACAO,15909,RAIS 2025 - MTE,2025,2026-09-29
517320,1578.72,5264.58,OCUPACAO,1629,RAIS 2025 - MTE,2025,2026-09-29
517325,1515.65,6024.73,OCUPACAO,311,RAIS 2025 - MTE,2025,2026-09-29
517330,1669.73,4525.65,OCUPACAO,517620,RAIS 2025 - MTE,2025,2026-09-29
517405,1348.15,3820.49,OCUPACAO,9805,RAIS 2025 - MTE,2025,2026-09-29
517410,1366.20,4288.59,OCUPACAO,557036,RAIS 2025 - MTE,2025,2026-09-29
517415,1232.30,3442.80,OCUPACAO,55525,RAIS 2025 - MTE,2025,2026-09-29
517420,1383.47,4268.85,OCUPACAO,203836,RAIS 2025 - MTE,2025,2026-09-29
517425,1278.23,3383.24,OCUPACAO,99789,RAIS 2025 - MTE,2025,2026-09-29
519105,1214.40,2847.67,OCUPACAO,5290,RAIS 2025 - MTE,2025,2026-09-29
519110,1402.17,3458.30,OCUPACAO,120456,RAIS 2025 - MTE,2025,2026-09-29
519115,1250.06,3256.41,OCUPACAO,1128,RAIS 2025 - MTE,2025,2026-09-29
519205,1281.43,3480.02,OCUPACAO,2688,RAIS 2025 - MTE,2025,2026-09-29
519210,1292.06,3443.49,OCUPACAO,11744,RAIS 2025 - MTE,2025,2026-09-29
519215,1337.85,4205.02,OCUPACAO,3298,RAIS 2025 - MTE,2025,2026-09-29
519305,1518.00,3644.00,OCUPACAO,11355,RAIS 2025 - MTE,2025,2026-09-29
519310,1500.97,3336.50,OCUPACAO,3027,RAIS 2025 - MTE,2025,2026-09-29
519315,1387.18,2963.21,OCUPACAO,10709,RAIS 2025 - MTE,2025,2026-09-29
519320,1495.46,3909.26,OCUPACAO,9522,RAIS 2025 - MTE,2025,2026-09-29
519805,,,SEM_DADOS,0,RAIS 2025 - MTE,2025,2026-09-29
519905,1371.50,4123.16,OCUPACAO,8659,RAIS 2025 - MTE,2025,2026-09-29
519910,1551.47,4838.54,OCUPACAO,14971,RAIS 2025 - MTE,2025,2026-09-29
519915,1174.28,3696.26,OCUPACAO,53,RAIS 2025 - MTE,2025,2026-09-29
519920,1062.25,3423.27,OCUPACAO,629,RAIS 2025 - MTE,2025,2026-09-29
519925,1142.66,3431.98,OCUPACAO,16640,RAIS 2025 - MTE,2025,2026-09-29
519930,1172.70,3325.77,OCUPACAO,1559,RAIS 2025 - MTE,2025,2026-09-29
519935,1251.76,3445.30,OCUPACAO,55468,RAIS 2025 - MTE,2025,2026-09-29
519940,1247.79,3831.61,OCUPACAO,30901,RAIS 2025 - MTE,2025,2026-09-29
519945,1000.41,3264.16,OCUPACAO,357,RAIS 2025 - MTE,2025,2026-09-29
520105,1798.93,15231.73,OCUPACAO,17252,RAIS 2025 - MTE,2025,2026-09-29
520110,1866.67,17336.16,OCUPACAO,146838,RAIS 2025 - MTE,2025,2026-09-29
521105,1530.45,11999.84,OCUPACAO,138686,RAIS 2025 - MTE,2025,2026-09-29
521110,1462.74,7448.91,OCUPACAO,1702265,RAIS 2025 - MTE,2025,2026-09-29
521115,1219.30,4050.53,OCUPACAO,238068,RAIS 2025 - MTE,2025,2026-09-29
521120,1351.32,4973.86,OCUPACAO,18120,RAIS 2025 - MTE,2025,2026-09-29
521125,1168.95,2893.26,OCUPACAO,508081,RAIS 2025 - MTE,2025,2026-09-29
521130,1388.75,3517.66,OCUPACAO,214008,RAIS 2025 - MTE,2025,2026-09-29
521135,1581.01,3506.77,OCUPACAO,296300,RAIS 2025 - MTE,2025,2026-09-29
521140,1209.91,2989.10,OCUPACAO,695131,RAIS 2025 - MTE,2025,2026-09-29
523105,1518.00,4922.04,OCUPACAO,4863,RAIS 2025 - MTE,2025,2026-09-29
523110,1465.76,4900.00,OCUPACAO,11480,RAIS 2025 - MTE,2025,2026-09-29
523115,1510.39,4066.37,OCUPACAO,1895,RAIS 2025 - MTE,2025,2026-09-29
523120,1518.00,4502.39,OCUPACAO,1846,RAIS 2025 - MTE,2025,2026-09-29
523125,1433.01,3073.08,OCUPACAO,711,RAIS 2025 - MTE,2025,2026-09-29
524105,1315.60,12374.83,OCUPACAO,45079,RAIS 2025 - MTE,2025,2026-09-29
524205,1355.11,3558.69,OCUPACAO,1809,RAIS 2025 - MTE,2025,2026-09-29
524210,1269.36,3153.90,OCUPACAO,374,RAIS 2025 - MTE,2025,2026-09-29
524215,1411.33,9142.88,OCUPACAO,1458,RAIS 2025 - MTE,2025,2026-09-29
524305,1467.01,6146.59,OCUPACAO,2121,RAIS 2025 - MTE,2025,2026-09-29
524310,955.96,4156.56,OCUPACAO,36,RAIS 2025 - MTE,2025,2026-09-29
524315,1448.61,6108.78,FAMILIA,2159,RAIS 2025 - MTE,2025,2026-09-29
611005,1449.29,4015.65,OCUPACAO,2572,RAIS 2025 - MTE,2025,2026-09-29
612005,1467.40,4739.89,OCUPACAO,2661,RAIS 2025 - MTE,2025,2026-09-29
612105,1518.00,4553.70,OCUPACAO,46,RAIS 2025 - MTE,2025,2026-09-29
612110,1518.00,5130.48,OCUPACAO,65,RAIS 2025 - MTE,2025,2026-09-29
612115,1518.00,4523.11,FAMILIA,315,RAIS 2025 - MTE,2025,2026-09-29
612120,1512.47,3469.94,OCUPACAO,117,RAIS 2025 - MTE,2025,2026-09-29
612125,1518.00,4566.54,OCUPACAO,70,RAIS 2025 - MTE,2025,2026-09-29
612205,,,SEM_DADOS,0,RAIS 2025 - MTE,2025,2026-09-29
612210,,,SEM_DADOS,0,RAIS 2025 - MTE,2025,2026-09-29
612215,,,SEM_DADOS,0,RAIS 2025 - MTE,2025,2026-09-29
612220,,,SEM_DADOS,0,RAIS 2025 - MTE,2025,2026-09-29
612225,,,SEM_DADOS,0,RAIS 2025 - MTE,2025,2026-09-29
612305,1518.00,5230.31,OCUPACAO,203,RAIS 2025 - MTE,2025,2026-09-29
612310,1353.55,3586.00,OCUPACAO,36,RAIS 2025 - MTE,2025,2026-09-29
612315,1368.96,3450.69,OCUPACAO,87,RAIS 2025 - MTE,2025,2026-09-29
612320,1518.00,3461.07,OCUPACAO,68,RAIS 2025 - MTE,2025,2026-09-29
612405,1518.00,3829.87,OCUPACAO,50,RAIS 2025 - MTE,2025,2026-09-29
612410,1392.04,5487.48,FAMILIA,290,RAIS 2025 - MTE,2025,2026-09-29
612415,1392.04,5487.48,FAMILIA,290,RAIS 2025 - MTE,2025,2026-09-29
612420,1332.83,6069.12,OCUPACAO,208,RAIS 2025 - MTE,2025,2026-09-29
612505,1518.00,5843.06,OCUPACAO,417,RAIS 2025 - MTE,2025,2026-09-29
612510,1518.00,4149.64,OCUPACAO,53,RAIS 2025 - MTE,2025,2026-09-29
612515,1513.39,3309.99,OCUPACAO,32,RAIS 2025 - MTE,2025,2026-09-29
612605,1113.20,4322.63,FAMILIA,52,RAIS 2025 - MTE,2025,2026-09-29
612610,1077.78,2212.85,OCUPACAO,34,RAIS 2025 - MTE,2025,2026-09-29
612615,1113.20,4322.63,FAMILIA,52,RAIS 2025 - MTE,2025,2026-09-29
612620,1113.20,4322.63,FAMILIA,52,RAIS 2025 - MTE,2025,2026-09-29
612625,1113.20,4322.63,FAMILIA,52,RAIS 2025 - MTE,2025,2026-09-29
612705,1518.00,6333.26,FAMILIA,51,RAIS 2025 - MTE,2025,2026-09-29
612710,1518.00,6333.26,FAMILIA,51,RAIS 2025 - MTE,2025,2026-09-29
612715,1518.00,6333.26,FAMILIA,51,RAIS 2025 - MTE,2025,2026-09-29
612720,1518.00,6333.26,FAMILIA,51,RAIS 2025 - MTE,2025,2026-09-29
612725,1518.00,6333.26,FAMILIA,51,RAIS 2025 - MTE,2025,2026-09-29
612730,1518.00,6333.26,FAMILIA,51,RAIS 2025 - MTE,2025,2026-09-29
612735,1518.00,6333.26,FAMILIA,51,RAIS 2025 - MTE,2025,2026-09-29
612740,1518.00,6333.26,FAMILIA,51,RAIS 2025 - MTE,2025,2026-09-29
612805,,,SEM_DADOS,0,RAIS 2025 - MTE,2025,2026-09-29
612810,,,SEM_DADOS,0,RAIS 2025 - MTE,2025,2026-09-29
613005,1518.00,3438.98,OCUPACAO,282,RAIS 2025 - MTE,2025,2026-09-29
613010,1262.76,3428.30,OCUPACAO,120,RAIS 2025 - MTE,2025,2026-09-29
613105,1037.30,1828.70,OCUPACAO,71,RAIS 2025 - MTE,2025,2026-09-29
613110,1518.00,4555.04,OCUPACAO,556,RAIS 2025 - MTE,2025,2026-09-29
613115,1518.00,4298.39,OCUPACAO,400,RAIS 2025 - MTE,2025,2026-09-29
613120,1518.00,4485.09,OCUPACAO,48,RAIS 2025 - MTE,2025,2026-09-29
613125,1518.00,4400.02,FAMILIA,1140,RAIS 2025 - MTE,2025,2026-09-29
613130,1686.56,4754.86,OCUPACAO,56,RAIS 2025 - MTE,2025,2026-09-29
613205,1495.23,4539.62,FAMILIA,372,RAIS 2025 - MTE,2025,2026-09-29
613210,1518.00,5717.86,OCUPACAO,34,RAIS 2025 - MTE,2025,2026-09-29
613215,1444.63,4514.05,OCUPACAO,332,RAIS 2025 - MTE,2025,2026-09-29
613305,1436.19,4000.00,OCUPACAO,2876,RAIS 2025 - MTE,2025,2026-09-29
613310,1442.30,4000.00,FAMILIA,2887,RAIS 2025 - MTE,2025,2026-09-29
613405,1518.00,4058.00,OCUPACAO,93,RAIS 2025 - MTE,2025,2026-09-29
613410,1518.00,4433.33,FAMILIA,124,RAIS 2025 - MTE,2025,2026-09-29
613415,1518.00,4433.33,FAMILIA,124,RAIS 2025 - MTE,2025,2026-09-29
613420,1518.00,4433.33,FAMILIA,124,RAIS 2025 - MTE,2025,2026-09-29
620105,1852.43,12254.03,OCUPACAO,31595,RAIS 2025 - MTE,2025,2026-09-29
620110,1878.65,10800.43,OCUPACAO,10677,RAIS 2025 - MTE,2025,2026-09-29
620115,1850.82,8755.58,OCUPACAO,8544,RAIS 2025 - MTE,2025,2026-09-29
621005,1425.65,4216.67,OCUPACAO,318543,RAIS 2025 - MTE,2025,2026-09-29
622005,1518.00,3848.81,OCUPACAO,15458,RAIS 2025 - MTE,2025,2026-09-29
622010,1291.43,3629.52,OCUPACAO,61013,RAIS 2025 - MTE,2025,2026-09-29
622015,1272.17,3904.45,OCUPACAO,10067,RAIS 2025 - MTE,2025,2026-09-29
622020,1287.48,4749.64,OCUPACAO,148528,RAIS 2025 - MTE,2025,2026-09-29
622105,1845.22,5260.13,OCUPACAO,3569,RAIS 2025 - MTE,2025,2026-09-29
622110,1232.13,4229.61,OCUPACAO,92810,RAIS 2025 - MTE,2025,2026-09-29
622115,1518.00,4121.46,OCUPACAO,1566,RAIS 2025 - MTE,2025,2026-09-29
622120,1521.37,6164.53,OCUPACAO,183,RAIS 2025 - MTE,2025,2026-09-29
622205,1048.94,4731.71,OCUPACAO,354,RAIS 2025 - MTE,2025,2026-09-29
622210,1389.36,3474.91,OCUPACAO,111,RAIS 2025 - MTE,2025,2026-09-29
622215,1154.91,4567.40,FAMILIA,469,RAIS 2025 - MTE,2025,2026-09-29
622305,1518.00,3782.85,OCUPACAO,1200,RAIS 2025 - MTE,2025,2026-09-29
622310,1344.00,3453.90,OCUPACAO,2449,RAIS 2025 - MTE,2025,2026-09-29
622315,1228.68,4680.93,OCUPACAO,2908,RAIS 2025 - MTE,2025,2026-09-29
622320,1430.55,3128.49,OCUPACAO,2451,RAIS 2025 - MTE,2025,2026-09-29
622405,1402.90,3297.51,OCUPACAO,2945,RAIS 2025 - MTE,2025,2026-09-29
622410,1498.00,4191.87,OCUPACAO,1295,RAIS 2025 - MTE,2025,2026-09-29
622415,1643.00,3287.31,OCUPACAO,62,RAIS 2025 - MTE,2025,2026-09-29
622420,1175.23,3425.94,OCUPACAO,3541,RAIS 2025 - MTE,2025,2026-09-29
622425,1445.35,4125.69,OCUPACAO,6191,RAIS 2025 - MTE,2025,2026-09-29
622505,1153.40,4608.06,OCUPACAO,73145,RAIS 2025 - MTE,2025,2026-09-29
622510,1153.79,3442.16,OCUPACAO,8444,RAIS 2025 - MTE,2025,2026-09-29
622515,961.61,2482.96,OCUPACAO,9800,RAIS 2025 - MTE,2025,2026-09-29
622605,1416.80,2334.84,OCUPACAO,3329,RAIS 2025 - MTE,2025,2026-09-29
622610,1195.44,3509.26,OCUPACAO,10918,RAIS 2025 - MTE,2025,2026-09-29
622615,1518.00,4292.66,OCUPACAO,492,RAIS 2025 - MTE,2025,2026-09-29
622620,1378.22,2171.03,OCUPACAO,1135,RAIS 2025 - MTE,2025,2026-09-29
622625,1300.34,3546.63,OCUPACAO,252,RAIS 2025 - MTE,2025,2026-09-29
622705,1477.35,7245.53,OCUPACAO,58,RAIS 2025 - MTE,2025,2026-09-29
622710,1006.58,3976.95,FAMILIA,9379,RAIS 2025 - MTE,2025,2026-09-29
622715,1188.94,4272.87,OCUPACAO,668,RAIS 2025 - MTE,2025,2026-09-29
622720,934.25,2645.01,OCUPACAO,6508,RAIS 2025 - MTE,2025,2026-09-29
622725,1006.58,3976.95,FAMILIA,9379,RAIS 2025 - MTE,2025,2026-09-29
622730,1518.00,5561.24,OCUPACAO,2128,RAIS 2025 - MTE,2025,2026-09-29
622735,1006.58,3976.95,FAMILIA,9379,RAIS 2025 - MTE,2025,2026-09-29
622740,1006.58,3976.95,FAMILIA,9379,RAIS 2025 - MTE,2025,2026-09-29
622805,1449.59,3723.37,OCUPACAO,232,RAIS 2025 - MTE,2025,2026-09-29
622810,1518.00,5393.56,OCUPACAO,200,RAIS 2025 - MTE,2025,2026-09-29
623005,1518.00,6368.73,OCUPACAO,1682,RAIS 2025 - MTE,2025,2026-09-29
623010,1518.00,6172.22,OCUPACAO,498,RAIS 2025 - MTE,2025,2026-09-29
623015,1518.00,4664.05,OCUPACAO,26078,RAIS 2025 - MTE,2025,2026-09-29
623020,1518.00,4431.70,OCUPACAO,11392,RAIS 2025 - MTE,2025,2026-09-29
623025,1747.20,7141.23,OCUPACAO,33,RAIS 2025 - MTE,2025,2026-09-29
623030,1518.00,4701.09,FAMILIA,39703,RAIS 2025 - MTE,2025,2026-09-29
623105,1518.00,4556.15,OCUPACAO,1826,RAIS 2025 - MTE,2025,2026-09-29
623110,1518.00,4276.19,OCUPACAO,77425,RAIS 2025 - MTE,2025,2026-09-29
623115,1518.00,4288.87,OCUPACAO,18684,RAIS 2025 - MTE,2025,2026-09-29
623120,1518.00,4342.69,OCUPACAO,859,RAIS 2025 - MTE,2025,2026-09-29
623125,1518.00,5558.31,OCUPACAO,3726,RAIS 2025 - MTE,2025,2026-09-29
623205,1518.00,3654.00,OCUPACAO,92,RAIS 2025 - MTE,2025,2026-09-29
623210,1380.00,4500.00,OCUPACAO,401,RAIS 2025 - MTE,2025,2026-09-29
623215,1518.00,4617.73,OCUPACAO,19318,RAIS 2025 - MTE,2025,2026-09-29
623305,1224.27,3858.69,OCUPACAO,24895,RAIS 2025 - MTE,2025,2026-09-29
623310,1315.60,3896.31,OCUPACAO,33682,RAIS 2025 - MTE,2025,2026-09-29
623315,1376.18,4040.53,OCUPACAO,4908,RAIS 2025 - MTE,2025,2026-09-29
623320,1278.35,3896.15,FAMILIA,63913,RAIS 2025 - MTE,2025,2026-09-29
623325,1486.13,3138.51,OCUPACAO,402,RAIS 2025 - MTE,2025,2026-09-29
623405,1185.75,5098.83,OCUPACAO,168,RAIS 2025 - MTE,2025,2026-09-29
623410,1383.50,3142.92,OCUPACAO,239,RAIS 2025 - MTE,2025,2026-09-29
623415,1518.00,3486.23,OCUPACAO,54,RAIS 2025 - MTE,2025,2026-09-29
623420,1433.64,6058.59,OCUPACAO,244,RAIS 2025 - MTE,2025,2026-09-29
630105,1542.30,13183.59,OCUPACAO,691,RAIS 2025 - MTE,2025,2026-09-29
630110,1906.34,12616.00,OCUPACAO,7505,RAIS 2025 - MTE,2025,2026-09-29
631005,1349.08,3395.40,FAMILIA,166,RAIS 2025 - MTE,2025,2026-09-29
631010,1349.08,3395.40,FAMILIA,166,RAIS 2025 - MTE,2025,2026-09-29
631015,1349.08,3395.40,FAMILIA,166,RAIS 2025 - MTE,2025,2026-09-29
631020,1518.00,3578.64,OCUPACAO,134,RAIS 2025 - MTE,2025,2026-09-29
631105,1358.45,4087.70,OCUPACAO,64,RAIS 2025 - MTE,2025,2026-09-29
631205,1400.60,3715.83,OCUPACAO,417,RAIS 2025 - MTE,2025,2026-09-29
631210,1821.60,3629.72,OCUPACAO,2494,RAIS 2025 - MTE,2025,2026-09-29
631305,1301.74,2657.42,OCUPACAO,1936,RAIS 2025 - MTE,2025,2026-09-29
631310,1336.15,3651.10,FAMILIA,4880,RAIS 2025 - MTE,2025,2026-09-29
631315,1336.15,3651.10,FAMILIA,4880,RAIS 2025 - MTE,2025,2026-09-29
631320,1518.00,3589.00,OCUPACAO,49,RAIS 2025 - MTE,2025,2026-09-29
631325,1344.60,3948.76,OCUPACAO,2870,RAIS 2025 - MTE,2025,2026-09-29
631330,1336.15,3651.10,FAMILIA,4880,RAIS 2025 - MTE,2025,2026-09-29
631335,1336.15,3651.10,FAMILIA,4880,RAIS 2025 - MTE,2025,2026-09-29
631405,1063.17,2804.79,OCUPACAO,66,RAIS 2025 - MTE,2025,2026-09-29
631410,1610.80,2827.43,OCUPACAO,55,RAIS 2025 - MTE,2025,2026-09-29
631415,1290.46,4233.89,OCUPACAO,104,RAIS 2025 - MTE,2025,2026-09-29
631420,1518.00,4276.72,OCUPACAO,186,RAIS 2025 - MTE,2025,2026-09-29
632005,1237.74,4083.13,OCUPACAO,502,RAIS 2025 - MTE,2025,2026-09-29
632010,1261.33,3921.70,FAMILIA,4206,RAIS 2025 - MTE,2025,2026-09-29
632015,1264.83,3869.56,OCUPACAO,3698,RAIS 2025 - MTE,2025,2026-09-29
632105,1367.18,4101.78,OCUPACAO,425,RAIS 2025 - MTE,2025,2026-09-29
632110,1571.65,5653.63,OCUPACAO,623,RAIS 2025 - MTE,2025,2026-09-29
632115,1409.94,4703.41,OCUPACAO,1437,RAIS 2025 - MTE,2025,2026-09-29
632120,1393.97,3996.44,OCUPACAO,13715,RAIS 2025 - MTE,2025,2026-09-29
632125,1138.09,3280.81,OCUPACAO,32212,RAIS 2025 - MTE,2025,2026-09-29
632205,1350.37,3641.59,OCUPACAO,1443,RAIS 2025 - MTE,2025,2026-09-29
632210,1319.29,3638.48,OCUPACAO,44,RAIS 2025 - MTE,2025,2026-09-29
632215,1138.19,4156.86,OCUPACAO,4355,RAIS 2025 - MTE,2025,2026-09-29
632305,1383.37,3936.44,FAMILIA,210,RAIS 2025 - MTE,2025,2026-09-29
632310,1518.45,4830.65,OCUPACAO,42,RAIS 2025 - MTE,2025,2026-09-29
632315,1383.37,3936.44,FAMILIA,210,RAIS 2025 - MTE,2025,2026-09-29
632320,1383.37,3936.44,FAMILIA,210,RAIS 2025 - MTE,2025,2026-09-29
632325,1455.92,2083.40,OCUPACAO,82,RAIS 2025 - MTE,2025,2026-09-29
632330,1341.17,2166.62,OCUPACAO,41,RAIS 2025 - MTE,2025,2026-09-29
632335,1383.37,3936.44,FAMILIA,210,RAIS 2025 - MTE,2025,2026-09-29
632340,1383.37,3936.44,FAMILIA,210,RAIS 2025 - MTE,2025,2026-09-29
632345,1383.37,3936.44,FAMILIA,210,RAIS 2025 - MTE,2025,2026-09-29
632350,1383.37,3936.44,FAMILIA,210,RAIS 2025 - MTE,2025,2026-09-29
632355,1383.37,3936.44,FAMILIA,210,RAIS 2025 - MTE,2025,2026-09-29
632360,1383.37,3936.44,FAMILIA,210,RAIS 2025 - MTE,2025,2026-09-29
632365,1383.37,3936.44,FAMILIA,210,RAIS 2025 - MTE,2025,2026-09-29
632370,1383.37,3936.44,FAMILIA,210,RAIS 2025 - MTE,2025,2026-09-29
632405,1238.92,2733.29,OCUPACAO,188,RAIS 2025 - MTE,2025,2026-09-29
632410,759.00,2898.15,OCUPACAO,247,RAIS 2025 - MTE,2025,2026-09-29
632415,759.00,2800.13,FAMILIA,512,RAIS 2025 - MTE,2025,2026-09-29
632420,509.74,2477.12,OCUPACAO,77,RAIS 2025 - MTE,2025,2026-09-29
632505,1518.00,5918.40,OCUPACAO,83,RAIS 2025 - MTE,2025,2026-09-29
632510,1308.58,4833.78,FAMILIA,278,RAIS 2025 - MTE,2025,2026-09-29
632515,1149.04,3829.16,OCUPACAO,144,RAIS 2025 - MTE,2025,2026-09-29
632520,1308.58,4833.78,FAMILIA,278,RAIS 2025 - MTE,2025,2026-09-29
632525,1308.58,4833.78,FAMILIA,278,RAIS 2025 - MTE,2025,2026-09-29
632605,1168.52,4348.72,OCUPACAO,2373,RAIS 2025 - MTE,2025,2026-09-29
632610,1498.21,5038.67,OCUPACAO,1419,RAIS 2025 - MTE,2025,2026-09-29
632615,1095.78,3853.75,OCUPACAO,3713,RAIS 2025 - MTE,2025,2026-09-29
641005,2088.00,7389.73,OCUPACAO,15599,RAIS 2025 - MTE,2025,2026-09-29
641010,1700.12,6755.53,OCUPACAO,86852,RAIS 2025 - MTE,2025,2026-09-29
641015,1669.80,5775.85,OCUPACAO,164546,RAIS 2025 - MTE,2025,2026-09-29
642005,2064.95,10333.15,OCUPACAO,7769,RAIS 2025 - MTE,2025,2026-09-29
642010,1780.63,7412.09,OCUPACAO,4272,RAIS 2025 - MTE,2025,2026-09-29
642015,1550.56,6964.29,OCUPACAO,10283,RAIS 2025 - MTE,2025,2026-09-29
643005,1518.00,6355.68,OCUPACAO,2620,RAIS 2025 - MTE,2025,2026-09-29
643010,1595.37,7181.59,OCUPACAO,3022,RAIS 2025 - MTE,2025,2026-09-29
643015,1324.67,6426.37,OCUPACAO,902,RAIS 2025 - MTE,2025,2026-09-29
643020,1523.09,6226.72,OCUPACAO,771,RAIS 2025 - MTE,2025,2026-09-29
643025,1440.70,6316.71,OCUPACAO,1469,RAIS 2025 - MTE,2025,2026-09-29
710105,2010.52,20515.06,OCUPACAO,2162,RAIS 2025 - MTE,2025,2026-09-29
710110,2011.55,9395.05,OCUPACAO,39,RAIS 2025 - MTE,2025,2026-09-29
710115,2988.16,29459.75,OCUPACAO,906,RAIS 2025 - MTE,2025,2026-09-29
710120,3014.48,20814.34,OCUPACAO,4994,RAIS 2025 - MTE,2025,2026-09-29
710125,2154.53,11176.10,OCUPACAO,179,RAIS 2025 - MTE,2025,2026-09-29
710205,2200.00,11820.33,OCUPACAO,116216,RAIS 2025 - MTE,2025,2026-09-29
710210,2197.60,11876.80,OCUPACAO,910,RAIS 2025 - MTE,2025,2026-09-29
710215,2298.82,11739.36,OCUPACAO,2058,RAIS 2025 - MTE,2025,2026-09-29
710220,2372.23,11628.67,OCUPACAO,2071,RAIS 2025 - MTE,2025,2026-09-29
710225,1793.64,9379.55,OCUPACAO,378,RAIS 2025 - MTE,2025,2026-09-29
711105,1593.90,8332.39,OCUPACAO,4908,RAIS 2025 - MTE,2025,2026-09-29
711110,1518.00,6634.84,OCUPACAO,1590,RAIS 2025 - MTE,2025,2026-09-29
711115,1507.67,4876.52,OCUPACAO,1304,RAIS 2025 - MTE,2025,2026-09-29
711120,2068.55,8595.40,OCUPACAO,1872,RAIS 2025 - MTE,2025,2026-09-29
711125,2047.61,5645.50,OCUPACAO,134,RAIS 2025 - MTE,2025,2026-09-29
711130,1815.50,7982.93,OCUPACAO,12424,RAIS 2025 - MTE,2025,2026-09-29
711205,2031.44,6271.84,OCUPACAO,9912,RAIS 2025 - MTE,2025,2026-09-29
711210,1796.33,6677.78,OCUPACAO,9227,RAIS 2025 - MTE,2025,2026-09-29
711215,1804.40,7386.80,OCUPACAO,1729,RAIS 2025 - MTE,2025,2026-09-29
711220,1003.03,7680.79,OCUPACAO,363,RAIS 2025 - MTE,2025,2026-09-29
711225,2094.54,9233.20,OCUPACAO,3662,RAIS 2025 - MTE,2025,2026-09-29
711230,1821.64,7698.12,OCUPACAO,8872,RAIS 2025 - MTE,2025,2026-09-29
711235,2500.00,10571.72,OCUPACAO,334,RAIS 2025 - MTE,2025,2026-09-29
711240,3299.65,7426.02,OCUPACAO,72,RAIS 2025 - MTE,2025,2026-09-29
711245,1587.59,6749.45,OCUPACAO,880,RAIS 2025 - MTE,2025,2026-09-29
711305,1518.00,10334.30,OCUPACAO,1564,RAIS 2025 - MTE,2025,2026-09-29
711310,1550.00,8276.71,OCUPACAO,1393,RAIS 2025 - MTE,2025,2026-09-29
711315,2443.32,54403.73,OCUPACAO,1692,RAIS 2025 - MTE,2025,2026-09-29
711320,1518.00,7000.84,OCUPACAO,4153,RAIS 2025 - MTE,2025,2026-09-29
711325,2106.55,12361.80,OCUPACAO,3185,RAIS 2025 - MTE,2025,2026-09-29
711330,2321.09,16507.71,OCUPACAO,848,RAIS 2025 - MTE,2025,2026-09-29
711405,1518.00,3820.97,OCUPACAO,322,RAIS 2025 - MTE,2025,2026-09-29
711410,1422.66,5156.36,OCUPACAO,238,RAIS 2025 - MTE,2025,2026-09-29
712105,1518.00,5764.20,OCUPACAO,1508,RAIS 2025 - MTE,2025,2026-09-29
712110,1803.79,7318.94,OCUPACAO,2275,RAIS 2025 - MTE,2025,2026-09-29
712115,2588.86,6465.82,OCUPACAO,188,RAIS 2025 - MTE,2025,2026-09-29
712120,1669.14,6102.66,OCUPACAO,4988,RAIS 2025 - MTE,2025,2026-09-29
712125,1534.38,5589.71,OCUPACAO,157,RAIS 2025 - MTE,2025,2026-09-29
712130,1949.13,6964.08,OCUPACAO,392,RAIS 2025 - MTE,2025,2026-09-29
712135,1821.59,5816.81,OCUPACAO,260,RAIS 2025 - MTE,2025,2026-09-29
712205,1518.00,5525.33,OCUPACAO,14073,RAIS 2025 - MTE,2025,2026-09-29
712210,1635.99,6441.82,OCUPACAO,56,RAIS 2025 - MTE,2025,2026-09-29
712215,1372.46,3875.04,OCUPACAO,39,RAIS 2025 - MTE,2025,2026-09-29
712220,1518.00,5482.05,OCUPACAO,7983,RAIS 2025 - MTE,2025,2026-09-29
712225,1518.00,7409.65,OCUPACAO,554,RAIS 2025 - MTE,2025,2026-09-29
712230,1507.88,6223.07,OCUPACAO,317,RAIS 2025 - MTE,2025,2026-09-29
715105,1798.01,7683.70,OCUPACAO,1261,RAIS 2025 - MTE,2025,2026-09-29
715110,1832.04,6338.67,OCUPACAO,6814,RAIS 2025 - MTE,2025,2026-09-29
715115,1920.58,7525.96,OCUPACAO,44541,RAIS 2025 - MTE,2025,2026-09-29
715120,1785.58,6971.51,OCUPACAO,1927,RAIS 2025 - MTE,2025,2026-09-29
715125,1837.33,7215.80,OCUPACAO,82989,RAIS 2025 - MTE,2025,2026-09-29
715130,2047.89,8926.72,OCUPACAO,10069,RAIS 2025 - MTE,2025,2026-09-29
715135,1939.08,6626.44,OCUPACAO,25481,RAIS 2025 - MTE,2025,2026-09-29
715140,1857.70,7879.68,OCUPACAO,6753,RAIS 2025 - MTE,2025,2026-09-29
715145,1518.00,5796.86,OCUPACAO,5477,RAIS 2025 - MTE,2025,2026-09-29
715205,1518.00,5158.29,OCUPACAO,5456,RAIS 2025 - MTE,2025,2026-09-29
715210,1518.00,4687.61,OCUPACAO,311546,RAIS 2025 - MTE,2025,2026-09-29
715215,1518.00,4037.34,OCUPACAO,187,RAIS 2025 - MTE,2025,2026-09-29
715220,1825.04,6620.22,OCUPACAO,4364,RAIS 2025 - MTE,2025,2026-09-29
715225,1518.00,5606.63,OCUPACAO,191,RAIS 2025 - MTE,2025,2026-09-29
715230,1525.46,4871.55,OCUPACAO,18255,RAIS 2025 - MTE,2025,2026-09-29
715305,1503.04,5025.43,OCUPACAO,22737,RAIS 2025 - MTE,2025,2026-09-29
715310,1680.00,4793.20,OCUPACAO,463,RAIS 2025 - MTE,2025,2026-09-29
715315,1511.91,4983.97,OCUPACAO,38663,RAIS 2025 - MTE,2025,2026-09-29
715405,1606.76,6348.81,OCUPACAO,17947,RAIS 2025 - MTE,2025,2026-09-29
715410,1774.56,7771.63,OCUPACAO,8249,RAIS 2025 - MTE,2025,2026-09-29
715415,1786.86,7739.73,OCUPACAO,3476,RAIS 2025 - MTE,2025,2026-09-29
715420,1891.52,9053.71,OCUPACAO,495,RAIS 2025 - MTE,2025,2026-09-29
715505,1509.63,4932.48,OCUPACAO,58467,RAIS 2025 - MTE,2025,2026-09-29
715510,1518.00,5277.45,OCUPACAO,2311,RAIS 2025 - MTE,2025,2026-09-29
715515,1578.64,5638.31,OCUPACAO,282,RAIS 2025 - MTE,2025,2026-09-29
715520,1390.73,4647.87,OCUPACAO,133,RAIS 2025 - MTE,2025,2026-09-29
715525,1518.00,5073.57,OCUPACAO,33475,RAIS 2025 - MTE,2025,2026-09-29
715530,1518.00,4722.08,OCUPACAO,313,RAIS 2025 - MTE,2025,2026-09-29
715535,1487.94,5214.78,OCUPACAO,3853,RAIS 2025 - MTE,2025,2026-09-29
715540,1453.56,6201.33,OCUPACAO,399,RAIS 2025 - MTE,2025,2026-09-29
715545,1493.71,6927.99,OCUPACAO,34063,RAIS 2025 - MTE,2025,2026-09-29
715605,1594.44,6434.69,OCUPACAO,921,RAIS 2025 - MTE,2025,2026-09-29
715610,1826.38,6604.73,OCUPACAO,21824,RAIS 2025 - MTE,2025,2026-09-29
715615,1590.00,6976.31,OCUPACAO,108706,RAIS 2025 - MTE,2025,2026-09-29
715705,1639.00,5524.31,OCUPACAO,7071,RAIS 2025 - MTE,2025,2026-09-29
715710,1548.99,5012.60,OCUPACAO,379,RAIS 2025 - MTE,2025,2026-09-29
715715,1470.51,5686.07,OCUPACAO,2114,RAIS 2025 - MTE,2025,2026-09-29
715720,1800.00,8209.61,OCUPACAO,1260,RAIS 2025 - MTE,2025,2026-09-29
715725,1630.20,6222.11,OCUPACAO,4094,RAIS 2025 - MTE,2025,2026-09-29
715730,1605.45,5847.78,OCUPACAO,393,RAIS 2025 - MTE,2025,2026-09-29
716105,1518.00,5164.95,OCUPACAO,2594,RAIS 2025 - MTE,2025,2026-09-29
716110,1374.79,7385.90,OCUPACAO,523,RAIS 2025 - MTE,2025,2026-09-29
716205,1373.79,4199.46,OCUPACAO,184,RAIS 2025 - MTE,2025,2026-09-29
716210,1916.99,5911.49,OCUPACAO,112,RAIS 2025 - MTE,2025,2026-09-29
716215,1407.60,4621.62,OCUPACAO,736,RAIS 2025 - MTE,2025,2026-09-29
716220,1840.47,4490.65,OCUPACAO,30,RAIS 2025 - MTE,2025,2026-09-29
716305,1518.00,4674.01,OCUPACAO,22604,RAIS 2025 - MTE,2025,2026-09-29
716310,1518.00,5448.34,OCUPACAO,399,RAIS 2025 - MTE,2025,2026-09-29
716315,1518.00,5120.41,OCUPACAO,575,RAIS 2025 - MTE,2025,2026-09-29
716405,1065.90,3500.64,OCUPACAO,19401,RAIS 2025 - MTE,2025,2026-09-29
716505,1528.78,5269.05,OCUPACAO,388,RAIS 2025 - MTE,2025,2026-09-29
716510,1243.54,4314.55,OCUPACAO,6990,RAIS 2025 - MTE,2025,2026-09-29
716515,1596.72,5409.99,OCUPACAO,557,RAIS 2025 - MTE,2025,2026-09-29
716520,1558.00,5495.48,OCUPACAO,1502,RAIS 2025 - MTE,2025,2026-09-29
716525,1518.00,5500.00,OCUPACAO,16211,RAIS 2025 - MTE,2025,2026-09-29
716530,1206.81,4290.16,OCUPACAO,118,RAIS 2025 - MTE,2025,2026-09-29
716535,1464.53,4110.57,OCUPACAO,63,RAIS 2025 - MTE,2025,2026-09-29
716540,1211.90,3393.52,OCUPACAO,576,RAIS 2025 - MTE,2025,2026-09-29
716605,1289.37,4923.04,OCUPACAO,220,RAIS 2025 - MTE,2025,2026-09-29
716610,1378.85,4429.98,OCUPACAO,66466,RAIS 2025 - MTE,2025,2026-09-29
716615,1518.00,6805.35,OCUPACAO,2059,RAIS 2025 - MTE,2025,2026-09-29
717005,1518.00,8107.02,OCUPACAO,738,RAIS 2025 - MTE,2025,2026-09-29
717010,1616.22,5341.26,OCUPACAO,4551,RAIS 2025 - MTE,2025,2026-09-29
717015,1029.70,3588.59,OCUPACAO,983,RAIS 2025 - MTE,2025,2026-09-29
717020,1131.10,3400.83,OCUPACAO,524962,RAIS 2025 - MTE,2025,2026-09-29
717025,1663.34,6517.59,OCUPACAO,469,RAIS 2025 - MTE,2025,2026-09-29
720105,1833.08,13744.64,OCUPACAO,353,RAIS 2025 - MTE,2025,2026-09-29
720110,3001.62,15944.34,OCUPACAO,3084,RAIS 2025 - MTE,2025,2026-09-29
720115,2954.05,20300.50,OCUPACAO,989,RAIS 2025 - MTE,2025,2026-09-29
720120,2841.80,18340.47,OCUPACAO,161,RAIS 2025 - MTE,2025,2026-09-29
720125,3138.12,15851.87,OCUPACAO,2097,RAIS 2025 - MTE,2025,2026-09-29
720130,1873.08,12093.30,OCUPACAO,502,RAIS 2025 - MTE,2025,2026-09-29
720135,2397.38,13338.06,OCUPACAO,3330,RAIS 2025 - MTE,2025,2026-09-29
720140,2243.48,13369.42,OCUPACAO,2622,RAIS 2025 - MTE,2025,2026-09-29
720145,2765.38,15641.71,OCUPACAO,819,RAIS 2025 - MTE,2025,2026-09-29
720150,3018.85,16431.24,OCUPACAO,3820,RAIS 2025 - MTE,2025,2026-09-29
720155,1872.00,9247.64,OCUPACAO,1150,RAIS 2025 - MTE,2025,2026-09-29
720160,2565.90,16437.90,OCUPACAO,415,RAIS 2025 - MTE,2025,2026-09-29
720205,2844.04,28524.07,OCUPACAO,1062,RAIS 2025 - MTE,2025,2026-09-29
720210,3191.67,20340.94,OCUPACAO,9688,RAIS 2025 - MTE,2025,2026-09-29
720215,2841.36,18022.44,OCUPACAO,9328,RAIS 2025 - MTE,2025,2026-09-29
720220,2491.64,10995.97,OCUPACAO,233,RAIS 2025 - MTE,2025,2026-09-29
721105,2212.35,13601.85,OCUPACAO,20575,RAIS 2025 - MTE,2025,2026-09-29
721110,1705.81,8186.83,OCUPACAO,575,RAIS 2025 - MTE,2025,2026-09-29
721115,1804.74,12059.93,OCUPACAO,1585,RAIS 2025 - MTE,2025,2026-09-29
721205,2129.40,10326.47,OCUPACAO,1658,RAIS 2025 - MTE,2025,2026-09-29
721210,1908.92,8040.88,OCUPACAO,39938,RAIS 2025 - MTE,2025,2026-09-29
721215,1849.04,8054.00,OCUPACAO,81489,RAIS 2025 - MTE,2025,2026-09-29
721220,1800.00,9112.71,OCUPACAO,5441,RAIS 2025 - MTE,2025,2026-09-29
721225,2249.78,9212.48,OCUPACAO,19458,RAIS 2025 - MTE,2025,2026-09-29
721305,1677.50,9543.49,OCUPACAO,52,RAIS 2025 - MTE,2025,2026-09-29
721310,1580.71,4909.41,OCUPACAO,905,RAIS 2025 - MTE,2025,2026-09-29
721315,1775.01,8878.16,OCUPACAO,2002,RAIS 2025 - MTE,2025,2026-09-29
721320,1810.76,6248.14,OCUPACAO,782,RAIS 2025 - MTE,2025,2026-09-29
721325,1580.00,5868.67,OCUPACAO,12039,RAIS 2025 - MTE,2025,2026-09-29
721405,2402.50,9707.25,OCUPACAO,23419,RAIS 2025 - MTE,2025,2026-09-29
721410,2386.92,10852.42,OCUPACAO,5916,RAIS 2025 - MTE,2025,2026-09-29
721415,2589.41,14518.24,OCUPACAO,942,RAIS 2025 - MTE,2025,2026-09-29
721420,1955.45,8344.69,OCUPACAO,1009,RAIS 2025 - MTE,2025,2026-09-29
721425,1584.03,11106.68,OCUPACAO,3408,RAIS 2025 - MTE,2025,2026-09-29
721430,2234.45,8865.71,OCUPACAO,19100,RAIS 2025 - MTE,2025,2026-09-29
722105,1518.00,8165.50,OCUPACAO,3916,RAIS 2025 - MTE,2025,2026-09-29
722110,1971.12,6610.47,OCUPACAO,179,RAIS 2025 - MTE,2025,2026-09-29
722115,1639.81,7114.55,OCUPACAO,1585,RAIS 2025 - MTE,2025,2026-09-29
722205,1835.00,6272.50,OCUPACAO,7424,RAIS 2025 - MTE,2025,2026-09-29
722210,1790.12,6789.61,OCUPACAO,1060,RAIS 2025 - MTE,2025,2026-09-29
722215,1686.62,6482.34,OCUPACAO,8391,RAIS 2025 - MTE,2025,2026-09-29
722220,2003.80,6707.36,OCUPACAO,3206,RAIS 2025 - MTE,2025,2026-09-29
722230,2331.49,8937.05,OCUPACAO,1434,RAIS 2025 - MTE,2025,2026-09-29
722235,2101.50,7740.42,OCUPACAO,447,RAIS 2025 - MTE,2025,2026-09-29
722305,1518.00,5887.31,OCUPACAO,850,RAIS 2025 - MTE,2025,2026-09-29
722310,1953.77,6309.57,OCUPACAO,946,RAIS 2025 - MTE,2025,2026-09-29
722315,1789.69,6248.63,OCUPACAO,3423,RAIS 2025 - MTE,2025,2026-09-29
722320,1843.05,7622.09,OCUPACAO,3438,RAIS 2025 - MTE,2025,2026-09-29
722325,1580.85,6366.23,OCUPACAO,1525,RAIS 2025 - MTE,2025,2026-09-29
722330,1725.00,6502.60,OCUPACAO,2598,RAIS 2025 - MTE,2025,2026-09-29
722405,2082.24,7796.22,OCUPACAO,660,RAIS 2025 - MTE,2025,2026-09-29
722410,1938.84,4577.32,OCUPACAO,247,RAIS 2025 - MTE,2025,2026-09-29
722415,1967.05,7913.10,OCUPACAO,5485,RAIS 2025 - MTE,2025,2026-09-29
723105,2386.30,7436.56,OCUPACAO,37,RAIS 2025 - MTE,2025,2026-09-29
723110,1994.62,9817.86,FAMILIA,3689,RAIS 2025 - MTE,2025,2026-09-29
723115,1855.22,4926.56,OCUPACAO,151,RAIS 2025 - MTE,2025,2026-09-29
723120,2377.97,10585.75,OCUPACAO,1998,RAIS 2025 - MTE,2025,2026-09-29
723125,1735.78,8647.54,OCUPACAO,1479,RAIS 2025 - MTE,2025,2026-09-29
723205,1657.27,6531.49,OCUPACAO,1322,RAIS 2025 - MTE,2025,2026-09-29
723210,2036.70,6270.52,OCUPACAO,315,RAIS 2025 - MTE,2025,2026-09-29
723215,1876.94,6785.99,OCUPACAO,5987,RAIS 2025 - MTE,2025,2026-09-29
723220,1890.47,6349.14,OCUPACAO,2020,RAIS 2025 - MTE,2025,2026-09-29
723225,2031.10,6854.70,OCUPACAO,996,RAIS 2025 - MTE,2025,2026-09-29
723230,1845.11,6525.63,OCUPACAO,222,RAIS 2025 - MTE,2025,2026-09-29
723235,2078.22,8106.79,OCUPACAO,1610,RAIS 2025 - MTE,2025,2026-09-29
723240,1619.12,4366.48,OCUPACAO,66,RAIS 2025 - MTE,2025,2026-09-29
723305,1525.08,7749.88,OCUPACAO,759,RAIS 2025 - MTE,2025,2026-09-29
723310,1518.00,5081.56,OCUPACAO,4604,RAIS 2025 - MTE,2025,2026-09-29
723315,1800.00,6564.82,OCUPACAO,33382,RAIS 2025 - MTE,2025,2026-09-29
723320,1669.80,9995.02,OCUPACAO,14570,RAIS 2025 - MTE,2025,2026-09-29
723325,1641.96,5700.33,OCUPACAO,517,RAIS 2025 - MTE,2025,2026-09-29
723330,1651.26,6150.62,OCUPACAO,19297,RAIS 2025 - MTE,2025,2026-09-29
724105,1462.68,5146.35,OCUPACAO,813,RAIS 2025 - MTE,2025,2026-09-29
724110,1590.15,6450.56,OCUPACAO,63720,RAIS 2025 - MTE,2025,2026-09-29
724115,1622.42,10230.74,OCUPACAO,17248,RAIS 2025 - MTE,2025,2026-09-29
724120,1597.00,7535.90,FAMILIA,85179,RAIS 2025 - MTE,2025,2026-09-29
724125,2868.23,7864.31,OCUPACAO,286,RAIS 2025 - MTE,2025,2026-09-29
724130,1618.62,8220.05,OCUPACAO,2925,RAIS 2025 - MTE,2025,2026-09-29
724135,1827.77,8633.32,OCUPACAO,174,RAIS 2025 - MTE,2025,2026-09-29
724205,1518.00,6012.02,OCUPACAO,75888,RAIS 2025 - MTE,2025,2026-09-29
724210,1698.80,6317.36,OCUPACAO,2715,RAIS 2025 - MTE,2025,2026-09-29
724215,1532.94,4658.31,OCUPACAO,244,RAIS 2025 - MTE,2025,2026-09-29
724220,1308.99,4109.10,OCUPACAO,20962,RAIS 2025 - MTE,2025,2026-09-29
724225,1700.00,7201.58,OCUPACAO,472,RAIS 2025 - MTE,2025,2026-09-29
724230,1518.00,4070.26,OCUPACAO,311,RAIS 2025 - MTE,2025,2026-09-29
724305,1682.54,6907.34,OCUPACAO,794,RAIS 2025 - MTE,2025,2026-09-29
724310,1821.59,6455.46,OCUPACAO,3737,RAIS 2025 - MTE,2025,2026-09-29
724315,1828.89,7683.56,OCUPACAO,183505,RAIS 2025 - MTE,2025,2026-09-29
724320,1795.59,8518.58,OCUPACAO,1846,RAIS 2025 - MTE,2025,2026-09-29
724325,1953.60,7385.79,OCUPACAO,6455,RAIS 2025 - MTE,2025,2026-09-29
724405,1723.76,7892.63,OCUPACAO,2947,RAIS 2025 - MTE,2025,2026-09-29
724410,2000.00,8508.98,OCUPACAO,41964,RAIS 2025 - MTE,2025,2026-09-29
724415,1509.00,5534.82,OCUPACAO,5328,RAIS 2025 - MTE,2025,2026-09-29
724420,1700.00,11091.57,OCUPACAO,1772,RAIS 2025 - MTE,2025,2026-09-29
724425,1962.46,7118.47,OCUPACAO,149,RAIS 2025 - MTE,2025,2026-09-29
724430,2466.56,12022.94,OCUPACAO,1766,RAIS 2025 - MTE,2025,2026-09-29
724435,1600.00,7189.09,OCUPACAO,7463,RAIS 2025 - MTE,2025,2026-09-29
724440,1518.00,5712.33,OCUPACAO,58656,RAIS 2025 - MTE,2025,2026-09-29
724505,1811.68,6133.46,OCUPACAO,2562,RAIS 2025 - MTE,2025,2026-09-29
724510,1770.00,6471.84,OCUPACAO,23292,RAIS 2025 - MTE,2025,2026-09-29
724515,1701.71,6727.58,OCUPACAO,18415,RAIS 2025 - MTE,2025,2026-09-29
724605,1662.89,5627.04,OCUPACAO,185,RAIS 2025 - MTE,2025,2026-09-29
724610,1812.27,6418.63,OCUPACAO,413,RAIS 2025 - MTE,2025,2026-09-29
725005,1704.00,8576.69,OCUPACAO,1515,RAIS 2025 - MTE,2025,2026-09-29
725010,1518.00,8475.96,OCUPACAO,19719,RAIS 2025 - MTE,2025,2026-09-29
725015,1609.07,8866.42,OCUPACAO,2380,RAIS 2025 - MTE,2025,2026-09-29
725020,1576.67,7000.58,OCUPACAO,808,RAIS 2025 - MTE,2025,2026-09-29
725025,1413.78,7097.12,OCUPACAO,232,RAIS 2025 - MTE,2025,2026-09-29
725030,1422.22,3484.40,OCUPACAO,1097,RAIS 2025 - MTE,2025,2026-09-29
725105,1573.12,7134.79,OCUPACAO,35170,RAIS 2025 - MTE,2025,2026-09-29
725205,1707.98,8114.53,OCUPACAO,36188,RAIS 2025 - MTE,2025,2026-09-29
725210,1611.61,11121.21,OCUPACAO,233,RAIS 2025 - MTE,2025,2026-09-29
725215,1746.77,7244.54,OCUPACAO,225,RAIS 2025 - MTE,2025,2026-09-29
725220,1571.81,7087.73,OCUPACAO,184,RAIS 2025 - MTE,2025,2026-09-29
725225,1577.58,7580.10,OCUPACAO,2433,RAIS 2025 - MTE,2025,2026-09-29
725305,1518.00,7317.33,OCUPACAO,1054,RAIS 2025 - MTE,2025,2026-09-29
725310,1988.53,7402.06,OCUPACAO,4958,RAIS 2025 - MTE,2025,2026-09-29
725315,1613.57,7749.35,OCUPACAO,45,RAIS 2025 - MTE,2025,2026-09-29
725320,1849.47,7496.06,OCUPACAO,73,RAIS 2025 - MTE,2025,2026-09-29
725405,2310.08,13635.11,OCUPACAO,1283,RAIS 2025 - MTE,2025,2026-09-29
725410,1552.69,9542.36,OCUPACAO,398,RAIS 2025 - MTE,2025,2026-09-29
725415,1628.70,8397.96,OCUPACAO,3302,RAIS 2025 - MTE,2025,2026-09-29
725420,1933.77,13400.36,OCUPACAO,771,RAIS 2025 - MTE,2025,2026-09-29
725505,1996.66,9083.56,OCUPACAO,38616,RAIS 2025 - MTE,2025,2026-09-29
725510,1701.90,13873.19,OCUPACAO,2256,RAIS 2025 - MTE,2025,2026-09-29
725605,2445.03,11050.75,OCUPACAO,2476,RAIS 2025 - MTE,2025,2026-09-29
725610,2436.59,11044.29,FAMILIA,2488,RAIS 2025 - MTE,2025,2026-09-29
725705,1518.00,6196.51,OCUPACAO,18798,RAIS 2025 - MTE,2025,2026-09-29
730105,2343.56,16639.87,OCUPACAO,11326,RAIS 2025 - MTE,2025,2026-09-29
731105,1756.51,6172.22,OCUPACAO,1235,RAIS 2025 - MTE,2025,2026-09-29
731110,1633.18,4127.17,OCUPACAO,6526,RAIS 2025 - MTE,2025,2026-09-29
731115,1593.10,6494.19,OCUPACAO,4242,RAIS 2025 - MTE,2025,2026-09-29
731120,1624.96,8377.75,OCUPACAO,8688,RAIS 2025 - MTE,2025,2026-09-29
731125,1706.61,6968.89,OCUPACAO,5780,RAIS 2025 - MTE,2025,2026-09-29
731130,1605.36,6621.17,OCUPACAO,1165,RAIS 2025 - MTE,2025,2026-09-29
731135,1572.63,5692.00,OCUPACAO,21053,RAIS 2025 - MTE,2025,2026-09-29
731140,1551.27,7980.53,OCUPACAO,802,RAIS 2025 - MTE,2025,2026-09-29
731145,1784.43,7413.71,OCUPACAO,1701,RAIS 2025 - MTE,2025,2026-09-29
731150,1563.62,4190.92,OCUPACAO,13667,RAIS 2025 - MTE,2025,2026-09-29
731155,1518.00,6499.54,OCUPACAO,2378,RAIS 2025 - MTE,2025,2026-09-29
731160,1602.29,7359.26,OCUPACAO,3700,RAIS 2025 - MTE,2025,2026-09-29
731165,1518.00,6114.48,OCUPACAO,1617,RAIS 2025 - MTE,2025,2026-09-29
731170,1730.75,7628.69,OCUPACAO,4518,RAIS 2025 - MTE,2025,2026-09-29
731175,1666.37,4643.87,OCUPACAO,14212,RAIS 2025 - MTE,2025,2026-09-29
731180,1685.92,4731.71,OCUPACAO,19459,RAIS 2025 - MTE,2025,2026-09-29
731205,1432.70,4739.84,OCUPACAO,3369,RAIS 2025 - MTE,2025,2026-09-29
731305,1518.00,4868.83,OCUPACAO,4066,RAIS 2025 - MTE,2025,2026-09-29
731310,1576.92,4434.10,OCUPACAO,874,RAIS 2025 - MTE,2025,2026-09-29
731315,1651.48,7456.76,OCUPACAO,1259,RAIS 2025 - MTE,2025,2026-09-29
731320,1517.06,4614.02,OCUPACAO,17333,RAIS 2025 - MTE,2025,2026-09-29
731325,1518.00,4985.91,OCUPACAO,7730,RAIS 2025 - MTE,2025,2026-09-29
731330,1345.33,3997.04,OCUPACAO,584,RAIS 2025 - MTE,2025,2026-09-29
732105,1973.40,9036.17,OCUPACAO,26723,RAIS 2025 - MTE,2025,2026-09-29
732110,1528.70,6333.15,OCUPACAO,12508,RAIS 2025 - MTE,2025,2026-09-29
732115,1613.37,6434.71,OCUPACAO,589,RAIS 2025 - MTE,2025,2026-09-29
732120,2015.38,7467.51,OCUPACAO,71134,RAIS 2025 - MTE,2025,2026-09-29
732125,1580.90,7054.98,OCUPACAO,887,RAIS 2025 - MTE,2025,2026-09-29
732130,1518.00,5308.68,OCUPACAO,45750,RAIS 2025 - MTE,2025,2026-09-29
732135,1498.29,3764.60,OCUPACAO,451,RAIS 2025 - MTE,2025,2026-09-29
732140,1463.53,4721.74,OCUPACAO,3197,RAIS 2025 - MTE,2025,2026-09-29
740105,2472.56,17307.19,OCUPACAO,538,RAIS 2025 - MTE,2025,2026-09-29
740110,2409.29,17249.24,FAMILIA,564,RAIS 2025 - MTE,2025,2026-09-29
741105,1752.51,10185.83,OCUPACAO,2247,RAIS 2025 - MTE,2025,2026-09-29
741110,1518.00,5042.44,OCUPACAO,3357,RAIS 2025 - MTE,2025,2026-09-29
741115,1608.16,6708.70,OCUPACAO,899,RAIS 2025 - MTE,2025,2026-09-29
741120,1202.13,4741.04,OCUPACAO,282,RAIS 2025 - MTE,2025,2026-09-29
741125,1562.48,7069.22,OCUPACAO,655,RAIS 2025 - MTE,2025,2026-09-29
742105,1518.00,5166.72,OCUPACAO,30,RAIS 2025 - MTE,2025,2026-09-29
742110,1557.43,4768.14,FAMILIA,394,RAIS 2025 - MTE,2025,2026-09-29
742115,1659.00,5189.61,OCUPACAO,174,RAIS 2025 - MTE,2025,2026-09-29
742120,1681.79,3661.10,OCUPACAO,150,RAIS 2025 - MTE,2025,2026-09-29
742125,1557.43,4768.14,FAMILIA,394,RAIS 2025 - MTE,2025,2026-09-29
742130,1557.43,4768.14,FAMILIA,394,RAIS 2025 - MTE,2025,2026-09-29
742135,1557.43,4768.14,FAMILIA,394,RAIS 2025 - MTE,2025,2026-09-29
742140,1557.43,4768.14,FAMILIA,394,RAIS 2025 - MTE,2025,2026-09-29
750105,2000.00,8761.72,OCUPACAO,261,RAIS 2025 - MTE,2025,2026-09-29
750205,2551.61,16804.26,OCUPACAO,1020,RAIS 2025 - MTE,2025,2026-09-29
751005,1456.60,7698.81,OCUPACAO,282,RAIS 2025 - MTE,2025,2026-09-29
751010,1570.18,4583.75,OCUPACAO,1835,RAIS 2025 - MTE,2025,2026-09-29
751015,1659.07,4055.69,OCUPACAO,153,RAIS 2025 - MTE,2025,2026-09-29
751020,1635.30,5497.45,OCUPACAO,301,RAIS 2025 - MTE,2025,2026-09-29
751105,1675.00,3999.70,OCUPACAO,76,RAIS 2025 - MTE,2025,2026-09-29
751110,1632.79,6500.99,OCUPACAO,165,RAIS 2025 - MTE,2025,2026-09-29
751115,1640.45,7142.69,OCUPACAO,74,RAIS 2025 - MTE,2025,2026-09-29
751120,1581.31,4995.49,OCUPACAO,265,RAIS 2025 - MTE,2025,2026-09-29
751125,1550.00,6007.04,OCUPACAO,4618,RAIS 2025 - MTE,2025,2026-09-29
751130,1550.00,5994.73,FAMILIA,5208,RAIS 2025 - MTE,2025,2026-09-29
752105,1518.00,6598.81,OCUPACAO,236,RAIS 2025 - MTE,2025,2026-09-29
752110,1151.25,6660.26,OCUPACAO,404,RAIS 2025 - MTE,2025,2026-09-29
752115,1961.09,6845.05,OCUPACAO,161,RAIS 2025 - MTE,2025,2026-09-29
752120,1341.79,6685.42,FAMILIA,814,RAIS 2025 - MTE,2025,2026-09-29
752205,1354.45,4802.60,OCUPACAO,629,RAIS 2025 - MTE,2025,2026-09-29
752210,1648.20,5531.90,OCUPACAO,2349,RAIS 2025 - MTE,2025,2026-09-29
752215,1518.00,5330.25,FAMILIA,7408,RAIS 2025 - MTE,2025,2026-09-29
752220,1518.00,5330.25,FAMILIA,7408,RAIS 2025 - MTE,2025,2026-09-29
752225,1868.53,6313.98,OCUPACAO,284,RAIS 2025 - MTE,2025,2026-09-29
752230,1600.00,5328.43,OCUPACAO,1859,RAIS 2025 - MTE,2025,2026-09-29
752235,1516.10,4825.69,OCUPACAO,2240,RAIS 2025 - MTE,2025,2026-09-29
752305,1378.26,5633.19,OCUPACAO,22225,RAIS 2025 - MTE,2025,2026-09-29
752310,1307.74,5158.45,OCUPACAO,262,RAIS 2025 - MTE,2025,2026-09-29
752315,1416.80,4725.35,OCUPACAO,158,RAIS 2025 - MTE,2025,2026-09-29
752320,1462.70,10532.49,OCUPACAO,371,RAIS 2025 - MTE,2025,2026-09-29
752325,1660.58,11124.08,OCUPACAO,1198,RAIS 2025 - MTE,2025,2026-09-29
752330,1526.07,5790.77,OCUPACAO,1224,RAIS 2025 - MTE,2025,2026-09-29
752405,1591.00,5529.19,OCUPACAO,475,RAIS 2025 - MTE,2025,2026-09-29
752410,1524.30,5070.96,OCUPACAO,279,RAIS 2025 - MTE,2025,2026-09-29
752415,1591.00,6540.41,FAMILIA,2515,RAIS 2025 - MTE,2025,2026-09-29
752420,1713.34,7121.66,OCUPACAO,1476,RAIS 2025 - MTE,2025,2026-09-29
752425,1591.00,6540.41,FAMILIA,2515,RAIS 2025 - MTE,2025,2026-09-29
752430,1518.00,4482.94,OCUPACAO,251,RAIS 2025 - MTE,2025,2026-09-29
760105,1718.00,10596.48,OCUPACAO,2641,RAIS 2025 - MTE,2025,2026-09-29
760110,2413.81,10285.31,OCUPACAO,966,RAIS 2025 - MTE,2025,2026-09-29
760115,2168.51,9990.54,OCUPACAO,494,RAIS 2025 - MTE,2025,2026-09-29
760120,2277.00,10484.50,OCUPACAO,2159,RAIS 2025 - MTE,2025,2026-09-29
760125,1457.52,10530.93,OCUPACAO,5705,RAIS 2025 - MTE,2025,2026-09-29
760205,2235.23,11020.56,OCUPACAO,254,RAIS 2025 - MTE,2025,2026-09-29
760305,1750.12,8012.19,OCUPACAO,2796,RAIS 2025 - MTE,2025,2026-09-29
760310,1761.28,6827.81,OCUPACAO,10339,RAIS 2025 - MTE,2025,2026-09-29
760405,2002.57,9328.08,OCUPACAO,7874,RAIS 2025 - MTE,2025,2026-09-29
760505,1800.00,10957.92,OCUPACAO,3332,RAIS 2025 - MTE,2025,2026-09-29
760605,2063.21,16362.55,OCUPACAO,3962,RAIS 2025 - MTE,2025,2026-09-29
761005,1381.45,4641.65,OCUPACAO,33248,RAIS 2025 - MTE,2025,2026-09-29
761105,1515.68,10772.74,OCUPACAO,676,RAIS 2025 - MTE,2025,2026-09-29
761110,1455.61,3714.61,OCUPACAO,72,RAIS 2025 - MTE,2025,2026-09-29
761205,1441.29,5620.61,OCUPACAO,1626,RAIS 2025 - MTE,2025,2026-09-29
761210,1247.41,3970.76,OCUPACAO,179,RAIS 2025 - MTE,2025,2026-09-29
761215,1382.34,4320.75,OCUPACAO,1028,RAIS 2025 - MTE,2025,2026-09-29
761220,1543.96,5029.11,OCUPACAO,870,RAIS 2025 - MTE,2025,2026-09-29
761225,1626.39,4189.04,OCUPACAO,1540,RAIS 2025 - MTE,2025,2026-09-29
761230,1489.47,4264.96,OCUPACAO,3467,RAIS 2025 - MTE,2025,2026-09-29
761235,1660.54,5878.53,OCUPACAO,70,RAIS 2025 - MTE,2025,2026-09-29
761240,1558.57,4576.29,OCUPACAO,380,RAIS 2025 - MTE,2025,2026-09-29
761245,1598.90,4720.61,OCUPACAO,1154,RAIS 2025 - MTE,2025,2026-09-29
761250,1518.00,4839.23,OCUPACAO,713,RAIS 2025 - MTE,2025,2026-09-29
761255,1473.72,4277.55,OCUPACAO,105,RAIS 2025 - MTE,2025,2026-09-29
761260,1560.14,4963.08,OCUPACAO,1252,RAIS 2025 - MTE,2025,2026-09-29
761303,1518.00,4444.12,OCUPACAO,805,RAIS 2025 - MTE,2025,2026-09-29
761306,1671.82,5248.17,OCUPACAO,264,RAIS 2025 - MTE,2025,2026-09-29
761309,1619.22,5508.07,OCUPACAO,8912,RAIS 2025 - MTE,2025,2026-09-29
761312,1661.11,4830.48,OCUPACAO,550,RAIS 2025 - MTE,2025,2026-09-29
761315,1604.82,5888.45,OCUPACAO,553,RAIS 2025 - MTE,2025,2026-09-29
761318,1586.94,5434.72,FAMILIA,29720,RAIS 2025 - MTE,2025,2026-09-29
761321,1518.00,5556.56,OCUPACAO,382,RAIS 2025 - MTE,2025,2026-09-29
761324,1599.64,4783.05,OCUPACAO,476,RAIS 2025 - MTE,2025,2026-09-29
761327,1563.94,5075.18,OCUPACAO,5154,RAIS 2025 - MTE,2025,2026-09-29
761330,1817.84,5652.59,OCUPACAO,4369,RAIS 2025 - MTE,2025,2026-09-29
761333,1708.00,4977.97,OCUPACAO,1724,RAIS 2025 - MTE,2025,2026-09-29
761336,1601.78,4799.33,OCUPACAO,285,RAIS 2025 - MTE,2025,2026-09-29
761339,1839.27,4323.57,OCUPACAO,728,RAIS 2025 - MTE,2025,2026-09-29
761342,1586.94,5434.72,FAMILIA,29720,RAIS 2025 - MTE,2025,2026-09-29
761345,1518.04,4242.86,OCUPACAO,169,RAIS 2025 - MTE,2025,2026-09-29
761348,1401.72,6521.80,OCUPACAO,1122,RAIS 2025 - MTE,2025,2026-09-29
761351,1876.87,5268.89,OCUPACAO,208,RAIS 2025 - MTE,2025,2026-09-29
761354,1518.00,4508.08,OCUPACAO,1275,RAIS 2025 - MTE,2025,2026-09-29
761357,1537.69,5539.72,OCUPACAO,1872,RAIS 2025 - MTE,2025,2026-09-29
761360,1270.52,6192.23,OCUPACAO,347,RAIS 2025 - MTE,2025,2026-09-29
761363,1728.89,5574.72,OCUPACAO,492,RAIS 2025 - MTE,2025,2026-09-29
761366,1586.94,5434.72,FAMILIA,29720,RAIS 2025 - MTE,2025,2026-09-29
761405,1643.81,7393.37,OCUPACAO,921,RAIS 2025 - MTE,2025,2026-09-29
761410,1518.00,4864.95,OCUPACAO,6791,RAIS 2025 - MTE,2025,2026-09-29
761415,1718.00,5992.99,OCUPACAO,2065,RAIS 2025 - MTE,2025,2026-09-29
761420,1695.97,6472.49,OCUPACAO,141,RAIS 2025 - MTE,2025,2026-09-29
761425,1518.00,4973.30,OCUPACAO,566,RAIS 2025 - MTE,2025,2026-09-29
761430,1547.96,5718.45,OCUPACAO,3810,RAIS 2025 - MTE,2025,2026-09-29
761435,1855.70,6321.03,OCUPACAO,1610,RAIS 2025 - MTE,2025,2026-09-29
761805,1726.25,8740.95,OCUPACAO,331,RAIS 2025 - MTE,2025,2026-09-29
761810,1441.00,3886.57,OCUPACAO,1614,RAIS 2025 - MTE,2025,2026-09-29
761815,1499.34,4111.69,OCUPACAO,17394,RAIS 2025 - MTE,2025,2026-09-29
761820,1494.08,5145.31,OCUPACAO,1040,RAIS 2025 - MTE,2025,2026-09-29
762005,1410.60,4258.69,OCUPACAO,6081,RAIS 2025 - MTE,2025,2026-09-29
762105,1646.78,5384.24,OCUPACAO,232,RAIS 2025 - MTE,2025,2026-09-29
762110,1475.31,4884.20,OCUPACAO,482,RAIS 2025 - MTE,2025,2026-09-29
762115,1291.21,4338.74,OCUPACAO,170,RAIS 2025 - MTE,2025,2026-09-29
762120,1775.74,5890.66,OCUPACAO,501,RAIS 2025 - MTE,2025,2026-09-29
762125,1802.35,6739.32,OCUPACAO,251,RAIS 2025 - MTE,2025,2026-09-29
762205,1362.14,4610.81,OCUPACAO,1415,RAIS 2025 - MTE,2025,2026-09-29
762210,1827.33,7188.45,OCUPACAO,780,RAIS 2025 - MTE,2025,2026-09-29
762215,1497.44,4653.99,OCUPACAO,240,RAIS 2025 - MTE,2025,2026-09-29
762220,1733.59,4867.41,OCUPACAO,317,RAIS 2025 - MTE,2025,2026-09-29
762305,1717.67,4882.20,OCUPACAO,178,RAIS 2025 - MTE,2025,2026-09-29
762310,1921.12,5383.97,OCUPACAO,292,RAIS 2025 - MTE,2025,2026-09-29
762315,1518.00,4898.46,OCUPACAO,333,RAIS 2025 - MTE,2025,2026-09-29
762320,2492.16,9496.95,OCUPACAO,383,RAIS 2025 - MTE,2025,2026-09-29
762325,1603.83,4436.35,OCUPACAO,2100,RAIS 2025 - MTE,2025,2026-09-29
762330,1900.27,4880.77,OCUPACAO,152,RAIS 2025 - MTE,2025,2026-09-29
762335,1377.22,3517.24,OCUPACAO,122,RAIS 2025 - MTE,2025,2026-09-29
762340,1678.16,4060.29,OCUPACAO,438,RAIS 2025 - MTE,2025,2026-09-29
762345,1518.00,4203.14,OCUPACAO,651,RAIS 2025 - MTE,2025,2026-09-29
763005,1518.00,5757.03,OCUPACAO,711,RAIS 2025 - MTE,2025,2026-09-29
763010,1416.78,3720.97,OCUPACAO,21191,RAIS 2025 - MTE,2025,2026-09-29
763015,1463.06,3747.77,OCUPACAO,7874,RAIS 2025 - MTE,2025,2026-09-29
763020,1575.00,4212.17,OCUPACAO,596,RAIS 2025 - MTE,2025,2026-09-29
763105,1333.83,3076.33,OCUPACAO,15279,RAIS 2025 - MTE,2025,2026-09-29
763110,1536.53,4711.59,OCUPACAO,17211,RAIS 2025 - MTE,2025,2026-09-29
763115,1535.16,4035.25,OCUPACAO,2843,RAIS 2025 - MTE,2025,2026-09-29
763120,1563.08,5891.62,OCUPACAO,895,RAIS 2025 - MTE,2025,2026-09-29
763125,1339.73,2959.52,OCUPACAO,49099,RAIS 2025 - MTE,2025,2026-09-29
763205,1494.52,3765.87,OCUPACAO,1490,RAIS 2025 - MTE,2025,2026-09-29
763210,1418.93,3457.30,OCUPACAO,119405,RAIS 2025 - MTE,2025,2026-09-29
763215,1434.83,3617.73,OCUPACAO,90580,RAIS 2025 - MTE,2025,2026-09-29
763305,1371.78,2871.81,OCUPACAO,5272,RAIS 2025 - MTE,2025,2026-09-29
763310,1474.75,3759.85,OCUPACAO,8037,RAIS 2025 - MTE,2025,2026-09-29
763315,1448.68,3751.48,OCUPACAO,485,RAIS 2025 - MTE,2025,2026-09-29
763320,1387.15,3418.25,OCUPACAO,13835,RAIS 2025 - MTE,2025,2026-09-29
763325,1459.94,3122.25,OCUPACAO,5829,RAIS 2025 - MTE,2025,2026-09-29
764005,1307.81,3024.60,OCUPACAO,72561,RAIS 2025 - MTE,2025,2026-09-29
764105,1315.71,3838.74,OCUPACAO,11337,RAIS 2025 - MTE,2025,2026-09-29
764110,1567.64,4067.38,OCUPACAO,606,RAIS 2025 - MTE,2025,2026-09-29
764115,1379.41,3233.99,OCUPACAO,22008,RAIS 2025 - MTE,2025,2026-09-29
764120,1485.57,3567.46,OCUPACAO,4620,RAIS 2025 - MTE,2025,2026-09-29
764205,1352.42,3440.92,OCUPACAO,20918,RAIS 2025 - MTE,2025,2026-09-29
764210,1271.86,3774.73,OCUPACAO,8339,RAIS 2025 - MTE,2025,2026-09-29
764305,1450.70,3617.46,OCUPACAO,13185,RAIS 2025 - MTE,2025,2026-09-29
765005,1393.99,3707.62,OCUPACAO,920,RAIS 2025 - MTE,2025,2026-09-29
765010,1380.71,3708.38,FAMILIA,1054,RAIS 2025 - MTE,2025,2026-09-29
765015,1233.71,3562.36,OCUPACAO,110,RAIS 2025 - MTE,2025,2026-09-29
765105,1518.00,4274.41,OCUPACAO,2568,RAIS 2025 - MTE,2025,2026-09-29
765110,1500.40,4533.79,OCUPACAO,1644,RAIS 2025 - MTE,2025,2026-09-29
765205,1498.43,5124.27,OCUPACAO,2740,RAIS 2025 - MTE,2025,2026-09-29
765215,1518.00,3451.23,OCUPACAO,194,RAIS 2025 - MTE,2025,2026-09-29
765225,1486.56,4451.01,OCUPACAO,802,RAIS 2025 - MTE,2025,2026-09-29
765230,1787.26,8132.79,OCUPACAO,73,RAIS 2025 - MTE,2025,2026-09-29
765235,1518.00,5177.81,OCUPACAO,13404,RAIS 2025 - MTE,2025,2026-09-29
765240,1518.00,5312.54,OCUPACAO,1650,RAIS 2025 - MTE,2025,2026-09-29
765310,1518.00,3930.92,OCUPACAO,2072,RAIS 2025 - MTE,2025,2026-09-29
765315,1386.38,3734.88,OCUPACAO,1083,RAIS 2025 - MTE,2025,2026-09-29
765405,1414.63,3580.99,OCUPACAO,3189,RAIS 2025 - MTE,2025,2026-09-29
766105,1598.22,5955.12,OCUPACAO,415,RAIS 2025 - MTE,2025,2026-09-29
766115,1800.31,6527.05,OCUPACAO,788,RAIS 2025 - MTE,2025,2026-09-29
766120,1529.72,7970.98,OCUPACAO,7413,RAIS 2025 - MTE,2025,2026-09-29
766125,1518.00,6984.55,OCUPACAO,1385,RAIS 2025 - MTE,2025,2026-09-29
766130,2044.16,9098.20,OCUPACAO,115,RAIS 2025 - MTE,2025,2026-09-29
766135,1555.00,7794.96,FAMILIA,16020,RAIS 2025 - MTE,2025,2026-09-29
766140,1522.25,5335.00,OCUPACAO,318,RAIS 2025 - MTE,2025,2026-09-29
766145,1678.39,7391.98,OCUPACAO,2556,RAIS 2025 - MTE,2025,2026-09-29
766150,1518.00,8228.45,OCUPACAO,1984,RAIS 2025 - MTE,2025,2026-09-29
766155,1686.69,10608.88,OCUPACAO,1031,RAIS 2025 - MTE,2025,2026-09-29
766205,1518.00,5192.25,OCUPACAO,13983,RAIS 2025 - MTE,2025,2026-09-29
766210,1571.81,6313.93,OCUPACAO,187,RAIS 2025 - MTE,2025,2026-09-29
766215,1858.72,9801.04,OCUPACAO,9449,RAIS 2025 - MTE,2025,2026-09-29
766220,1572.00,10003.55,OCUPACAO,1959,RAIS 2025 - MTE,2025,2026-09-29
766225,1686.22,9395.46,OCUPACAO,2450,RAIS 2025 - MTE,2025,2026-09-29
766230,1518.00,5598.90,OCUPACAO,5314,RAIS 2025 - MTE,2025,2026-09-29
766235,1876.97,8115.48,OCUPACAO,7310,RAIS 2025 - MTE,2025,2026-09-29
766240,2207.19,6526.43,OCUPACAO,50,RAIS 2025 - MTE,2025,2026-09-29
766245,1514.87,4217.78,OCUPACAO,748,RAIS 2025 - MTE,2025,2026-09-29
766250,1518.00,6707.46,OCUPACAO,2382,RAIS 2025 - MTE,2025,2026-09-29
766305,1518.56,5714.29,OCUPACAO,6060,RAIS 2025 - MTE,2025,2026-09-29
766310,1680.98,7626.01,OCUPACAO,5535,RAIS 2025 - MTE,2025,2026-09-29
766315,1518.00,6452.93,OCUPACAO,19877,RAIS 2025 - MTE,2025,2026-09-29
766320,1687.63,6218.53,OCUPACAO,4252,RAIS 2025 - MTE,2025,2026-09-29
766325,1623.30,7604.00,OCUPACAO,960,RAIS 2025 - MTE,2025,2026-09-29
766405,1518.00,5722.97,OCUPACAO,883,RAIS 2025 - MTE,2025,2026-09-29
766410,1074.68,3569.28,OCUPACAO,39,RAIS 2025 - MTE,2025,2026-09-29
766415,1518.00,4584.34,OCUPACAO,113,RAIS 2025 - MTE,2025,2026-09-29
766420,1399.11,4270.45,OCUPACAO,458,RAIS 2025 - MTE,2025,2026-09-29
768105,1518.00,4505.65,OCUPACAO,982,RAIS 2025 - MTE,2025,2026-09-29
768110,1479.78,4987.53,OCUPACAO,540,RAIS 2025 - MTE,2025,2026-09-29
768115,1541.00,3672.90,OCUPACAO,45,RAIS 2025 - MTE,2025,2026-09-29
768120,1543.00,4689.09,OCUPACAO,31,RAIS 2025 - MTE,2025,2026-09-29
768125,1518.00,4199.28,OCUPACAO,58,RAIS 2025 - MTE,2025,2026-09-29
768130,1518.00,4683.07,FAMILIA,1659,RAIS 2025 - MTE,2025,2026-09-29
768205,1511.82,3967.24,OCUPACAO,1166,RAIS 2025 - MTE,2025,2026-09-29
768210,1579.75,4198.55,OCUPACAO,163,RAIS 2025 - MTE,2025,2026-09-29
768305,1586.69,4408.08,OCUPACAO,2171,RAIS 2025 - MTE,2025,2026-09-29
768310,1518.00,4576.64,OCUPACAO,274,RAIS 2025 - MTE,2025,2026-09-29
768315,1469.81,3906.76,OCUPACAO,419,RAIS 2025 - MTE,2025,2026-09-29
768320,1465.10,3418.67,OCUPACAO,7019,RAIS 2025 - MTE,2025,2026-09-29
768325,1465.75,3575.84,OCUPACAO,601,RAIS 2025 - MTE,2025,2026-09-29
768605,1518.00,4704.78,OCUPACAO,119,RAIS 2025 - MTE,2025,2026-09-29
768610,1518.00,5428.57,OCUPACAO,40,RAIS 2025 - MTE,2025,2026-09-29
768615,1518.00,5470.57,FAMILIA,1459,RAIS 2025 - MTE,2025,2026-09-29
768620,1725.97,6066.22,OCUPACAO,58,RAIS 2025 - MTE,2025,2026-09-29
768625,1518.00,5480.00,OCUPACAO,1177,RAIS 2025 - MTE,2025,2026-09-29
768630,1518.00,3725.98,OCUPACAO,54,RAIS 2025 - MTE,2025,2026-09-29
768705,1503.66,4523.18,OCUPACAO,819,RAIS 2025 - MTE,2025,2026-09-29
768710,1477.89,5400.03,OCUPACAO,165,RAIS 2025 - MTE,2025,2026-09-29
770105,1987.70,10365.99,OCUPACAO,8857,RAIS 2025 - MTE,2025,2026-09-29
770110,2147.04,9014.80,OCUPACAO,1912,RAIS 2025 - MTE,2025,2026-09-29
771105,1518.00,5430.57,OCUPACAO,69300,RAIS 2025 - MTE,2025,2026-09-29
771110,1518.00,7308.19,OCUPACAO,1836,RAIS 2025 - MTE,2025,2026-09-29
771115,1466.94,7008.07,OCUPACAO,238,RAIS 2025 - MTE,2025,2026-09-29
771120,1393.43,6576.79,OCUPACAO,93,RAIS 2025 - MTE,2025,2026-09-29
772105,1359.07,3865.34,OCUPACAO,7683,RAIS 2025 - MTE,2025,2026-09-29
772110,1526.52,3886.01,OCUPACAO,1044,RAIS 2025 - MTE,2025,2026-09-29
772115,1518.00,4802.16,OCUPACAO,1105,RAIS 2025 - MTE,2025,2026-09-29
773105,1518.00,4967.92,OCUPACAO,2247,RAIS 2025 - MTE,2025,2026-09-29
773110,1519.52,4541.88,OCUPACAO,4340,RAIS 2025 - MTE,2025,2026-09-29
773115,1463.63,4042.49,OCUPACAO,2721,RAIS 2025 - MTE,2025,2026-09-29
773120,1515.06,4504.33,OCUPACAO,10379,RAIS 2025 - MTE,2025,2026-09-29
773125,1518.00,4349.34,OCUPACAO,3237,RAIS 2025 - MTE,2025,2026-09-29
773130,1518.00,4871.92,OCUPACAO,1260,RAIS 2025 - MTE,2025,2026-09-29
773205,1518.00,4658.74,OCUPACAO,562,RAIS 2025 - MTE,2025,2026-09-29
773210,2016.82,8698.81,OCUPACAO,269,RAIS 2025 - MTE,2025,2026-09-29
773215,1742.53,4731.18,OCUPACAO,716,RAIS 2025 - MTE,2025,2026-09-29
773220,1604.76,5195.89,OCUPACAO,452,RAIS 2025 - MTE,2025,2026-09-29
773305,1658.16,5739.37,OCUPACAO,311,RAIS 2025 - MTE,2025,2026-09-29
773310,1454.59,4537.13,OCUPACAO,92,RAIS 2025 - MTE,2025,2026-09-29
773315,1973.23,9261.42,OCUPACAO,213,RAIS 2025 - MTE,2025,2026-09-29
773320,1567.49,4498.10,OCUPACAO,1682,RAIS 2025 - MTE,2025,2026-09-29
773325,1725.47,5219.92,OCUPACAO,15566,RAIS 2025 - MTE,2025,2026-09-29
773330,1526.62,5081.44,OCUPACAO,249,RAIS 2025 - MTE,2025,2026-09-29
773335,1672.22,4936.04,OCUPACAO,984,RAIS 2025 - MTE,2025,2026-09-29
773340,1467.42,4109.41,OCUPACAO,3417,RAIS 2025 - MTE,2025,2026-09-29
773345,1899.57,6072.57,OCUPACAO,653,RAIS 2025 - MTE,2025,2026-09-29
773350,1638.62,5467.87,OCUPACAO,163,RAIS 2025 - MTE,2025,2026-09-29
773355,1578.00,7652.07,OCUPACAO,897,RAIS 2025 - MTE,2025,2026-09-29
773405,1518.00,5000.99,OCUPACAO,958,RAIS 2025 - MTE,2025,2026-09-29
773410,1526.10,4551.11,OCUPACAO,146,RAIS 2025 - MTE,2025,2026-09-29
773415,1717.10,5484.57,OCUPACAO,6158,RAIS 2025 - MTE,2025,2026-09-29
773420,1592.21,4967.16,OCUPACAO,192,RAIS 2025 - MTE,2025,2026-09-29
773505,2013.93,6864.27,OCUPACAO,1217,RAIS 2025 - MTE,2025,2026-09-29
773510,1699.24,5543.42,OCUPACAO,3258,RAIS 2025 - MTE,2025,2026-09-29
774105,1483.38,4857.16,OCUPACAO,61772,RAIS 2025 - MTE,2025,2026-09-29
775105,1502.76,4885.81,OCUPACAO,254,RAIS 2025 - MTE,2025,2026-09-29
775110,1552.51,4554.00,OCUPACAO,681,RAIS 2025 - MTE,2025,2026-09-29
775115,1518.00,5216.66,OCUPACAO,3066,RAIS 2025 - MTE,2025,2026-09-29
775120,1278.02,5392.37,OCUPACAO,168,RAIS 2025 - MTE,2025,2026-09-29
776405,1336.51,3111.11,OCUPACAO,109,RAIS 2025 - MTE,2025,2026-09-29
776410,1831.11,5156.64,OCUPACAO,189,RAIS 2025 - MTE,2025,2026-09-29
776415,1655.09,4445.62,OCUPACAO,916,RAIS 2025 - MTE,2025,2026-09-29
776420,1448.81,3829.59,OCUPACAO,558,RAIS 2025 - MTE,2025,2026-09-29
776425,1518.00,4287.92,FAMILIA,2057,RAIS 2025 - MTE,2025,2026-09-29
776430,1424.24,2942.44,OCUPACAO,269,RAIS 2025 - MTE,2025,2026-09-29
777105,1901.88,7079.56,OCUPACAO,30,RAIS 2025 - MTE,2025,2026-09-29
777110,1572.00,6522.81,OCUPACAO,48,RAIS 2025 - MTE,2025,2026-09-29
777115,2031.42,7707.20,OCUPACAO,186,RAIS 2025 - MTE,2025,2026-09-29
777205,1849.81,5101.78,OCUPACAO,72,RAIS 2025 - MTE,2025,2026-09-29
777210,1518.00,5165.18,OCUPACAO,475,RAIS 2025 - MTE,2025,2026-09-29
780105,1839.20,10123.26,OCUPACAO,6466,RAIS 2025 - MTE,2025,2026-09-29
781105,2047.32,10344.44,OCUPACAO,588,RAIS 2025 - MTE,2025,2026-09-29
781110,2233.41,8430.71,OCUPACAO,2379,RAIS 2025 - MTE,2025,2026-09-29
781305,4207.07,36990.20,OCUPACAO,2490,RAIS 2025 - MTE,2025,2026-09-29
781310,1518.00,7265.14,OCUPACAO,1895,RAIS 2025 - MTE,2025,2026-09-29
781705,2102.81,19202.08,OCUPACAO,1793,RAIS 2025 - MTE,2025,2026-09-29
782105,1563.00,6718.90,OCUPACAO,2529,RAIS 2025 - MTE,2025,2026-09-29
782110,2160.21,17643.00,OCUPACAO,6516,RAIS 2025 - MTE,2025,2026-09-29
782115,2233.57,11869.94,OCUPACAO,14977,RAIS 2025 - MTE,2025,2026-09-29
782120,1928.96,7022.23,OCUPACAO,1918,RAIS 2025 - MTE,2025,2026-09-29
782125,1670.21,5878.27,OCUPACAO,1104,RAIS 2025 - MTE,2025,2026-09-29
782130,1827.54,7082.10,OCUPACAO,13686,RAIS 2025 - MTE,2025,2026-09-29
782135,1939.82,12569.79,OCUPACAO,767,RAIS 2025 - MTE,2025,2026-09-29
782140,1689.65,5611.19,OCUPACAO,581,RAIS 2025 - MTE,2025,2026-09-29
782145,1431.47,5811.67,OCUPACAO,10240,RAIS 2025 - MTE,2025,2026-09-29
782205,1735.75,5527.29,OCUPACAO,8390,RAIS 2025 - MTE,2025,2026-09-29
782210,1163.66,5903.75,OCUPACAO,2796,RAIS 2025 - MTE,2025,2026-09-29
782220,1762.91,5864.80,OCUPACAO,187919,RAIS 2025 - MTE,2025,2026-09-29
782305,1518.00,5855.48,OCUPACAO,141671,RAIS 2025 - MTE,2025,2026-09-29
782310,1593.55,5322.63,OCUPACAO,186069,RAIS 2025 - MTE,2025,2026-09-29
782315,1445.38,4302.74,OCUPACAO,321,RAIS 2025 - MTE,2025,2026-09-29
782320,1643.16,5008.90,OCUPACAO,20172,RAIS 2025 - MTE,2025,2026-09-29
782405,2000.00,5923.89,OCUPACAO,101527,RAIS 2025 - MTE,2025,2026-09-29
782410,2025.78,6639.57,OCUPACAO,191033,RAIS 2025 - MTE,2025,2026-09-29
782415,1756.92,5027.73,OCUPACAO,139,RAIS 2025 - MTE,2025,2026-09-29
782505,1809.15,6623.46,OCUPACAO,5210,RAIS 2025 - MTE,2025,2026-09-29
782510,1928.11,6864.20,OCUPACAO,1070773,RAIS 2025 - MTE,2025,2026-09-29
782515,1938.69,6983.39,OCUPACAO,43851,RAIS 2025 - MTE,2025,2026-09-29
782605,3058.64,16637.26,OCUPACAO,2579,RAIS 2025 - MTE,2025,2026-09-29
782610,3311.74,12004.85,OCUPACAO,7004,RAIS 2025 - MTE,2025,2026-09-29
782615,3344.45,13886.33,OCUPACAO,1341,RAIS 2025 - MTE,2025,2026-09-29
782620,1592.23,6602.10,OCUPACAO,172,RAIS 2025 - MTE,2025,2026-09-29
782625,1866.86,5894.71,OCUPACAO,511,RAIS 2025 - MTE,2025,2026-09-29
782630,1697.38,5332.30,OCUPACAO,116,RAIS 2025 - MTE,2025,2026-09-29
782705,1807.29,15937.45,OCUPACAO,12101,RAIS 2025 - MTE,2025,2026-09-29
782710,2719.54,17530.32,OCUPACAO,3860,RAIS 2025 - MTE,2025,2026-09-29
782715,1860.74,10864.02,OCUPACAO,3045,RAIS 2025 - MTE,2025,2026-09-29
782720,2199.80,9726.96,OCUPACAO,1078,RAIS 2025 - MTE,2025,2026-09-29
782725,1518.00,10109.08,OCUPACAO,445,RAIS 2025 - MTE,2025,2026-09-29
782730,1518.00,6517.68,OCUPACAO,2027,RAIS 2025 - MTE,2025,2026-09-29
782735,1658.15,6456.47,OCUPACAO,310,RAIS 2025 - MTE,2025,2026-09-29
782805,1518.00,5660.26,OCUPACAO,126,RAIS 2025 - MTE,2025,2026-09-29
782810,1012.75,5005.80,OCUPACAO,300,RAIS 2025 - MTE,2025,2026-09-29
782815,1518.00,4691.10,OCUPACAO,645,RAIS 2025 - MTE,2025,2026-09-29
782820,1190.79,4485.37,OCUPACAO,653,RAIS 2025 - MTE,2025,2026-09-29
783105,1326.00,6190.96,OCUPACAO,5868,RAIS 2025 - MTE,2025,2026-09-29
783110,1518.00,5726.64,OCUPACAO,7066,RAIS 2025 - MTE,2025,2026-09-29
783205,1467.17,4543.83,OCUPACAO,8923,RAIS 2025 - MTE,2025,2026-09-29
783210,1181.88,4104.91,OCUPACAO,79133,RAIS 2025 - MTE,2025,2026-09-29
783215,1237.23,4119.06,OCUPACAO,88596,RAIS 2025 - MTE,2025,2026-09-29
783220,1405.61,9830.09,OCUPACAO,8696,RAIS 2025 - MTE,2025,2026-09-29
783225,1254.68,3508.50,OCUPACAO,279251,RAIS 2025 - MTE,2025,2026-09-29
783230,1716.18,9330.06,OCUPACAO,1201,RAIS 2025 - MTE,2025,2026-09-29
783235,1389.91,9758.48,OCUPACAO,771,RAIS 2025 - MTE,2025,2026-09-29
783240,1402.47,4062.66,OCUPACAO,704,RAIS 2025 - MTE,2025,2026-09-29
784105,1151.58,3425.79,OCUPACAO,145545,RAIS 2025 - MTE,2025,2026-09-29
784110,1518.00,4971.58,OCUPACAO,35490,RAIS 2025 - MTE,2025,2026-09-29
784115,1518.00,4465.54,OCUPACAO,3655,RAIS 2025 - MTE,2025,2026-09-29
784120,1600.00,6573.81,OCUPACAO,17794,RAIS 2025 - MTE,2025,2026-09-29
784125,1280.55,4472.46,OCUPACAO,3160,RAIS 2025 - MTE,2025,2026-09-29
784205,1361.45,4247.51,OCUPACAO,1152293,RAIS 2025 - MTE,2025,2026-09-29
791105,1179.08,3849.98,OCUPACAO,150,RAIS 2025 - MTE,2025,2026-09-29
791110,1518.00,4023.24,OCUPACAO,145,RAIS 2025 - MTE,2025,2026-09-29
791115,1299.27,3488.70,OCUPACAO,150,RAIS 2025 - MTE,2025,2026-09-29
791120,1514.47,3154.93,OCUPACAO,119,RAIS 2025 - MTE,2025,2026-09-29
791125,1471.75,3045.89,OCUPACAO,63,RAIS 2025 - MTE,2025,2026-09-29
791130,1465.70,5684.05,OCUPACAO,218,RAIS 2025 - MTE,2025,2026-09-29
791135,1518.00,4989.88,OCUPACAO,312,RAIS 2025 - MTE,2025,2026-09-29
791140,1467.96,4869.00,OCUPACAO,328,RAIS 2025 - MTE,2025,2026-09-29
791145,1303.54,3613.72,OCUPACAO,241,RAIS 2025 - MTE,2025,2026-09-29
791150,1450.88,4491.90,FAMILIA,1759,RAIS 2025 - MTE,2025,2026-09-29
791155,1450.88,4491.90,FAMILIA,1759,RAIS 2025 - MTE,2025,2026-09-29
791160,1450.88,4491.90,FAMILIA,1759,RAIS 2025 - MTE,2025,2026-09-29
810105,3367.73,36771.73,OCUPACAO,1702,RAIS 2025 - MTE,2025,2026-09-29
810110,2789.00,20255.74,OCUPACAO,6257,RAIS 2025 - MTE,2025,2026-09-29
810205,2469.30,13896.49,OCUPACAO,9417,RAIS 2025 - MTE,2025,2026-09-29
810305,2527.27,19468.77,OCUPACAO,2899,RAIS 2025 - MTE,2025,2026-09-29
811005,2533.32,29515.69,OCUPACAO,7205,RAIS 2025 - MTE,2025,2026-09-29
811010,2063.46,29844.60,OCUPACAO,1967,RAIS 2025 - MTE,2025,2026-09-29
811105,1518.00,5528.36,OCUPACAO,1167,RAIS 2025 - MTE,2025,2026-09-29
811110,1880.29,7768.82,OCUPACAO,7483,RAIS 2025 - MTE,2025,2026-09-29
811115,1563.54,6049.69,OCUPACAO,763,RAIS 2025 - MTE,2025,2026-09-29
811120,1710.54,8165.06,OCUPACAO,344,RAIS 2025 - MTE,2025,2026-09-29
811125,1823.06,9591.51,OCUPACAO,1170,RAIS 2025 - MTE,2025,2026-09-29
811130,1767.19,6981.16,OCUPACAO,4348,RAIS 2025 - MTE,2025,2026-09-29
811205,1412.55,18118.23,OCUPACAO,1221,RAIS 2025 - MTE,2025,2026-09-29
811215,5373.69,31979.94,OCUPACAO,244,RAIS 2025 - MTE,2025,2026-09-29
811305,1779.72,5907.51,OCUPACAO,1345,RAIS 2025 - MTE,2025,2026-09-29
811310,6200.18,73041.42,OCUPACAO,9903,RAIS 2025 - MTE,2025,2026-09-29
811315,2016.64,8370.29,OCUPACAO,413,RAIS 2025 - MTE,2025,2026-09-29
811320,1867.66,5649.33,OCUPACAO,277,RAIS 2025 - MTE,2025,2026-09-29
811325,1541.00,5235.46,OCUPACAO,81,RAIS 2025 - MTE,2025,2026-09-29
811330,1855.80,6080.49,OCUPACAO,774,RAIS 2025 - MTE,2025,2026-09-29
811335,1938.78,4454.39,OCUPACAO,67,RAIS 2025 - MTE,2025,2026-09-29
811405,1705.68,6589.21,OCUPACAO,47,RAIS 2025 - MTE,2025,2026-09-29
811410,1836.44,9763.08,OCUPACAO,854,RAIS 2025 - MTE,2025,2026-09-29
811415,1587.00,7025.92,OCUPACAO,101,RAIS 2025 - MTE,2025,2026-09-29
811420,2022.53,11713.18,OCUPACAO,1028,RAIS 2025 - MTE,2025,2026-09-29
811425,2222.85,9104.31,OCUPACAO,4077,RAIS 2025 - MTE,2025,2026-09-29
811430,2042.07,7264.66,OCUPACAO,951,RAIS 2025 - MTE,2025,2026-09-29
811505,2941.51,20122.46,OCUPACAO,1495,RAIS 2025 - MTE,2025,2026-09-29
811510,1590.27,20677.48,OCUPACAO,482,RAIS 2025 - MTE,2025,2026-09-29
811605,1890.91,7904.71,OCUPACAO,269,RAIS 2025 - MTE,2025,2026-09-29
811610,1856.01,11972.19,FAMILIA,5054,RAIS 2025 - MTE,2025,2026-09-29
811615,2188.09,11837.37,OCUPACAO,195,RAIS 2025 - MTE,2025,2026-09-29
811620,1818.77,8621.97,OCUPACAO,669,RAIS 2025 - MTE,2025,2026-09-29
811625,1856.01,11972.19,FAMILIA,5054,RAIS 2025 - MTE,2025,2026-09-29
811630,1859.38,13805.73,OCUPACAO,3454,RAIS 2025 - MTE,2025,2026-09-29
811635,1867.14,7267.64,OCUPACAO,346,RAIS 2025 - MTE,2025,2026-09-29
811640,1856.01,11972.19,FAMILIA,5054,RAIS 2025 - MTE,2025,2026-09-29
811645,1797.32,4785.33,OCUPACAO,45,RAIS 2025 - MTE,2025,2026-09-29
811650,1713.18,4760.53,OCUPACAO,44,RAIS 2025 - MTE,2025,2026-09-29
811705,1817.34,6906.62,OCUPACAO,1081,RAIS 2025 - MTE,2025,2026-09-29
811710,1846.80,6860.41,OCUPACAO,1881,RAIS 2025 - MTE,2025,2026-09-29
811715,1909.39,8684.07,OCUPACAO,10556,RAIS 2025 - MTE,2025,2026-09-29
811725,1323.70,3656.36,OCUPACAO,84,RAIS 2025 - MTE,2025,2026-09-29
811735,1508.49,4261.80,OCUPACAO,335,RAIS 2025 - MTE,2025,2026-09-29
811745,1780.20,6672.71,OCUPACAO,6681,RAIS 2025 - MTE,2025,2026-09-29
811750,1604.56,5376.31,OCUPACAO,6052,RAIS 2025 - MTE,2025,2026-09-29
811760,1746.05,6620.93,OCUPACAO,6814,RAIS 2025 - MTE,2025,2026-09-29
811770,1594.00,5669.43,OCUPACAO,40875,RAIS 2025 - MTE,2025,2026-09-29
811775,1711.95,6647.09,OCUPACAO,7790,RAIS 2025 - MTE,2025,2026-09-29
811805,1869.63,7093.32,OCUPACAO,14867,RAIS 2025 - MTE,2025,2026-09-29
811810,1690.08,7044.26,OCUPACAO,1754,RAIS 2025 - MTE,2025,2026-09-29
811815,1725.08,6478.94,OCUPACAO,2927,RAIS 2025 - MTE,2025,2026-09-29
811820,1700.00,7118.97,OCUPACAO,7362,RAIS 2025 - MTE,2025,2026-09-29
812105,1607.62,3752.88,OCUPACAO,1154,RAIS 2025 - MTE,2025,2026-09-29
812110,1574.91,7420.60,OCUPACAO,626,RAIS 2025 - MTE,2025,2026-09-29
813105,1550.39,6039.73,OCUPACAO,267,RAIS 2025 - MTE,2025,2026-09-29
813110,1607.04,8152.13,OCUPACAO,1140,RAIS 2025 - MTE,2025,2026-09-29
813115,1872.63,7576.22,OCUPACAO,13378,RAIS 2025 - MTE,2025,2026-09-29
813120,1888.77,9591.30,OCUPACAO,4303,RAIS 2025 - MTE,2025,2026-09-29
813125,1803.51,10742.27,OCUPACAO,52914,RAIS 2025 - MTE,2025,2026-09-29
813130,2255.47,20303.63,OCUPACAO,2745,RAIS 2025 - MTE,2025,2026-09-29
818105,1718.07,6826.88,OCUPACAO,12174,RAIS 2025 - MTE,2025,2026-09-29
818110,1549.73,5762.63,OCUPACAO,16376,RAIS 2025 - MTE,2025,2026-09-29
820105,3698.90,19285.28,OCUPACAO,1368,RAIS 2025 - MTE,2025,2026-09-29
820110,2130.11,18999.84,OCUPACAO,524,RAIS 2025 - MTE,2025,2026-09-29
820115,2486.57,16334.52,OCUPACAO,694,RAIS 2025 - MTE,2025,2026-09-29
820120,1727.44,13001.87,OCUPACAO,55,RAIS 2025 - MTE,2025,2026-09-29
820125,2618.42,17092.55,OCUPACAO,705,RAIS 2025 - MTE,2025,2026-09-29
820205,1877.93,14076.14,OCUPACAO,3553,RAIS 2025 - MTE,2025,2026-09-29
820210,2240.19,16554.88,OCUPACAO,1777,RAIS 2025 - MTE,2025,2026-09-29
821105,1581.24,9213.99,OCUPACAO,3342,RAIS 2025 - MTE,2025,2026-09-29
821110,1825.80,7998.60,OCUPACAO,991,RAIS 2025 - MTE,2025,2026-09-29
821205,1518.00,6728.89,OCUPACAO,8610,RAIS 2025 - MTE,2025,2026-09-29
821210,2270.81,8774.49,OCUPACAO,350,RAIS 2025 - MTE,2025,2026-09-29
821215,1474.43,8022.41,OCUPACAO,3484,RAIS 2025 - MTE,2025,2026-09-29
821220,1820.00,8955.44,OCUPACAO,1684,RAIS 2025 - MTE,2025,2026-09-29
821225,1919.44,11089.82,OCUPACAO,566,RAIS 2025 - MTE,2025,2026-09-29
821230,2451.65,10202.53,OCUPACAO,377,RAIS 2025 - MTE,2025,2026-09-29
821235,1807.70,12045.98,OCUPACAO,668,RAIS 2025 - MTE,2025,2026-09-29
821240,2257.00,12209.39,OCUPACAO,868,RAIS 2025 - MTE,2025,2026-09-29
821245,1753.46,7263.81,OCUPACAO,1066,RAIS 2025 - MTE,2025,2026-09-29
821250,2058.13,7246.57,OCUPACAO,49,RAIS 2025 - MTE,2025,2026-09-29
821255,1880.78,9665.86,OCUPACAO,196,RAIS 2025 - MTE,2025,2026-09-29
821305,1854.79,9080.99,OCUPACAO,7364,RAIS 2025 - MTE,2025,2026-09-29
821310,1354.96,5354.49,OCUPACAO,285,RAIS 2025 - MTE,2025,2026-09-29
821315,2039.89,9638.39,OCUPACAO,781,RAIS 2025 - MTE,2025,2026-09-29
821320,1814.87,8774.55,OCUPACAO,727,RAIS 2025 - MTE,2025,2026-09-29
821325,2166.50,8684.24,OCUPACAO,181,RAIS 2025 - MTE,2025,2026-09-29
821330,1800.00,8180.35,OCUPACAO,761,RAIS 2025 - MTE,2025,2026-09-29
821335,1518.00,5511.93,OCUPACAO,188,RAIS 2025 - MTE,2025,2026-09-29
821405,2202.84,10839.57,OCUPACAO,15803,RAIS 2025 - MTE,2025,2026-09-29
821410,2076.06,6207.48,OCUPACAO,216,RAIS 2025 - MTE,2025,2026-09-29
821415,1600.25,6937.40,OCUPACAO,648,RAIS 2025 - MTE,2025,2026-09-29
821420,2057.82,7147.98,OCUPACAO,511,RAIS 2025 - MTE,2025,2026-09-29
821425,2000.26,8786.20,OCUPACAO,198,RAIS 2025 - MTE,2025,2026-09-29
821430,1518.00,6398.55,OCUPACAO,718,RAIS 2025 - MTE,2025,2026-09-29
821435,1810.59,6304.59,OCUPACAO,4782,RAIS 2025 - MTE,2025,2026-09-29
821440,1936.86,6606.70,OCUPACAO,7648,RAIS 2025 - MTE,2025,2026-09-29
821445,1353.79,4028.89,OCUPACAO,9273,RAIS 2025 - MTE,2025,2026-09-29
821450,1810.81,5713.25,OCUPACAO,9239,RAIS 2025 - MTE,2025,2026-09-29
822105,1708.88,9551.35,OCUPACAO,106,RAIS 2025 - MTE,2025,2026-09-29
822110,1568.57,7518.36,OCUPACAO,151,RAIS 2025 - MTE,2025,2026-09-29
822115,2067.47,8381.30,OCUPACAO,3156,RAIS 2025 - MTE,2025,2026-09-29
822120,2329.85,8501.73,OCUPACAO,489,RAIS 2025 - MTE,2025,2026-09-29
822125,1837.08,6266.42,OCUPACAO,211,RAIS 2025 - MTE,2025,2026-09-29
823105,1542.01,6147.39,OCUPACAO,277,RAIS 2025 - MTE,2025,2026-09-29
823110,1649.52,7082.54,OCUPACAO,91,RAIS 2025 - MTE,2025,2026-09-29
823115,1518.00,6858.98,OCUPACAO,861,RAIS 2025 - MTE,2025,2026-09-29
823120,1806.78,4975.47,OCUPACAO,280,RAIS 2025 - MTE,2025,2026-09-29
823125,2280.74,7631.96,OCUPACAO,1690,RAIS 2025 - MTE,2025,2026-09-29
823130,1556.99,6418.31,OCUPACAO,520,RAIS 2025 - MTE,2025,2026-09-29
823135,1934.24,8039.71,OCUPACAO,157,RAIS 2025 - MTE,2025,2026-09-29
823210,1756.17,7279.48,OCUPACAO,2643,RAIS 2025 - MTE,2025,2026-09-29
823215,2078.26,8963.56,OCUPACAO,880,RAIS 2025 - MTE,2025,2026-09-29
823220,2220.12,6278.75,OCUPACAO,85,RAIS 2025 - MTE,2025,2026-09-29
823230,1775.79,5601.16,OCUPACAO,64,RAIS 2025 - MTE,2025,2026-09-29
823235,1494.33,4415.96,OCUPACAO,82,RAIS 2025 - MTE,2025,2026-09-29
823240,1643.65,14098.80,OCUPACAO,556,RAIS 2025 - MTE,2025,2026-09-29
823245,1745.26,6157.92,OCUPACAO,565,RAIS 2025 - MTE,2025,2026-09-29
823250,1756.33,10572.16,OCUPACAO,458,RAIS 2025 - MTE,2025,2026-09-29
823255,1926.77,6553.32,OCUPACAO,223,RAIS 2025 - MTE,2025,2026-09-29
823265,1518.00,8139.06,OCUPACAO,1145,RAIS 2025 - MTE,2025,2026-09-29
823305,1210.38,4572.01,OCUPACAO,1019,RAIS 2025 - MTE,2025,2026-09-29
823315,1406.40,4956.49,OCUPACAO,5112,RAIS 2025 - MTE,2025,2026-09-29
823320,1370.07,4510.31,OCUPACAO,7861,RAIS 2025 - MTE,2025,2026-09-29
823325,1456.14,4615.73,OCUPACAO,10810,RAIS 2025 - MTE,2025,2026-09-29
823330,1516.41,4259.80,OCUPACAO,317,RAIS 2025 - MTE,2025,2026-09-29
828105,1195.41,2893.06,OCUPACAO,3493,RAIS 2025 - MTE,2025,2026-09-29
828110,1248.99,3479.94,OCUPACAO,23680,RAIS 2025 - MTE,2025,2026-09-29
830105,2569.10,20415.81,OCUPACAO,2772,RAIS 2025 - MTE,2025,2026-09-29
831105,1548.91,14538.87,OCUPACAO,1165,RAIS 2025 - MTE,2025,2026-09-29
831110,2268.62,15402.70,OCUPACAO,102,RAIS 2025 - MTE,2025,2026-09-29
831115,2052.07,17853.06,OCUPACAO,655,RAIS 2025 - MTE,2025,2026-09-29
831120,1390.14,6985.92,OCUPACAO,137,RAIS 2025 - MTE,2025,2026-09-29
831125,1745.42,12569.10,OCUPACAO,810,RAIS 2025 - MTE,2025,2026-09-29
832105,1556.09,8682.08,OCUPACAO,322,RAIS 2025 - MTE,2025,2026-09-29
832110,1593.81,8202.46,OCUPACAO,2111,RAIS 2025 - MTE,2025,2026-09-29
832115,1770.28,9158.92,OCUPACAO,1068,RAIS 2025 - MTE,2025,2026-09-29
832120,1820.08,9273.76,OCUPACAO,1019,RAIS 2025 - MTE,2025,2026-09-29
832125,1738.16,8807.25,OCUPACAO,9672,RAIS 2025 - MTE,2025,2026-09-29
832135,1685.00,7987.91,OCUPACAO,5097,RAIS 2025 - MTE,2025,2026-09-29
833105,1637.33,5534.70,OCUPACAO,3027,RAIS 2025 - MTE,2025,2026-09-29
833110,1348.99,6405.76,OCUPACAO,2561,RAIS 2025 - MTE,2025,2026-09-29
833115,1638.40,4500.56,OCUPACAO,926,RAIS 2025 - MTE,2025,2026-09-29
833120,1675.00,7139.46,OCUPACAO,5425,RAIS 2025 - MTE,2025,2026-09-29
833125,1378.21,4433.33,OCUPACAO,1135,RAIS 2025 - MTE,2025,2026-09-29
833205,1412.13,3816.18,OCUPACAO,2143,RAIS 2025 - MTE,2025,2026-09-29
840105,2000.00,14058.07,OCUPACAO,30688,RAIS 2025 - MTE,2025,2026-09-29
840110,2314.59,14024.85,OCUPACAO,2011,RAIS 2025 - MTE,2025,2026-09-29
840115,2877.45,23687.91,OCUPACAO,422,RAIS 2025 - MTE,2025,2026-09-29
840120,1756.75,7213.82,OCUPACAO,2162,RAIS 2025 - MTE,2025,2026-09-29
841105,1582.00,8183.08,OCUPACAO,1121,RAIS 2025 - MTE,2025,2026-09-29
841110,1454.83,6788.72,OCUPACAO,536,RAIS 2025 - MTE,2025,2026-09-29
841115,1531.33,6396.40,OCUPACAO,6168,RAIS 2025 - MTE,2025,2026-09-29
841205,1166.19,3619.37,OCUPACAO,185,RAIS 2025 - MTE,2025,2026-09-29
841210,1232.42,3787.77,OCUPACAO,1314,RAIS 2025 - MTE,2025,2026-09-29
841305,2035.99,7791.06,OCUPACAO,1922,RAIS 2025 - MTE,2025,2026-09-29
841310,1825.20,7384.61,OCUPACAO,5686,RAIS 2025 - MTE,2025,2026-09-29
841315,1935.46,8752.34,OCUPACAO,3442,RAIS 2025 - MTE,2025,2026-09-29
841320,1832.79,6082.96,OCUPACAO,1026,RAIS 2025 - MTE,2025,2026-09-29
841408,1271.77,4270.19,OCUPACAO,19052,RAIS 2025 - MTE,2025,2026-09-29
841416,1443.58,4703.05,OCUPACAO,1398,RAIS 2025 - MTE,2025,2026-09-29
841420,1441.83,4193.81,OCUPACAO,1544,RAIS 2025 - MTE,2025,2026-09-29
841428,1530.00,4299.50,OCUPACAO,152,RAIS 2025 - MTE,2025,2026-09-29
841432,1518.00,4336.29,OCUPACAO,207,RAIS 2025 - MTE,2025,2026-09-29
841440,1467.40,4848.25,OCUPACAO,719,RAIS 2025 - MTE,2025,2026-09-29
841444,1804.12,9107.56,OCUPACAO,62,RAIS 2025 - MTE,2025,2026-09-29
841448,1395.22,6060.12,OCUPACAO,2354,RAIS 2025 - MTE,2025,2026-09-29
841456,1338.94,4223.76,OCUPACAO,11651,RAIS 2025 - MTE,2025,2026-09-29
841460,1535.24,6737.40,OCUPACAO,1725,RAIS 2025 - MTE,2025,2026-09-29
841464,1518.00,3728.05,OCUPACAO,950,RAIS 2025 - MTE,2025,2026-09-29
841468,1518.00,5124.72,OCUPACAO,6776,RAIS 2025 - MTE,2025,2026-09-29
841472,1764.69,9072.47,OCUPACAO,202,RAIS 2025 - MTE,2025,2026-09-29
841476,1712.02,4718.76,OCUPACAO,327,RAIS 2025 - MTE,2025,2026-09-29
841484,1327.69,3457.01,OCUPACAO,9829,RAIS 2025 - MTE,2025,2026-09-29
841505,1392.69,4707.55,OCUPACAO,23578,RAIS 2025 - MTE,2025,2026-09-29
841605,1518.00,5147.16,OCUPACAO,99,RAIS 2025 - MTE,2025,2026-09-29
841610,1518.00,5119.78,OCUPACAO,809,RAIS 2025 - MTE,2025,2026-09-29
841615,1689.40,4036.31,OCUPACAO,39,RAIS 2025 - MTE,2025,2026-09-29
841620,2052.22,7243.95,OCUPACAO,627,RAIS 2025 - MTE,2025,2026-09-29
841625,1518.00,6331.42,FAMILIA,1995,RAIS 2025 - MTE,2025,2026-09-29
841630,1592.85,4432.86,OCUPACAO,395,RAIS 2025 - MTE,2025,2026-09-29
841705,1518.00,4807.33,OCUPACAO,164,RAIS 2025 - MTE,2025,2026-09-29
841710,1573.61,7375.02,OCUPACAO,612,RAIS 2025 - MTE,2025,2026-09-29
841715,1840.62,8161.91,OCUPACAO,1227,RAIS 2025 - MTE,2025,2026-09-29
841720,1517.75,6719.43,OCUPACAO,719,RAIS 2025 - MTE,2025,2026-09-29
841725,1518.00,6503.41,FAMILIA,5740,RAIS 2025 - MTE,2025,2026-09-29
841730,1518.00,5874.87,OCUPACAO,143,RAIS 2025 - MTE,2025,2026-09-29
841735,1518.00,6503.41,FAMILIA,5740,RAIS 2025 - MTE,2025,2026-09-29
841740,1518.00,6377.92,OCUPACAO,62,RAIS 2025 - MTE,2025,2026-09-29
841745,1416.80,4668.33,OCUPACAO,2792,RAIS 2025 - MTE,2025,2026-09-29
841805,1315.68,4379.09,OCUPACAO,9097,RAIS 2025 - MTE,2025,2026-09-29
841810,1584.42,5601.72,OCUPACAO,30587,RAIS 2025 - MTE,2025,2026-09-29
841815,1819.36,5603.73,OCUPACAO,3936,RAIS 2025 - MTE,2025,2026-09-29
842105,1375.86,8284.73,FAMILIA,3891,RAIS 2025 - MTE,2025,2026-09-29
842110,1552.35,7429.31,OCUPACAO,391,RAIS 2025 - MTE,2025,2026-09-29
842115,1136.66,9012.69,OCUPACAO,1084,RAIS 2025 - MTE,2025,2026-09-29
842120,1490.47,4591.71,OCUPACAO,1057,RAIS 2025 - MTE,2025,2026-09-29
842125,1937.74,9523.12,OCUPACAO,1092,RAIS 2025 - MTE,2025,2026-09-29
842135,1628.63,7586.85,OCUPACAO,241,RAIS 2025 - MTE,2025,2026-09-29
842205,1486.40,6455.32,FAMILIA,225,RAIS 2025 - MTE,2025,2026-09-29
842210,1638.00,7869.88,OCUPACAO,60,RAIS 2025 - MTE,2025,2026-09-29
842215,1486.40,6455.32,FAMILIA,225,RAIS 2025 - MTE,2025,2026-09-29
842220,1486.40,6455.32,FAMILIA,225,RAIS 2025 - MTE,2025,2026-09-29
842225,1486.40,6455.32,FAMILIA,225,RAIS 2025 - MTE,2025,2026-09-29
842230,1339.11,2073.17,OCUPACAO,148,RAIS 2025 - MTE,2025,2026-09-29
842235,1486.40,6455.32,FAMILIA,225,RAIS 2025 - MTE,2025,2026-09-29
848105,1296.09,4882.54,OCUPACAO,431,RAIS 2025 - MTE,2025,2026-09-29
848110,1474.75,3781.75,OCUPACAO,3375,RAIS 2025 - MTE,2025,2026-09-29
848115,1492.54,4733.86,OCUPACAO,8596,RAIS 2025 - MTE,2025,2026-09-29
848205,1518.00,4748.06,OCUPACAO,786,RAIS 2025 - MTE,2025,2026-09-29
848210,1424.19,5514.04,OCUPACAO,4549,RAIS 2025 - MTE,2025,2026-09-29
848215,1518.00,4193.82,OCUPACAO,150,RAIS 2025 - MTE,2025,2026-09-29
848305,1518.00,4389.30,OCUPACAO,98375,RAIS 2025 - MTE,2025,2026-09-29
848310,1518.00,4384.89,OCUPACAO,58240,RAIS 2025 - MTE,2025,2026-09-29
848315,1433.14,4325.78,OCUPACAO,17432,RAIS 2025 - MTE,2025,2026-09-29
848325,1361.31,3751.24,OCUPACAO,5261,RAIS 2025 - MTE,2025,2026-09-29
848405,1528.03,10001.57,OCUPACAO,940,RAIS 2025 - MTE,2025,2026-09-29
848410,1513.04,6742.67,FAMILIA,7945,RAIS 2025 - MTE,2025,2026-09-29
848415,1513.04,6742.67,FAMILIA,7945,RAIS 2025 - MTE,2025,2026-09-29
848420,1403.82,6670.23,OCUPACAO,146,RAIS 2025 - MTE,2025,2026-09-29
848425,1490.13,6113.72,OCUPACAO,6822,RAIS 2025 - MTE,2025,2026-09-29
848505,1255.06,4382.79,OCUPACAO,39811,RAIS 2025 - MTE,2025,2026-09-29
848510,1449.70,4277.44,OCUPACAO,221335,RAIS 2025 - MTE,2025,2026-09-29
848515,1594.30,5150.43,OCUPACAO,24989,RAIS 2025 - MTE,2025,2026-09-29
848520,1417.60,4009.67,OCUPACAO,101911,RAIS 2025 - MTE,2025,2026-09-29
848525,1379.97,3902.77,OCUPACAO,36381,RAIS 2025 - MTE,2025,2026-09-29
848605,1194.44,3535.00,OCUPACAO,644,RAIS 2025 - MTE,2025,2026-09-29
860105,2525.38,20041.25,OCUPACAO,2567,RAIS 2025 - MTE,2025,2026-09-29
860110,2586.04,18378.21,OCUPACAO,4062,RAIS 2025 - MTE,2025,2026-09-29
860115,2761.24,20178.29,OCUPACAO,9250,RAIS 2025 - MTE,2025,2026-09-29
861105,2449.28,22596.28,OCUPACAO,3095,RAIS 2025 - MTE,2025,2026-09-29
861110,2140.93,16870.28,OCUPACAO,1543,RAIS 2025 - MTE,2025,2026-09-29
861115,1945.79,15454.28,OCUPACAO,1759,RAIS 2025 - MTE,2025,2026-09-29
861120,5605.74,69032.26,OCUPACAO,196,RAIS 2025 - MTE,2025,2026-09-29
861205,2382.34,16075.83,OCUPACAO,1790,RAIS 2025 - MTE,2025,2026-09-29
862105,1566.21,5334.04,OCUPACAO,246,RAIS 2025 - MTE,2025,2026-09-29
862110,1940.03,10542.15,OCUPACAO,307,RAIS 2025 - MTE,2025,2026-09-29
862115,1889.25,6477.15,OCUPACAO,99,RAIS 2025 - MTE,2025,2026-09-29
862120,1855.49,7189.14,OCUPACAO,26780,RAIS 2025 - MTE,2025,2026-09-29
862130,1945.56,7687.68,OCUPACAO,1047,RAIS 2025 - MTE,2025,2026-09-29
862140,1705.25,8530.68,OCUPACAO,3525,RAIS 2025 - MTE,2025,2026-09-29
862150,1609.82,5703.58,OCUPACAO,203276,RAIS 2025 - MTE,2025,2026-09-29
862155,2038.61,10353.52,OCUPACAO,7675,RAIS 2025 - MTE,2025,2026-09-29
862160,2373.02,6068.03,OCUPACAO,1545,RAIS 2025 - MTE,2025,2026-09-29
862205,1586.58,12670.89,OCUPACAO,19560,RAIS 2025 - MTE,2025,2026-09-29
862305,1601.49,8296.13,OCUPACAO,26136,RAIS 2025 - MTE,2025,2026-09-29
862310,1714.79,10354.97,OCUPACAO,735,RAIS 2025 - MTE,2025,2026-09-29
862405,1978.46,9733.75,OCUPACAO,3445,RAIS 2025 - MTE,2025,2026-09-29
862505,1518.00,6690.39,OCUPACAO,2905,RAIS 2025 - MTE,2025,2026-09-29
862510,1966.64,6437.15,OCUPACAO,1252,RAIS 2025 - MTE,2025,2026-09-29
862515,1419.09,4766.33,OCUPACAO,2139,RAIS 2025 - MTE,2025,2026-09-29
910105,2204.75,16507.46,OCUPACAO,26375,RAIS 2025 - MTE,2025,2026-09-29
910110,2200.00,11818.42,OCUPACAO,2455,RAIS 2025 - MTE,2025,2026-09-29
910115,2273.41,19448.58,OCUPACAO,1496,RAIS 2025 - MTE,2025,2026-09-29
910120,2300.00,19348.85,OCUPACAO,212,RAIS 2025 - MTE,2025,2026-09-29
910125,2448.21,16540.95,OCUPACAO,772,RAIS 2025 - MTE,2025,2026-09-29
910130,2803.65,18292.36,OCUPACAO,3057,RAIS 2025 - MTE,2025,2026-09-29
910205,1639.11,11304.16,OCUPACAO,5902,RAIS 2025 - MTE,2025,2026-09-29
910210,2533.56,16207.42,OCUPACAO,7602,RAIS 2025 - MTE,2025,2026-09-29
910905,1933.87,8088.75,OCUPACAO,749,RAIS 2025 - MTE,2025,2026-09-29
910910,2332.68,19526.63,OCUPACAO,652,RAIS 2025 - MTE,2025,2026-09-29
911105,1518.00,7970.68,OCUPACAO,1709,RAIS 2025 - MTE,2025,2026-09-29
911110,1620.02,11888.18,OCUPACAO,3344,RAIS 2025 - MTE,2025,2026-09-29
911115,1518.00,8339.42,OCUPACAO,934,RAIS 2025 - MTE,2025,2026-09-29
911120,1518.00,6756.69,OCUPACAO,9843,RAIS 2025 - MTE,2025,2026-09-29
911125,1672.27,7792.90,OCUPACAO,276,RAIS 2025 - MTE,2025,2026-09-29
911130,1732.53,17155.01,OCUPACAO,301,RAIS 2025 - MTE,2025,2026-09-29
911135,1606.00,6682.61,OCUPACAO,47,RAIS 2025 - MTE,2025,2026-09-29
911205,1454.84,5077.07,OCUPACAO,31718,RAIS 2025 - MTE,2025,2026-09-29
911305,1757.37,9830.91,OCUPACAO,185064,RAIS 2025 - MTE,2025,2026-09-29
911310,2061.92,10531.30,OCUPACAO,744,RAIS 2025 - MTE,2025,2026-09-29
911315,1800.00,8610.40,OCUPACAO,483,RAIS 2025 - MTE,2025,2026-09-29
911320,1799.89,8673.93,OCUPACAO,8064,RAIS 2025 - MTE,2025,2026-09-29
911325,1925.58,10768.50,OCUPACAO,3853,RAIS 2025 - MTE,2025,2026-09-29
913105,1696.80,9080.88,OCUPACAO,2359,RAIS 2025 - MTE,2025,2026-09-29
913110,2258.80,9159.99,OCUPACAO,5943,RAIS 2025 - MTE,2025,2026-09-29
913115,1916.63,10945.80,OCUPACAO,27103,RAIS 2025 - MTE,2025,2026-09-29
913120,1932.70,9424.68,OCUPACAO,10587,RAIS 2025 - MTE,2025,2026-09-29
913125,1749.00,6412.27,OCUPACAO,582,RAIS 2025 - MTE,2025,2026-09-29
914105,1933.28,22926.81,OCUPACAO,7609,RAIS 2025 - MTE,2025,2026-09-29
914110,1846.84,17884.78,OCUPACAO,285,RAIS 2025 - MTE,2025,2026-09-29
914205,1777.74,22589.45,OCUPACAO,1110,RAIS 2025 - MTE,2025,2026-09-29
914305,1583.60,15410.61,OCUPACAO,4343,RAIS 2025 - MTE,2025,2026-09-29
914405,1518.00,6684.25,OCUPACAO,192843,RAIS 2025 - MTE,2025,2026-09-29
914410,1821.60,7947.01,OCUPACAO,6109,RAIS 2025 - MTE,2025,2026-09-29
914415,1475.43,4874.16,OCUPACAO,11694,RAIS 2025 - MTE,2025,2026-09-29
914420,1758.53,9292.19,OCUPACAO,5436,RAIS 2025 - MTE,2025,2026-09-29
914425,1635.20,7860.07,OCUPACAO,55694,RAIS 2025 - MTE,2025,2026-09-29
915105,1669.96,12141.37,OCUPACAO,3469,RAIS 2025 - MTE,2025,2026-09-29
915110,1652.13,8012.37,OCUPACAO,273,RAIS 2025 - MTE,2025,2026-09-29
915115,1533.33,7704.45,OCUPACAO,655,RAIS 2025 - MTE,2025,2026-09-29
915205,1414.69,6353.40,FAMILIA,178,RAIS 2025 - MTE,2025,2026-09-29
915210,1357.48,5276.06,OCUPACAO,103,RAIS 2025 - MTE,2025,2026-09-29
915215,1518.00,6412.67,OCUPACAO,56,RAIS 2025 - MTE,2025,2026-09-29
915305,1932.23,13634.00,OCUPACAO,6144,RAIS 2025 - MTE,2025,2026-09-29
915405,1573.50,8644.73,OCUPACAO,57,RAIS 2025 - MTE,2025,2026-09-29
919105,1825.93,7484.22,OCUPACAO,7805,RAIS 2025 - MTE,2025,2026-09-29
919110,1671.60,6598.19,OCUPACAO,19691,RAIS 2025 - MTE,2025,2026-09-29
919115,1518.00,11563.23,OCUPACAO,143,RAIS 2025 - MTE,2025,2026-09-29
919205,1518.00,7199.73,OCUPACAO,10186,RAIS 2025 - MTE,2025,2026-09-29
919305,1518.00,4842.20,OCUPACAO,570,RAIS 2025 - MTE,2025,2026-09-29
919310,1480.13,3790.50,OCUPACAO,4959,RAIS 2025 - MTE,2025,2026-09-29
919315,1481.11,3505.87,OCUPACAO,1265,RAIS 2025 - MTE,2025,2026-09-29
950105,2906.77,14070.27,OCUPACAO,12844,RAIS 2025 - MTE,2025,2026-09-29
950110,2740.15,17647.17,OCUPACAO,12256,RAIS 2025 - MTE,2025,2026-09-29
950205,1863.69,10619.62,OCUPACAO,1421,RAIS 2025 - MTE,2025,2026-09-29
950305,3721.52,23098.59,OCUPACAO,10627,RAIS 2025 - MTE,2025,2026-09-29
951105,2120.00,10808.47,OCUPACAO,91699,RAIS 2025 - MTE,2025,2026-09-29
951305,1446.35,4775.00,OCUPACAO,13461,RAIS 2025 - MTE,2025,2026-09-29
951310,1471.87,4709.52,OCUPACAO,4663,RAIS 2025 - MTE,2025,2026-09-29
951315,1322.17,3966.60,OCUPACAO,19596,RAIS 2025 - MTE,2025,2026-09-29
951320,1440.22,3973.58,OCUPACAO,10054,RAIS 2025 - MTE,2025,2026-09-29
953105,2578.35,15030.50,OCUPACAO,988,RAIS 2025 - MTE,2025,2026-09-29
953110,2502.03,31756.25,OCUPACAO,969,RAIS 2025 - MTE,2025,2026-09-29
953115,1518.00,7541.36,OCUPACAO,28828,RAIS 2025 - MTE,2025,2026-09-29
954105,1869.10,8750.43,OCUPACAO,6626,RAIS 2025 - MTE,2025,2026-09-29
954110,2191.61,7510.04,OCUPACAO,101,RAIS 2025 - MTE,2025,2026-09-29
954115,1518.00,7140.10,OCUPACAO,341,RAIS 2025 - MTE,2025,2026-09-29
954120,1783.68,9098.13,OCUPACAO,2536,RAIS 2025 - MTE,2025,2026-09-29
954125,2063.15,9399.08,OCUPACAO,14791,RAIS 2025 - MTE,2025,2026-09-29
954205,1518.00,4432.33,OCUPACAO,2054,RAIS 2025 - MTE,2025,2026-09-29
954210,1518.00,5817.17,OCUPACAO,325,RAIS 2025 - MTE,2025,2026-09-29
954305,1518.00,5780.13,OCUPACAO,1475,RAIS 2025 - MTE,2025,2026-09-29
991105,1200.66,3937.95,OCUPACAO,5746,RAIS 2025 - MTE,2025,2026-09-29
991110,2012.64,8183.75,OCUPACAO,36,RAIS 2025 - MTE,2025,2026-09-29
991115,1405.54,6318.66,OCUPACAO,2572,RAIS 2025 - MTE,2025,2026-09-29
991120,1676.00,6387.11,OCUPACAO,218,RAIS 2025 - MTE,2025,2026-09-29
991205,1211.49,5417.59,OCUPACAO,1083,RAIS 2025 - MTE,2025,2026-09-29
991305,1518.00,7227.65,OCUPACAO,16691,RAIS 2025 - MTE,2025,2026-09-29
991310,1518.00,5503.51,OCUPACAO,8461,RAIS 2025 - MTE,2025,2026-09-29
991315,1518.00,6042.89,OCUPACAO,12633,RAIS 2025 - MTE,2025,2026-09-29
992105,1415.51,5682.41,OCUPACAO,6407,RAIS 2025 - MTE,2025,2026-09-29
992110,1461.69,5166.96,OCUPACAO,1541,RAIS 2025 - MTE,2025,2026-09-29
992115,1518.00,5600.43,OCUPACAO,29317,RAIS 2025 - MTE,2025,2026-09-29
992120,1433.19,3941.52,OCUPACAO,2831,RAIS 2025 - MTE,2025,2026-09-29
992205,1627.56,8649.24,OCUPACAO,10653,RAIS 2025 - MTE,2025,2026-09-29
992210,1632.77,7248.33,OCUPACAO,9705,RAIS 2025 - MTE,2025,2026-09-29
992215,1177.64,3125.45,OCUPACAO,4167,RAIS 2025 - MTE,2025,2026-09-29
992220,1529.65,4968.12,OCUPACAO,679,RAIS 2025 - MTE,2025,2026-09-29
992225,1213.67,3695.64,OCUPACAO,65237,RAIS 2025 - MTE,2025,2026-09-29
