Número de matrícula;Nome completo do empregado;Número do CPF;Data de nascimento;Sexo (F/M);Estado civil;Grau de instrução;Nome da mãe;Número do PIS;Cargo ocupado;Código Brasileiro de Ocupação;Data de admissão na empresa;Data de efetivação;Tipo de contrato;Salário bruto mensal (R$);CNPJ do estabelecimento;CNPJ do grupo;Código da unidade;Nome da unidade;CEP residencial;Logradouro;Número;Complemento;Bairro;Município;UF;Telefone residencial;Telefone celular;E-mail corporativo;CEP do trabalho;Endereço do trabalho;Número do trabalho;Bairro do trabalho;Município do trabalho;UF do trabalho
008541;Elaine Ramos;954.067.347-09;18/04/1990;F;Casada;Superior completo;Luana Macedo Ramos;14622729595;Sócio-administrador;1210 10;15/09/2014;;Pró-labore;25.000,00;95.860.880/0001-82;;CXJ-01;Fábrica de Estruturas;95054769;Rua das Hortênsias;567;;Pio X;Caxias do Sul;RS;;(54) 99908-7808;elaine.ramos@coxilha-forte.example;95007336;Avenida Central;699;Exposição;Caxias do Sul;RS
008542;Luana Oliveira Sales;629.718.480-19;08/07/1970;F;Divorciada;Superior completo;Lúcia Lima Sales;16273073260;Sócio-administrador;1210 10;30/05/2017;;Pró-labore;20.000,00;95.860.880/0001-82;;CXJ-01;Fábrica de Estruturas;95000409;Rua da Esperança;1008;Casa 2;Kayser;Caxias do Sul;RS;(54) 3742-8140;(54) 98888-1880;luana.sales@coxilha-forte.example;95007336;Avenida Central;699;Exposição;Caxias do Sul;RS
008543;Luana Farias Moreira;376.703.084-51;22/11/1986;F;Solteira;Médio incompleto;Luana Rodrigues Moreira;13276807721;Operador de empilhadeira;7822 20;18/05/2023;16/08/2023;Celetista;3.160,00;95.860.880/0001-82;;CXJ-01;Fábrica de Estruturas;95006452;Rua das Mangueiras;114;;Cinquentenário;Caxias do Sul;RS;;(54) 99596-0241;luana.moreira@coxilha-forte.example;95007336;Avenida Central;699;Exposição;Caxias do Sul;RS
008544;Larissa Andrade;805.109.154-00;24/03/1984;F;Divorciada;Fundamental completo;Rosana Teixeira Andrade;14842384721;Operador de máquinas;8621 50;08/02/2017;09/05/2017;Celetista;2.670,00;95.860.880/0001-82;;CXJ-01;Fábrica de Estruturas;95053461;Avenida das Nações;1733;;Exposição;Caxias do Sul;RS;;(54) 98225-4772;larissa.andrade@coxilha-forte.example;95007336;Avenida Central;699;Exposição;Caxias do Sul;RS
008545;Francisca Correia;760.202.960-75;12/11/1979;F;Divorciada;Médio completo;Luana Campos Correia;13049356349;Prensista;7245 15;03/04/2024;02/07/2024;Celetista;2.610,00;95.860.880/0001-82;;CXJ-01;Fábrica de Estruturas;95066263;Rua da Liberdade;1743;Casa A;Kayser;Caxias do Sul;RS;;(54) 98679-8460;francisca.correia@coxilha-forte.example;95007336;Avenida Central;699;Exposição;Caxias do Sul;RS
008546;Otávio Gomes Barbosa;373.426.108-28;15/06/1992;M;União estável;Médio completo;Yasmin Batista Barbosa;14606202247;Soldador;7243 15;03/08/2024;01/11/2024;Celetista;2.880,00;95.860.880/0001-82;;CXJ-01;Fábrica de Estruturas;95066529;Rua das Hortênsias;1805;Sala 5;Pio X;Caxias do Sul;RS;;(54) 99738-1809;otavio.barbosa@coxilha-forte.example;95007336;Avenida Central;699;Exposição;Caxias do Sul;RS
008547;Raimundo Peixoto Xavier;571.303.494-17;12/02/1998;M;União estável;Fundamental completo;Flávia Monteiro Xavier;18864414554;Operador de máquinas;8621 50;08/04/2021;07/07/2021;Celetista;2.350,00;95.860.880/0001-82;;CXJ-01;Fábrica de Estruturas;95071953;Rua das Palmeiras;15;;Kayser;Caxias do Sul;RS;;(54) 99718-1625;raimundo.xavier@coxilha-forte.example;95007336;Avenida Central;699;Exposição;Caxias do Sul;RS
008548;Rodrigo Freitas;700.542.994-03;15/01/1994;M;União estável;Fundamental completo;Fernanda Queiroz Freitas;11806851535;Operador de máquinas;8621 50;07/07/2018;05/10/2018;Celetista;3.000,00;95.860.880/0001-82;;CXJ-01;Fábrica de Estruturas;95073701;Rua da Alvorada;2132;;Pio X;Caxias do Sul;RS;;(54) 98764-3726;rodrigo.freitas@coxilha-forte.example;95007336;Avenida Central;699;Exposição;Caxias do Sul;RS
008549;Cláudia Neves Dias;255.032.318-13;16/01/2006;F;Solteira;Médio completo;Gabriela Ramos Dias;16163866948;Soldador;7243 15;22/11/2025;20/02/2026;Celetista;2.880,00;95.860.880/0001-82;;CXJ-01;Fábrica de Estruturas;95029767;Rua dos Pinheiros Altos;2370;;Pio X;Caxias do Sul;RS;(54) 3464-8133;(54) 98999-6035;claudia.dias@coxilha-forte.example;95007336;Avenida Central;699;Exposição;Caxias do Sul;RS
008550;Gabriela Rezende Barros;310.214.572-80;29/04/1995;F;União estável;Médio incompleto;Yasmin Alves Barros;16545975530;Operador de máquinas;8621 50;29/12/2017;29/03/2018;Celetista;2.350,00;95.860.880/0001-82;;CXJ-01;Fábrica de Estruturas;95052454;Rua das Orquídeas;2543;;São Pelegrino;Caxias do Sul;RS;(54) 3868-9123;(54) 98252-8572;gabriela.barros@coxilha-forte.example;95007336;Avenida Central;699;Exposição;Caxias do Sul;RS
008551;Olívia Alves Sales;436.540.815-17;16/04/2000;F;Divorciada;Médio completo;Natália Borges Sales;15610826079;Operador de máquinas;8621 50;09/07/2023;07/10/2023;Celetista;2.670,00;95.860.880/0001-82;;CXJ-01;Fábrica de Estruturas;95053113;Rua das Acácias;2239;;São Pelegrino;Caxias do Sul;RS;;(54) 98605-2841;olivia.sales@coxilha-forte.example;95007336;Avenida Central;699;Exposição;Caxias do Sul;RS
008552;Olívia Teixeira Freitas;416.439.165-05;22/03/2002;F;Solteira;Médio completo;Valéria Peixoto Freitas;18840141298;Operador de máquinas;8621 50;03/09/2023;02/12/2023;Celetista;2.670,00;95.860.880/0001-82;;CXJ-01;Fábrica de Estruturas;95087998;Rua Santa Clara;2575;;Pio X;Caxias do Sul;RS;(54) 3766-9445;(54) 99213-5528;olivia.freitas@coxilha-forte.example;95007336;Avenida Central;699;Exposição;Caxias do Sul;RS
008553;Jéssica Bezerra Assis;147.171.756-97;14/12/1992;F;Casada;Fundamental completo;Elaine Borges Assis;17373692451;Caldeireiro;7244 10;17/08/2024;15/11/2024;Celetista;4.730,00;95.860.880/0001-82;;CXJ-01;Fábrica de Estruturas;95077532;Rua das Gaivotas;725;Fundos;São Pelegrino;Caxias do Sul;RS;(54) 3525-7575;(54) 98108-3967;jessica.assis@coxilha-forte.example;95007336;Avenida Central;699;Exposição;Caxias do Sul;RS
008554;Elaine Moreira Borges;481.988.837-46;25/06/1997;F;Solteira;Superior incompleto;Karina Guimarães Borges;11048137096;Inspetor de qualidade;3912 05;07/04/2025;06/07/2025;Celetista;5.580,00;95.860.880/0001-82;;CXJ-01;Fábrica de Estruturas;95006959;Rua Santa Clara;1290;Bloco B;Cinquentenário;Caxias do Sul;RS;;(54) 99480-8648;elaine.borges@coxilha-forte.example;95007336;Avenida Central;699;Exposição;Caxias do Sul;RS
008555;Lucas Pinto Gonçalves;868.394.460-34;18/12/1978;M;União estável;Médio completo;Bruna Souza Gonçalves;18167815782;Prensista;7245 15;15/05/2026;;Celetista;3.010,00;95.860.880/0001-82;;CXJ-01;Fábrica de Estruturas;95018038;Rua São Pedro;2507;Sala 5;Kayser;Caxias do Sul;RS;;(54) 98991-0655;lucas.goncalves@coxilha-forte.example;95007336;Avenida Central;699;Exposição;Caxias do Sul;RS
008556;Kaique Pinto;966.026.715-02;20/07/1982;M;Casado;Médio incompleto;Simone Vieira Pinto;19301232046;Caldeireiro;7244 10;08/04/2022;07/07/2022;Celetista;4.210,00;95.860.880/0001-82;;CXJ-01;Fábrica de Estruturas;95038485;Rua das Acácias;1902;;Cinquentenário;Caxias do Sul;RS;(54) 3900-6448;(54) 99634-9737;kaique.pinto@coxilha-forte.example;95007336;Avenida Central;699;Exposição;Caxias do Sul;RS
008557;Kaique Batista Andrade;602.639.838-46;23/10/1997;M;União estável;Fundamental completo;Débora Soares Andrade;19470468547;Soldador;7243 15;18/05/2019;16/08/2019;Celetista;3.820,00;95.860.880/0001-82;;CXJ-01;Fábrica de Estruturas;95031518;Avenida das Nações;473;Bloco B;Exposição;Caxias do Sul;RS;(54) 3548-7230;(54) 98293-3039;kaique.andrade@coxilha-forte.example;95007336;Avenida Central;699;Exposição;Caxias do Sul;RS
008558;Vinícius Paiva;845.356.764-61;15/08/1993;M;União estável;Fundamental completo;Helena Cardoso Paiva;18803952447;Prensista;7245 15;22/05/2025;20/08/2025;Celetista;3.810,00;95.860.880/0001-82;;CXJ-01;Fábrica de Estruturas;95038137;Rua das Gaivotas;1204;;São Pelegrino;Caxias do Sul;RS;;(54) 99731-9039;vinicius.paiva@coxilha-forte.example;95007336;Avenida Central;699;Exposição;Caxias do Sul;RS
008559;Emerson Castro Guimarães;091.275.840-62;10/11/1986;M;Solteiro;Médio completo;Bruna Souza Guimarães;13085810031;Soldador;7243 15;21/06/2024;19/09/2024;Celetista;3.350,00;95.860.880/0001-82;;CXJ-01;Fábrica de Estruturas;95044825;Rua das Palmeiras;1745;Apto 204;Exposição;Caxias do Sul;RS;;(54) 99779-3146;emerson.guimaraes@coxilha-forte.example;95007336;Avenida Central;699;Exposição;Caxias do Sul;RS
008560;Carlos Fernandes Rezende;129.268.860-21;13/01/1995;M;Casado;Médio completo;Nayara Macedo Rezende;11926716030;Inspetor de qualidade;3912 05;22/03/2022;20/06/2022;Celetista;3.400,00;95.860.880/0001-82;;CXJ-01;Fábrica de Estruturas;95053518;Rua das Gaivotas;2025;Apto 101;Pio X;Caxias do Sul;RS;;(54) 99066-7712;carlos.rezende@coxilha-forte.example;95007336;Avenida Central;699;Exposição;Caxias do Sul;RS
008561;Rafael Rodrigues Santos;677.052.869-04;21/01/2001;M;Casado;Médio completo;Lúcia Rezende Santos;16660667825;Almoxarife;4141 05;04/12/2025;04/03/2026;Celetista;2.800,00;95.860.880/0001-82;;CXJ-01;Fábrica de Estruturas;95061987;Rua das Flores do Campo;1500;;Exposição;Caxias do Sul;RS;(54) 3674-9287;(54) 98666-4632;rafael.santos@coxilha-forte.example;95007336;Avenida Central;699;Exposição;Caxias do Sul;RS
008562;Patrícia Marques;998.898.903-21;10/05/2006;F;Solteira;Médio completo;Sandra Monteiro Marques;12008695145;Prensista;7245 15;20/06/2025;18/09/2025;Celetista;3.010,00;95.860.880/0001-82;;CXJ-01;Fábrica de Estruturas;95096065;Rua das Hortênsias;2151;;Cinquentenário;Caxias do Sul;RS;;(54) 99931-5743;patricia.marques@coxilha-forte.example;95007336;Avenida Central;699;Exposição;Caxias do Sul;RS
008563;Diego Macedo Araújo;400.881.433-76;26/09/1998;M;União estável;Médio completo;Yasmin Freitas Araújo;18276222974;Caldeireiro;7244 10;18/08/2024;16/11/2024;Celetista;3.690,00;95.860.880/0001-82;;CXJ-01;Fábrica de Estruturas;95091355;Rua do Bosque;830;;Pio X;Caxias do Sul;RS;;(54) 99018-5573;diego.araujo@coxilha-forte.example;95007336;Avenida Central;699;Exposição;Caxias do Sul;RS
008564;Luiz Lima Peixoto;265.211.236-88;21/08/1995;M;Casado;Médio incompleto;Karina Monteiro Peixoto;19579196006;Operador de máquinas;8621 50;06/09/2018;05/12/2018;Celetista;2.350,00;95.860.880/0001-82;;CXJ-01;Fábrica de Estruturas;95090796;Rua do Mirante;1701;;São Pelegrino;Caxias do Sul;RS;;(54) 98256-1196;luiz.peixoto@coxilha-forte.example;95007336;Avenida Central;699;Exposição;Caxias do Sul;RS
008565;Rafael Farias Magalhães;714.046.980-60;07/04/2001;M;Solteiro;Superior completo;Marta Magalhães Magalhães;10084503050;Gerente administrativo;1421 05;19/05/2025;17/08/2025;Celetista;6.340,00;95.860.880/0001-82;;CXJ-01;Fábrica de Estruturas;95083717;Rua dos Girassóis;2761;Fundos;Pio X;Caxias do Sul;RS;;(54) 98745-8533;rafael.magalhaes@coxilha-forte.example;95007336;Avenida Central;699;Exposição;Caxias do Sul;RS
008566;Cristiane Brito;868.358.053-90;07/09/1995;F;União estável;Médio incompleto;Beatriz Ribeiro Brito;13761070279;Soldador;7243 15;10/07/2020;08/10/2020;Celetista;2.880,00;95.860.880/0001-82;;CXJ-01;Fábrica de Estruturas;95066053;Rua São Pedro;518;;Pio X;Caxias do Sul;RS;;(54) 98806-4295;cristiane.brito@coxilha-forte.example;95007336;Avenida Central;699;Exposição;Caxias do Sul;RS
008567;Yasmin Correia Cavalcanti;677.963.807-20;19/12/2000;F;União estável;Médio completo;Cristiane Siqueira Cavalcanti;15516307631;Soldador;7243 15;20/08/2024;18/11/2024;Celetista;2.880,00;95.860.880/0001-82;;CXJ-01;Fábrica de Estruturas;95086047;Rua das Flores do Campo;1928;;São Pelegrino;Caxias do Sul;RS;;(54) 99314-5517;yasmin.cavalcanti@coxilha-forte.example;95007336;Avenida Central;699;Exposição;Caxias do Sul;RS
008568;Natália Moreira;618.172.115-01;27/10/2000;F;União estável;Médio completo;Mariana Correia Moreira;16265628228;Operador de máquinas;8621 50;30/04/2026;29/07/2026;Celetista;2.350,00;95.860.880/0001-82;;CXJ-01;Fábrica de Estruturas;95028219;Rua das Hortênsias;518;Casa A;São Pelegrino;Caxias do Sul;RS;;(54) 98765-5251;natalia.moreira@coxilha-forte.example;95007336;Avenida Central;699;Exposição;Caxias do Sul;RS
008569;Nelson Araújo Martins;970.632.974-90;04/11/1986;M;Casado;Fundamental completo;Larissa Moreira Martins;12750604134;Soldador;7243 15;09/12/2024;09/03/2025;Celetista;2.880,00;95.860.880/0001-82;;CXJ-01;Fábrica de Estruturas;95045865;Rua do Sol Nascente;1707;Apto 101;Kayser;Caxias do Sul;RS;(54) 3686-1649;(54) 99712-8716;nelson.martins@coxilha-forte.example;95007336;Avenida Central;699;Exposição;Caxias do Sul;RS
008570;Carlos Brito Freitas;953.801.282-89;14/04/1974;M;Casado;Fundamental completo;Aline Xavier Freitas;11106782760;Prensista;7245 15;30/12/2014;30/03/2015;Celetista;2.610,00;95.860.880/0001-82;;CXJ-01;Fábrica de Estruturas;95067323;Rua do Sol Nascente;25;;Exposição;Caxias do Sul;RS;;(54) 99845-6372;carlos.freitas@coxilha-forte.example;95007336;Avenida Central;699;Exposição;Caxias do Sul;RS
008571;Renato Fernandes Neves;818.357.113-16;24/09/1994;M;União estável;Médio incompleto;Joana Lima Neves;15401499987;Soldador;7243 15;12/02/2022;13/05/2022;Celetista;3.350,00;95.860.880/0001-82;;CXJ-01;Fábrica de Estruturas;95023525;Rua do Bosque;731;;Cinquentenário;Caxias do Sul;RS;;(54) 98377-8612;renato.neves@coxilha-forte.example;95007336;Avenida Central;699;Exposição;Caxias do Sul;RS
008572;Leonardo Marques Mendes;941.394.199-89;29/06/2000;M;União estável;Médio completo;Valéria Assis Mendes;16557919418;Prensista;7245 15;24/06/2022;22/09/2022;Celetista;3.810,00;95.860.880/0001-82;;CXJ-01;Fábrica de Estruturas;95086910;Rua da Alvorada;680;Apto 204;Cinquentenário;Caxias do Sul;RS;;(54) 99542-4576;leonardo.mendes@coxilha-forte.example;95007336;Avenida Central;699;Exposição;Caxias do Sul;RS
008573;Eduarda Barbosa;770.351.112-98;23/06/1992;F;Casada;Médio completo;Vanessa Brito Barbosa;15396497043;Caldeireiro;7244 10;19/07/2015;17/10/2015;Celetista;3.690,00;95.860.880/0001-82;;CXJ-01;Fábrica de Estruturas;95098247;Rua das Gaivotas;2078;;Kayser;Caxias do Sul;RS;;(54) 99696-3404;eduarda.barbosa@coxilha-forte.example;95007336;Avenida Central;699;Exposição;Caxias do Sul;RS
008574;Valéria Sales Magalhães;736.577.408-80;11/01/2001;F;Solteira;Fundamental completo;Priscila Castro Magalhães;19166660553;Caldeireiro;7244 10;22/01/2025;22/04/2025;Celetista;4.210,00;95.860.880/0001-82;;CXJ-01;Fábrica de Estruturas;95033781;Rua dos Girassóis;1470;;Cinquentenário;Caxias do Sul;RS;;(54) 98886-0225;valeria.magalhaes@coxilha-forte.example;95007336;Avenida Central;699;Exposição;Caxias do Sul;RS
008575;Natália Silva Souza;045.412.998-01;27/11/1993;F;Casada;Fundamental completo;Bruna Araújo Souza;16147261343;Caldeireiro;7244 10;25/03/2024;23/06/2024;Celetista;3.170,00;95.860.880/0001-82;;CXJ-01;Fábrica de Estruturas;95083988;Rua do Horizonte;2003;;Kayser;Caxias do Sul;RS;;(54) 98771-5354;natalia.souza@coxilha-forte.example;95007336;Avenida Central;699;Exposição;Caxias do Sul;RS
008576;Jéssica Souza Campos;460.694.993-79;19/03/1984;F;Casada;Médio completo;Camila Brito Campos;18691396392;Operador de máquinas;8621 50;10/04/2026;09/07/2026;Celetista;2.350,00;95.860.880/0001-82;;CXJ-01;Fábrica de Estruturas;95006579;Rua das Acácias;1945;Bloco B;São Pelegrino;Caxias do Sul;RS;;(54) 98768-4900;jessica.campos@coxilha-forte.example;95007336;Avenida Central;699;Exposição;Caxias do Sul;RS
008577;Natália Moreira Peixoto;173.774.256-01;11/09/1983;F;Divorciada;Fundamental completo;Natália Dias Peixoto;19039009314;Operador de máquinas;8621 50;01/04/2022;30/06/2022;Celetista;2.350,00;95.860.880/0001-82;;CXJ-01;Fábrica de Estruturas;95017666;Rua Nova;568;;Pio X;Caxias do Sul;RS;;(54) 98679-1070;natalia.peixoto@coxilha-forte.example;95007336;Avenida Central;699;Exposição;Caxias do Sul;RS
008578;André Pereira Ferreira;916.794.002-15;22/04/1993;M;Casado;Médio completo;Cristiane Santos Ferreira;19125372662;Operador de máquinas;8621 50;30/12/2016;30/03/2017;Celetista;2.350,00;95.860.880/0001-82;;CXJ-01;Fábrica de Estruturas;95013383;Rua dos Pinheiros Altos;1142;;Pio X;Caxias do Sul;RS;(54) 3691-9447;(54) 98996-7183;andre.ferreira@coxilha-forte.example;95007336;Avenida Central;699;Exposição;Caxias do Sul;RS
008579;Nicolas Lima Barros;406.480.302-70;06/08/1988;M;Casado;Médio completo;Priscila Silva Barros;15714247289;Eletricista de manutenção;9511 05;01/11/2024;30/01/2025;Celetista;5.770,00;95.860.880/0001-82;;CXJ-01;Fábrica de Estruturas;95071806;Rua da Esperança;2359;;Cinquentenário;Caxias do Sul;RS;;(54) 99008-2437;nicolas.barros@coxilha-forte.example;95007336;Avenida Central;699;Exposição;Caxias do Sul;RS
008580;Luana Campos;986.274.043-48;17/12/1990;F;Solteira;Médio completo;Larissa Alves Campos;16886853729;Caldeireiro;7244 10;13/12/2018;13/03/2019;Celetista;3.170,00;95.860.880/0001-82;;CXJ-01;Fábrica de Estruturas;95039466;Rua do Cruzeiro;680;;São Pelegrino;Caxias do Sul;RS;;(54) 98938-5399;luana.campos@coxilha-forte.example;95007336;Avenida Central;699;Exposição;Caxias do Sul;RS
008581;Jorge Ramos Gomes;016.094.269-16;23/08/2003;M;Solteiro;Superior incompleto;Valéria Teixeira Gomes;16645614696;Inspetor de qualidade;3912 05;19/04/2025;18/07/2025;Celetista;3.400,00;95.860.880/0001-82;;CXJ-01;Fábrica de Estruturas;95076195;Rua das Gaivotas;238;Apto 101;São Pelegrino;Caxias do Sul;RS;;(54) 99965-3246;jorge.gomes@coxilha-forte.example;95007336;Avenida Central;699;Exposição;Caxias do Sul;RS
008582;Felipe Andrade Barbosa;100.621.403-88;28/09/1991;M;Casado;Médio incompleto;Beatriz Pereira Barbosa;11697041406;Eletricista de manutenção;9511 05;14/04/2026;13/07/2026;Celetista;5.770,00;95.860.880/0001-82;;CXJ-01;Fábrica de Estruturas;95046658;Rua das Flores do Campo;1897;;Exposição;Caxias do Sul;RS;;(54) 98450-2838;felipe.barbosa@coxilha-forte.example;95007336;Avenida Central;699;Exposição;Caxias do Sul;RS
008583;Antônio Ferreira Silva;557.111.559-97;08/01/1988;M;União estável;Médio completo;Beatriz Correia Silva;18967681709;Prensista;7245 15;05/11/2022;03/02/2023;Celetista;3.410,00;95.860.880/0001-82;;CXJ-01;Fábrica de Estruturas;95091926;Rua Santa Clara;1237;;Pio X;Caxias do Sul;RS;;(54) 98299-4830;antonio.silva@coxilha-forte.example;95007336;Avenida Central;699;Exposição;Caxias do Sul;RS
008584;Carolina Borges;242.021.554-08;24/09/1979;F;União estável;Médio incompleto;Luana Siqueira Borges;12298686333;Caldeireiro;7244 10;09/03/2017;07/06/2017;Celetista;3.170,00;95.860.880/0001-82;;CXJ-01;Fábrica de Estruturas;95070155;Rua do Comércio;1799;;Pio X;Caxias do Sul;RS;(54) 3107-8811;(54) 98687-5524;carolina.borges@coxilha-forte.example;95007336;Avenida Central;699;Exposição;Caxias do Sul;RS
008585;Roberto Ramos;548.278.518-16;14/11/1991;M;União estável;Médio incompleto;Sandra Batista Ramos;17746935427;Soldador;7243 15;01/03/2026;30/05/2026;Celetista;2.880,00;95.860.880/0001-82;;CXJ-01;Fábrica de Estruturas;95074176;Rua das Orquídeas;2074;;Pio X;Caxias do Sul;RS;;(54) 99122-3807;roberto.ramos@coxilha-forte.example;95007336;Avenida Central;699;Exposição;Caxias do Sul;RS
008586;Sabrina Viana;117.631.818-71;18/10/1980;F;Divorciada;Médio completo;Renata Farias Viana;19273222975;Soldador;7243 15;12/11/2023;10/02/2024;Celetista;2.880,00;95.860.880/0001-82;;CXJ-01;Fábrica de Estruturas;95055334;Avenida Central;1230;Apto 204;São Pelegrino;Caxias do Sul;RS;;(54) 98888-7667;sabrina.viana@coxilha-forte.example;95007336;Avenida Central;699;Exposição;Caxias do Sul;RS
008587;Yasmin Freitas;396.891.797-99;09/06/1996;F;Solteira;Médio completo;Adriana Neves Freitas;12987386907;Assistente administrativo;4110 10;22/03/2025;20/06/2025;Celetista;2.920,00;95.860.880/0001-82;;CXJ-01;Fábrica de Estruturas;95094811;Rua das Acácias;2286;;Exposição;Caxias do Sul;RS;;(54) 99696-3057;yasmin.freitas@coxilha-forte.example;95007336;Avenida Central;699;Exposição;Caxias do Sul;RS
008588;Sérgio Ferreira;522.317.598-02;02/02/2000;M;Casado;Médio completo;Carolina Santos Ferreira;17756787039;Caldeireiro;7244 10;16/08/2021;14/11/2021;Celetista;4.210,00;95.860.880/0001-82;;CXJ-01;Fábrica de Estruturas;95009982;Rua do Comércio;1208;Apto 32;São Pelegrino;Caxias do Sul;RS;;(54) 98109-8206;sergio.ferreira@coxilha-forte.example;95007336;Avenida Central;699;Exposição;Caxias do Sul;RS
008589;Marcos Correia Magalhães;645.217.946-29;29/05/2000;M;Casado;Médio incompleto;Vanessa Gomes Magalhães;16256543103;Soldador;7243 15;17/04/2025;16/07/2025;Celetista;3.350,00;95.860.880/0001-82;;CXJ-01;Fábrica de Estruturas;95084411;Rua da Liberdade;1865;Fundos;Cinquentenário;Caxias do Sul;RS;;(54) 98571-4310;marcos.magalhaes@coxilha-forte.example;95007336;Avenida Central;699;Exposição;Caxias do Sul;RS
008590;Sandra Assis Ferreira;815.190.955-20;13/06/1971;F;Solteira;Médio completo;Flávia Borges Ferreira;13204620867;Operador de máquinas;8621 50;28/05/2012;26/08/2012;Celetista;2.670,00;95.860.880/0001-82;;CXJ-01;Fábrica de Estruturas;95048217;Rua do Comércio;400;;Exposição;Caxias do Sul;RS;;(54) 99579-5773;sandra.ferreira@coxilha-forte.example;95007336;Avenida Central;699;Exposição;Caxias do Sul;RS
008591;Júlio Figueiredo Soares;329.390.693-10;01/12/1998;M;Casado;Médio completo;Aline Vieira Soares;13847175294;Eletricista de manutenção;9511 05;11/01/2024;10/04/2024;Celetista;4.380,00;95.860.880/0001-82;;CXJ-01;Fábrica de Estruturas;95092832;Rua do Sol Nascente;210;;Pio X;Caxias do Sul;RS;;(54) 99097-4030;julio.soares@coxilha-forte.example;95007336;Avenida Central;699;Exposição;Caxias do Sul;RS
008592;Mariana Brito Rodrigues;256.688.827-21;15/07/1988;F;União estável;Fundamental completo;Amanda Queiroz Rodrigues;15751810407;Eletricista de manutenção;9511 05;16/02/2023;17/05/2023;Celetista;5.070,00;95.860.880/0001-82;;CXJ-01;Fábrica de Estruturas;95001894;Rua das Orquídeas;1061;;Cinquentenário;Caxias do Sul;RS;(54) 3180-9351;(54) 98153-7554;mariana.rodrigues@coxilha-forte.example;95007336;Avenida Central;699;Exposição;Caxias do Sul;RS
008593;Amanda Santana Lima;349.632.257-86;10/02/1980;F;Divorciada;Fundamental completo;Mônica Pereira Lima;18749253693;Eletricista de manutenção;9511 05;06/01/2015;06/04/2015;Celetista;5.770,00;95.860.880/0001-82;;CXJ-01;Fábrica de Estruturas;95043681;Rua dos Girassóis;843;;Pio X;Caxias do Sul;RS;;(54) 99809-9368;amanda.lima@coxilha-forte.example;95007336;Avenida Central;699;Exposição;Caxias do Sul;RS
008594;Mariana Lima Neves;528.975.720-19;31/08/1977;F;Divorciada;Médio incompleto;Isabela Castro Neves;14760222803;Caldeireiro;7244 10;04/04/2024;03/07/2024;Celetista;4.210,00;95.860.880/0001-82;;CXJ-01;Fábrica de Estruturas;95058247;Rua da Liberdade;1069;Fundos;São Pelegrino;Caxias do Sul;RS;;(54) 98986-7616;mariana.neves@coxilha-forte.example;95007336;Avenida Central;699;Exposição;Caxias do Sul;RS
008595;Thiago Barros Teixeira;625.328.640-44;08/07/1994;M;União estável;Fundamental completo;Sandra Bezerra Teixeira;11610438355;Prensista;7245 15;15/02/2018;16/05/2018;Celetista;3.010,00;95.860.880/0001-82;;CXJ-01;Fábrica de Estruturas;95065720;Rua das Andorinhas;771;;Cinquentenário;Caxias do Sul;RS;;(54) 99459-3309;thiago.teixeira@coxilha-forte.example;95007336;Avenida Central;699;Exposição;Caxias do Sul;RS
008596;Giovana Xavier Dias;458.874.087-31;06/11/1983;F;Viúva;Fundamental completo;Lúcia Siqueira Dias;10148900657;Almoxarife;4141 05;27/06/2023;25/09/2023;Celetista;2.800,00;95.860.880/0001-82;;CXJ-01;Fábrica de Estruturas;95058659;Travessa da Paz;2704;Casa 2;Kayser;Caxias do Sul;RS;;(54) 99700-9655;giovana.dias@coxilha-forte.example;95007336;Avenida Central;699;Exposição;Caxias do Sul;RS
008597;Letícia Monteiro Rocha;888.307.003-80;03/02/1999;F;Casada;Superior completo;Luciana Neves Rocha;12532727214;Assistente administrativo;4110 10;04/03/2022;02/06/2022;Celetista;2.920,00;95.860.880/0001-82;;CXJ-01;Fábrica de Estruturas;95040192;Avenida Central;1131;;Cinquentenário;Caxias do Sul;RS;;(54) 99821-3095;leticia.rocha@coxilha-forte.example;95007336;Avenida Central;699;Exposição;Caxias do Sul;RS
008598;Amanda Leite;947.211.154-82;25/11/1990;F;Solteira;Superior incompleto;Elaine Pereira Leite;12468816786;Assistente administrativo;4110 10;07/02/2024;07/05/2024;Celetista;2.920,00;95.860.880/0001-82;;CXJ-01;Fábrica de Estruturas;95073519;Avenida das Nações;660;;Cinquentenário;Caxias do Sul;RS;(54) 3491-7725;(54) 99211-8204;amanda.leite@coxilha-forte.example;95007336;Avenida Central;699;Exposição;Caxias do Sul;RS
008599;Helena Assis Assis;370.455.503-75;06/01/1984;F;Casada;Médio incompleto;Nayara Coelho Assis;10276452387;Caldeireiro;7244 10;12/11/2014;10/02/2015;Celetista;3.170,00;95.860.880/0001-82;;CXJ-01;Fábrica de Estruturas;95087087;Avenida Beira Rio;202;Casa A;Cinquentenário;Caxias do Sul;RS;;(54) 98818-7740;helena.assis@coxilha-forte.example;95007336;Avenida Central;699;Exposição;Caxias do Sul;RS
008600;Letícia Monteiro Moreira;545.389.261-75;11/04/1993;F;Casada;Médio completo;Natália Bezerra Moreira;15460499977;Soldador;7243 15;08/03/2024;06/06/2024;Celetista;3.350,00;95.860.880/0001-82;;CXJ-01;Fábrica de Estruturas;95001791;Rua das Mangueiras;1005;Sala 5;Cinquentenário;Caxias do Sul;RS;;(54) 99783-2480;leticia.moreira@coxilha-forte.example;95007336;Avenida Central;699;Exposição;Caxias do Sul;RS
008601;Letícia Fernandes Santos;926.363.099-26;30/06/1988;F;União estável;Fundamental completo;Daniela Magalhães Santos;16409976626;Soldador;7243 15;27/11/2025;25/02/2026;Celetista;3.350,00;95.860.880/0001-82;;CXJ-01;Fábrica de Estruturas;95053204;Rua do Horizonte;2229;;Exposição;Caxias do Sul;RS;;(54) 98147-8675;leticia.santos@coxilha-forte.example;95007336;Avenida Central;699;Exposição;Caxias do Sul;RS
008602;Priscila Lopes Ramos;925.417.199-90;21/09/2000;F;Solteira;Médio completo;Débora Bezerra Ramos;17044183681;Operador de máquinas;8621 50;21/03/2024;19/06/2024;Celetista;2.670,00;95.860.880/0001-82;;CXJ-01;Fábrica de Estruturas;95033193;Rua São Pedro;516;;São Pelegrino;Caxias do Sul;RS;;(54) 99703-1176;priscila.ramos@coxilha-forte.example;95007336;Avenida Central;699;Exposição;Caxias do Sul;RS
008603;Bruna Cardoso;798.707.837-91;13/10/1978;F;Divorciada;Fundamental completo;Luana Neves Cardoso;13598735990;Soldador;7243 15;08/12/2024;08/03/2025;Celetista;3.350,00;95.860.880/0001-82;;CXJ-01;Fábrica de Estruturas;95001493;Rua das Hortênsias;694;;Kayser;Caxias do Sul;RS;(54) 3588-9956;(54) 99166-6521;bruna.cardoso@coxilha-forte.example;95007336;Avenida Central;699;Exposição;Caxias do Sul;RS
008604;Rafael Marques;131.371.317-15;23/03/1995;M;Solteiro;Médio completo;Cláudia Mendes Marques;16560647092;Assistente administrativo;4110 10;09/05/2018;07/08/2018;Celetista;3.200,00;95.860.880/0001-82;;CXJ-01;Fábrica de Estruturas;95029184;Rua das Violetas;2209;Fundos;Exposição;Caxias do Sul;RS;;(54) 98102-6938;rafael.marques@coxilha-forte.example;95007336;Avenida Central;699;Exposição;Caxias do Sul;RS
008605;Antônio Souza Lopes;400.426.265-87;31/10/1995;M;Casado;Médio incompleto;Gabriela Viana Lopes;15314884423;Soldador;7243 15;08/08/2021;06/11/2021;Celetista;2.880,00;95.860.880/0001-82;;CXJ-01;Fábrica de Estruturas;95040505;Rua das Orquídeas;1881;;Kayser;Caxias do Sul;RS;;(54) 98767-3055;antonio.lopes@coxilha-forte.example;95007336;Avenida Central;699;Exposição;Caxias do Sul;RS
008606;Letícia Silva Costa;506.189.461-87;13/10/2000;F;Solteira;Médio completo;Fernanda Nunes Costa;12686375589;Operador de máquinas;8621 50;19/12/2025;19/03/2026;Celetista;2.670,00;95.860.880/0001-82;;CXJ-01;Fábrica de Estruturas;95006701;Rua dos Pinheiros Altos;1788;Apto 101;Cinquentenário;Caxias do Sul;RS;;(54) 99758-4658;leticia.costa@coxilha-forte.example;95007336;Avenida Central;699;Exposição;Caxias do Sul;RS
008607;Daniel Marques;549.417.207-41;08/02/1997;M;Solteiro;Médio incompleto;Luana Batista Marques;12086928493;Prensista;7245 15;17/11/2024;15/02/2025;Celetista;3.010,00;95.860.880/0001-82;;CXJ-01;Fábrica de Estruturas;95019987;Rua Nova;576;Apto 204;Pio X;Caxias do Sul;RS;;(54) 98249-5021;daniel.marques@coxilha-forte.example;95007336;Avenida Central;699;Exposição;Caxias do Sul;RS
008608;Jorge Figueiredo;261.924.204-59;27/02/1999;M;União estável;Médio incompleto;Aline Paiva Figueiredo;10273065106;Operador de máquinas;8621 50;01/04/2022;30/06/2022;Celetista;3.000,00;95.860.880/0001-82;;CXJ-01;Fábrica de Estruturas;95089591;Rua do Sol Nascente;2788;;Cinquentenário;Caxias do Sul;RS;;(54) 98990-5170;jorge.figueiredo@coxilha-forte.example;95007336;Avenida Central;699;Exposição;Caxias do Sul;RS
008609;Matheus Oliveira Viana;313.532.812-05;13/08/2003;M;Solteiro;Médio incompleto;Fernanda Moura Viana;11965663866;Soldador;7243 15;18/02/2025;19/05/2025;Celetista;3.350,00;95.860.880/0001-82;;CXJ-01;Fábrica de Estruturas;95026191;Travessa da Paz;1336;;São Pelegrino;Caxias do Sul;RS;;(54) 98928-9702;matheus.viana@coxilha-forte.example;95007336;Avenida Central;699;Exposição;Caxias do Sul;RS
008610;Aline Pereira;399.138.071-40;05/12/2000;F;União estável;Médio completo;Cristiane Dias Pereira;13243018077;Caldeireiro;7244 10;09/06/2026;;Celetista;3.690,00;95.860.880/0001-82;;CXJ-01;Fábrica de Estruturas;95001180;Avenida Central;931;Apto 204;Cinquentenário;Caxias do Sul;RS;;(54) 99657-7297;aline.pereira@coxilha-forte.example;95007336;Avenida Central;699;Exposição;Caxias do Sul;RS
008611;Francisca Aguiar Marques;208.089.377-74;22/05/1989;F;Casada;Fundamental completo;Isabela Dias Marques;13750218478;Caldeireiro;7244 10;16/06/2020;14/09/2020;Celetista;4.210,00;95.860.880/0001-82;;CXJ-01;Fábrica de Estruturas;95050565;Travessa da Paz;1354;;Pio X;Caxias do Sul;RS;;(54) 99797-7808;francisca.marques@coxilha-forte.example;95007336;Avenida Central;699;Exposição;Caxias do Sul;RS
008612;Karina Souza;272.109.969-82;23/06/1984;F;União estável;Médio completo;Eduarda Andrade Souza;12123051656;Inspetor de qualidade;3912 05;13/03/2025;11/06/2025;Celetista;5.580,00;95.860.880/0001-82;;CXJ-01;Fábrica de Estruturas;95009680;Rua do Comércio;1470;Apto 101;Kayser;Caxias do Sul;RS;;(54) 99477-7857;karina.souza@coxilha-forte.example;95007336;Avenida Central;699;Exposição;Caxias do Sul;RS
008613;Sandra Santana;227.683.434-04;27/01/1997;F;Casada;Médio completo;Camila Santana Santana;18538078692;Operador de máquinas;8621 50;21/02/2024;21/05/2024;Celetista;3.000,00;95.860.880/0001-82;;CXJ-01;Fábrica de Estruturas;95013367;Rua dos Ipês Amarelos;1802;Fundos;Exposição;Caxias do Sul;RS;(54) 3836-8748;(54) 99768-6918;sandra.santana@coxilha-forte.example;95007336;Avenida Central;699;Exposição;Caxias do Sul;RS
008614;Pedro Nascimento;813.305.269-61;21/01/1994;M;Casado;Médio completo;Sabrina Pereira Nascimento;16856471675;Soldador;7243 15;11/08/2024;09/11/2024;Celetista;2.880,00;95.860.880/0001-82;;CXJ-01;Fábrica de Estruturas;95010173;Rua das Andorinhas;2012;Sala 5;São Pelegrino;Caxias do Sul;RS;;(54) 99068-5555;pedro.nascimento@coxilha-forte.example;95007336;Avenida Central;699;Exposição;Caxias do Sul;RS
008615;Renato Cavalcanti;088.090.977-34;30/03/1994;M;União estável;Médio incompleto;Rosana Santos Cavalcanti;11489846152;Operador de máquinas;8621 50;24/09/2025;23/12/2025;Celetista;3.000,00;95.860.880/0001-82;;CXJ-01;Fábrica de Estruturas;95060649;Rua do Comércio;306;;Exposição;Caxias do Sul;RS;;(54) 98889-0472;renato.cavalcanti@coxilha-forte.example;95007336;Avenida Central;699;Exposição;Caxias do Sul;RS
008616;Ricardo Cardoso Correia;900.080.054-43;01/09/1991;M;Solteiro;Médio incompleto;Bruna Cavalcanti Correia;10021779611;Operador de empilhadeira;7822 20;31/07/2022;29/10/2022;Celetista;3.160,00;95.860.880/0001-82;;CXJ-01;Fábrica de Estruturas;95013374;Rua Três Marias;1825;;Exposição;Caxias do Sul;RS;(54) 3918-4602;(54) 98120-9542;ricardo.correia@coxilha-forte.example;95007336;Avenida Central;699;Exposição;Caxias do Sul;RS
008617;Henrique Viana Figueiredo;408.756.889-00;16/08/1999;M;Solteiro;Médio completo;Aline Ferreira Figueiredo;14256907965;Prensista;7245 15;31/10/2024;29/01/2025;Celetista;3.010,00;95.860.880/0001-82;;CXJ-01;Fábrica de Estruturas;95082700;Rua das Mangueiras;1575;;Pio X;Caxias do Sul;RS;;(54) 99668-7882;henrique.figueiredo@coxilha-forte.example;95007336;Avenida Central;699;Exposição;Caxias do Sul;RS
008618;Valéria Viana Soares;216.100.996-64;23/06/1994;F;Casada;Médio completo;Cláudia Rodrigues Soares;12125300560;Operador de máquinas;8621 50;08/04/2026;07/07/2026;Celetista;3.000,00;95.860.880/0001-82;;CXJ-01;Fábrica de Estruturas;95070803;Rua do Sol Nascente;2373;;Kayser;Caxias do Sul;RS;;(54) 99312-2582;valeria.soares@coxilha-forte.example;95007336;Avenida Central;699;Exposição;Caxias do Sul;RS
008619;André Sales;229.396.964-97;13/01/1984;M;Divorciado;Médio incompleto;Natália Machado Sales;13320444205;Caldeireiro;7244 10;02/08/2008;31/10/2008;Celetista;4.210,00;95.860.880/0001-82;;CXJ-01;Fábrica de Estruturas;95083011;Rua das Flores do Campo;89;;Pio X;Caxias do Sul;RS;(54) 3424-7065;(54) 99762-4392;andre.sales@coxilha-forte.example;95007336;Avenida Central;699;Exposição;Caxias do Sul;RS
008620;Luiz Moreira Silva;276.407.990-74;01/05/2003;M;Solteiro;Fundamental completo;Cristiane Fernandes Silva;15717952936;Operador de máquinas;8621 50;19/06/2025;17/09/2025;Celetista;2.670,00;95.860.880/0001-82;;CXJ-01;Fábrica de Estruturas;95042911;Rua dos Pinheiros Altos;2314;Sala 5;São Pelegrino;Caxias do Sul;RS;;(54) 98266-3231;luiz.silva@coxilha-forte.example;95007336;Avenida Central;699;Exposição;Caxias do Sul;RS
008621;Ricardo Lima Farias;183.322.846-43;03/01/1995;M;Casado;Médio completo;Nayara Castro Farias;10627560153;Prensista;7245 15;31/10/2024;29/01/2025;Celetista;2.610,00;95.860.880/0001-82;;CXJ-01;Fábrica de Estruturas;95081793;Rua da Esperança;1589;Apto 101;Exposição;Caxias do Sul;RS;;(54) 99300-6460;ricardo.farias@coxilha-forte.example;95007336;Avenida Central;699;Exposição;Caxias do Sul;RS
008622;Karina Nascimento Pinto;186.133.610-13;21/04/1994;F;Casada;Médio completo;Aline Prado Pinto;14226525670;Operador de máquinas;8621 50;04/08/2022;02/11/2022;Celetista;2.350,00;95.860.880/0001-82;;CXJ-01;Fábrica de Estruturas;95017460;Rua Santa Clara;2554;;Pio X;Caxias do Sul;RS;;(54) 99286-1149;karina.pinto@coxilha-forte.example;95007336;Avenida Central;699;Exposição;Caxias do Sul;RS
008623;Karina Xavier Ribeiro;059.416.138-06;26/03/1984;F;Divorciada;Médio incompleto;Rafaela Pinto Ribeiro;11299115666;Soldador;7243 15;06/11/2014;04/02/2015;Celetista;2.880,00;95.860.880/0001-82;;CXJ-01;Fábrica de Estruturas;95057378;Rua Santa Clara;132;;Kayser;Caxias do Sul;RS;;(54) 99663-4255;karina.ribeiro@coxilha-forte.example;95007336;Avenida Central;699;Exposição;Caxias do Sul;RS
008624;Adriana Almeida Pacheco;454.659.734-71;26/08/1994;F;Solteira;Médio completo;Tatiane Pinto Pacheco;16102894734;Soldador;7243 15;19/06/2024;17/09/2024;Celetista;3.820,00;95.860.880/0001-82;;CXJ-01;Fábrica de Estruturas;95002066;Rua São Pedro;153;;Kayser;Caxias do Sul;RS;;(54) 98129-5153;adriana.pacheco@coxilha-forte.example;95007336;Avenida Central;699;Exposição;Caxias do Sul;RS
008625;Gabriel Souza;409.499.068-24;02/12/1995;M;Casado;Médio completo;Yasmin Nunes Souza;17603580742;Operador de máquinas;8621 50;24/06/2024;22/09/2024;Celetista;3.000,00;95.860.880/0001-82;;CXJ-01;Fábrica de Estruturas;95009473;Rua das Acácias;780;;Exposição;Caxias do Sul;RS;;(54) 98346-8886;gabriel.souza@coxilha-forte.example;95007336;Avenida Central;699;Exposição;Caxias do Sul;RS
008626;Amanda Rocha;290.757.559-70;21/06/1994;F;Casada;Médio completo;Camila Rocha Rocha;14309227738;Almoxarife;4141 05;28/09/2021;27/12/2021;Celetista;2.490,00;95.860.880/0001-82;;CXJ-01;Fábrica de Estruturas;95054316;Rua do Cruzeiro;930;;Exposição;Caxias do Sul;RS;;(54) 98544-4944;amanda.rocha@coxilha-forte.example;95007336;Avenida Central;699;Exposição;Caxias do Sul;RS
008627;Rodrigo Freitas Costa;363.094.772-77;09/08/1985;M;Solteiro;Médio completo;Simone Farias Costa;12111616673;Operador de máquinas;8621 50;06/02/2014;07/05/2014;Celetista;2.350,00;95.860.880/0001-82;;CXJ-01;Fábrica de Estruturas;95031384;Rua das Orquídeas;1758;;Cinquentenário;Caxias do Sul;RS;;(54) 98857-8025;rodrigo.costa@coxilha-forte.example;95007336;Avenida Central;699;Exposição;Caxias do Sul;RS
008628;Daniel Nascimento Figueiredo;645.934.012-91;15/10/2000;M;Casado;Médio completo;Giovana Neves Figueiredo;10627549605;Inspetor de qualidade;3912 05;25/08/2025;23/11/2025;Celetista;4.850,00;95.860.880/0001-82;;CXJ-01;Fábrica de Estruturas;95061915;Rua Santa Clara;2698;Apto 32;São Pelegrino;Caxias do Sul;RS;;(54) 98878-8704;daniel.figueiredo@coxilha-forte.example;95007336;Avenida Central;699;Exposição;Caxias do Sul;RS
008629;Helena Dias Sales;368.300.830-01;27/02/1998;F;União estável;Médio completo;Débora Coelho Sales;19840753839;Operador de empilhadeira;7822 20;21/09/2022;20/12/2022;Celetista;3.490,00;95.860.880/0001-82;;CXJ-01;Fábrica de Estruturas;95002892;Rua da Esperança;1845;Apto 32;Cinquentenário;Caxias do Sul;RS;;(54) 98733-2886;helena.sales@coxilha-forte.example;95007336;Avenida Central;699;Exposição;Caxias do Sul;RS
008630;Priscila Pereira;313.689.125-24;12/10/1993;F;Solteira;Superior completo;Kelly Sales Pereira;14982545865;Inspetor de qualidade;3912 05;27/12/2024;27/03/2025;Celetista;5.580,00;95.860.880/0001-82;;CXJ-01;Fábrica de Estruturas;95033564;Rua das Acácias;1946;;Cinquentenário;Caxias do Sul;RS;;(54) 99552-9053;priscila.pereira@coxilha-forte.example;95007336;Avenida Central;699;Exposição;Caxias do Sul;RS
008631;Luiz Batista;175.538.358-46;13/02/1987;M;Casado;Fundamental completo;Carolina Siqueira Batista;18877458732;Soldador;7243 15;15/03/2025;13/06/2025;Celetista;3.350,00;95.860.880/0001-82;;CXJ-01;Fábrica de Estruturas;95065404;Rua das Gaivotas;2333;;São Pelegrino;Caxias do Sul;RS;(54) 3925-8366;(54) 98415-7211;luiz.batista@coxilha-forte.example;95007336;Avenida Central;699;Exposição;Caxias do Sul;RS
008632;João Ribeiro Barbosa;987.887.963-10;19/11/1976;M;Divorciado;Médio incompleto;Larissa Xavier Barbosa;10492611647;Caldeireiro;7244 10;09/10/2020;07/01/2021;Celetista;4.210,00;95.860.880/0001-82;;CXJ-01;Fábrica de Estruturas;95066691;Rua Santa Clara;769;;Kayser;Caxias do Sul;RS;;(54) 98153-6205;joao.barbosa@coxilha-forte.example;95007336;Avenida Central;699;Exposição;Caxias do Sul;RS
008633;Vanessa Gonçalves Assis;654.402.459-79;10/03/1993;F;Casada;Médio incompleto;Eduarda Rodrigues Assis;10709631268;Soldador;7243 15;23/11/2024;21/02/2025;Celetista;3.350,00;95.860.880/0001-82;;CXJ-01;Fábrica de Estruturas;95005520;Rua do Mirante;1101;Apto 101;Pio X;Caxias do Sul;RS;(54) 3145-2254;(54) 99915-6632;vanessa.assis@coxilha-forte.example;95007336;Avenida Central;699;Exposição;Caxias do Sul;RS
008634;Isabela Aguiar;881.609.152-50;05/06/1989;F;Casada;Fundamental completo;Amanda Miranda Aguiar;13663714704;Eletricista de manutenção;9511 05;21/04/2025;20/07/2025;Celetista;4.380,00;95.860.880/0001-82;;CXJ-01;Fábrica de Estruturas;95008485;Avenida Beira Rio;1135;Apto 101;São Pelegrino;Caxias do Sul;RS;(54) 3672-1880;(54) 98820-0981;isabela.aguiar@coxilha-forte.example;95007336;Avenida Central;699;Exposição;Caxias do Sul;RS
008635;Gabriela Bezerra;002.627.282-22;01/10/1988;F;Divorciada;Fundamental completo;Jéssica Andrade Bezerra;16113625875;Almoxarife;4141 05;14/09/2014;13/12/2014;Celetista;2.490,00;95.860.880/0001-82;;CXJ-01;Fábrica de Estruturas;95062160;Rua das Orquídeas;1413;;São Pelegrino;Caxias do Sul;RS;(54) 3765-1334;(54) 98745-7335;gabriela.bezerra@coxilha-forte.example;95007336;Avenida Central;699;Exposição;Caxias do Sul;RS
008636;Larissa Fernandes Moreira;115.691.009-93;15/09/1981;F;Divorciada;Médio completo;Luana Carvalho Moreira;15170324220;Prensista;7245 15;20/08/2022;18/11/2022;Celetista;3.810,00;95.860.880/0001-82;;CXJ-01;Fábrica de Estruturas;95069557;Rua das Orquídeas;2492;Apto 101;Pio X;Caxias do Sul;RS;;(54) 98642-9917;larissa.moreira@coxilha-forte.example;95007336;Avenida Central;699;Exposição;Caxias do Sul;RS
008637;Elaine Sales;358.864.398-20;24/12/1978;F;Divorciada;Médio completo;Lúcia Dias Sales;11816002456;Caldeireiro;7244 10;08/04/2021;07/07/2021;Celetista;3.170,00;95.860.880/0001-82;;CXJ-01;Fábrica de Estruturas;95090076;Rua dos Pinheiros Altos;1965;;Cinquentenário;Caxias do Sul;RS;;(54) 98957-6803;elaine.sales@coxilha-forte.example;95007336;Avenida Central;699;Exposição;Caxias do Sul;RS
008638;Flávia Viana Borges;900.466.511-01;03/11/1994;F;União estável;Médio incompleto;Mônica Silva Borges;15243430739;Prensista;7245 15;27/09/2020;26/12/2020;Celetista;2.610,00;95.860.880/0001-82;;CXJ-01;Fábrica de Estruturas;95018777;Rua da Alvorada;195;;Exposição;Caxias do Sul;RS;(54) 3596-1032;(54) 99327-0858;flavia.borges@coxilha-forte.example;95007336;Avenida Central;699;Exposição;Caxias do Sul;RS
008639;Vinícius Silva;668.288.863-56;22/12/1984;M;União estável;Médio completo;Larissa Farias Silva;12713380564;Prensista;7245 15;11/01/2025;11/04/2025;Celetista;2.610,00;95.860.880/0001-82;;CXJ-01;Fábrica de Estruturas;95035101;Rua Três Marias;450;;Pio X;Caxias do Sul;RS;;(54) 99358-8904;vinicius.silva@coxilha-forte.example;95007336;Avenida Central;699;Exposição;Caxias do Sul;RS
008640;Wellington Assis;294.119.572-69;18/06/1994;M;União estável;Médio completo;Nayara Freitas Assis;10686063237;Caldeireiro;7244 10;13/12/2025;13/03/2026;Celetista;3.690,00;95.860.880/0001-82;;CXJ-01;Fábrica de Estruturas;95054180;Rua do Comércio;681;;Cinquentenário;Caxias do Sul;RS;(54) 3528-4702;(54) 99260-5354;wellington.assis@coxilha-forte.example;95007336;Avenida Central;699;Exposição;Caxias do Sul;RS
008641;Francisca Nunes Peixoto;862.204.040-25;01/08/1983;F;Casada;Médio incompleto;Olívia Barros Peixoto;17757503121;Prensista;7245 15;11/07/2006;09/10/2006;Celetista;3.410,00;95.860.880/0001-82;;CXJ-01;Fábrica de Estruturas;95057700;Rua das Flores do Campo;764;Sala 5;São Pelegrino;Caxias do Sul;RS;(54) 3242-0844;(54) 99085-0113;francisca.peixoto@coxilha-forte.example;95007336;Avenida Central;699;Exposição;Caxias do Sul;RS
008642;Joana Marques Ribeiro;467.445.670-39;01/11/1998;F;Casada;Médio completo;Helena Assis Ribeiro;13374341660;Caldeireiro;7244 10;30/04/2026;29/07/2026;Celetista;3.690,00;95.860.880/0001-82;;CXJ-01;Fábrica de Estruturas;95039561;Rua da Liberdade;983;Apto 32;São Pelegrino;Caxias do Sul;RS;;(54) 98819-5695;joana.ribeiro@coxilha-forte.example;95007336;Avenida Central;699;Exposição;Caxias do Sul;RS
008643;Francisca Assis Peixoto;214.941.534-83;16/08/2002;F;Solteira;Médio completo;Larissa Siqueira Peixoto;17046552099;Prensista;7245 15;07/01/2022;07/04/2022;Celetista;3.010,00;95.860.880/0001-82;;CXJ-01;Fábrica de Estruturas;95035386;Rua da Liberdade;1903;Fundos;Kayser;Caxias do Sul;RS;(54) 3742-6008;(54) 98655-8227;francisca.peixoto@coxilha-forte.example;95007336;Avenida Central;699;Exposição;Caxias do Sul;RS
008644;Jéssica Pinto;405.889.793-76;27/10/1985;F;Casada;Superior completo;Isabela Dias Pinto;18678456858;Assistente administrativo;4110 10;30/10/2017;28/01/2018;Celetista;2.920,00;95.860.880/0001-82;;CXJ-01;Fábrica de Estruturas;95062599;Rua das Mangueiras;1749;;Kayser;Caxias do Sul;RS;;(54) 98741-0560;jessica.pinto@coxilha-forte.example;95007336;Avenida Central;699;Exposição;Caxias do Sul;RS
008645;Caio Brito;049.737.159-64;14/02/1977;M;Viúvo;Médio completo;Aline Leite Brito;18109367445;Prensista;7245 15;12/11/2009;10/02/2010;Celetista;3.410,00;95.860.880/0001-82;;CXJ-01;Fábrica de Estruturas;95046583;Rua das Orquídeas;2203;;São Pelegrino;Caxias do Sul;RS;;(54) 99237-0360;caio.brito@coxilha-forte.example;95007336;Avenida Central;699;Exposição;Caxias do Sul;RS
008646;Emerson Tavares Leite;561.893.191-57;01/10/1998;M;União estável;Superior completo;Helena Araújo Leite;18763848894;Gerente administrativo;1421 05;14/06/2023;12/09/2023;Celetista;6.340,00;95.860.880/0001-82;;CXJ-01;Fábrica de Estruturas;95071762;Rua das Mangueiras;2032;;Pio X;Caxias do Sul;RS;;(54) 98303-9829;emerson.leite@coxilha-forte.example;95007336;Avenida Central;699;Exposição;Caxias do Sul;RS
008647;Roberto Miranda;433.078.498-08;24/08/1999;M;Solteiro;Médio completo;Rosana Macedo Miranda;13190740233;Soldador;7243 15;15/04/2026;14/07/2026;Celetista;3.820,00;95.860.880/0001-82;;CXJ-01;Fábrica de Estruturas;95076905;Rua das Acácias;338;;Pio X;Caxias do Sul;RS;;(54) 98538-3875;roberto.miranda@coxilha-forte.example;95007336;Avenida Central;699;Exposição;Caxias do Sul;RS
008648;Helena Santana Tavares;866.288.813-50;21/01/2001;F;Casada;Médio incompleto;Patrícia Moreira Tavares;11363827275;Prensista;7245 15;04/05/2022;02/08/2022;Celetista;3.010,00;95.860.880/0001-82;;CXJ-01;Fábrica de Estruturas;95016195;Rua das Flores do Campo;105;;São Pelegrino;Caxias do Sul;RS;(54) 3623-4363;(54) 98593-4602;helena.tavares@coxilha-forte.example;95007336;Avenida Central;699;Exposição;Caxias do Sul;RS
008649;Nelson Vieira Figueiredo;833.422.124-03;08/07/1979;M;Casado;Médio incompleto;Aline Moreira Figueiredo;13382303059;Operador de máquinas;8621 99;22/06/2022;20/09/2022;Celetista;3.330,00;95.860.880/0001-82;;CXJ-01;Fábrica de Estruturas;95095508;Rua das Mangueiras;1598;;Exposição;Caxias do Sul;RS;;(54) 99605-3291;nelson.figueiredo@coxilha-forte.example;95007336;Avenida Central;699;Exposição;Caxias do Sul;RS
008650;Jorge Soares Nunes;749.107.171-61;22/10/1981;M;União estável;Médio completo;Bruna Araújo Nunes;12210809349;Caldeireiro;7244 10;28/01/2022;28/04/2022;Celetista;3.690,00;95.860.880/0001-82;;CXJ-01;Fábrica de Estruturas;95015155;Rua das Palmeiras;1122;Bloco B;Cinquentenário;Caxias do Sul;RS;(54) 3175-9028;(54) 98437-0032;jorge.nunes@coxilha-forte.example;95007336;Avenida Central;699;Exposição;Caxias do Sul;RS
008651;Marcelo Mendes;369.861.953-97;15/05/1995;M;União estável;Fundamental completo;Beatriz Tavares Mendes;14661345036;Eletricista de manutenção;9511 05;13/10/2025;11/01/2026;Celetista;3.680,00;95.860.880/0001-82;;CXJ-01;Fábrica de Estruturas;95081227;Rua das Gaivotas;834;;Kayser;Caxias do Sul;RS;(54) 3550-1655;(54) 98707-2490;marcelo.mendes@coxilha-forte.example;95007336;Avenida Central;699;Exposição;Caxias do Sul;RS
008652;Pedro Macedo Soares;624.891.178-90;21/11/1997;M;Divorciado;Médio completo;Flávia Martins Soares;13913246512;Operador de empilhadeira;7822 20;16/12/2025;16/03/2026;Celetista;2.500,00;95.860.880/0001-82;;CXJ-01;Fábrica de Estruturas;95086933;Rua do Comércio;992;;Kayser;Caxias do Sul;RS;;(54) 98692-9117;pedro.soares@coxilha-forte.example;95007336;Avenida Central;699;Exposição;Caxias do Sul;RS
008653;Wellington Souza;328.253.176-16;26/03/1993;M;União estável;Médio completo;Beatriz Almeida Souza;12740489075;Soldador;7243 15;05/08/2020;03/11/2020;Celetista;2.880,00;95.860.880/0001-82;;CXJ-01;Fábrica de Estruturas;95094334;Rua das Mangueiras;2004;;Pio X;Caxias do Sul;RS;;(54) 99636-2359;wellington.souza@coxilha-forte.example;95007336;Avenida Central;699;Exposição;Caxias do Sul;RS
008654;Francisco Moreira;558.341.253-44;01/02/1994;M;União estável;Fundamental completo;Helena Pereira Moreira;16405998491;Eletricista de manutenção;9511 05;08/09/2019;07/12/2019;Celetista;4.380,00;95.860.880/0001-82;;CXJ-01;Fábrica de Estruturas;95097097;Avenida Central;2640;;Kayser;Caxias do Sul;RS;;(54) 98245-5484;francisco.moreira@coxilha-forte.example;95007336;Avenida Central;699;Exposição;Caxias do Sul;RS
008655;Caio Nunes Carvalho;093.625.449-11;13/02/1989;M;Casado;Médio completo;Beatriz Freitas Carvalho;10234174472;Eletricista de manutenção;9511 05;03/02/2025;04/05/2025;Celetista;5.070,00;95.860.880/0001-82;;CXJ-01;Fábrica de Estruturas;95052612;Rua das Palmeiras;2123;;São Pelegrino;Caxias do Sul;RS;(54) 3711-7363;(54) 99108-8196;caio.carvalho@coxilha-forte.example;95007336;Avenida Central;699;Exposição;Caxias do Sul;RS
008656;Natália Nunes;260.341.203-57;05/10/2005;F;Solteira;Médio completo;Marta Pacheco Nunes;18079967013;Prensista;7245 15;11/02/2026;12/05/2026;Celetista;2.610,00;95.860.880/0001-82;;CXJ-01;Fábrica de Estruturas;95083147;Rua da Esperança;1140;;Kayser;Caxias do Sul;RS;;(54) 98229-4158;natalia.nunes@coxilha-forte.example;95007336;Avenida Central;699;Exposição;Caxias do Sul;RS
008657;Larissa Moura;688.564.313-00;15/10/1992;F;Solteira;Médio completo;Sabrina Peixoto Moura;19834146206;Assistente administrativo;4110 10;20/05/2025;18/08/2025;Celetista;2.920,00;95.860.880/0001-82;;CXJ-01;Fábrica de Estruturas;95019067;Rua das Gaivotas;1081;Sala 5;Cinquentenário;Caxias do Sul;RS;;(54) 98250-0873;larissa.moura@coxilha-forte.example;95007336;Avenida Central;699;Exposição;Caxias do Sul;RS
008658;Nelson Rezende;152.501.218-53;21/10/1998;M;Casado;Médio incompleto;Francisca Fernandes Rezende;15854442218;Soldador;7243 15;13/08/2024;11/11/2024;Celetista;3.350,00;95.860.880/0001-82;;CXJ-01;Fábrica de Estruturas;95012678;Rua das Hortênsias;449;;Exposição;Caxias do Sul;RS;;(54) 99551-3763;nelson.rezende@coxilha-forte.example;95007336;Avenida Central;699;Exposição;Caxias do Sul;RS
008659;Giovana Ribeiro Nascimento;601.914.366-07;02/11/2005;F;Casada;Fundamental completo;Tereza Almeida Nascimento;10540203047;Operador de máquinas;8621 50;23/02/2026;24/05/2026;Celetista;2.670,00;95.860.880/0001-82;;CXJ-01;Fábrica de Estruturas;95003208;Rua do Mirante;2625;;São Pelegrino;Caxias do Sul;RS;;(54) 99550-1072;giovana.nascimento@coxilha-forte.example;95007336;Avenida Central;699;Exposição;Caxias do Sul;RS
008660;José Fernandes;885.356.368-03;01/04/1994;M;Solteiro;Médio incompleto;Letícia Pinto Fernandes;18203323649;Operador de máquinas;8621 50;14/06/2015;12/09/2015;Celetista;2.350,00;95.860.880/0001-82;;CXJ-01;Fábrica de Estruturas;95002176;Rua Santa Clara;1187;;Cinquentenário;Caxias do Sul;RS;;(54) 98831-8986;jose.fernandes@coxilha-forte.example;95007336;Avenida Central;699;Exposição;Caxias do Sul;RS
008661;José Souza;370.688.297-32;08/09/1995;M;União estável;Médio completo;Carolina Gonçalves Souza;13414405758;Soldador;7243 15;08/01/2026;08/04/2026;Celetista;2.880,00;95.860.880/0001-82;;CXJ-01;Fábrica de Estruturas;95003569;Rua das Acácias;1658;;São Pelegrino;Caxias do Sul;RS;;(54) 99891-1922;jose.souza@coxilha-forte.example;95007336;Avenida Central;699;Exposição;Caxias do Sul;RS
008662;Yasmin Nascimento;360.613.978-01;12/08/1994;F;Solteira;Médio completo;Valéria Almeida Nascimento;14207603866;Caldeireiro;7244 10;02/05/2026;31/07/2026;Celetista;3.690,00;95.860.880/0001-82;;CXJ-01;Fábrica de Estruturas;95042749;Travessa da Paz;2486;Casa A;Exposição;Caxias do Sul;RS;;(54) 98948-8863;yasmin.nascimento@coxilha-forte.example;95007336;Avenida Central;699;Exposição;Caxias do Sul;RS
008663;Eduardo Pereira;223.887.326-03;09/08/1972;M;Casado;Fundamental completo;Karina Vieira Pereira;16999223064;Operador de máquinas;8621 50;24/07/2011;22/10/2011;Celetista;2.670,00;95.860.880/0001-82;;CXJ-01;Fábrica de Estruturas;95098005;Rua das Andorinhas;733;Fundos;Kayser;Caxias do Sul;RS;;(54) 99706-0106;eduardo.pereira@coxilha-forte.example;95007336;Avenida Central;699;Exposição;Caxias do Sul;RS
008664;Gustavo Borges Nunes;911.060.807-93;22/03/1983;M;Solteiro;Médio incompleto;Mariana Gonçalves Nunes;12345832379;Operador de máquinas;8621 50;31/12/2006;31/03/2007;Celetista;2.350,00;95.860.880/0001-82;;CXJ-01;Fábrica de Estruturas;95010444;Rua das Flores do Campo;2231;;Cinquentenário;Caxias do Sul;RS;;(54) 98106-0375;gustavo.nunes@coxilha-forte.example;95007336;Avenida Central;699;Exposição;Caxias do Sul;RS
008665;Simone Tavares;942.258.556-27;29/09/2000;F;Casada;Médio incompleto;Luciana Macedo Tavares;18647133477;Soldador;7243 15;24/11/2022;22/02/2023;Celetista;3.350,00;95.860.880/0001-82;;CXJ-01;Fábrica de Estruturas;95031767;Rua Três Marias;418;;Pio X;Caxias do Sul;RS;;(54) 99801-4576;simone.tavares@coxilha-forte.example;95007336;Avenida Central;699;Exposição;Caxias do Sul;RS
008666;Júlio Campos;997.280.311-22;24/03/1991;M;Solteiro;Médio completo;Tatiane Santana Campos;11943780031;Soldador;7243 15;11/06/2026;;Celetista;4.290,00;95.860.880/0001-82;;CXJ-01;Fábrica de Estruturas;95072021;Avenida das Nações;1829;;Kayser;Caxias do Sul;RS;;(54) 98228-1874;julio.campos@coxilha-forte.example;95007336;Avenida Central;699;Exposição;Caxias do Sul;RS
008667;Fernanda Nascimento Castro;253.132.475-57;05/11/1983;F;Casada;Médio incompleto;Cristiane Nunes Castro;10515354561;Caldeireiro;7244 10;29/07/2020;27/10/2020;Celetista;4.730,00;95.860.880/0001-82;;CXJ-01;Fábrica de Estruturas;95049168;Rua do Sol Nascente;733;;Pio X;Caxias do Sul;RS;;(54) 98967-6270;fernanda.castro@coxilha-forte.example;95007336;Avenida Central;699;Exposição;Caxias do Sul;RS
008668;Otávio Soares Ferreira;113.976.058-04;01/04/1992;M;Casado;Médio completo;Rosana Magalhães Ferreira;18066333585;Prensista;7245 15;14/01/2022;14/04/2022;Celetista;2.610,00;95.860.880/0001-82;;CXJ-01;Fábrica de Estruturas;95007219;Rua da Alvorada;1485;;Cinquentenário;Caxias do Sul;RS;;(54) 99614-0219;otavio.ferreira@coxilha-forte.example;95007336;Avenida Central;699;Exposição;Caxias do Sul;RS
008669;Elaine Barros;116.350.414-90;15/05/1980;F;Casada;Médio incompleto;Beatriz Moura Barros;10022392584;Operador de máquinas;8621 50;07/08/2018;05/11/2018;Celetista;2.670,00;95.860.880/0001-82;;CXJ-01;Fábrica de Estruturas;95007630;Avenida Beira Rio;2298;;Kayser;Caxias do Sul;RS;;(54) 99989-3597;elaine.barros@coxilha-forte.example;95007336;Avenida Central;699;Exposição;Caxias do Sul;RS
008670;Joana Carvalho;373.691.739-25;19/12/1979;F;Casada;Fundamental completo;Bruna Barros Carvalho;15808962535;Prensista;7245 15;04/08/2025;02/11/2025;Celetista;2.610,00;95.860.880/0001-82;;CXJ-01;Fábrica de Estruturas;95091180;Rua dos Ipês Amarelos;1671;Fundos;Cinquentenário;Caxias do Sul;RS;;(54) 99967-5854;joana.carvalho@coxilha-forte.example;95007336;Avenida Central;699;Exposição;Caxias do Sul;RS
008671;Roberto Correia;009.921.822-47;24/08/1987;M;Solteiro;Fundamental completo;Eduarda Ferreira Correia;11337632984;Caldeireiro;7244 10;04/02/2021;05/05/2021;Celetista;4.730,00;95.860.880/0001-82;;CXJ-01;Fábrica de Estruturas;95041823;Rua dos Cravos;1227;Apto 32;Kayser;Caxias do Sul;RS;;(54) 99756-0392;roberto.correia@coxilha-forte.example;95007336;Avenida Central;699;Exposição;Caxias do Sul;RS
008672;Vitor Nunes;768.532.673-62;10/08/1993;M;Solteiro;Médio completo;Cláudia Ferreira Nunes;12842639809;Soldador;7243 15;10/12/2019;09/03/2020;Celetista;3.820,00;95.860.880/0001-82;;CXJ-01;Fábrica de Estruturas;95086879;Rua Nova;1425;Apto 32;São Pelegrino;Caxias do Sul;RS;;(54) 99398-4665;vitor.nunes@coxilha-forte.example;95007336;Avenida Central;699;Exposição;Caxias do Sul;RS
008673;Rodrigo Barbosa Sales;093.707.509-40;05/12/1983;M;Casado;Médio completo;Eduarda Pinto Sales;19859294803;Soldador;7243 15;25/09/2023;24/12/2023;Celetista;3.820,00;95.860.880/0001-82;;CXJ-01;Fábrica de Estruturas;95050070;Rua das Mangueiras;2082;;Kayser;Caxias do Sul;RS;(54) 3763-9263;(54) 99256-9313;rodrigo.sales@coxilha-forte.example;95007336;Avenida Central;699;Exposição;Caxias do Sul;RS
008674;Diego Alves;561.615.693-02;25/12/1995;M;Divorciado;Médio completo;Karina Mendes Alves;11681365576;Operador de empilhadeira;7822 20;27/10/2025;25/01/2026;Celetista;2.500,00;95.860.880/0001-82;;CXJ-01;Fábrica de Estruturas;95013531;Avenida das Nações;1766;Casa A;Pio X;Caxias do Sul;RS;;(54) 99580-3253;diego.alves@coxilha-forte.example;95007336;Avenida Central;699;Exposição;Caxias do Sul;RS
008675;Luana Brito Monteiro;628.640.391-41;15/03/2004;F;Solteira;Superior incompleto;Valéria Silva Monteiro;18737919131;Inspetor de qualidade;3912 05;12/12/2025;12/03/2026;Celetista;4.130,00;95.860.880/0001-82;;CXJ-01;Fábrica de Estruturas;95070067;Rua do Cruzeiro;866;Sala 5;Exposição;Caxias do Sul;RS;;(54) 99765-3198;luana.monteiro@coxilha-forte.example;95007336;Avenida Central;699;Exposição;Caxias do Sul;RS
008676;Priscila Souza Guimarães;945.542.866-06;27/09/1986;F;Solteira;Médio completo;Sandra Batista Guimarães;14424496325;Prensista;7245 15;22/12/2019;21/03/2020;Celetista;3.810,00;95.860.880/0001-82;;CXJ-01;Fábrica de Estruturas;95022085;Rua do Mirante;1693;;Cinquentenário;Caxias do Sul;RS;;(54) 98463-3197;priscila.guimaraes@coxilha-forte.example;95007336;Avenida Central;699;Exposição;Caxias do Sul;RS
008677;Leonardo Araújo Rodrigues;950.071.679-83;06/09/1991;M;Solteiro;Médio completo;Rafaela Santos Rodrigues;16242566540;Caldeireiro;7244 10;02/07/2022;30/09/2022;Celetista;4.730,00;95.860.880/0001-82;;CXJ-01;Fábrica de Estruturas;95002545;Rua dos Pinheiros Altos;507;;Exposição;Caxias do Sul;RS;;(54) 99660-2219;leonardo.rodrigues@coxilha-forte.example;95007336;Avenida Central;699;Exposição;Caxias do Sul;RS
008678;Beatriz Farias;794.884.591-74;09/10/1998;F;Casada;Médio completo;Gabriela Campos Farias;18773556514;Prensista;7245 15;02/09/2025;01/12/2025;Celetista;3.010,00;95.860.880/0001-82;;CXJ-01;Fábrica de Estruturas;95090539;Rua das Violetas;2685;;Cinquentenário;Caxias do Sul;RS;;(54) 98163-6812;beatriz.farias@coxilha-forte.example;95007336;Avenida Central;699;Exposição;Caxias do Sul;RS
008679;Emerson Vieira;979.853.355-01;09/02/1989;M;Casado;Médio completo;Beatriz Nascimento Vieira;14861786931;Caldeireiro;7244 10;29/01/2024;28/04/2024;Celetista;3.690,00;95.860.880/0001-82;;CXJ-01;Fábrica de Estruturas;95088798;Rua das Acácias;468;;São Pelegrino;Caxias do Sul;RS;;(54) 99442-6354;emerson.vieira@coxilha-forte.example;95007336;Avenida Central;699;Exposição;Caxias do Sul;RS
008680;Mônica Coelho;396.107.587-54;28/09/1997;F;Casada;Fundamental completo;Aline Assis Coelho;17855885589;Soldador;7243 15;22/03/2024;20/06/2024;Celetista;3.350,00;95.860.880/0001-82;;CXJ-01;Fábrica de Estruturas;95046415;Rua dos Girassóis;1258;Apto 101;Exposição;Caxias do Sul;RS;;(54) 99301-0440;monica.coelho@coxilha-forte.example;95007336;Avenida Central;699;Exposição;Caxias do Sul;RS
008681;Leonardo Nunes Tavares;140.771.825-81;27/10/1989;M;União estável;Médio completo;Valéria Rodrigues Tavares;19868818871;Operador de máquinas;8621 50;09/06/2013;07/09/2013;Celetista;2.670,00;95.860.880/0001-82;;CXJ-01;Fábrica de Estruturas;95001244;Rua do Comércio;319;Apto 101;Kayser;Caxias do Sul;RS;;(54) 98511-1167;leonardo.tavares@coxilha-forte.example;95007336;Avenida Central;699;Exposição;Caxias do Sul;RS
008682;Igor Ramos Prado;227.864.465-38;04/12/1975;M;Divorciado;Médio incompleto;Isabela Bezerra Prado;19914108989;Operador de máquinas;8621 50;02/09/2015;01/12/2015;Celetista;3.330,00;95.860.880/0001-82;;CXJ-01;Fábrica de Estruturas;95060218;Rua das Gaivotas;2067;;Cinquentenário;Caxias do Sul;RS;;(54) 98944-6973;igor.prado@coxilha-forte.example;95007336;Avenida Central;699;Exposição;Caxias do Sul;RS
008683;Kelly Gomes;448.156.916-65;06/10/1993;F;Casada;Médio completo;Eduarda Teixeira Gomes;10785958333;Soldador;7243 15;07/12/2024;07/03/2025;Celetista;3.820,00;95.860.880/0001-82;;CXJ-01;Fábrica de Estruturas;95058855;Rua da Alvorada;1485;;Kayser;Caxias do Sul;RS;;(54) 99660-7860;kelly.gomes@coxilha-forte.example;95007336;Avenida Central;699;Exposição;Caxias do Sul;RS
008684;Natália Rodrigues;904.672.242-26;17/03/1986;F;Casada;Médio completo;Mariana Tavares Rodrigues;12664029129;Prensista;7245 15;21/05/2020;19/08/2020;Celetista;3.010,00;95.860.880/0001-82;;CXJ-01;Fábrica de Estruturas;95084169;Avenida das Nações;2213;;Kayser;Caxias do Sul;RS;;(54) 98793-5622;natalia.rodrigues@coxilha-forte.example;95007336;Avenida Central;699;Exposição;Caxias do Sul;RS
008685;Fernanda Miranda Cavalcanti;261.824.402-87;09/01/1982;F;Solteira;Fundamental completo;Ana Barbosa Cavalcanti;18404394012;Prensista;7245 15;01/01/2017;01/04/2017;Celetista;3.010,00;95.860.880/0001-82;;CXJ-01;Fábrica de Estruturas;95074289;Rua da Liberdade;2423;Casa A;Exposição;Caxias do Sul;RS;(54) 3257-0498;(54) 98257-3661;fernanda.cavalcanti@coxilha-forte.example;95007336;Avenida Central;699;Exposição;Caxias do Sul;RS
008686;Igor Almeida;173.418.254-72;12/03/1992;M;Casado;Fundamental completo;Helena Araújo Almeida;16984923286;Operador de máquinas;8621 50;25/07/2016;23/10/2016;Celetista;2.350,00;95.860.880/0001-82;;CXJ-01;Fábrica de Estruturas;95028927;Rua do Bosque;978;Fundos;Exposição;Caxias do Sul;RS;(54) 3147-0836;(54) 99085-7023;igor.almeida@coxilha-forte.example;95007336;Avenida Central;699;Exposição;Caxias do Sul;RS
008687;Elaine Cardoso;890.516.427-76;14/06/2001;F;União estável;Médio incompleto;Rafaela Campos Cardoso;15325570820;Operador de empilhadeira;7822 20;25/12/2020;25/03/2021;Celetista;2.830,00;95.860.880/0001-82;;CXJ-01;Fábrica de Estruturas;95056380;Rua da Alvorada;1783;;Exposição;Caxias do Sul;RS;(54) 3743-8847;(54) 98468-8900;elaine.cardoso@coxilha-forte.example;95007336;Avenida Central;699;Exposição;Caxias do Sul;RS
008688;Juliana Cardoso Cavalcanti;542.388.276-19;15/06/1987;F;Solteira;Médio incompleto;Patrícia Siqueira Cavalcanti;14141958549;Soldador;7243 15;13/04/2012;12/07/2012;Celetista;3.350,00;95.860.880/0001-82;;CXJ-01;Fábrica de Estruturas;95030645;Rua da Esperança;555;;Pio X;Caxias do Sul;RS;;(54) 98523-7039;juliana.cavalcanti@coxilha-forte.example;95007336;Avenida Central;699;Exposição;Caxias do Sul;RS
008689;Luciano Fernandes Cavalcanti;833.842.135-99;15/07/1985;M;Solteiro;Médio incompleto;Fernanda Moura Cavalcanti;14584236970;Operador de empilhadeira;7822 20;22/03/2026;20/06/2026;Celetista;2.830,00;95.860.880/0001-82;;CXJ-01;Fábrica de Estruturas;95037065;Rua das Flores do Campo;914;;São Pelegrino;Caxias do Sul;RS;;(54) 99301-6039;luciano.cavalcanti@coxilha-forte.example;95007336;Avenida Central;699;Exposição;Caxias do Sul;RS
008690;Simone Borges Mendes;078.819.369-40;14/06/1999;F;Solteira;Fundamental completo;Priscila Cardoso Mendes;14407685365;Prensista;7245 15;09/03/2025;07/06/2025;Celetista;2.610,00;95.860.880/0001-82;;CXJ-01;Fábrica de Estruturas;95072416;Rua Três Marias;2391;;São Pelegrino;Caxias do Sul;RS;;(54) 98231-5235;simone.mendes@coxilha-forte.example;95007336;Avenida Central;699;Exposição;Caxias do Sul;RS
008691;Yasmin Pereira Cardoso;230.585.310-60;22/09/1979;F;Casada;Médio completo;Valéria Araújo Cardoso;18966712844;Soldador;7243 15;22/01/2020;21/04/2020;Celetista;3.350,00;95.860.880/0001-82;;CXJ-01;Fábrica de Estruturas;95097696;Rua da Liberdade;2000;;Cinquentenário;Caxias do Sul;RS;(54) 3415-0561;(54) 98496-8635;yasmin.cardoso@coxilha-forte.example;95007336;Avenida Central;699;Exposição;Caxias do Sul;RS
008692;Marta Cavalcanti;427.355.055-53;26/12/1971;F;Divorciada;Médio incompleto;Cláudia Lopes Cavalcanti;17646928298;Operador de máquinas;8621 50;27/01/2019;27/04/2019;Celetista;2.350,00;95.860.880/0001-82;;CXJ-01;Fábrica de Estruturas;95082775;Rua das Orquídeas;921;;Cinquentenário;Caxias do Sul;RS;;(54) 99187-0983;marta.cavalcanti@coxilha-forte.example;95007336;Avenida Central;699;Exposição;Caxias do Sul;RS
008693;Priscila Gomes;289.822.276-36;09/11/1989;F;Solteira;Fundamental completo;Adriana Peixoto Gomes;14559594170;Operador de máquinas;8621 50;30/07/2021;28/10/2021;Celetista;2.350,00;95.860.880/0001-82;;CXJ-01;Fábrica de Estruturas;95073236;Rua do Sol Nascente;581;;Pio X;Caxias do Sul;RS;;(54) 99929-5469;priscila.gomes@coxilha-forte.example;95007336;Avenida Central;699;Exposição;Caxias do Sul;RS
008694;Larissa Sales Souza;221.814.660-68;26/05/1991;F;Casada;Fundamental completo;Valéria Rocha Souza;11663987148;Prensista;7245 15;28/11/2015;26/02/2016;Celetista;3.810,00;95.860.880/0001-82;;CXJ-01;Fábrica de Estruturas;95033268;Rua Nova;2318;;Exposição;Caxias do Sul;RS;;(54) 98256-2452;larissa.souza@coxilha-forte.example;95007336;Avenida Central;699;Exposição;Caxias do Sul;RS
008695;Jéssica Costa Mendes;577.986.410-17;06/03/1997;F;Casada;Médio incompleto;Francisca Aguiar Mendes;10453161168;Caldeireiro;7244 10;25/08/2022;23/11/2022;Celetista;3.690,00;95.860.880/0001-82;;CXJ-01;Fábrica de Estruturas;95036727;Rua Santa Clara;2076;;Exposição;Caxias do Sul;RS;;(54) 99640-4442;jessica.mendes@coxilha-forte.example;95007336;Avenida Central;699;Exposição;Caxias do Sul;RS
008696;Rafaela Xavier Teixeira;639.196.009-75;02/12/2000;F;Solteira;Médio completo;Ana Costa Teixeira;14473464544;Soldador;7243 15;14/05/2025;12/08/2025;Celetista;2.880,00;95.860.880/0001-82;;CXJ-01;Fábrica de Estruturas;95075412;Rua do Bosque;2553;;Cinquentenário;Caxias do Sul;RS;;(54) 98227-9437;rafaela.teixeira@coxilha-forte.example;95007336;Avenida Central;699;Exposição;Caxias do Sul;RS
008697;Igor Siqueira;616.502.311-80;04/07/1995;M;Casado;Médio completo;Cristiane Leite Siqueira;11694883499;Prensista;7245 15;18/06/2026;;Celetista;2.610,00;95.860.880/0001-82;;CXJ-01;Fábrica de Estruturas;95003476;Rua das Orquídeas;180;;São Pelegrino;Caxias do Sul;RS;;(54) 98204-4394;igor.siqueira@coxilha-forte.example;95007336;Avenida Central;699;Exposição;Caxias do Sul;RS
008698;Eduarda Siqueira Souza;690.520.471-46;09/11/2001;F;Solteira;Médio completo;Juliana Soares Souza;15842692729;Assistente administrativo;4110 10;21/09/2025;20/12/2025;Celetista;2.650,00;95.860.880/0001-82;;CXJ-01;Fábrica de Estruturas;95091079;Avenida Central;363;;São Pelegrino;Caxias do Sul;RS;;(54) 98418-2251;eduarda.souza@coxilha-forte.example;95007336;Avenida Central;699;Exposição;Caxias do Sul;RS
008699;Alexandre Pereira;411.071.551-26;22/03/1992;M;Casado;Médio incompleto;Isabela Fernandes Pereira;18549105748;Operador de máquinas;8621 50;09/04/2024;08/07/2024;Celetista;2.350,00;95.860.880/0001-82;;CXJ-01;Fábrica de Estruturas;95022709;Rua dos Cravos;76;;Cinquentenário;Caxias do Sul;RS;;(54) 98524-7598;alexandre.pereira@coxilha-forte.example;95007336;Avenida Central;699;Exposição;Caxias do Sul;RS
008700;Giovana Souza Marques;600.219.635-84;19/02/1990;F;Casada;Fundamental completo;Elaine Lopes Marques;11928295152;Prensista;7245 15;08/07/2023;06/10/2023;Celetista;3.010,00;95.860.880/0001-82;;CXJ-01;Fábrica de Estruturas;95097634;Rua do Horizonte;1749;Apto 32;São Pelegrino;Caxias do Sul;RS;;(54) 99333-3153;giovana.marques@coxilha-forte.example;95007336;Avenida Central;699;Exposição;Caxias do Sul;RS
008701;Luiz Souza;309.895.699-26;18/10/1993;M;Casado;Médio completo;Débora Costa Souza;13818577382;Almoxarife;4141 05;05/02/2025;06/05/2025;Celetista;2.490,00;95.860.880/0001-82;;CXJ-01;Fábrica de Estruturas;95054808;Rua das Palmeiras;2470;;Cinquentenário;Caxias do Sul;RS;;(54) 99728-7749;luiz.souza@coxilha-forte.example;95007336;Avenida Central;699;Exposição;Caxias do Sul;RS
008702;Beatriz Guimarães;003.808.457-09;02/03/1992;F;Casada;Médio completo;Simone Machado Guimarães;14111994132;Almoxarife;4141 05;08/03/2026;06/06/2026;Celetista;3.110,00;95.860.880/0001-82;;CXJ-01;Fábrica de Estruturas;95028560;Rua do Horizonte;394;;Pio X;Caxias do Sul;RS;;(54) 98318-3883;beatriz.guimaraes@coxilha-forte.example;95007336;Avenida Central;699;Exposição;Caxias do Sul;RS
008703;Gustavo Peixoto;275.967.964-00;20/05/1989;M;Solteiro;Fundamental completo;Bruna Correia Peixoto;14974136097;Operador de empilhadeira;7822 20;07/06/2024;05/09/2024;Celetista;2.830,00;95.860.880/0001-82;;CXJ-01;Fábrica de Estruturas;95068573;Rua das Palmeiras;872;;Kayser;Caxias do Sul;RS;(54) 3363-9991;(54) 99900-3285;gustavo.peixoto@coxilha-forte.example;95007336;Avenida Central;699;Exposição;Caxias do Sul;RS
008704;Débora Ferreira;716.234.201-99;25/03/2000;F;Casada;Médio completo;Bruna Marques Ferreira;14285819377;Caldeireiro;7244 10;02/08/2025;31/10/2025;Celetista;4.730,00;95.860.880/0001-82;;CXJ-01;Fábrica de Estruturas;95096691;Rua das Palmeiras;1397;Fundos;São Pelegrino;Caxias do Sul;RS;;(54) 99303-9254;debora.ferreira@coxilha-forte.example;95007336;Avenida Central;699;Exposição;Caxias do Sul;RS
008705;Kelly Barros;685.871.366-23;24/03/1997;F;Casada;Médio completo;Priscila Ribeiro Barros;12223667654;Soldador;7243 15;17/01/2021;17/04/2021;Celetista;2.880,00;95.860.880/0001-82;;CXJ-01;Fábrica de Estruturas;95021689;Rua da Esperança;1716;;Exposição;Caxias do Sul;RS;(54) 3907-1451;(54) 98441-9805;kelly.barros@coxilha-forte.example;95007336;Avenida Central;699;Exposição;Caxias do Sul;RS
008706;Mariana Santana Fernandes;016.245.507-03;16/04/1999;F;Solteira;Superior completo;Cláudia Tavares Fernandes;15725505494;Inspetor de qualidade;3912 05;08/03/2021;06/06/2021;Celetista;4.130,00;95.860.880/0001-82;;CXJ-01;Fábrica de Estruturas;95032569;Rua do Bosque;1856;;Pio X;Caxias do Sul;RS;;(54) 99618-3074;mariana.fernandes@coxilha-forte.example;95007336;Avenida Central;699;Exposição;Caxias do Sul;RS
008707;Débora Viana Ramos;625.002.827-75;13/02/2001;F;Solteira;Médio completo;Patrícia Rodrigues Ramos;14422337579;Almoxarife;4141 05;01/12/2024;01/03/2025;Celetista;2.490,00;95.860.880/0001-82;;CXJ-01;Fábrica de Estruturas;95034997;Avenida Central;140;Apto 101;Pio X;Caxias do Sul;RS;;(54) 98626-1143;debora.ramos@coxilha-forte.example;95007336;Avenida Central;699;Exposição;Caxias do Sul;RS
008708;Fernando Neves Magalhães;632.603.248-28;10/11/1976;M;Divorciado;Médio completo;Karina Santos Magalhães;13582219872;Prensista;7245 15;06/03/2025;04/06/2025;Celetista;3.010,00;95.860.880/0001-82;;CXJ-01;Fábrica de Estruturas;95018186;Rua da Esperança;1460;Fundos;Kayser;Caxias do Sul;RS;(54) 3994-8323;(54) 99898-9544;fernando.magalhaes@coxilha-forte.example;95007336;Avenida Central;699;Exposição;Caxias do Sul;RS
008709;Mariana Carvalho Santos;675.046.423-80;17/11/1986;F;Solteira;Superior completo;Renata Freitas Santos;13083518578;Técnico em segurança do trabalho;3516 05;04/03/2025;02/06/2025;Celetista;3.730,00;95.860.880/0001-82;;CXJ-01;Fábrica de Estruturas;95049027;Rua Três Marias;457;Bloco B;Kayser;Caxias do Sul;RS;;(54) 98375-1345;mariana.santos@coxilha-forte.example;95007336;Avenida Central;699;Exposição;Caxias do Sul;RS
008710;Renata Prado;406.575.372-41;18/12/1993;F;Solteira;Médio completo;Sandra Machado Prado;19821780930;Operador de empilhadeira;7822 20;22/06/2017;20/09/2017;Celetista;3.490,00;95.860.880/0001-82;;CXJ-01;Fábrica de Estruturas;95057428;Rua das Palmeiras;1130;Apto 101;Pio X;Caxias do Sul;RS;(54) 3150-4727;(54) 98842-0990;renata.prado@coxilha-forte.example;95007336;Avenida Central;699;Exposição;Caxias do Sul;RS
008711;Caio Prado;801.095.122-60;24/02/2003;M;Casado;Médio completo;Giovana Assis Prado;17293425020;Soldador;7243 15;19/04/2022;18/07/2022;Celetista;4.290,00;95.860.880/0001-82;;CXJ-01;Fábrica de Estruturas;95040246;Rua do Bosque;327;;Exposição;Caxias do Sul;RS;;(54) 98354-7456;caio.prado@coxilha-forte.example;95007336;Avenida Central;699;Exposição;Caxias do Sul;RS
008712;Carlos Marques Viana;966.304.203-65;11/07/1992;M;Solteiro;Médio completo;Camila Andrade Viana;19134333055;Prensista;7245 15;28/11/2022;26/02/2023;Celetista;3.810,00;95.860.880/0001-82;;CXJ-01;Fábrica de Estruturas;95010664;Rua do Horizonte;914;;Exposição;Caxias do Sul;RS;(54) 3375-4263;(54) 99268-6884;carlos.viana@coxilha-forte.example;95007336;Avenida Central;699;Exposição;Caxias do Sul;RS
008713;José Fernandes Viana;721.484.256-41;12/03/1996;M;União estável;Fundamental completo;Mariana Cavalcanti Viana;12110159843;Operador de máquinas;8621 50;25/03/2025;23/06/2025;Celetista;2.350,00;95.860.880/0001-82;;CXJ-01;Fábrica de Estruturas;95069216;Avenida Beira Rio;1677;;Cinquentenário;Caxias do Sul;RS;;(54) 98102-0720;jose.viana@coxilha-forte.example;95007336;Avenida Central;699;Exposição;Caxias do Sul;RS
008714;Jorge Rocha Brito;644.493.659-41;09/01/1991;M;Solteiro;Fundamental completo;Bruna Marques Brito;16953197217;Caldeireiro;7244 10;15/07/2025;13/10/2025;Celetista;3.170,00;95.860.880/0001-82;;CXJ-01;Fábrica de Estruturas;95048779;Rua Nova;2448;;Pio X;Caxias do Sul;RS;;(54) 98175-7314;jorge.brito@coxilha-forte.example;95007336;Avenida Central;699;Exposição;Caxias do Sul;RS
008715;Pedro Andrade Leite;056.165.676-20;02/08/2000;M;Casado;Médio incompleto;Cláudia Silva Leite;18391788355;Prensista;7245 15;08/02/2024;08/05/2024;Celetista;2.610,00;95.860.880/0001-82;;CXJ-01;Fábrica de Estruturas;95092138;Rua do Sol Nascente;2566;Bloco B;Cinquentenário;Caxias do Sul;RS;;(54) 99170-1818;pedro.leite@coxilha-forte.example;95007336;Avenida Central;699;Exposição;Caxias do Sul;RS
008716;Valéria Mendes;957.543.587-76;08/11/1976;F;União estável;Médio completo;Luana Xavier Mendes;11283310771;Almoxarife;4141 05;03/12/2022;03/03/2023;Celetista;3.110,00;95.860.880/0001-82;;CXJ-01;Fábrica de Estruturas;95007147;Rua das Flores do Campo;232;Sala 5;São Pelegrino;Caxias do Sul;RS;;(54) 98510-1916;valeria.mendes@coxilha-forte.example;95007336;Avenida Central;699;Exposição;Caxias do Sul;RS
008717;Luiz Neves Gomes;650.928.600-90;30/07/1979;M;Divorciado;Superior completo;Rosana Costa Gomes;15726373086;Gerente administrativo;1421 05;05/12/2025;05/03/2026;Celetista;12.380,00;95.860.880/0001-82;;CXJ-01;Fábrica de Estruturas;95053632;Rua das Acácias;1450;;Exposição;Caxias do Sul;RS;;(54) 98818-8368;luiz.gomes@coxilha-forte.example;95007336;Avenida Central;699;Exposição;Caxias do Sul;RS
008718;Hugo Andrade;829.772.681-97;27/04/2003;M;Solteiro;Médio completo;Karina Carvalho Andrade;15778891643;Inspetor de qualidade;3912 05;07/11/2023;05/02/2024;Celetista;4.130,00;95.860.880/0001-82;;CXJ-01;Fábrica de Estruturas;95063485;Rua das Andorinhas;481;;São Pelegrino;Caxias do Sul;RS;;(54) 99400-4414;hugo.andrade@coxilha-forte.example;95007336;Avenida Central;699;Exposição;Caxias do Sul;RS
008719;Alexandre Teixeira;292.301.919-90;24/10/1978;M;Divorciado;Médio incompleto;Valéria Assis Teixeira;17882043008;Prensista;7245 15;12/09/2022;11/12/2022;Celetista;2.610,00;95.860.880/0001-82;;CXJ-01;Fábrica de Estruturas;95029618;Rua dos Pinheiros Altos;632;;Kayser;Caxias do Sul;RS;(54) 3559-0107;(54) 99075-1653;alexandre.teixeira@coxilha-forte.example;95007336;Avenida Central;699;Exposição;Caxias do Sul;RS
008720;Vitor Vieira;699.290.892-84;08/07/1996;M;Casado;Fundamental completo;Rafaela Peixoto Vieira;10326699007;Soldador;7243 15;03/04/2025;02/07/2025;Celetista;3.350,00;95.860.880/0001-82;;CXJ-01;Fábrica de Estruturas;95084481;Rua dos Cravos;746;;Kayser;Caxias do Sul;RS;(54) 3759-6388;(54) 99148-6580;vitor.vieira@coxilha-forte.example;95007336;Avenida Central;699;Exposição;Caxias do Sul;RS
008721;Gabriela Cardoso;849.576.494-64;15/07/1984;F;Divorciada;Fundamental completo;Cláudia Soares Cardoso;16161335164;Soldador;7243 15;01/12/2023;29/02/2024;Celetista;2.880,00;95.860.880/0001-82;;CXJ-01;Fábrica de Estruturas;95055101;Rua São Pedro;2583;Apto 204;Cinquentenário;Caxias do Sul;RS;;(54) 98967-1724;gabriela.cardoso@coxilha-forte.example;95007336;Avenida Central;699;Exposição;Caxias do Sul;RS
008722;Paulo Moreira Macedo;322.963.145-54;06/09/2000;M;União estável;Médio completo;Valéria Gomes Macedo;17432300607;Soldador;7243 15;29/05/2026;;Celetista;3.820,00;95.860.880/0001-82;;CXJ-01;Fábrica de Estruturas;95037928;Rua da Alvorada;379;;Exposição;Caxias do Sul;RS;;(54) 98431-6473;paulo.macedo@coxilha-forte.example;95007336;Avenida Central;699;Exposição;Caxias do Sul;RS
008723;Wagner Castro;498.591.262-08;03/05/1993;M;Casado;Médio completo;Valéria Machado Castro;13701856886;Eletricista de manutenção;9511 05;31/10/2018;29/01/2019;Celetista;5.070,00;95.860.880/0001-82;;CXJ-01;Fábrica de Estruturas;95089530;Rua São Pedro;368;Apto 204;Cinquentenário;Caxias do Sul;RS;;(54) 98641-7206;wagner.castro@coxilha-forte.example;95007336;Avenida Central;699;Exposição;Caxias do Sul;RS
008724;Wagner Almeida;092.242.805-01;13/01/1985;M;União estável;Médio completo;Tereza Batista Almeida;11223684475;Operador de máquinas;8621 50;09/11/2022;07/02/2023;Celetista;2.670,00;95.860.880/0001-82;;CXJ-01;Fábrica de Estruturas;95057386;Rua da Esperança;2488;;Pio X;Caxias do Sul;RS;(54) 3287-6184;(54) 98571-3175;wagner.almeida@coxilha-forte.example;95007336;Avenida Central;699;Exposição;Caxias do Sul;RS
008725;Tereza Ramos;267.750.101-50;19/03/1993;F;Casada;Médio incompleto;Nayara Ramos Ramos;16843326202;Operador de máquinas;8621 50;02/02/2025;03/05/2025;Celetista;3.000,00;95.860.880/0001-82;;CXJ-01;Fábrica de Estruturas;95088381;Rua do Cruzeiro;2365;;São Pelegrino;Caxias do Sul;RS;;(54) 99792-1123;tereza.ramos@coxilha-forte.example;95007336;Avenida Central;699;Exposição;Caxias do Sul;RS
008726;Luana Paiva Santana;320.206.268-96;28/03/1985;F;Solteira;Médio completo;Larissa Guimarães Santana;18966401250;Operador de empilhadeira;7822 20;04/06/2020;02/09/2020;Celetista;2.830,00;95.860.880/0001-82;;CXJ-01;Fábrica de Estruturas;95038859;Rua das Andorinhas;379;;Cinquentenário;Caxias do Sul;RS;;(54) 98733-3576;luana.santana@coxilha-forte.example;95007336;Avenida Central;699;Exposição;Caxias do Sul;RS
008727;Carlos Campos;585.896.807-46;12/09/1997;M;União estável;Médio incompleto;Carolina Prado Campos;13360992555;Soldador;7243 15;12/12/2023;11/03/2024;Celetista;4.290,00;95.860.880/0001-82;;CXJ-01;Fábrica de Estruturas;95067668;Rua da Liberdade;2535;Casa 2;Exposição;Caxias do Sul;RS;;(54) 98787-0170;carlos.campos@coxilha-forte.example;95007336;Avenida Central;699;Exposição;Caxias do Sul;RS
008728;André Pacheco Cavalcanti;668.762.382-61;27/05/1987;M;Casado;Médio completo;Daniela Moura Cavalcanti;18361539665;Soldador;7243 15;15/02/2017;16/05/2017;Celetista;4.290,00;95.860.880/0001-82;;CXJ-01;Fábrica de Estruturas;95042863;Rua da Alvorada;2422;Sala 5;São Pelegrino;Caxias do Sul;RS;;(54) 98586-9614;andre.cavalcanti@coxilha-forte.example;95007336;Avenida Central;699;Exposição;Caxias do Sul;RS
008729;Wagner Tavares;913.861.331-08;27/09/1989;M;Solteiro;Médio incompleto;Renata Barbosa Tavares;17635506072;Operador de máquinas;8621 50;03/08/2025;01/11/2025;Celetista;3.330,00;95.860.880/0001-82;;CXJ-01;Fábrica de Estruturas;95026151;Rua do Sol Nascente;2448;;Kayser;Caxias do Sul;RS;;(54) 98657-7814;wagner.tavares@coxilha-forte.example;95007336;Avenida Central;699;Exposição;Caxias do Sul;RS
008730;Vitor Peixoto Rocha;136.746.280-07;22/09/1991;M;Casado;Médio completo;Priscila Andrade Rocha;12996976277;Soldador;7243 15;26/05/2023;24/08/2023;Celetista;3.350,00;95.860.880/0001-82;;CXJ-01;Fábrica de Estruturas;95073004;Travessa da Paz;464;Casa A;Pio X;Caxias do Sul;RS;;(54) 99547-6171;vitor.rocha@coxilha-forte.example;95007336;Avenida Central;699;Exposição;Caxias do Sul;RS
008731;Helena Monteiro;943.021.794-14;20/03/1986;F;Casada;Médio completo;Letícia Marques Monteiro;14060314618;Assistente administrativo;4110 10;31/07/2021;29/10/2021;Celetista;2.650,00;95.860.880/0001-82;;CXJ-01;Fábrica de Estruturas;95096052;Rua das Palmeiras;547;Casa 2;Cinquentenário;Caxias do Sul;RS;;(54) 98582-5442;helena.monteiro@coxilha-forte.example;95007336;Avenida Central;699;Exposição;Caxias do Sul;RS
008732;Diego Peixoto;811.102.768-00;24/01/1986;M;Casado;Médio completo;Aline Magalhães Peixoto;16571082374;Soldador;7243 15;27/06/2012;25/09/2012;Celetista;3.350,00;95.860.880/0001-82;;CXJ-01;Fábrica de Estruturas;95037107;Rua do Cruzeiro;1642;;Cinquentenário;Caxias do Sul;RS;;(54) 98168-2502;diego.peixoto@coxilha-forte.example;95007336;Avenida Central;699;Exposição;Caxias do Sul;RS
008733;Débora Carvalho Mendes;250.564.850-63;16/02/1989;F;União estável;Médio completo;Cristiane Teixeira Mendes;13710223606;Prensista;7245 15;26/12/2023;25/03/2024;Celetista;2.610,00;95.860.880/0001-82;;CXJ-01;Fábrica de Estruturas;95068861;Avenida Central;1971;Apto 204;Pio X;Caxias do Sul;RS;(54) 3191-7740;(54) 99862-5798;debora.mendes@coxilha-forte.example;95007336;Avenida Central;699;Exposição;Caxias do Sul;RS
008734;Gabriel Carvalho Figueiredo;462.311.147-40;22/10/2000;M;Solteiro;Médio completo;Giovana Assis Figueiredo;18040235141;Almoxarife;4141 05;18/03/2026;16/06/2026;Celetista;3.110,00;95.860.880/0001-82;;CXJ-01;Fábrica de Estruturas;95076308;Rua das Hortênsias;472;Apto 101;Kayser;Caxias do Sul;RS;;(54) 98554-8915;gabriel.figueiredo@coxilha-forte.example;95007336;Avenida Central;699;Exposição;Caxias do Sul;RS
008735;Mônica Ramos;101.996.023-01;16/12/1994;F;Casada;Médio completo;Yasmin Guimarães Ramos;12737919335;Caldeireiro;7244 10;20/11/2018;18/02/2019;Celetista;3.170,00;95.860.880/0001-82;;CXJ-01;Fábrica de Estruturas;95047481;Rua das Acácias;2578;;São Pelegrino;Caxias do Sul;RS;;(54) 99066-6593;monica.ramos@coxilha-forte.example;95007336;Avenida Central;699;Exposição;Caxias do Sul;RS
008736;Nayara Teixeira Almeida;132.323.408-06;28/02/1998;F;Casada;Médio completo;Débora Mendes Almeida;13875478554;Prensista;7245 15;19/01/2025;19/04/2025;Celetista;2.610,00;95.860.880/0001-82;;CXJ-01;Fábrica de Estruturas;95098716;Rua das Mangueiras;2038;Apto 101;Cinquentenário;Caxias do Sul;RS;(54) 3397-3325;(54) 98423-0284;nayara.almeida@coxilha-forte.example;95007336;Avenida Central;699;Exposição;Caxias do Sul;RS
008737;Pedro Oliveira;219.441.299-95;23/02/1995;M;Solteiro;Médio completo;Francisca Queiroz Oliveira;10403422380;Caldeireiro;7244 10;28/03/2023;26/06/2023;Celetista;4.730,00;95.860.880/0001-82;;CXJ-01;Fábrica de Estruturas;95036077;Rua Nova;1668;;Cinquentenário;Caxias do Sul;RS;;(54) 98103-9198;pedro.oliveira@coxilha-forte.example;95007336;Avenida Central;699;Exposição;Caxias do Sul;RS
008738;João Gomes;482.193.776-07;29/06/1996;M;União estável;Médio completo;Camila Correia Gomes;16255173670;Técnico em segurança do trabalho;3516 05;25/09/2024;24/12/2024;Celetista;3.730,00;95.860.880/0001-82;;CXJ-01;Fábrica de Estruturas;95025515;Travessa da Paz;1535;Apto 204;Exposição;Caxias do Sul;RS;;(54) 99796-0318;joao.gomes@coxilha-forte.example;95007336;Avenida Central;699;Exposição;Caxias do Sul;RS
008739;Gabriel Nascimento;803.643.722-81;20/07/1987;M;Solteiro;Médio incompleto;Vanessa Oliveira Nascimento;19172778417;Soldador;7243 15;24/07/2018;22/10/2018;Celetista;3.820,00;95.860.880/0001-82;;CXJ-01;Fábrica de Estruturas;95064334;Rua da Alvorada;2459;Fundos;São Pelegrino;Caxias do Sul;RS;;(54) 98570-7258;gabriel.nascimento@coxilha-forte.example;95007336;Avenida Central;699;Exposição;Caxias do Sul;RS
008740;Pedro Guimarães Gomes;156.692.814-11;03/08/1996;M;União estável;Médio completo;Elaine Farias Gomes;13062712777;Soldador;7243 15;25/04/2023;24/07/2023;Celetista;3.820,00;95.860.880/0001-82;;CXJ-01;Fábrica de Estruturas;95046821;Rua da Alvorada;331;;São Pelegrino;Caxias do Sul;RS;;(54) 98720-6289;pedro.gomes@coxilha-forte.example;95007336;Avenida Central;699;Exposição;Caxias do Sul;RS
008741;Vinícius Cavalcanti;812.576.756-80;30/03/1979;M;Casado;Médio completo;Isabela Marques Cavalcanti;15468975683;Eletricista de manutenção;9511 05;12/09/2023;11/12/2023;Celetista;5.770,00;95.860.880/0001-82;;CXJ-01;Fábrica de Estruturas;95025251;Rua do Bosque;241;;Cinquentenário;Caxias do Sul;RS;;(54) 98806-1217;vinicius.cavalcanti@coxilha-forte.example;95007336;Avenida Central;699;Exposição;Caxias do Sul;RS
008742;Jéssica Cardoso Aguiar;288.120.094-09;25/07/1999;F;Casada;Médio completo;Giovana Barros Aguiar;15765999213;Eletricista de manutenção;9511 05;24/04/2026;23/07/2026;Celetista;3.680,00;95.860.880/0001-82;;CXJ-01;Fábrica de Estruturas;95086587;Rua do Bosque;1942;;São Pelegrino;Caxias do Sul;RS;(54) 3857-7958;(54) 99419-6067;jessica.aguiar@coxilha-forte.example;95007336;Avenida Central;699;Exposição;Caxias do Sul;RS
008743;Letícia Ribeiro;144.430.432-17;03/12/1983;F;Casada;Médio incompleto;Gabriela Farias Ribeiro;17852430495;Prensista;7245 15;10/09/2019;09/12/2019;Celetista;3.410,00;95.860.880/0001-82;;CXJ-01;Fábrica de Estruturas;95048039;Rua dos Ipês Amarelos;1898;Casa A;Pio X;Caxias do Sul;RS;;(54) 99140-3583;leticia.ribeiro@coxilha-forte.example;95007336;Avenida Central;699;Exposição;Caxias do Sul;RS
008744;Marta Pacheco;011.392.916-10;07/05/1980;F;Casada;Fundamental completo;Carolina Nascimento Pacheco;13902929852;Almoxarife;4141 05;27/10/2014;25/01/2015;Celetista;2.180,00;95.860.880/0001-82;;CXJ-01;Fábrica de Estruturas;95064668;Rua da Esperança;702;Fundos;Exposição;Caxias do Sul;RS;;(54) 98365-3528;marta.pacheco@coxilha-forte.example;95007336;Avenida Central;699;Exposição;Caxias do Sul;RS
008745;Cristiane Rocha Leite;174.406.403-22;13/07/1988;F;Solteira;Médio completo;Isabela Dias Leite;19952897265;Almoxarife;4141 05;22/05/2018;20/08/2018;Celetista;2.800,00;95.860.880/0001-82;;CXJ-01;Fábrica de Estruturas;95077689;Rua das Acácias;2080;;Kayser;Caxias do Sul;RS;;(54) 99063-1150;cristiane.leite@coxilha-forte.example;95007336;Avenida Central;699;Exposição;Caxias do Sul;RS
008746;Tiago Neves Araújo;468.887.596-79;09/06/1989;M;Casado;Médio completo;Marta Gonçalves Araújo;12969227228;Caldeireiro;7244 10;11/01/2018;11/04/2018;Celetista;4.210,00;95.860.880/0001-82;;CXJ-01;Fábrica de Estruturas;95030951;Rua Santa Clara;2657;;São Pelegrino;Caxias do Sul;RS;;(54) 99954-1627;tiago.araujo@coxilha-forte.example;95007336;Avenida Central;699;Exposição;Caxias do Sul;RS
008747;Daniela Rezende;130.591.839-88;04/02/1995;F;União estável;Fundamental completo;Mariana Rezende Rezende;13391947857;Almoxarife;4141 05;05/11/2024;03/02/2025;Celetista;2.490,00;95.860.880/0001-82;;CXJ-01;Fábrica de Estruturas;95062616;Rua do Sol Nascente;1866;;Pio X;Caxias do Sul;RS;;(54) 99844-7865;daniela.rezende@coxilha-forte.example;95007336;Avenida Central;699;Exposição;Caxias do Sul;RS
008748;Natália Martins Barros;650.595.429-55;15/10/1970;F;Divorciada;Fundamental completo;Giovana Santos Barros;13126670414;Soldador;7243 15;09/03/2013;07/06/2013;Celetista;2.880,00;95.860.880/0001-82;;CXJ-01;Fábrica de Estruturas;95004091;Rua do Cruzeiro;672;;Pio X;Caxias do Sul;RS;(54) 3656-3663;(54) 98975-8031;natalia.barros@coxilha-forte.example;95007336;Avenida Central;699;Exposição;Caxias do Sul;RS
008749;Francisca Monteiro;217.096.991-83;22/10/1992;F;Casada;Fundamental completo;Helena Rodrigues Monteiro;10623619448;Eletricista de manutenção;9511 05;09/09/2017;08/12/2017;Celetista;5.070,00;95.860.880/0001-82;;CXJ-01;Fábrica de Estruturas;95087791;Rua dos Ipês Amarelos;898;;Pio X;Caxias do Sul;RS;;(54) 98750-4454;francisca.monteiro@coxilha-forte.example;95007336;Avenida Central;699;Exposição;Caxias do Sul;RS
008750;Fernando Prado Santana;201.206.175-36;17/12/1982;M;Solteiro;Superior completo;Tatiane Moura Santana;13458011667;Assistente administrativo;4110 10;25/07/2024;23/10/2024;Celetista;2.650,00;95.860.880/0001-82;;CXJ-01;Fábrica de Estruturas;95046638;Travessa da Paz;587;;São Pelegrino;Caxias do Sul;RS;(54) 3452-6101;(54) 99402-4101;fernando.santana@coxilha-forte.example;95007336;Avenida Central;699;Exposição;Caxias do Sul;RS
008751;Helena Ramos;896.436.725-14;09/10/1982;F;União estável;Fundamental completo;Jéssica Farias Ramos;15740548735;Operador de empilhadeira;7822 20;19/07/2024;17/10/2024;Celetista;2.500,00;95.860.880/0001-82;;CXJ-01;Fábrica de Estruturas;95039334;Avenida Central;196;;Pio X;Caxias do Sul;RS;;(54) 98445-3219;helena.ramos@coxilha-forte.example;95007336;Avenida Central;699;Exposição;Caxias do Sul;RS
008752;Tiago Bezerra;551.466.085-04;29/08/2002;M;Solteiro;Médio incompleto;Nayara Paiva Bezerra;12038815292;Soldador;7243 15;19/03/2025;17/06/2025;Celetista;3.350,00;95.860.880/0001-82;;CXJ-01;Fábrica de Estruturas;95029547;Rua São Pedro;1699;Bloco B;São Pelegrino;Caxias do Sul;RS;;(54) 99716-6052;tiago.bezerra@coxilha-forte.example;95007336;Avenida Central;699;Exposição;Caxias do Sul;RS
008753;Isabela Teixeira Borges;310.754.957-68;21/07/1994;F;Casada;Superior incompleto;Mônica Xavier Borges;19812561721;Inspetor de qualidade;3912 05;24/01/2026;24/04/2026;Celetista;5.580,00;95.860.880/0001-82;;CXJ-01;Fábrica de Estruturas;95097258;Rua das Acácias;2219;;São Pelegrino;Caxias do Sul;RS;;(54) 98237-1460;isabela.borges@coxilha-forte.example;95007336;Avenida Central;699;Exposição;Caxias do Sul;RS
008754;Simone Miranda Vieira;041.312.502-50;17/12/1993;F;União estável;Médio completo;Carolina Ribeiro Vieira;17001262291;Caldeireiro;7244 10;12/12/2021;12/03/2022;Celetista;3.170,00;95.860.880/0001-82;;CXJ-01;Fábrica de Estruturas;95019600;Rua da Esperança;1622;Sala 5;Kayser;Caxias do Sul;RS;;(54) 99395-9385;simone.vieira@coxilha-forte.example;95007336;Avenida Central;699;Exposição;Caxias do Sul;RS
008755;Marcos Pacheco;118.248.796-36;29/04/1990;M;Casado;Médio completo;Beatriz Paiva Pacheco;10939316698;Prensista;7245 15;27/10/2025;25/01/2026;Celetista;3.410,00;95.860.880/0001-82;;CXJ-01;Fábrica de Estruturas;95004986;Rua das Flores do Campo;1164;;Pio X;Caxias do Sul;RS;;(54) 99127-7326;marcos.pacheco@coxilha-forte.example;95007336;Avenida Central;699;Exposição;Caxias do Sul;RS
008756;Rodrigo Coelho Cardoso;597.508.395-87;14/05/2000;M;União estável;Médio incompleto;Ana Nunes Cardoso;11348383820;Caldeireiro;7244 10;22/09/2025;21/12/2025;Celetista;3.170,00;95.860.880/0001-82;;CXJ-01;Fábrica de Estruturas;95098564;Rua das Hortênsias;1260;;São Pelegrino;Caxias do Sul;RS;;(54) 99667-7783;rodrigo.cardoso@coxilha-forte.example;95007336;Avenida Central;699;Exposição;Caxias do Sul;RS
008757;Felipe Fernandes Pinto;831.598.122-60;28/12/1989;M;União estável;Médio completo;Karina Queiroz Pinto;19305421213;Eletricista de manutenção;9511 05;30/06/2026;;Celetista;4.380,00;95.860.880/0001-82;;CXJ-01;Fábrica de Estruturas;95073056;Rua do Sol Nascente;1982;Casa 2;Pio X;Caxias do Sul;RS;;(54) 98600-4803;felipe.pinto@coxilha-forte.example;95007336;Avenida Central;699;Exposição;Caxias do Sul;RS
008758;Nicolas Magalhães Moura;467.336.259-46;08/06/1987;M;Casado;Superior incompleto;Jéssica Miranda Moura;19830315304;Técnico em segurança do trabalho;3516 05;09/02/2024;09/05/2024;Celetista;4.460,00;95.860.880/0001-82;;CXJ-01;Fábrica de Estruturas;95000668;Rua dos Girassóis;1683;;São Pelegrino;Caxias do Sul;RS;;(54) 99642-2430;nicolas.moura@coxilha-forte.example;95007336;Avenida Central;699;Exposição;Caxias do Sul;RS
008759;Carolina Nascimento;565.710.214-20;03/09/1997;F;Casada;Médio completo;Carolina Rezende Nascimento;12531089285;Inspetor de qualidade;3912 05;03/06/2024;01/09/2024;Celetista;3.400,00;95.860.880/0001-82;;CXJ-01;Fábrica de Estruturas;95059051;Avenida Central;2333;;Cinquentenário;Caxias do Sul;RS;;(54) 99305-1865;carolina.nascimento@coxilha-forte.example;95007336;Avenida Central;699;Exposição;Caxias do Sul;RS
008760;Vanessa Coelho Martins;796.129.308-64;22/01/1976;F;Casada;Médio completo;Lúcia Queiroz Martins;17585152679;Técnico em segurança do trabalho;3516 05;17/09/2020;16/12/2020;Celetista;4.460,00;95.860.880/0001-82;;CXJ-01;Fábrica de Estruturas;95039506;Avenida Central;2416;;São Pelegrino;Caxias do Sul;RS;;(54) 98849-0978;vanessa.martins@coxilha-forte.example;95007336;Avenida Central;699;Exposição;Caxias do Sul;RS
008761;Tatiane Almeida Mendes;844.789.019-88;30/01/1995;F;União estável;Médio completo;Nayara Xavier Mendes;13095701862;Soldador;7243 15;14/01/2026;14/04/2026;Celetista;3.350,00;95.860.880/0001-82;;CXJ-01;Fábrica de Estruturas;95068779;Rua das Orquídeas;2087;;Exposição;Caxias do Sul;RS;;(54) 99932-8193;tatiane.mendes@coxilha-forte.example;95007336;Avenida Central;699;Exposição;Caxias do Sul;RS
008762;Alexandre Santana Lima;055.781.062-00;26/01/1979;M;Casado;Fundamental completo;Daniela Brito Lima;13566433183;Prensista;7245 15;09/03/2013;07/06/2013;Celetista;2.610,00;95.860.880/0001-82;;CXJ-01;Fábrica de Estruturas;95033441;Rua das Andorinhas;1965;Apto 101;Cinquentenário;Caxias do Sul;RS;;(54) 98360-5451;alexandre.lima@coxilha-forte.example;95007336;Avenida Central;699;Exposição;Caxias do Sul;RS
008763;Amanda Viana Mendes;738.580.264-84;20/05/1996;F;União estável;Médio incompleto;Marta Barros Mendes;18359964383;Soldador;7243 15;12/01/2016;11/04/2016;Celetista;2.880,00;95.860.880/0001-82;;CXJ-01;Fábrica de Estruturas;95005798;Rua das Andorinhas;2690;;Cinquentenário;Caxias do Sul;RS;;(54) 98567-4345;amanda.mendes@coxilha-forte.example;95007336;Avenida Central;699;Exposição;Caxias do Sul;RS
008764;Thiago Neves;625.035.112-44;08/09/1998;M;União estável;Médio completo;Débora Alves Neves;10764996273;Inspetor de qualidade;3912 05;25/05/2026;;Celetista;4.850,00;95.860.880/0001-82;;CXJ-01;Fábrica de Estruturas;95035325;Rua do Sol Nascente;147;;Cinquentenário;Caxias do Sul;RS;(54) 3481-9664;(54) 98895-2140;thiago.neves@coxilha-forte.example;95007336;Avenida Central;699;Exposição;Caxias do Sul;RS
008765;Igor Teixeira;682.295.630-12;29/09/1976;M;Casado;Superior completo;Yasmin Rodrigues Teixeira;16451802542;Assistente administrativo;4110 10;30/12/2023;29/03/2024;Celetista;2.920,00;95.860.880/0001-82;;CXJ-01;Fábrica de Estruturas;95022664;Rua Nova;2495;Apto 32;Kayser;Caxias do Sul;RS;;(54) 99908-4829;igor.teixeira@coxilha-forte.example;95007336;Avenida Central;699;Exposição;Caxias do Sul;RS
008766;Gabriela Ferreira Cavalcanti;668.115.578-26;09/11/1997;F;Casada;Médio completo;Jéssica Silva Cavalcanti;10591579124;Caldeireiro;7244 10;29/11/2022;27/02/2023;Celetista;3.690,00;95.860.880/0001-82;;CXJ-01;Fábrica de Estruturas;95035072;Rua das Mangueiras;1139;;São Pelegrino;Caxias do Sul;RS;;(54) 99560-2334;gabriela.cavalcanti@coxilha-forte.example;95007336;Avenida Central;699;Exposição;Caxias do Sul;RS
008767;Nelson Monteiro Rezende;491.158.773-37;04/05/2000;M;Solteiro;Fundamental completo;Tereza Xavier Rezende;13463322301;Eletricista de manutenção;9511 05;14/01/2024;13/04/2024;Celetista;5.070,00;95.860.880/0001-82;;CXJ-01;Fábrica de Estruturas;95003194;Rua dos Girassóis;374;Fundos;Pio X;Caxias do Sul;RS;;(54) 98508-9536;nelson.rezende@coxilha-forte.example;95007336;Avenida Central;699;Exposição;Caxias do Sul;RS
008768;Otávio Barros Campos;989.523.807-03;08/04/1992;M;Casado;Médio completo;Cláudia Rezende Campos;16021552005;Almoxarife;4141 05;29/11/2025;27/02/2026;Celetista;2.180,00;95.860.880/0001-82;;CXJ-01;Fábrica de Estruturas;95087175;Rua do Horizonte;1441;Casa 2;Exposição;Caxias do Sul;RS;;(54) 98555-7823;otavio.campos@coxilha-forte.example;95007336;Avenida Central;699;Exposição;Caxias do Sul;RS
008769;Ana Assis;669.152.553-11;26/08/1990;F;Divorciada;Médio completo;Daniela Farias Assis;17607576627;Eletricista de manutenção;9511 05;22/11/2017;20/02/2018;Celetista;4.380,00;95.860.880/0001-82;;CXJ-01;Fábrica de Estruturas;95058251;Avenida Central;1666;;Pio X;Caxias do Sul;RS;(54) 3451-2964;(54) 99897-6863;ana.assis@coxilha-forte.example;95007336;Avenida Central;699;Exposição;Caxias do Sul;RS
008770;Renata Barbosa;372.766.282-48;19/09/1989;F;Casada;Fundamental completo;Ana Freitas Barbosa;12609827532;Soldador;7243 15;15/12/2021;15/03/2022;Celetista;3.350,00;95.860.880/0001-82;;CXJ-01;Fábrica de Estruturas;95041328;Rua da Esperança;932;;Pio X;Caxias do Sul;RS;;(54) 99801-5352;renata.barbosa@coxilha-forte.example;95007336;Avenida Central;699;Exposição;Caxias do Sul;RS
008771;Antônio Pinto Cavalcanti;816.896.805-04;12/02/1996;M;Casado;Médio completo;Jéssica Pereira Cavalcanti;17850541153;Prensista;7245 15;10/03/2026;08/06/2026;Celetista;2.610,00;95.860.880/0001-82;;CXJ-01;Fábrica de Estruturas;95081945;Rua dos Ipês Amarelos;2529;;Cinquentenário;Caxias do Sul;RS;;(54) 99399-1831;antonio.cavalcanti@coxilha-forte.example;95007336;Avenida Central;699;Exposição;Caxias do Sul;RS
008772;Mariana Barros Farias;185.830.633-70;25/04/1990;F;Casada;Médio completo;Simone Macedo Farias;14265558553;Operador de empilhadeira;7822 20;01/04/2024;30/06/2024;Celetista;2.830,00;95.860.880/0001-82;;CXJ-01;Fábrica de Estruturas;95028279;Avenida Central;926;;Cinquentenário;Caxias do Sul;RS;;(54) 99010-1267;mariana.farias@coxilha-forte.example;95007336;Avenida Central;699;Exposição;Caxias do Sul;RS
008773;Fernanda Pacheco Freitas;664.118.088-30;24/04/1995;F;Divorciada;Médio completo;Rosana Marques Freitas;17648202790;Inspetor de qualidade;3912 05;30/11/2025;28/02/2026;Celetista;3.400,00;95.860.880/0001-82;;CXJ-01;Fábrica de Estruturas;95031755;Rua São Pedro;1738;Casa 2;Pio X;Caxias do Sul;RS;;(54) 98162-4524;fernanda.freitas@coxilha-forte.example;95007336;Avenida Central;699;Exposição;Caxias do Sul;RS
008774;Vitor Pinto Ferreira;794.563.060-03;31/08/1975;M;Solteiro;Médio completo;Sandra Sales Ferreira;10084487545;Prensista;7245 15;18/03/2008;16/06/2008;Celetista;3.410,00;95.860.880/0001-82;;CXJ-01;Fábrica de Estruturas;95064396;Rua do Mirante;413;;Exposição;Caxias do Sul;RS;(54) 3548-6751;(54) 98747-9627;vitor.ferreira@coxilha-forte.example;95007336;Avenida Central;699;Exposição;Caxias do Sul;RS
008775;Francisco Neves Oliveira;687.117.732-94;04/02/2002;M;União estável;Superior incompleto;Joana Carvalho Oliveira;12929176665;Inspetor de qualidade;3912 05;20/09/2022;19/12/2022;Celetista;3.400,00;95.860.880/0001-82;;CXJ-01;Fábrica de Estruturas;95074034;Avenida Beira Rio;1956;Fundos;Exposição;Caxias do Sul;RS;;(54) 99753-4492;francisco.oliveira@coxilha-forte.example;95007336;Avenida Central;699;Exposição;Caxias do Sul;RS
008776;Vinícius Souza;929.587.010-77;13/02/1982;M;Casado;Médio completo;Giovana Aguiar Souza;14673602252;Caldeireiro;7244 10;23/01/2024;22/04/2024;Celetista;3.690,00;95.860.880/0001-82;;CXJ-01;Fábrica de Estruturas;95082757;Rua da Alvorada;1555;;Kayser;Caxias do Sul;RS;;(54) 98116-5445;vinicius.souza@coxilha-forte.example;95007336;Avenida Central;699;Exposição;Caxias do Sul;RS
008777;Alexandre Queiroz Fernandes;757.993.831-68;09/03/1992;M;União estável;Fundamental completo;Fernanda Miranda Fernandes;13397692701;Prensista;7245 15;18/04/2019;17/07/2019;Celetista;3.010,00;95.860.880/0001-82;;CXJ-01;Fábrica de Estruturas;95025027;Rua Nova;77;;Cinquentenário;Caxias do Sul;RS;;(54) 99119-2365;alexandre.fernandes@coxilha-forte.example;95007336;Avenida Central;699;Exposição;Caxias do Sul;RS
008778;Matheus Gomes;286.012.628-72;15/02/1990;M;Solteiro;Fundamental completo;Patrícia Carvalho Gomes;12194993999;Operador de máquinas;8621 50;10/09/2022;09/12/2022;Celetista;2.670,00;95.860.880/0001-82;;CXJ-01;Fábrica de Estruturas;95033817;Travessa da Paz;1197;Fundos;Exposição;Caxias do Sul;RS;;(54) 98591-2382;matheus.gomes@coxilha-forte.example;95007336;Avenida Central;699;Exposição;Caxias do Sul;RS
008779;Sandra Almeida Gomes;459.153.238-04;28/01/1989;F;Casada;Médio completo;Mariana Nascimento Gomes;11173408381;Soldador;7243 15;29/01/2018;29/04/2018;Celetista;2.880,00;95.860.880/0001-82;;CXJ-01;Fábrica de Estruturas;95016239;Rua das Hortênsias;131;;Pio X;Caxias do Sul;RS;;(54) 99991-5941;sandra.gomes@coxilha-forte.example;95007336;Avenida Central;699;Exposição;Caxias do Sul;RS
008780;Lúcia Farias;869.625.763-40;03/03/2004;F;Solteira;Fundamental completo;Gabriela Ramos Farias;11012860220;Operador de empilhadeira;7822 20;27/06/2026;;Celetista;2.500,00;95.860.880/0001-82;;CXJ-01;Fábrica de Estruturas;95045195;Rua do Sol Nascente;911;Bloco B;Pio X;Caxias do Sul;RS;;(54) 98569-9895;lucia.farias@coxilha-forte.example;95007336;Avenida Central;699;Exposição;Caxias do Sul;RS
008781;José Moura;009.586.631-06;18/02/2006;M;Solteiro;Médio completo;Bruna Pinto Moura;10761480037;Operador de máquinas;8621 50;06/09/2025;05/12/2025;Celetista;2.670,00;95.860.880/0001-82;;CXJ-01;Fábrica de Estruturas;95033160;Rua das Flores do Campo;1534;Casa A;Kayser;Caxias do Sul;RS;(54) 3469-7409;(54) 99310-1034;jose.moura@coxilha-forte.example;95007336;Avenida Central;699;Exposição;Caxias do Sul;RS
008782;Júlio Farias Cardoso;043.822.466-36;24/04/1996;M;Solteiro;Fundamental completo;Giovana Fernandes Cardoso;16345367986;Soldador;7243 15;11/12/2021;11/03/2022;Celetista;3.820,00;95.860.880/0001-82;;CXJ-01;Fábrica de Estruturas;95052366;Rua das Flores do Campo;914;Fundos;Pio X;Caxias do Sul;RS;;(54) 98725-7941;julio.cardoso@coxilha-forte.example;95007336;Avenida Central;699;Exposição;Caxias do Sul;RS
008783;Wellington Brito;609.443.820-53;04/02/1987;M;Casado;Superior incompleto;Amanda Prado Brito;15791922910;Inspetor de qualidade;3912 05;01/05/2011;30/07/2011;Celetista;5.580,00;95.860.880/0001-82;;CXJ-01;Fábrica de Estruturas;95017956;Rua das Acácias;409;Bloco B;Kayser;Caxias do Sul;RS;;(54) 99350-3533;wellington.brito@coxilha-forte.example;95007336;Avenida Central;699;Exposição;Caxias do Sul;RS
008784;Lúcia Barros Correia;399.202.045-28;16/11/1986;F;Solteira;Médio completo;Amanda Sales Correia;11444446195;Caldeireiro;7244 10;19/03/2024;17/06/2024;Celetista;4.730,00;95.860.880/0001-82;;CXJ-01;Fábrica de Estruturas;95050727;Rua da Liberdade;608;Apto 204;Pio X;Caxias do Sul;RS;;(54) 98230-3207;lucia.correia@coxilha-forte.example;95007336;Avenida Central;699;Exposição;Caxias do Sul;RS
008785;Hugo Neves;968.215.187-26;07/08/1996;M;Casado;Médio incompleto;Beatriz Marques Neves;12350823945;Eletricista de manutenção;9511 05;10/08/2023;08/11/2023;Celetista;3.680,00;95.860.880/0001-82;;CXJ-01;Fábrica de Estruturas;95044201;Rua Nova;598;;Exposição;Caxias do Sul;RS;;(54) 98360-6055;hugo.neves@coxilha-forte.example;95007336;Avenida Central;699;Exposição;Caxias do Sul;RS
008786;Marcelo Coelho Freitas;326.757.867-13;19/03/2005;M;Solteiro;Superior completo;Tatiane Macedo Freitas;16274912969;Assistente administrativo;4110 10;24/04/2024;23/07/2024;Celetista;2.650,00;95.860.880/0001-82;;CXJ-01;Fábrica de Estruturas;95089403;Rua das Andorinhas;2569;;São Pelegrino;Caxias do Sul;RS;(54) 3593-4872;(54) 99158-2026;marcelo.freitas@coxilha-forte.example;95007336;Avenida Central;699;Exposição;Caxias do Sul;RS
008787;Cláudia Siqueira Pacheco;671.303.807-72;17/02/1994;F;União estável;Médio completo;Sabrina Nunes Pacheco;15605738312;Soldador;7243 15;23/03/2025;21/06/2025;Celetista;3.820,00;95.860.880/0001-82;;CXJ-01;Fábrica de Estruturas;95069170;Rua das Andorinhas;1167;;Kayser;Caxias do Sul;RS;;(54) 99218-7980;claudia.pacheco@coxilha-forte.example;95007336;Avenida Central;699;Exposição;Caxias do Sul;RS
008788;Juliana Nascimento;337.063.090-76;23/02/1998;F;Solteira;Médio incompleto;Patrícia Brito Nascimento;13593981838;Caldeireiro;7244 10;25/01/2021;25/04/2021;Celetista;3.170,00;95.860.880/0001-82;;CXJ-01;Fábrica de Estruturas;95045272;Avenida Central;1293;;Pio X;Caxias do Sul;RS;;(54) 99110-7329;juliana.nascimento@coxilha-forte.example;95007336;Avenida Central;699;Exposição;Caxias do Sul;RS
008789;Larissa Guimarães Rodrigues;601.250.756-93;11/12/1978;F;Solteira;Médio completo;Patrícia Figueiredo Rodrigues;17664240535;Prensista;7245 15;10/03/2021;08/06/2021;Celetista;2.610,00;95.860.880/0001-82;;CXJ-01;Fábrica de Estruturas;95082864;Rua da Alvorada;2365;;Kayser;Caxias do Sul;RS;;(54) 99548-4040;larissa.rodrigues@coxilha-forte.example;95007336;Avenida Central;699;Exposição;Caxias do Sul;RS
008790;Tatiane Ferreira Alves;374.400.139-30;26/10/2004;F;Solteira;Médio completo;Adriana Bezerra Alves;13821025213;Operador de máquinas;8621 50;14/05/2023;12/08/2023;Celetista;3.000,00;95.860.880/0001-82;;CXJ-01;Fábrica de Estruturas;95055513;Rua das Gaivotas;2504;;Pio X;Caxias do Sul;RS;;(54) 99612-6781;tatiane.alves@coxilha-forte.example;95007336;Avenida Central;699;Exposição;Caxias do Sul;RS
008791;Sabrina Machado;768.464.719-95;30/05/1986;F;Divorciada;Médio incompleto;Eduarda Magalhães Machado;15673792397;Caldeireiro;7244 10;19/12/2023;18/03/2024;Celetista;3.170,00;95.860.880/0001-82;;CXJ-01;Fábrica de Estruturas;95053236;Avenida Central;195;;Exposição;Caxias do Sul;RS;;(54) 99433-0129;sabrina.machado@coxilha-forte.example;95007336;Avenida Central;699;Exposição;Caxias do Sul;RS
008792;Francisco Rocha Araújo;472.842.531-26;09/07/1994;M;Solteiro;Médio completo;Mônica Fernandes Araújo;14987498165;Eletricista de manutenção;9511 05;01/03/2026;30/05/2026;Celetista;3.680,00;95.860.880/0001-82;;CXJ-01;Fábrica de Estruturas;95097819;Rua das Orquídeas;2244;;Exposição;Caxias do Sul;RS;(54) 3369-1933;(54) 99532-9649;francisco.araujo@coxilha-forte.example;95007336;Avenida Central;699;Exposição;Caxias do Sul;RS
