funcionario_id,empresa_id,carga,matricula,nome_completo,cpf,data_nascimento,sexo,estado_civil,nome_mae,nacionalidade,municipio_naturalidade,uf_naturalidade,nis_pis,escolaridade,tipo_documento,numero_documento,orgao_emissor,uf_emissor,data_emissao_documento,cep_residencial,logradouro_residencial,numero_residencial,complemento_residencial,bairro_residencial,municipio_residencial,uf_residencial,telefone_residencial,telefone_celular,email_pessoal,email_corporativo,cnpj_empregador,cnpj_grupo,codigo_unidade,nome_unidade,cargo,data_admissao,data_efetivacao,tipo_renda,valor_renda,data_referencia_renda,cep_comercial,logradouro_comercial,numero_comercial,complemento_comercial,bairro_comercial,municipio_comercial,uf_comercial
EMP001-0001,EMP001,INICIAL,00001,Bruno Almeida Cardoso,33890838634,1974-11-21,M,Divorciado,Ana Ferraz,Brasileira,Campinas,SP,45821103222,Médio completo,RG,46176955,SSP,SP,2004-02-28,60992979,Rua das Palmeiras,1480,Apto 12,São José,Campinas,SP,(44) 3926-1711,(69) 99785-3045,bruno1@pessoal.example,bruno1@emp001.example,10433218000193,,AUR-01,Fábrica Campinas,Operador de logística,2021-06-18,,CLT,2726.00,2026-09-01,70938969,Avenida Industrial,4338,,Distrito Empresarial,Campinas,SP
EMP001-0002,EMP001,INICIAL,00002,Lucas Teixeira Gomes,10341316482,1985-05-04,M,Casado,Lucas Machado,Brasileira,Campinas,SP,21373225387,Pós-graduação,RG,72691040,SSP,SP,2007-05-01,72043515,Rua Sete de Setembro,1115,Bloco B,Jardim América,Campinas,SP,(98) 3432-1916,(40) 91525-6168,lucas2@pessoal.example,lucas2@emp001.example,10433218000193,,AUR-01,Fábrica Campinas,Sócio-administrador,2025-11-14,2026-02-12,PRO_LABORE,15600.00,2026-09-01,70938969,Avenida Industrial,4338,,Distrito Empresarial,Campinas,SP
EMP001-0003,EMP001,INICIAL,00003,Mariana Vasconcelos Prado,24238849663,1985-04-10,M,Divorciado,Heitor Esteves,Brasileira,Campinas,SP,27650808629,Pós-graduação,RG,92332642,DETRAN,SP,2002-11-06,61642594,Rua Sete de Setembro,2450,Casa 2,São José,Campinas,SP,(43) 3666-1188,(98) 92876-9797,mariana3@pessoal.example,mariana3@emp001.example,10433218000193,,AUR-01,Fábrica Campinas,Analista,2023-03-13,2023-06-11,CLT,5876.00,2026-09-01,70938969,Avenida Industrial,4338,,Distrito Empresarial,Campinas,SP
EMP001-0004,EMP001,INICIAL,00004,Nicolas Ferraz Prado,04828148965,1973-12-03,F,Divorciado,Zeca Ferraz,Brasileira,Campinas,SP,91606834897,Superior completo,CNH,3614124,SSP,SP,2016-04-13,51273847,Avenida Brasil,247,,São José,Campinas,SP,(21) 3187-8962,(19) 99727-3060,nicolas4@pessoal.example,nicolas4@emp001.example,10433218000193,,AUR-01,Fábrica Campinas,Auxiliar administrativo,2018-08-01,2018-10-30,CLT,2574.00,2026-09-01,70938969,Avenida Industrial,4338,,Distrito Empresarial,Campinas,SP
EMP001-0005,EMP001,INICIAL,00005,Tiago Oliveira Gomes,83465787170,1976-02-14,F,Solteiro,Karina Almeida,Brasileira,Campinas,SP,88297746579,Médio completo,RG,10528530,SSP,SP,2010-04-08,19046318,Rua das Palmeiras,1363,,São José,Campinas,SP,(41) 3385-8953,(38) 99834-3167,tiago5@pessoal.example,tiago5@emp001.example,10433218000193,,AUR-01,Fábrica Campinas,Coordenador,2023-11-01,2024-01-30,CLT,13685.00,2026-09-01,70938969,Avenida Industrial,4338,,Distrito Empresarial,Campinas,SP
EMP001-0006,EMP001,INICIAL,00006,Nicolas Gomes Dias,16566701001,1983-01-23,M,Solteiro,Heitor Gomes,Brasileira,Campinas,SP,29106649725,Superior completo,RG,38385696,DETRAN,SP,2011-03-16,20117988,Rua Sete de Setembro,2264,,Centro,Campinas,SP,(94) 3653-1241,(22) 94872-3724,nicolas6@pessoal.example,nicolas6@emp001.example,10433218000193,,AUR-01,Fábrica Campinas,Analista,2022-08-10,2022-11-08,CLT,5148.00,2026-09-01,70938969,Avenida Industrial,4338,,Distrito Empresarial,Campinas,SP
EMP001-0007,EMP001,INICIAL,00007,Mariana Almeida Nogueira,47468723419,1974-10-07,F,Solteiro,Yasmin Lacerda,Brasileira,Campinas,SP,76933533114,Pós-graduação,RG,8634247,SSP,SP,2008-05-02,19196777,Avenida das Flores,288,,Boa Vista,Campinas,SP,(26) 3683-5033,(85) 91651-2343,mariana7@pessoal.example,mariana7@emp001.example,10433218000193,,AUR-01,Fábrica Campinas,Auxiliar administrativo,2015-09-10,2015-12-09,CLT,2704.00,2026-09-01,70938969,Avenida Industrial,4338,,Distrito Empresarial,Campinas,SP
EMP001-0008,EMP001,INICIAL,00008,Vinícius Lacerda Holanda,46247510780,1992-11-12,F,Solteiro,Rafael Gomes,Brasileira,Campinas,SP,58293833828,Superior completo,RG,59812137,DETRAN,SP,2023-09-23,11049999,Avenida das Flores,1236,,Jardim América,Campinas,SP,(44) 3218-2753,(81) 93546-5462,vinícius8@pessoal.example,vinícius8@emp001.example,10433218000193,,AUR-01,Fábrica Campinas,Coordenador,2016-07-31,2016-10-29,CLT,9890.00,2026-09-01,70938969,Avenida Industrial,4338,,Distrito Empresarial,Campinas,SP
EMP001-0009,EMP001,INICIAL,00009,Isabela Rezende Queiroz,40164005200,1993-07-31,M,Casado,Yasmin Prado,Brasileira,Campinas,SP,84851345353,Médio completo,RG,11099059,SSP,SP,2024-06-21,14835614,Rua do Comércio,2395,Bloco B,Jardim América,Campinas,SP,(66) 3230-1685,(50) 96974-1653,isabela9@pessoal.example,isabela9@emp001.example,10433218000193,,AUR-01,Fábrica Campinas,Analista,2026-03-23,,CLT,4472.00,2026-09-01,70938969,Avenida Industrial,4338,,Distrito Empresarial,Campinas,SP
EMP001-0010,EMP001,INICIAL,00010,Lucas Siqueira Oliveira,92322602558,1980-02-05,M,Casado,Isabela Ferraz,Brasileira,Campinas,SP,62003874727,Médio completo,CNH,30854548,SSP,SP,2020-08-24,56930359,Rua do Comércio,942,,Centro,Campinas,SP,(95) 3297-7528,(53) 95564-2137,lucas10@pessoal.example,lucas10@emp001.example,10433218000193,,AUR-01,Fábrica Campinas,Sócio-administrador,2014-04-22,,PRO_LABORE,17800.00,2026-09-01,70938969,Avenida Industrial,4338,,Distrito Empresarial,Campinas,SP
EMP001-0011,EMP001,INICIAL,00011,Karina Almeida Dias,42940196540,1997-09-06,M,União estável,Tiago Rezende,Brasileira,Campinas,SP,91172754729,Médio completo,CNH,6957459,DETRAN,SP,2000-01-28,79782527,Avenida das Flores,817,Apto 12,Boa Vista,Campinas,SP,(19) 3780-6409,(90) 96143-3041,karina11@pessoal.example,karina11@emp001.example,10433218000193,,AUR-01,Fábrica Campinas,Sócio-administrador,2024-01-10,2024-04-09,PRO_LABORE,18000.00,2026-09-01,70938969,Avenida Industrial,4338,,Distrito Empresarial,Campinas,SP
EMP001-0012,EMP001,INICIAL,00012,Karina Nogueira Jardim,82366299451,1983-03-21,F,Divorciado,João Gomes,Brasileira,Campinas,SP,94095394278,Pós-graduação,CNH,63409658,DETRAN,SP,2019-11-01,38682516,Avenida das Flores,1948,,Santa Luzia,Campinas,SP,(21) 3390-9445,(95) 96491-2530,karina12@pessoal.example,karina12@emp001.example,10433218000193,,AUR-01,Fábrica Campinas,Sócio-administrador,2021-02-27,,PRO_LABORE,22600.00,2026-09-01,70938969,Avenida Industrial,4338,,Distrito Empresarial,Campinas,SP
EMP001-0013,EMP001,INICIAL,00013,Elisa Almeida Barbosa,37917693678,1987-03-06,M,Casado,Elisa Vasconcelos,Brasileira,Campinas,SP,26687945993,Superior completo,RG,24607110,DETRAN,SP,2002-04-02,84813739,Avenida Brasil,507,Casa 2,Jardim América,Campinas,SP,(70) 3783-9702,(82) 96198-8251,elisa13@pessoal.example,elisa13@emp001.example,10433218000193,,AUR-01,Fábrica Campinas,Analista,2016-06-19,2016-09-17,CLT,5772.00,2026-09-01,70938969,Avenida Industrial,4338,,Distrito Empresarial,Campinas,SP
EMP001-0014,EMP001,INICIAL,00014,Fábio Queiroz Prado,43487347121,1997-01-03,M,Casado,Isabela Lacerda,Brasileira,Campinas,SP,20909870727,Médio completo,RG,32039390,DETRAN,SP,2006-11-08,38716269,Rua das Palmeiras,1709,Casa 2,Vila Nova,Campinas,SP,(80) 3577-7812,(18) 94388-7883,fábio14@pessoal.example,fábio14@emp001.example,10433218000193,,AUR-01,Fábrica Campinas,Operador de logística,2021-12-31,2022-03-31,CLT,3277.00,2026-09-01,70938969,Avenida Industrial,4338,,Distrito Empresarial,Campinas,SP
EMP001-0015,EMP001,INICIAL,00015,Paulo Almeida Machado,46688937301,1977-03-30,M,União estável,Ana Nogueira,Brasileira,Campinas,SP,85687017337,Médio completo,CNH,80442503,SSP,SP,2003-10-07,96268397,Rua Sete de Setembro,565,Casa 2,Jardim América,Campinas,SP,(17) 3366-7211,(52) 94467-8449,paulo15@pessoal.example,paulo15@emp001.example,10433218000193,,AUR-01,Fábrica Campinas,Operador de logística,2020-07-13,2020-10-11,CLT,3277.00,2026-09-01,70938969,Avenida Industrial,4338,,Distrito Empresarial,Campinas,SP
EMP001-0016,EMP001,INICIAL,00016,Isabela Cardoso Queiroz,08053100376,1973-12-11,F,Casado,Heitor Esteves,Brasileira,Campinas,SP,87800710257,Médio completo,CNH,94880599,DETRAN,SP,2016-07-18,32520277,Avenida das Flores,2497,,Industrial,Campinas,SP,(31) 3418-2771,(85) 91420-6111,isabela16@pessoal.example,isabela16@emp001.example,10433218000193,,AUR-01,Fábrica Campinas,Coordenador,2021-06-15,2021-09-13,CLT,13800.00,2026-09-01,70938969,Avenida Industrial,4338,,Distrito Empresarial,Campinas,SP
EMP001-0017,EMP001,INICIAL,00017,Carla Teixeira Vasconcelos,31491905840,1984-03-20,M,Solteiro,Queila Vasconcelos,Brasileira,Campinas,SP,69483474381,Superior completo,RG,59186525,DETRAN,SP,2020-08-15,30534124,Rua Sete de Setembro,731,Bloco B,Santa Luzia,Campinas,SP,(45) 3730-9817,(72) 98616-8136,carla17@pessoal.example,carla17@emp001.example,10433218000193,,AUR-01,Fábrica Campinas,Gerente,2016-06-12,,CLT,16800.00,2026-09-01,70938969,Avenida Industrial,4338,,Distrito Empresarial,Campinas,SP
EMP001-0018,EMP001,INICIAL,00018,Isabela Prado Holanda,79965075204,1986-11-15,F,Divorciado,Isabela Lacerda,Brasileira,Campinas,SP,48139770637,Pós-graduação,RG,70340535,SSP,SP,2003-11-03,42394260,Rua Sete de Setembro,2011,Bloco B,Industrial,Campinas,SP,(41) 3807-8800,(93) 99041-8342,isabela18@pessoal.example,isabela18@emp001.example,10433218000193,,AUR-01,Fábrica Campinas,Analista,2013-12-10,2014-03-10,CLT,4160.00,2026-09-01,70938969,Avenida Industrial,4338,,Distrito Empresarial,Campinas,SP
EMP001-0019,EMP001,INICIAL,00019,João Xavier Teixeira,57885685527,1996-07-12,M,Divorciado,João Ignácio,Brasileira,Campinas,SP,38867696415,Superior completo,RG,72922443,SSP,SP,2008-08-04,39042654,Rua Sete de Setembro,1142,Bloco B,Industrial,Campinas,SP,(78) 3711-5636,(23) 94180-5853,joão19@pessoal.example,joão19@emp001.example,10433218000193,,AUR-01,Fábrica Campinas,Gerente,2017-06-16,2017-09-14,CLT,13440.00,2026-09-01,70938969,Avenida Industrial,4338,,Distrito Empresarial,Campinas,SP
EMP001-0020,EMP001,INICIAL,00020,Elisa Ignácio Barbosa,08427109490,1986-01-21,M,União estável,Karina Ferraz,Portuguesa,Campinas,SP,78125581388,Médio completo,RG,54782042,DETRAN,SP,2003-04-28,87446468,Rua das Palmeiras,631,,Industrial,Campinas,SP,(83) 3411-2395,(42) 92940-7818,elisa20@pessoal.example,elisa20@emp001.example,10433218000193,,AUR-01,Fábrica Campinas,Sócio-administrador,2023-12-24,2024-03-23,PRO_LABORE,23000.00,2026-09-01,70938969,Avenida Industrial,4338,,Distrito Empresarial,Campinas,SP
EMP001-0021,EMP001,INICIAL,00021,Olívia Prado Jardim,96499091332,1993-01-22,F,Divorciado,Vinícius Cardoso,Brasileira,Campinas,SP,83760967545,Médio completo,RG,1359129,DETRAN,SP,2020-03-17,89699989,Rua Sete de Setembro,1202,,Jardim América,Campinas,SP,(47) 3823-5632,(69) 92166-4824,olívia21@pessoal.example,olívia21@emp001.example,10433218000193,,AUR-01,Fábrica Campinas,Operador de logística,2020-07-13,,CLT,3306.00,2026-09-01,70938969,Avenida Industrial,4338,,Distrito Empresarial,Campinas,SP
EMP001-0022,EMP001,INICIAL,00022,Rafael Holanda Vasconcelos,24210249947,1977-12-12,M,Solteiro,Olívia Jardim,Brasileira,Campinas,SP,48408501992,Pós-graduação,CNH,59755000,SSP,SP,2001-10-15,67985905,Rua do Comércio,2482,Apto 12,Centro,Campinas,SP,(22) 3334-1339,(97) 95415-1659,rafael22@pessoal.example,rafael22@emp001.example,10433218000193,,AUR-01,Fábrica Campinas,Gerente,2014-07-29,2014-10-27,CLT,13440.00,2026-09-01,70938969,Avenida Industrial,4338,,Distrito Empresarial,Campinas,SP
EMP001-0023,EMP001,INICIAL,00023,Sofia Oliveira Vasconcelos,71756551260,1979-10-18,M,União estável,João Xavier,Brasileira,Campinas,SP,16657614256,Superior completo,RG,43213778,DETRAN,SP,2014-07-02,25558733,Rua Sete de Setembro,2117,,Santa Luzia,Campinas,SP,(80) 3573-7770,(17) 94073-9494,sofia23@pessoal.example,sofia23@emp001.example,10433218000193,,AUR-01,Fábrica Campinas,Coordenador,2016-01-26,2016-04-25,CLT,12995.00,2026-09-01,70938969,Avenida Industrial,4338,,Distrito Empresarial,Campinas,SP
EMP001-0024,EMP001,INICIAL,00024,Isabela Siqueira Esteves,47710932452,1989-09-16,F,União estável,Carla Holanda,Argentina,Campinas,SP,26805905871,Superior completo,RG,87934122,SSP,SP,2022-05-10,49172995,Avenida das Flores,1129,Casa 2,Industrial,Campinas,SP,(72) 3583-4993,(69) 93369-7284,isabela24@pessoal.example,isabela24@emp001.example,10433218000193,,AUR-01,Fábrica Campinas,Auxiliar administrativo,2016-07-25,2016-10-23,CLT,2730.00,2026-09-01,70938969,Avenida Industrial,4338,,Distrito Empresarial,Campinas,SP
EMP001-0025,EMP001,INICIAL,00025,Zeca Oliveira Lacerda,84044997217,1985-01-12,M,Divorciado,Karina Siqueira,Brasileira,Campinas,SP,71749646999,Superior completo,RG,94616654,SSP,SP,2025-08-25,61401477,Avenida Brasil,1692,,Vila Nova,Campinas,SP,(71) 3822-7246,(60) 93492-9115,zeca25@pessoal.example,zeca25@emp001.example,10433218000193,,AUR-01,Fábrica Campinas,Auxiliar administrativo,2018-03-13,,CLT,2106.00,2026-09-01,70938969,Avenida Industrial,4338,,Distrito Empresarial,Campinas,SP
EMP001-0026,EMP001,INICIAL,00026,Diego Rezende Prado,02621745962,1996-01-28,M,Solteiro,Karina Xavier,Brasileira,Campinas,SP,97259395218,Pós-graduação,CNH,73613940,SSP,SP,2003-01-26,41510328,Rua do Comércio,941,,Boa Vista,Campinas,SP,(23) 3878-2646,(67) 93725-5906,diego26@pessoal.example,diego26@emp001.example,10433218000193,,AUR-01,Fábrica Campinas,Auxiliar administrativo,2021-11-15,,CLT,2002.00,2026-09-01,70938969,Avenida Industrial,4338,,Distrito Empresarial,Campinas,SP
EMP001-0027,EMP001,INICIAL,00027,Lucas Oliveira Esteves,38692221902,1984-01-24,M,Casado,Paulo Teixeira,Brasileira,Campinas,SP,97879969723,Superior completo,CNH,35269370,SSP,SP,2020-11-13,48605268,Avenida das Flores,657,,Boa Vista,Campinas,SP,(55) 3701-5901,(92) 97951-5097,lucas27@pessoal.example,lucas27@emp001.example,10433218000193,,AUR-01,Fábrica Campinas,Coordenador,2020-01-15,2020-04-14,CLT,10350.00,2026-09-01,70938969,Avenida Industrial,4338,,Distrito Empresarial,Campinas,SP
EMP001-0028,EMP001,INICIAL,00028,Heitor Nogueira Teixeira,59440640995,1983-10-22,F,União estável,João Holanda,Brasileira,Campinas,SP,41577978060,Pós-graduação,RG,84334601,DETRAN,SP,2006-02-18,94322033,Rua das Palmeiras,171,Apto 12,Industrial,Campinas,SP,(67) 3134-6977,(27) 92476-5835,heitor28@pessoal.example,heitor28@emp001.example,10433218000193,,AUR-01,Fábrica Campinas,Gerente,2014-05-23,2014-08-21,CLT,15360.00,2026-09-01,70938969,Avenida Industrial,4338,,Distrito Empresarial,Campinas,SP
EMP001-0029,EMP001,INICIAL,00029,Lucas Rezende Rezende,42474517154,1971-04-26,F,União estável,Rafael Machado,Brasileira,Campinas,SP,11694684834,Superior completo,RG,62040347,DETRAN,SP,2011-10-05,88458327,Rua Sete de Setembro,1531,,Santa Luzia,Campinas,SP,(40) 3582-1410,(90) 96374-4626,lucas29@pessoal.example,lucas29@emp001.example,10433218000193,,AUR-01,Fábrica Campinas,Analista,2024-02-05,2024-05-05,CLT,5564.00,2026-09-01,70938969,Avenida Industrial,4338,,Distrito Empresarial,Campinas,SP
EMP001-0030,EMP001,INICIAL,00030,Úrsula Oliveira Dias,20047113880,1971-02-01,M,União estável,Lucas Xavier,Brasileira,Campinas,SP,68154683949,Pós-graduação,RG,56684858,SSP,SP,2021-12-13,92631441,Rua Sete de Setembro,1155,,Santa Luzia,Campinas,SP,(58) 3322-8264,(67) 94868-6942,úrsula30@pessoal.example,úrsula30@emp001.example,10433218000193,,AUR-01,Fábrica Campinas,Sócio-administrador,2018-10-11,2019-01-09,PRO_LABORE,21800.00,2026-09-01,70938969,Avenida Industrial,4338,,Distrito Empresarial,Campinas,SP
EMP001-0031,EMP001,INICIAL,00031,Isabela Gomes Dias,71390053202,2000-04-20,F,Solteiro,Zeca Siqueira,Brasileira,Campinas,SP,43800084505,Superior completo,RG,80991301,SSP,SP,2012-06-08,29419691,Avenida Brasil,2222,Apto 12,Industrial,Campinas,SP,(33) 3212-1422,(27) 91243-6869,isabela31@pessoal.example,isabela31@emp001.example,10433218000193,,AUR-01,Fábrica Campinas,Auxiliar administrativo,2020-12-05,2021-03-05,CLT,2262.00,2026-09-01,70938969,Avenida Industrial,4338,,Distrito Empresarial,Campinas,SP
EMP001-0032,EMP001,INICIAL,00032,Isabela Barbosa Esteves,68117758903,1969-11-22,M,Casado,Tiago Barbosa,Brasileira,Campinas,SP,81549443894,Superior completo,CNH,87347724,SSP,SP,2002-09-23,74287863,Rua Sete de Setembro,1756,,Boa Vista,Campinas,SP,(67) 3175-2323,(52) 93430-2076,isabela32@pessoal.example,isabela32@emp001.example,10433218000193,,AUR-01,Fábrica Campinas,Auxiliar administrativo,2015-11-28,2016-02-26,CLT,2756.00,2026-09-01,70938969,Avenida Industrial,4338,,Distrito Empresarial,Campinas,SP
EMP001-0033,EMP001,INICIAL,00033,Queila Jardim Prado,89611836724,2004-11-02,F,União estável,Karina Prado,Brasileira,Campinas,SP,26018563769,Superior completo,CNH,42946203,DETRAN,SP,2016-10-15,30486849,Rua Sete de Setembro,284,,Industrial,Campinas,SP,(21) 3195-8075,(23) 97105-3131,queila33@pessoal.example,queila33@emp001.example,10433218000193,,AUR-01,Fábrica Campinas,Gerente,2025-05-25,2025-08-23,CLT,16640.00,2026-09-01,70938969,Avenida Industrial,4338,,Distrito Empresarial,Campinas,SP
EMP001-0034,EMP001,INICIAL,00034,Nicolas Machado Xavier,60494519827,1974-07-18,F,União estável,Heitor Dias,Brasileira,Campinas,SP,59633782273,Médio completo,CNH,78054398,SSP,SP,2019-04-01,85291541,Avenida das Flores,2290,,São José,Campinas,SP,(95) 3949-5381,(14) 93955-5477,nicolas34@pessoal.example,nicolas34@emp001.example,10433218000193,,AUR-01,Fábrica Campinas,Sócio-administrador,2014-09-28,2014-12-27,PRO_LABORE,18000.00,2026-09-01,70938969,Avenida Industrial,4338,,Distrito Empresarial,Campinas,SP
EMP001-0035,EMP001,INICIAL,00035,Fábio Esteves Teixeira,61201836638,1985-05-08,M,Casado,Lucas Jardim,Brasileira,Campinas,SP,94042174382,Médio completo,RG,21881581,SSP,SP,2002-03-26,20949687,Rua do Comércio,1824,Casa 2,Boa Vista,Campinas,SP,(88) 3552-7785,(45) 94531-9394,fábio35@pessoal.example,fábio35@emp001.example,10433218000193,,AUR-01,Fábrica Campinas,Coordenador,2012-02-20,2012-05-20,CLT,11040.00,2026-09-01,70938969,Avenida Industrial,4338,,Distrito Empresarial,Campinas,SP
EMP001-0036,EMP001,INCLUSAO,00036,Paulo Rezende Xavier,40369003403,1974-06-23,F,Divorciado,João Lacerda,Brasileira,Campinas,SP,33324485690,Médio completo,CNH,72481992,SSP,SP,2022-06-10,84990607,Rua do Comércio,305,Casa 2,Industrial,Campinas,SP,(16) 3546-1307,(69) 92275-6129,paulo36@pessoal.example,paulo36@emp001.example,10433218000193,,AUR-01,Fábrica Campinas,Sócio-administrador,2025-04-20,2025-07-19,PRO_LABORE,20800.00,2026-09-01,70938969,Avenida Industrial,4338,,Distrito Empresarial,Campinas,SP
EMP001-0037,EMP001,INCLUSAO,00037,Mariana Almeida Lacerda,29751613604,1991-06-02,M,Solteiro,Mariana Jardim,Brasileira,Campinas,SP,53901317710,Médio completo,RG,69515906,SSP,SP,2023-10-20,78444607,Avenida Brasil,1441,Apto 12,Santa Luzia,Campinas,SP,(93) 3934-3419,(41) 92684-3399,mariana37@pessoal.example,mariana37@emp001.example,10433218000193,,AUR-01,Fábrica Campinas,Coordenador,2014-08-01,2014-10-30,CLT,9660.00,2026-09-01,70938969,Avenida Industrial,4338,,Distrito Empresarial,Campinas,SP
EMP001-0038,EMP001,INCLUSAO,00038,Fábio Vasconcelos Queiroz,79979955287,1984-09-23,F,União estável,Olívia Vasconcelos,Brasileira,Campinas,SP,88489125735,Médio completo,CNH,69093604,SSP,SP,2013-12-03,71974027,Rua Sete de Setembro,164,,Vila Nova,Campinas,SP,(47) 3178-2479,(89) 99307-7299,fábio38@pessoal.example,fábio38@emp001.example,10433218000193,,AUR-01,Fábrica Campinas,Sócio-administrador,2013-09-09,2013-12-08,PRO_LABORE,20600.00,2026-09-01,70938969,Avenida Industrial,4338,,Distrito Empresarial,Campinas,SP
EMP001-0039,EMP001,INCLUSAO,00039,Úrsula Gomes Lacerda,97820715103,1987-08-20,F,Solteiro,Heitor Prado,Argentina,Campinas,SP,80970334045,Pós-graduação,RG,49841557,DETRAN,SP,2012-09-08,61998170,Rua Sete de Setembro,1395,Bloco B,Centro,Campinas,SP,(91) 3762-6482,(19) 96401-2548,úrsula39@pessoal.example,úrsula39@emp001.example,10433218000193,,AUR-01,Fábrica Campinas,Gerente,2024-10-27,2025-01-25,CLT,15040.00,2026-09-01,70938969,Avenida Industrial,4338,,Distrito Empresarial,Campinas,SP
EMP001-0040,EMP001,INCLUSAO,00040,Elisa Lacerda Cardoso,92546291467,1990-01-27,M,Divorciado,Elisa Xavier,Brasileira,Campinas,SP,82638410999,Médio completo,CNH,69248169,DETRAN,SP,2000-10-25,58667035,Rua do Comércio,748,,Vila Nova,Campinas,SP,(73) 3296-4711,(28) 93538-2264,elisa40@pessoal.example,elisa40@emp001.example,10433218000193,,AUR-01,Fábrica Campinas,Sócio-administrador,2025-07-08,2025-10-06,PRO_LABORE,22800.00,2026-09-01,70938969,Avenida Industrial,4338,,Distrito Empresarial,Campinas,SP
EMP002-0001,EMP002,INICIAL,00001,Fábio Uchoa Ferraz,70653794770,1975-07-01,F,Divorciado,Paulo Gomes,Brasileira,Campinas,SP,91377304419,Superior completo,CNH,38818761,DETRAN,SP,2022-07-23,80794454,Rua Sete de Setembro,673,,Industrial,Campinas,SP,(88) 3241-5096,(17) 98873-7081,fábio1@pessoal.example,fábio1@emp002.example,88805929000139,,HOR-02,CD Campinas,Motorista,2015-08-22,2015-11-20,CLT,2640.00,2026-09-01,31360673,Avenida Central,4889,,Distrito Empresarial,Campinas,SP
EMP002-0002,EMP002,INICIAL,00002,Zeca Ferraz Ignácio,78261375005,1983-08-12,F,União estável,Queila Machado,Brasileira,Contagem,MG,22861388451,Superior completo,RG,4783268,DETRAN,MG,2004-06-11,97236246,Rua do Comércio,608,,Centro,Contagem,MG,(47) 3949-8740,(28) 98685-8349,zeca2@pessoal.example,zeca2@emp002.example,88805929000139,,HOR-01,CD Contagem,Assistente administrativo,2013-11-18,2014-02-16,CLT,4080.00,2026-09-01,35934379,Avenida Central,2432,,Distrito Empresarial,Contagem,MG
EMP002-0003,EMP002,INICIAL,00003,Elisa Siqueira Uchoa,86143410321,1983-11-01,M,Solteiro,Diego Queiroz,Brasileira,Contagem,MG,95969935204,Pós-graduação,RG,97441387,SSP,MG,2013-01-24,67611469,Rua das Palmeiras,1455,,São José,Contagem,MG,(64) 3291-2402,(78) 96908-2108,elisa3@pessoal.example,elisa3@emp002.example,88805929000139,,HOR-01,CD Contagem,Assistente administrativo,2016-11-01,,CLT,3468.00,2026-09-01,35934379,Avenida Central,2432,,Distrito Empresarial,Contagem,MG
EMP002-0004,EMP002,INICIAL,00004,Bruno Vasconcelos Nogueira,54051531929,1997-12-24,M,Casado,Bruno Machado,Brasileira,Contagem,MG,99393339898,Médio completo,CNH,94333565,DETRAN,MG,2008-03-05,28099607,Rua das Palmeiras,1884,,Vila Nova,Contagem,MG,(36) 3144-4268,(16) 96170-6080,bruno4@pessoal.example,bruno4@emp002.example,88805929000139,,HOR-01,CD Contagem,Analista,2022-07-18,2022-10-16,CLT,6448.00,2026-09-01,35934379,Avenida Central,2432,,Distrito Empresarial,Contagem,MG
EMP002-0005,EMP002,INICIAL,00005,Zeca Vasconcelos Gomes,45054156607,1978-05-06,M,União estável,Karina Ferraz,Brasileira,Campinas,SP,59381486947,Pós-graduação,CNH,12087928,DETRAN,SP,2003-07-17,67795113,Avenida das Flores,749,Bloco B,Vila Nova,Campinas,SP,(52) 3205-2311,(52) 95843-6021,zeca5@pessoal.example,zeca5@emp002.example,88805929000139,,HOR-02,CD Campinas,Assistente administrativo,2012-10-26,2013-01-24,CLT,3774.00,2026-09-01,31360673,Avenida Central,4889,,Distrito Empresarial,Campinas,SP
EMP002-0006,EMP002,INICIAL,00006,Olívia Barbosa Machado,96401658240,1966-05-26,F,União estável,Bruno Esteves,Brasileira,Contagem,MG,99243043984,Superior completo,CNH,52385847,SSP,MG,2006-11-18,70387584,Rua do Comércio,1533,Casa 2,Industrial,Contagem,MG,(20) 3687-3255,(78) 97012-7521,olívia6@pessoal.example,olívia6@emp002.example,88805929000139,,HOR-01,CD Contagem,Analista,2019-11-19,2020-02-17,CLT,4628.00,2026-09-01,35934379,Avenida Central,2432,,Distrito Empresarial,Contagem,MG
EMP002-0007,EMP002,INICIAL,00007,Paulo Rezende Nogueira,81447394771,1973-12-24,F,Casado,Carla Prado,Brasileira,Contagem,MG,73193442499,Médio completo,CNH,90635939,DETRAN,MG,2002-11-29,83819367,Avenida das Flores,1199,Apto 12,Industrial,Contagem,MG,(31) 3828-3852,(57) 99335-4673,paulo7@pessoal.example,paulo7@emp002.example,88805929000139,,HOR-01,CD Contagem,Operador de logística,2016-03-04,2016-06-02,CLT,2465.00,2026-09-01,35934379,Avenida Central,2432,,Distrito Empresarial,Contagem,MG
EMP002-0008,EMP002,INICIAL,00008,Ana Machado Siqueira,95782911409,1982-11-11,M,União estável,Zeca Oliveira,Brasileira,Contagem,MG,27496626086,Superior completo,RG,61394554,DETRAN,MG,2023-03-17,56239991,Avenida Brasil,2268,Bloco B,Jardim América,Contagem,MG,(27) 3543-9238,(18) 93034-9488,ana8@pessoal.example,ana8@emp002.example,88805929000139,,HOR-01,CD Contagem,Motorista,2023-01-30,2023-04-30,CLT,2739.00,2026-09-01,35934379,Avenida Central,2432,,Distrito Empresarial,Contagem,MG
EMP002-0009,EMP002,INICIAL,00009,Queila Jardim Cardoso,43842498101,1987-07-19,F,Casado,Fábio Xavier,Brasileira,Campinas,SP,95478442954,Superior completo,RG,4808225,SSP,SP,2002-01-14,96094462,Avenida das Flores,1094,,Industrial,Campinas,SP,(84) 3526-1496,(74) 99938-5745,queila9@pessoal.example,queila9@emp002.example,88805929000139,,HOR-02,CD Campinas,Motorista,2019-10-05,2020-01-03,CLT,2970.00,2026-09-01,31360673,Avenida Central,4889,,Distrito Empresarial,Campinas,SP
EMP002-0010,EMP002,INICIAL,00010,Olívia Cardoso Barbosa,27677359299,1979-01-09,M,Divorciado,Mariana Esteves,Brasileira,Contagem,MG,85226266859,Médio completo,CNH,33445506,DETRAN,MG,2005-06-30,45899440,Rua Sete de Setembro,1025,,Centro,Contagem,MG,(17) 3397-7293,(89) 97850-5067,olívia10@pessoal.example,olívia10@emp002.example,88805929000139,,HOR-01,CD Contagem,Analista,2018-09-02,,CLT,6240.00,2026-09-01,35934379,Avenida Central,2432,,Distrito Empresarial,Contagem,MG
EMP002-0011,EMP002,INICIAL,00011,Gabriela Ferraz Queiroz,87747016816,1985-07-06,F,Casado,Sofia Machado,Brasileira,Campinas,SP,75632925700,Pós-graduação,CNH,39352498,SSP,SP,2004-10-27,67838146,Avenida Brasil,1093,Apto 12,Industrial,Campinas,SP,(62) 3474-1741,(62) 91838-4189,gabriela11@pessoal.example,gabriela11@emp002.example,88805929000139,,HOR-02,CD Campinas,Gerente,2019-01-05,2019-04-05,CLT,14240.00,2026-09-01,31360673,Avenida Central,4889,,Distrito Empresarial,Campinas,SP
EMP002-0012,EMP002,INICIAL,00012,Zeca Siqueira Ignácio,99121655863,1981-05-27,F,Casado,Tiago Rezende,Brasileira,Campinas,SP,14467860818,Médio completo,RG,96776676,DETRAN,SP,2021-04-01,79703656,Rua Sete de Setembro,620,Bloco B,São José,Campinas,SP,(28) 3435-6218,(31) 97438-5902,zeca12@pessoal.example,zeca12@emp002.example,88805929000139,,HOR-02,CD Campinas,Gerente,2022-02-06,2022-05-07,CLT,16000.00,2026-09-01,31360673,Avenida Central,4889,,Distrito Empresarial,Campinas,SP
EMP002-0013,EMP002,INICIAL,00013,Paulo Almeida Machado,51694097455,1994-05-30,F,Solteiro,Sofia Queiroz,Brasileira,Campinas,SP,65152392860,Médio completo,RG,5237322,SSP,SP,2008-07-22,12541730,Rua Sete de Setembro,1294,Casa 2,Jardim América,Campinas,SP,(63) 3807-4340,(63) 99221-8726,paulo13@pessoal.example,paulo13@emp002.example,88805929000139,,HOR-02,CD Campinas,Gerente,2018-09-21,,CLT,17920.00,2026-09-01,31360673,Avenida Central,4889,,Distrito Empresarial,Campinas,SP
EMP002-0014,EMP002,INICIAL,00014,Gabriela Siqueira Lacerda,78652785864,1980-11-22,M,União estável,Gabriela Holanda,Brasileira,Contagem,MG,41346815220,Superior completo,CNH,95610202,SSP,MG,2021-12-07,52552488,Rua Sete de Setembro,1438,Bloco B,Industrial,Contagem,MG,(46) 3394-2996,(84) 99899-7220,gabriela14@pessoal.example,gabriela14@emp002.example,88805929000139,,HOR-01,CD Contagem,Motorista,2023-08-20,,CLT,3135.00,2026-09-01,35934379,Avenida Central,2432,,Distrito Empresarial,Contagem,MG
EMP002-0015,EMP002,INICIAL,00015,Bruno Jardim Cardoso,57473384805,1996-03-25,M,Casado,Diego Uchoa,Brasileira,Campinas,SP,41092479742,Médio completo,RG,86623471,SSP,SP,2002-05-10,23448342,Rua Sete de Setembro,1362,Casa 2,Centro,Campinas,SP,(98) 3889-3252,(11) 93587-7666,bruno15@pessoal.example,bruno15@emp002.example,88805929000139,,HOR-02,CD Campinas,Motorista,2018-07-07,2018-10-05,CLT,3927.00,2026-09-01,31360673,Avenida Central,4889,,Distrito Empresarial,Campinas,SP
EMP002-0016,EMP002,INICIAL,00016,Zeca Jardim Lacerda,40193802600,1984-07-28,F,Solteiro,Mariana Queiroz,Brasileira,Campinas,SP,10160916026,Superior completo,RG,45968591,DETRAN,SP,2020-05-19,96075494,Avenida das Flores,2157,Casa 2,Jardim América,Campinas,SP,(75) 3579-5470,(35) 92845-6417,zeca16@pessoal.example,zeca16@emp002.example,88805929000139,,HOR-02,CD Campinas,Analista,2016-06-21,2016-09-19,CLT,5096.00,2026-09-01,31360673,Avenida Central,4889,,Distrito Empresarial,Campinas,SP
EMP002-0017,EMP002,INICIAL,00017,Yasmin Lacerda Jardim,93296685189,1982-12-25,F,Casado,Elisa Queiroz,Brasileira,Campinas,SP,11065354117,Superior completo,CNH,32611127,DETRAN,SP,2011-12-23,54241559,Rua do Comércio,2395,Bloco B,Centro,Campinas,SP,(44) 3769-6890,(99) 94871-2017,yasmin17@pessoal.example,yasmin17@emp002.example,88805929000139,,HOR-02,CD Campinas,Motorista,2012-04-25,2012-07-24,CLT,3234.00,2026-09-01,31360673,Avenida Central,4889,,Distrito Empresarial,Campinas,SP
EMP002-0018,EMP002,INICIAL,00018,Wesley Jardim Dias,45933272701,1998-07-17,M,União estável,Wesley Siqueira,Brasileira,Contagem,MG,86267239754,Pós-graduação,RG,34214247,SSP,MG,2023-07-28,69961498,Avenida das Flores,1491,,São José,Contagem,MG,(25) 3163-9972,(75) 94312-9792,wesley18@pessoal.example,wesley18@emp002.example,88805929000139,,HOR-01,CD Contagem,Analista,2023-04-09,2023-07-08,CLT,4732.00,2026-09-01,35934379,Avenida Central,2432,,Distrito Empresarial,Contagem,MG
EMP002-0019,EMP002,INICIAL,00019,Wesley Teixeira Queiroz,18707286708,1990-04-19,F,União estável,Vinícius Jardim,Brasileira,Campinas,SP,46060325128,Médio completo,RG,78619624,SSP,SP,2002-01-12,66867700,Rua do Comércio,271,Bloco B,Centro,Campinas,SP,(19) 3583-1519,(47) 97698-3948,wesley19@pessoal.example,wesley19@emp002.example,88805929000139,,HOR-02,CD Campinas,Operador de logística,2016-08-09,2016-11-07,CLT,3277.00,2026-09-01,31360673,Avenida Central,4889,,Distrito Empresarial,Campinas,SP
EMP002-0020,EMP002,INICIAL,00020,Olívia Nogueira Nogueira,18251286859,1970-09-18,F,Solteiro,Zeca Almeida,Portuguesa,Campinas,SP,86102929131,Superior completo,CNH,31824989,SSP,SP,2020-08-29,56460773,Avenida Brasil,1139,,Santa Luzia,Campinas,SP,(25) 3132-7868,(89) 91256-4943,olívia20@pessoal.example,olívia20@emp002.example,88805929000139,,HOR-02,CD Campinas,Assistente administrativo,2020-07-30,2020-10-28,CLT,2720.00,2026-09-01,31360673,Avenida Central,4889,,Distrito Empresarial,Campinas,SP
EMP002-0021,EMP002,INICIAL,00021,Vinícius Barbosa Holanda,06738302843,1977-12-23,F,Divorciado,Sofia Uchoa,Brasileira,Contagem,MG,56464598993,Médio completo,CNH,20228089,SSP,MG,2018-07-20,50332555,Rua do Comércio,259,Bloco B,São José,Contagem,MG,(33) 3741-7999,(82) 99120-1768,vinícius21@pessoal.example,vinícius21@emp002.example,88805929000139,,HOR-01,CD Contagem,Analista,2025-05-29,,CLT,6344.00,2026-09-01,35934379,Avenida Central,2432,,Distrito Empresarial,Contagem,MG
EMP002-0022,EMP002,INICIAL,00022,Wesley Oliveira Oliveira,24628733414,1983-06-20,F,União estável,Bruno Siqueira,Brasileira,Campinas,SP,84803331693,Pós-graduação,RG,53132722,SSP,SP,2011-06-09,37291394,Rua do Comércio,333,Casa 2,Industrial,Campinas,SP,(58) 3194-9775,(35) 91844-5398,wesley22@pessoal.example,wesley22@emp002.example,88805929000139,,HOR-02,CD Campinas,Gerente,2019-02-24,2019-05-25,CLT,16800.00,2026-09-01,31360673,Avenida Central,4889,,Distrito Empresarial,Campinas,SP
EMP002-0023,EMP002,INICIAL,00023,Zeca Teixeira Xavier,83735403344,1978-04-06,F,União estável,Heitor Uchoa,Brasileira,Contagem,MG,84042362668,Superior completo,CNH,52091554,DETRAN,MG,2023-12-09,97069904,Rua do Comércio,1273,Apto 12,Vila Nova,Contagem,MG,(76) 3609-8635,(23) 98692-6246,zeca23@pessoal.example,zeca23@emp002.example,88805929000139,,HOR-01,CD Contagem,Operador de logística,2016-03-21,,CLT,2726.00,2026-09-01,35934379,Avenida Central,2432,,Distrito Empresarial,Contagem,MG
EMP002-0024,EMP002,INICIAL,00024,Heitor Esteves Almeida,48996423505,1975-04-27,M,Casado,Paulo Siqueira,Brasileira,Campinas,SP,55891066772,Superior completo,CNH,98114303,DETRAN,SP,2020-09-02,32579937,Rua do Comércio,703,,Santa Luzia,Campinas,SP,(80) 3600-4015,(80) 91962-9584,heitor24@pessoal.example,heitor24@emp002.example,88805929000139,,HOR-02,CD Campinas,Operador de logística,2024-08-13,2024-11-11,CLT,3393.00,2026-09-01,31360673,Avenida Central,4889,,Distrito Empresarial,Campinas,SP
EMP002-0025,EMP002,INICIAL,00025,Elisa Vasconcelos Holanda,12038750963,1993-08-10,M,União estável,Ana Almeida,Brasileira,Contagem,MG,11766685440,Médio completo,CNH,72905550,DETRAN,MG,2000-10-07,77406294,Rua Sete de Setembro,744,,Centro,Contagem,MG,(78) 3252-4948,(35) 99625-5135,elisa25@pessoal.example,elisa25@emp002.example,88805929000139,,HOR-01,CD Contagem,Operador de logística,2021-04-01,,CLT,2552.00,2026-09-01,35934379,Avenida Central,2432,,Distrito Empresarial,Contagem,MG
EMP002-0026,EMP002,INICIAL,00026,Mariana Prado Teixeira,33410166602,1989-10-17,M,Solteiro,Úrsula Almeida,Brasileira,Campinas,SP,74779643628,Superior completo,CNH,76947990,SSP,SP,2023-09-10,15711200,Avenida Brasil,875,Bloco B,Boa Vista,Campinas,SP,(45) 3147-2218,(98) 95593-9897,mariana26@pessoal.example,mariana26@emp002.example,88805929000139,,HOR-02,CD Campinas,Operador de logística,2020-05-14,2020-08-12,CLT,2233.00,2026-09-01,31360673,Avenida Central,4889,,Distrito Empresarial,Campinas,SP
EMP002-0027,EMP002,INICIAL,00027,Sofia Esteves Nogueira,14293968571,1982-03-21,F,Solteiro,Queila Machado,Brasileira,Campinas,SP,41942050827,Médio completo,CNH,82224373,DETRAN,SP,2014-08-22,13976288,Rua do Comércio,1855,Casa 2,Jardim América,Campinas,SP,(56) 3666-7150,(66) 94043-7227,sofia27@pessoal.example,sofia27@emp002.example,88805929000139,,HOR-02,CD Campinas,Operador de logística,2016-08-24,2016-11-22,CLT,3074.00,2026-09-01,31360673,Avenida Central,4889,,Distrito Empresarial,Campinas,SP
EMP002-0028,EMP002,INICIAL,00028,Isabela Esteves Nogueira,26551104711,1981-02-22,M,Solteiro,Elisa Cardoso,Brasileira,Contagem,MG,84942212945,Pós-graduação,CNH,14863742,SSP,MG,2004-01-08,57501571,Avenida das Flores,391,Bloco B,São José,Contagem,MG,(52) 3984-7311,(12) 95781-7779,isabela28@pessoal.example,isabela28@emp002.example,88805929000139,,HOR-01,CD Contagem,Operador de logística,2013-11-03,2014-02-01,CLT,2291.00,2026-09-01,35934379,Avenida Central,2432,,Distrito Empresarial,Contagem,MG
EMP002-0029,EMP002,INICIAL,00029,Fábio Xavier Nogueira,22444721241,1984-07-01,M,União estável,João Queiroz,Brasileira,Contagem,MG,45910758077,Médio completo,CNH,80699345,SSP,MG,2020-07-15,24357588,Avenida Brasil,1257,,Boa Vista,Contagem,MG,(53) 3961-7224,(53) 98212-6484,fábio29@pessoal.example,fábio29@emp002.example,88805929000139,,HOR-01,CD Contagem,Gerente,2023-09-08,2023-12-07,CLT,18560.00,2026-09-01,35934379,Avenida Central,2432,,Distrito Empresarial,Contagem,MG
EMP002-0030,EMP002,INICIAL,00030,Tiago Gomes Queiroz,52654793508,1981-11-14,M,União estável,Lucas Dias,Brasileira,Contagem,MG,88167545991,Pós-graduação,RG,92497920,SSP,MG,2020-09-15,38138531,Rua Sete de Setembro,1203,,Industrial,Contagem,MG,(63) 3789-9180,(28) 95961-4965,tiago30@pessoal.example,tiago30@emp002.example,88805929000139,,HOR-01,CD Contagem,Assistente administrativo,2019-03-11,2019-06-09,CLT,2822.00,2026-09-01,35934379,Avenida Central,2432,,Distrito Empresarial,Contagem,MG
EMP002-0031,EMP002,INICIAL,00031,Olívia Uchoa Queiroz,96886805835,1991-08-22,F,Solteiro,Zeca Holanda,Brasileira,Campinas,SP,32999587757,Pós-graduação,RG,76594147,DETRAN,SP,2014-11-15,67774765,Rua das Palmeiras,53,,Vila Nova,Campinas,SP,(39) 3622-9499,(82) 94621-8303,olívia31@pessoal.example,olívia31@emp002.example,88805929000139,,HOR-02,CD Campinas,Analista,2013-08-28,2013-11-26,CLT,5096.00,2026-09-01,31360673,Avenida Central,4889,,Distrito Empresarial,Campinas,SP
EMP002-0032,EMP002,INICIAL,00032,Paulo Dias Jardim,61125457309,1988-05-17,M,Divorciado,Paulo Dias,Brasileira,Contagem,MG,73122117599,Superior completo,RG,41300763,SSP,MG,2005-02-28,13031322,Rua do Comércio,457,,Santa Luzia,Contagem,MG,(42) 3628-3858,(81) 93623-6422,paulo32@pessoal.example,paulo32@emp002.example,88805929000139,,HOR-01,CD Contagem,Assistente administrativo,2012-07-20,2012-10-18,CLT,4182.00,2026-09-01,35934379,Avenida Central,2432,,Distrito Empresarial,Contagem,MG
EMP002-0033,EMP002,INICIAL,00033,Fábio Ferraz Vasconcelos,66093796612,1965-03-14,F,Casado,Isabela Cardoso,Brasileira,Contagem,MG,33780757226,Superior completo,CNH,27450861,DETRAN,MG,2005-02-10,45212476,Rua Sete de Setembro,2171,Apto 12,São José,Contagem,MG,(60) 3725-7431,(86) 92871-6700,fábio33@pessoal.example,fábio33@emp002.example,88805929000139,,HOR-01,CD Contagem,Analista,2026-02-14,2026-05-15,CLT,5096.00,2026-09-01,35934379,Avenida Central,2432,,Distrito Empresarial,Contagem,MG
EMP002-0034,EMP002,INICIAL,00034,Sofia Cardoso Xavier,25134125244,1987-12-01,M,União estável,Tiago Esteves,Brasileira,Contagem,MG,33291774219,Superior completo,RG,75479105,SSP,MG,2021-12-18,48766747,Avenida Brasil,776,Apto 12,Industrial,Contagem,MG,(68) 3734-1878,(56) 91157-8939,sofia34@pessoal.example,sofia34@emp002.example,88805929000139,,HOR-01,CD Contagem,Assistente administrativo,2025-10-12,2026-01-10,CLT,3944.00,2026-09-01,35934379,Avenida Central,2432,,Distrito Empresarial,Contagem,MG
EMP002-0035,EMP002,INICIAL,00035,Nicolas Prado Queiroz,21903404380,1989-02-12,M,Casado,Zeca Prado,Brasileira,Campinas,SP,85141798644,Pós-graduação,RG,77868379,SSP,SP,2012-01-07,82894477,Rua do Comércio,2230,,Industrial,Campinas,SP,(67) 3659-4580,(65) 92677-5055,nicolas35@pessoal.example,nicolas35@emp002.example,88805929000139,,HOR-02,CD Campinas,Analista,2023-01-11,2023-04-11,CLT,6500.00,2026-09-01,31360673,Avenida Central,4889,,Distrito Empresarial,Campinas,SP
EMP002-0036,EMP002,INICIAL,00036,Carla Prado Dias,33959629206,2000-03-16,F,Casado,Bruno Teixeira,Brasileira,Campinas,SP,92811629593,Pós-graduação,RG,44440052,DETRAN,SP,2012-12-23,86871268,Rua do Comércio,2117,,Jardim América,Campinas,SP,(63) 3160-5543,(94) 93078-3174,carla36@pessoal.example,carla36@emp002.example,88805929000139,,HOR-02,CD Campinas,Assistente administrativo,2019-10-26,2020-01-24,CLT,3774.00,2026-09-01,31360673,Avenida Central,4889,,Distrito Empresarial,Campinas,SP
EMP002-0037,EMP002,INICIAL,00037,Elisa Teixeira Vasconcelos,46671168466,1996-03-01,M,União estável,Paulo Lacerda,Brasileira,Contagem,MG,74304895863,Pós-graduação,CNH,9500100,DETRAN,MG,2009-10-08,67665720,Avenida Brasil,2036,Apto 12,Vila Nova,Contagem,MG,(47) 3445-9967,(84) 93139-8951,elisa37@pessoal.example,elisa37@emp002.example,88805929000139,,HOR-01,CD Contagem,Analista,2022-12-23,2023-03-23,CLT,6240.00,2026-09-01,35934379,Avenida Central,2432,,Distrito Empresarial,Contagem,MG
EMP002-0038,EMP002,INICIAL,00038,Úrsula Prado Almeida,12770632493,1972-02-18,M,Solteiro,Úrsula Machado,Brasileira,Contagem,MG,99781138522,Médio completo,RG,54196064,DETRAN,MG,2010-07-03,67610401,Rua das Palmeiras,399,,Jardim América,Contagem,MG,(72) 3179-3174,(86) 94705-9510,úrsula38@pessoal.example,úrsula38@emp002.example,88805929000139,,HOR-01,CD Contagem,Operador de logística,2014-03-26,2014-06-24,CLT,2175.00,2026-09-01,35934379,Avenida Central,2432,,Distrito Empresarial,Contagem,MG
EMP002-0039,EMP002,INICIAL,00039,Wesley Esteves Queiroz,13611155489,1971-02-25,M,Casado,Úrsula Xavier,Brasileira,Campinas,SP,89587927037,Médio completo,RG,60069144,DETRAN,SP,2009-07-22,94299475,Avenida Brasil,1696,Bloco B,Santa Luzia,Campinas,SP,(67) 3980-4559,(22) 92646-3293,wesley39@pessoal.example,wesley39@emp002.example,88805929000139,,HOR-02,CD Campinas,Operador de logística,2021-06-21,2021-09-19,CLT,3016.00,2026-09-01,31360673,Avenida Central,4889,,Distrito Empresarial,Campinas,SP
EMP002-0040,EMP002,INICIAL,00040,Karina Esteves Holanda,41389994007,2003-01-13,M,Casado,Queila Uchoa,Brasileira,Campinas,SP,64751571538,Superior completo,RG,33123815,DETRAN,SP,2017-04-23,25132198,Avenida Brasil,2056,Bloco B,Centro,Campinas,SP,(78) 3112-6916,(51) 93162-7337,karina40@pessoal.example,karina40@emp002.example,88805929000139,,HOR-02,CD Campinas,Assistente administrativo,2021-08-18,,CLT,3502.00,2026-09-01,31360673,Avenida Central,4889,,Distrito Empresarial,Campinas,SP
EMP002-0041,EMP002,INICIAL,00041,Zeca Queiroz Cardoso,09104300637,1987-09-23,M,União estável,Nicolas Nogueira,Brasileira,Campinas,SP,85318972382,Pós-graduação,RG,38241089,SSP,SP,2013-11-25,20606094,Avenida das Flores,842,,São José,Campinas,SP,(52) 3500-2083,(50) 98167-4909,zeca41@pessoal.example,zeca41@emp002.example,88805929000139,,HOR-02,CD Campinas,Gerente,2015-11-16,2016-02-14,CLT,12640.00,2026-09-01,31360673,Avenida Central,4889,,Distrito Empresarial,Campinas,SP
EMP002-0042,EMP002,INICIAL,00042,Tiago Uchoa Barbosa,42102027546,1988-06-17,M,Casado,Lucas Esteves,Brasileira,Campinas,SP,48111220766,Pós-graduação,RG,4940129,DETRAN,SP,2019-04-05,46504617,Avenida das Flores,271,Apto 12,Santa Luzia,Campinas,SP,(84) 3742-2262,(74) 98457-9368,tiago42@pessoal.example,tiago42@emp002.example,88805929000139,,HOR-02,CD Campinas,Operador de logística,2022-03-03,2022-06-01,CLT,2900.00,2026-09-01,31360673,Avenida Central,4889,,Distrito Empresarial,Campinas,SP
EMP002-0043,EMP002,INICIAL,00043,Isabela Dias Teixeira,13800030756,1981-04-30,M,Casado,Fábio Barbosa,Brasileira,Contagem,MG,99080481427,Superior completo,RG,44191535,SSP,MG,2018-09-02,52940967,Rua do Comércio,329,Bloco B,Vila Nova,Contagem,MG,(26) 3614-1862,(33) 94656-9450,isabela43@pessoal.example,isabela43@emp002.example,88805929000139,,HOR-01,CD Contagem,Assistente administrativo,2015-07-12,,CLT,4182.00,2026-09-01,35934379,Avenida Central,2432,,Distrito Empresarial,Contagem,MG
EMP002-0044,EMP002,INICIAL,00044,Zeca Jardim Lacerda,18705349486,1998-03-06,F,União estável,Lucas Teixeira,Portuguesa,Contagem,MG,39102208598,Pós-graduação,RG,21208677,SSP,MG,2018-05-24,13209180,Avenida Brasil,2228,Apto 12,Santa Luzia,Contagem,MG,(99) 3998-1157,(53) 91023-7164,zeca44@pessoal.example,zeca44@emp002.example,88805929000139,,HOR-01,CD Contagem,Analista,2018-05-01,,CLT,5772.00,2026-09-01,35934379,Avenida Central,2432,,Distrito Empresarial,Contagem,MG
EMP002-0045,EMP002,INICIAL,00045,Heitor Oliveira Queiroz,02410386504,1985-07-26,F,Solteiro,Queila Esteves,Brasileira,Contagem,MG,20283660502,Pós-graduação,RG,59382413,SSP,MG,2010-08-15,49148093,Rua do Comércio,1300,Casa 2,Santa Luzia,Contagem,MG,(52) 3425-8417,(45) 94827-2223,heitor45@pessoal.example,heitor45@emp002.example,88805929000139,,HOR-01,CD Contagem,Motorista,2023-11-19,,CLT,2706.00,2026-09-01,35934379,Avenida Central,2432,,Distrito Empresarial,Contagem,MG
EMP002-0046,EMP002,INICIAL,00046,Fábio Prado Prado,56185374781,1976-11-20,F,Solteiro,Fábio Xavier,Brasileira,Contagem,MG,16886131772,Médio completo,CNH,20907683,SSP,MG,2011-02-18,57746984,Rua Sete de Setembro,2113,,Santa Luzia,Contagem,MG,(49) 3366-3848,(14) 97625-8408,fábio46@pessoal.example,fábio46@emp002.example,88805929000139,,HOR-01,CD Contagem,Motorista,2014-05-15,2014-08-13,CLT,3399.00,2026-09-01,35934379,Avenida Central,2432,,Distrito Empresarial,Contagem,MG
EMP002-0047,EMP002,INICIAL,00047,Elisa Dias Almeida,03236519924,1976-08-11,F,Solteiro,Carla Gomes,Brasileira,Contagem,MG,19143090082,Superior completo,RG,6730602,DETRAN,MG,2002-04-09,32547129,Avenida das Flores,1784,Casa 2,Boa Vista,Contagem,MG,(14) 3491-7990,(33) 96799-4517,elisa47@pessoal.example,elisa47@emp002.example,88805929000139,,HOR-01,CD Contagem,Analista,2014-04-14,,CLT,4628.00,2026-09-01,35934379,Avenida Central,2432,,Distrito Empresarial,Contagem,MG
EMP002-0048,EMP002,INICIAL,00048,Tiago Uchoa Uchoa,34768701469,1982-03-08,F,União estável,Gabriela Vasconcelos,Brasileira,Campinas,SP,42323125263,Pós-graduação,RG,52338023,DETRAN,SP,2021-07-08,83083942,Rua Sete de Setembro,1419,Bloco B,São José,Campinas,SP,(52) 3497-5430,(34) 91427-6224,tiago48@pessoal.example,tiago48@emp002.example,88805929000139,,HOR-02,CD Campinas,Motorista,2012-10-10,2013-01-08,CLT,2508.00,2026-09-01,31360673,Avenida Central,4889,,Distrito Empresarial,Campinas,SP
EMP002-0049,EMP002,INICIAL,00049,Queila Machado Teixeira,32133480315,1990-10-29,M,Divorciado,Fábio Ferraz,Brasileira,Campinas,SP,12540741595,Pós-graduação,CNH,77188876,SSP,SP,2025-04-04,35264294,Rua Sete de Setembro,2230,Apto 12,Jardim América,Campinas,SP,(73) 3138-2478,(18) 94811-4584,queila49@pessoal.example,queila49@emp002.example,88805929000139,,HOR-02,CD Campinas,Operador de logística,2022-07-31,2022-10-29,CLT,2871.00,2026-09-01,31360673,Avenida Central,4889,,Distrito Empresarial,Campinas,SP
EMP002-0050,EMP002,INICIAL,00050,Elisa Lacerda Ferraz,50029218500,1968-04-03,M,União estável,Sofia Dias,Brasileira,Campinas,SP,28565439411,Médio completo,CNH,86800828,DETRAN,SP,2014-03-26,33381086,Avenida das Flores,1471,,Santa Luzia,Campinas,SP,(86) 3934-3872,(59) 96026-5825,elisa50@pessoal.example,elisa50@emp002.example,88805929000139,,HOR-02,CD Campinas,Gerente,2016-07-08,2016-10-06,CLT,17760.00,2026-09-01,31360673,Avenida Central,4889,,Distrito Empresarial,Campinas,SP
EMP002-0051,EMP002,INCLUSAO,00051,Fábio Uchoa Lacerda,93917251396,1980-07-23,M,Casado,Úrsula Cardoso,Brasileira,Campinas,SP,98777079549,Pós-graduação,CNH,60945655,SSP,SP,2011-11-24,38143348,Avenida Brasil,287,Apto 12,Vila Nova,Campinas,SP,(24) 3837-1020,(17) 97323-8179,fábio51@pessoal.example,fábio51@emp002.example,88805929000139,,HOR-02,CD Campinas,Gerente,2012-09-22,2012-12-21,CLT,19680.00,2026-09-01,31360673,Avenida Central,4889,,Distrito Empresarial,Campinas,SP
EMP002-0052,EMP002,INCLUSAO,00052,Lucas Siqueira Nogueira,17932710464,1965-11-25,M,Divorciado,Diego Cardoso,Brasileira,Campinas,SP,65353243316,Médio completo,RG,74423305,SSP,SP,2015-02-27,89729429,Avenida das Flores,1987,,Boa Vista,Campinas,SP,(94) 3268-8113,(31) 91877-2659,lucas52@pessoal.example,lucas52@emp002.example,88805929000139,,HOR-02,CD Campinas,Analista,2020-06-29,2020-09-27,CLT,6448.00,2026-09-01,31360673,Avenida Central,4889,,Distrito Empresarial,Campinas,SP
EMP002-0053,EMP002,INCLUSAO,00053,Isabela Xavier Jardim,43106987278,1967-06-13,M,Solteiro,Nicolas Cardoso,Brasileira,Campinas,SP,98742701126,Pós-graduação,CNH,27799898,SSP,SP,2001-02-25,37776759,Avenida Brasil,1205,,Boa Vista,Campinas,SP,(25) 3415-7512,(71) 99013-5341,isabela53@pessoal.example,isabela53@emp002.example,88805929000139,,HOR-02,CD Campinas,Gerente,2024-02-11,2024-05-11,CLT,16320.00,2026-09-01,31360673,Avenida Central,4889,,Distrito Empresarial,Campinas,SP
EMP002-0054,EMP002,INCLUSAO,00054,Lucas Ferraz Prado,04774349089,1971-10-13,F,Solteiro,Vinícius Machado,Brasileira,Contagem,MG,90558368899,Médio completo,RG,52956500,DETRAN,MG,2024-01-08,73729850,Avenida das Flores,975,Casa 2,Vila Nova,Contagem,MG,(21) 3504-1568,(75) 99467-3415,lucas54@pessoal.example,lucas54@emp002.example,88805929000139,,HOR-01,CD Contagem,Assistente administrativo,2020-07-21,2020-10-19,CLT,3842.00,2026-09-01,35934379,Avenida Central,2432,,Distrito Empresarial,Contagem,MG
EMP003-0001,EMP003,INICIAL,00001,Elisa Uchoa Ignácio,51168685400,1988-04-24,M,Solteiro,Wesley Uchoa,Brasileira,Florianópolis,SC,69191889201,Médio completo,CNH,21084652,SSP,SC,2025-06-01,88911183,Avenida das Flores,420,,São José,Florianópolis,SC,(23) 3904-5687,(79) 96633-7732,elisa1@pessoal.example,elisa1@emp003.example,22332061000199,,BRI-01,Sede Florianópolis,Analista,2026-01-25,2026-04-25,CLT,5616.00,2026-09-01,96408398,Avenida Central,3937,,Distrito Empresarial,Florianópolis,SC
EMP003-0002,EMP003,INICIAL,00002,Isabela Nogueira Esteves,99606530728,1977-01-18,M,Solteiro,Karina Jardim,Brasileira,Florianópolis,SC,78044507885,Pós-graduação,RG,31595926,SSP,SC,2013-06-24,69473299,Rua do Comércio,1113,Casa 2,São José,Florianópolis,SC,(93) 3191-4079,(67) 94463-7671,isabela2@pessoal.example,isabela2@emp003.example,22332061000199,,BRI-01,Sede Florianópolis,Desenvolvedor,2015-11-11,2016-02-09,CLT,8814.00,2026-09-01,96408398,Avenida Central,3937,,Distrito Empresarial,Florianópolis,SC
EMP003-0003,EMP003,INICIAL,00003,Fábio Cardoso Jardim,86289023330,2002-07-19,F,Casado,Bruno Prado,Brasileira,Florianópolis,SC,45214908331,Superior completo,CNH,68796914,DETRAN,SC,2005-07-22,14102122,Avenida Brasil,1535,Casa 2,São José,Florianópolis,SC,(68) 3281-8775,(86) 96730-6640,fábio3@pessoal.example,fábio3@emp003.example,22332061000199,,BRI-01,Sede Florianópolis,Desenvolvedor,2023-07-23,2023-10-21,CLT,9360.00,2026-09-01,96408398,Avenida Central,3937,,Distrito Empresarial,Florianópolis,SC
EMP003-0004,EMP003,INICIAL,00004,Mariana Barbosa Ferraz,93333468050,1983-10-15,F,União estável,Elisa Vasconcelos,Brasileira,Florianópolis,SC,13439688162,Médio completo,CNH,82650533,DETRAN,SC,2012-05-08,66882385,Rua Sete de Setembro,1438,Casa 2,Vila Nova,Florianópolis,SC,(38) 3577-5950,(97) 99530-7506,mariana4@pessoal.example,mariana4@emp003.example,22332061000199,,BRI-01,Sede Florianópolis,Analista sênior,2012-08-12,2012-11-10,CLT,6150.00,2026-09-01,96408398,Avenida Central,3937,,Distrito Empresarial,Florianópolis,SC
EMP003-0005,EMP003,INICIAL,00005,Tiago Jardim Jardim,17154544481,1973-06-14,F,Casado,Bruno Uchoa,Brasileira,Florianópolis,SC,96008675462,Superior completo,CNH,35819604,DETRAN,SC,2018-02-23,62113377,Rua das Palmeiras,2398,Bloco B,Industrial,Florianópolis,SC,(35) 3451-4643,(98) 99759-8794,tiago5@pessoal.example,tiago5@emp003.example,22332061000199,,BRI-01,Sede Florianópolis,Diretor,2025-04-26,,CLT,30520.00,2026-09-01,96408398,Avenida Central,3937,,Distrito Empresarial,Florianópolis,SC
EMP003-0006,EMP003,INICIAL,00006,Fábio Jardim Dias,72482513561,1975-01-08,M,União estável,Karina Machado,Brasileira,Florianópolis,SC,71392482099,Médio completo,CNH,8204398,SSP,SC,2021-03-07,36111227,Avenida das Flores,500,Casa 2,São José,Florianópolis,SC,(49) 3523-1885,(30) 93250-4281,fábio6@pessoal.example,fábio6@emp003.example,22332061000199,,BRI-01,Sede Florianópolis,Analista,2024-07-09,2024-10-07,CLT,6448.00,2026-09-01,96408398,Avenida Central,3937,,Distrito Empresarial,Florianópolis,SC
EMP003-0007,EMP003,INICIAL,00007,Wesley Ferraz Cardoso,75250074383,1999-02-23,F,Casado,Paulo Cardoso,Brasileira,Florianópolis,SC,97762122255,Superior completo,CNH,58582820,DETRAN,SC,2017-03-12,10626681,Rua das Palmeiras,2196,,Santa Luzia,Florianópolis,SC,(58) 3114-6279,(78) 94122-1293,wesley7@pessoal.example,wesley7@emp003.example,22332061000199,,BRI-01,Sede Florianópolis,Analista,2019-02-04,2019-05-05,CLT,5512.00,2026-09-01,96408398,Avenida Central,3937,,Distrito Empresarial,Florianópolis,SC
EMP003-0008,EMP003,INICIAL,00008,João Esteves Dias,68942104460,1985-06-14,M,União estável,Vinícius Esteves,Brasileira,Florianópolis,SC,78295923280,Superior completo,RG,23130289,DETRAN,SC,2000-11-09,40657783,Avenida Brasil,547,,Santa Luzia,Florianópolis,SC,(13) 3703-9267,(32) 93017-7006,joão8@pessoal.example,joão8@emp003.example,22332061000199,,BRI-01,Sede Florianópolis,Analista,2019-09-21,2019-12-20,CLT,5980.00,2026-09-01,96408398,Avenida Central,3937,,Distrito Empresarial,Florianópolis,SC
EMP003-0009,EMP003,INICIAL,00009,Tiago Barbosa Uchoa,01001676165,1989-07-20,M,União estável,Wesley Esteves,Brasileira,Florianópolis,SC,98844576904,Médio completo,CNH,57488410,SSP,SC,2023-05-04,46235719,Avenida das Flores,2490,,Boa Vista,Florianópolis,SC,(24) 3623-2928,(47) 92867-2741,tiago9@pessoal.example,tiago9@emp003.example,22332061000199,,BRI-01,Sede Florianópolis,Analista sênior,2023-12-29,2024-03-28,CLT,8610.00,2026-09-01,96408398,Avenida Central,3937,,Distrito Empresarial,Florianópolis,SC
EMP003-0010,EMP003,INICIAL,00010,Lucas Oliveira Jardim,20873753054,1965-07-28,F,Solteiro,Sofia Xavier,Brasileira,Florianópolis,SC,22667774206,Pós-graduação,RG,98115064,SSP,SC,2011-06-24,96481420,Avenida Brasil,1880,Apto 12,Vila Nova,Florianópolis,SC,(70) 3151-2635,(33) 91646-5760,lucas10@pessoal.example,lucas10@emp003.example,22332061000199,,BRI-01,Sede Florianópolis,Diretor,2016-07-10,2016-10-08,CLT,30520.00,2026-09-01,96408398,Avenida Central,3937,,Distrito Empresarial,Florianópolis,SC
EMP003-0011,EMP003,INICIAL,00011,Zeca Barbosa Almeida,22557941522,1981-07-23,M,Casado,Diego Nogueira,Brasileira,Florianópolis,SC,46320557119,Superior completo,CNH,57604960,SSP,SC,2005-01-26,27785402,Rua das Palmeiras,662,,Boa Vista,Florianópolis,SC,(86) 3594-8178,(34) 97221-6875,zeca11@pessoal.example,zeca11@emp003.example,22332061000199,,BRI-01,Sede Florianópolis,Desenvolvedor,2014-02-17,2014-05-18,CLT,9204.00,2026-09-01,96408398,Avenida Central,3937,,Distrito Empresarial,Florianópolis,SC
EMP003-0012,EMP003,INICIAL,00012,Diego Oliveira Prado,01450899323,1995-01-18,M,Solteiro,Nicolas Xavier,Brasileira,Florianópolis,SC,59314512449,Pós-graduação,CNH,20952062,SSP,SC,2000-07-09,96355513,Avenida Brasil,2080,Casa 2,Industrial,Florianópolis,SC,(74) 3990-3709,(20) 99055-6253,diego12@pessoal.example,diego12@emp003.example,22332061000199,,BRI-01,Sede Florianópolis,Coordenador,2022-12-12,2023-03-12,CLT,14260.00,2026-09-01,96408398,Avenida Central,3937,,Distrito Empresarial,Florianópolis,SC
EMP003-0013,EMP003,INICIAL,00013,Rafael Vasconcelos Nogueira,63177971706,1985-01-20,M,Solteiro,Paulo Vasconcelos,Brasileira,Florianópolis,SC,67567334986,Médio completo,RG,13199793,DETRAN,SC,2022-10-20,85475000,Avenida Brasil,1878,Apto 12,Vila Nova,Florianópolis,SC,(17) 3936-4652,(69) 96439-8751,rafael13@pessoal.example,rafael13@emp003.example,22332061000199,,BRI-01,Sede Florianópolis,Diretor,2016-12-29,2017-03-29,CLT,26040.00,2026-09-01,96408398,Avenida Central,3937,,Distrito Empresarial,Florianópolis,SC
EMP003-0014,EMP003,INICIAL,00014,Zeca Xavier Holanda,05548851071,1985-03-26,F,União estável,Elisa Oliveira,Brasileira,Florianópolis,SC,38393392155,Médio completo,RG,53733674,SSP,SC,2020-07-02,35579048,Rua do Comércio,451,Casa 2,Centro,Florianópolis,SC,(92) 3957-3018,(68) 98493-9260,zeca14@pessoal.example,zeca14@emp003.example,22332061000199,,BRI-01,Sede Florianópolis,Desenvolvedor,2014-03-09,2014-06-07,CLT,7800.00,2026-09-01,96408398,Avenida Central,3937,,Distrito Empresarial,Florianópolis,SC
EMP003-0015,EMP003,INICIAL,00015,Sofia Queiroz Rezende,29221699528,1987-08-13,M,União estável,Tiago Holanda,Brasileira,Florianópolis,SC,57088275688,Superior completo,CNH,18900864,SSP,SC,2018-07-07,90869462,Avenida das Flores,1234,Bloco B,Industrial,Florianópolis,SC,(51) 3828-4560,(36) 94435-5760,sofia15@pessoal.example,sofia15@emp003.example,22332061000199,,BRI-01,Sede Florianópolis,Diretor,2021-09-15,2021-12-14,CLT,33880.00,2026-09-01,96408398,Avenida Central,3937,,Distrito Empresarial,Florianópolis,SC
EMP003-0016,EMP003,INICIAL,00016,Rafael Vasconcelos Lacerda,15879968472,2004-05-12,M,Solteiro,Queila Dias,Brasileira,Florianópolis,SC,14919140796,Pós-graduação,RG,27830448,DETRAN,SC,2007-03-21,48468887,Rua do Comércio,609,,Santa Luzia,Florianópolis,SC,(48) 3308-9866,(15) 96876-8415,rafael16@pessoal.example,rafael16@emp003.example,22332061000199,,BRI-01,Sede Florianópolis,Analista,2023-04-20,2023-07-19,CLT,6136.00,2026-09-01,96408398,Avenida Central,3937,,Distrito Empresarial,Florianópolis,SC
EMP003-0017,EMP003,INICIAL,00017,Heitor Rezende Jardim,06665800490,1974-02-10,M,Casado,Úrsula Vasconcelos,Brasileira,Florianópolis,SC,85541539826,Pós-graduação,RG,98296379,SSP,SC,2013-03-12,70238919,Avenida Brasil,315,,Jardim América,Florianópolis,SC,(76) 3222-7180,(16) 98020-5572,heitor17@pessoal.example,heitor17@emp003.example,22332061000199,,BRI-01,Sede Florianópolis,Diretor,2020-09-20,2020-12-19,CLT,22960.00,2026-09-01,96408398,Avenida Central,3937,,Distrito Empresarial,Florianópolis,SC
EMP003-0018,EMP003,INICIAL,00018,Olívia Esteves Barbosa,25909479849,1981-01-23,F,Divorciado,Queila Holanda,Portuguesa,Florianópolis,SC,20825921574,Pós-graduação,RG,56825346,DETRAN,SC,2004-02-15,56896070,Avenida Brasil,883,Apto 12,Vila Nova,Florianópolis,SC,(57) 3400-4579,(90) 99691-8780,olívia18@pessoal.example,olívia18@emp003.example,22332061000199,,BRI-01,Sede Florianópolis,Desenvolvedor,2019-05-31,,CLT,9048.00,2026-09-01,96408398,Avenida Central,3937,,Distrito Empresarial,Florianópolis,SC
EMP003-0019,EMP003,INICIAL,00019,Olívia Holanda Vasconcelos,99305616410,1989-03-27,M,Solteiro,Queila Machado,Brasileira,Florianópolis,SC,72314544889,Superior completo,RG,40786693,SSP,SC,2014-05-15,78973779,Rua das Palmeiras,403,,Industrial,Florianópolis,SC,(79) 3646-1120,(91) 92072-4453,olívia19@pessoal.example,olívia19@emp003.example,22332061000199,,BRI-01,Sede Florianópolis,Desenvolvedor,2019-10-05,2020-01-03,CLT,8892.00,2026-09-01,96408398,Avenida Central,3937,,Distrito Empresarial,Florianópolis,SC
EMP003-0020,EMP003,INICIAL,00020,Rafael Oliveira Vasconcelos,12075011079,1972-12-26,M,Solteiro,Sofia Holanda,Brasileira,Florianópolis,SC,63290377003,Superior completo,CNH,59119636,DETRAN,SC,2000-10-03,62278055,Rua das Palmeiras,2200,,Santa Luzia,Florianópolis,SC,(90) 3164-1745,(20) 96860-9238,rafael20@pessoal.example,rafael20@emp003.example,22332061000199,,BRI-01,Sede Florianópolis,Desenvolvedor,2016-08-11,2016-11-09,CLT,8892.00,2026-09-01,96408398,Avenida Central,3937,,Distrito Empresarial,Florianópolis,SC
EMP003-0021,EMP003,INICIAL,00021,João Prado Nogueira,60728326876,1978-03-26,F,Divorciado,Vinícius Vasconcelos,Brasileira,Florianópolis,SC,14077921573,Pós-graduação,RG,17540343,SSP,SC,2000-03-23,86868988,Avenida das Flores,1624,Bloco B,São José,Florianópolis,SC,(21) 3412-4441,(55) 94469-7760,joão21@pessoal.example,joão21@emp003.example,22332061000199,,BRI-01,Sede Florianópolis,Diretor,2013-12-09,,CLT,33040.00,2026-09-01,96408398,Avenida Central,3937,,Distrito Empresarial,Florianópolis,SC
EMP003-0022,EMP003,INICIAL,00022,Heitor Uchoa Ignácio,31290878188,1978-01-15,F,Divorciado,Diego Gomes,Brasileira,Florianópolis,SC,58665634178,Médio completo,RG,14427820,DETRAN,SC,2003-02-17,35970938,Rua do Comércio,2000,Casa 2,Vila Nova,Florianópolis,SC,(89) 3775-6008,(99) 93496-6971,heitor22@pessoal.example,heitor22@emp003.example,22332061000199,,BRI-01,Sede Florianópolis,Analista,2016-02-16,,CLT,6396.00,2026-09-01,96408398,Avenida Central,3937,,Distrito Empresarial,Florianópolis,SC
EMP003-0023,EMP003,INICIAL,00023,Heitor Holanda Vasconcelos,64525777516,1999-10-03,M,União estável,Rafael Dias,Brasileira,Florianópolis,SC,21195380599,Superior completo,RG,73292089,SSP,SC,2011-10-22,94103363,Rua das Palmeiras,318,,Industrial,Florianópolis,SC,(75) 3746-1511,(85) 97637-4485,heitor23@pessoal.example,heitor23@emp003.example,22332061000199,,BRI-01,Sede Florianópolis,Desenvolvedor,2019-01-09,,CLT,8034.00,2026-09-01,96408398,Avenida Central,3937,,Distrito Empresarial,Florianópolis,SC
EMP003-0024,EMP003,INICIAL,00024,Mariana Holanda Teixeira,42788165889,1965-06-23,F,Casado,Zeca Rezende,Brasileira,Florianópolis,SC,32158691561,Pós-graduação,RG,99773484,DETRAN,SC,2016-02-04,15425057,Avenida Brasil,2007,,Centro,Florianópolis,SC,(44) 3478-4834,(16) 94387-9485,mariana24@pessoal.example,mariana24@emp003.example,22332061000199,,BRI-01,Sede Florianópolis,Analista,2020-03-15,,CLT,4836.00,2026-09-01,96408398,Avenida Central,3937,,Distrito Empresarial,Florianópolis,SC
EMP003-0025,EMP003,INICIAL,00025,Bruno Vasconcelos Lacerda,18449892678,1994-04-28,M,Divorciado,Sofia Vasconcelos,Brasileira,Florianópolis,SC,79053786122,Superior completo,CNH,30917031,DETRAN,SC,2015-10-30,56309454,Rua Sete de Setembro,1984,Bloco B,Centro,Florianópolis,SC,(75) 3242-8207,(32) 94768-2263,bruno25@pessoal.example,bruno25@emp003.example,22332061000199,,BRI-01,Sede Florianópolis,Coordenador,2013-01-15,2013-04-15,CLT,10235.00,2026-09-01,96408398,Avenida Central,3937,,Distrito Empresarial,Florianópolis,SC
EMP003-0026,EMP003,INICIAL,00026,Lucas Uchoa Dias,36517773916,1972-03-26,M,Solteiro,Heitor Barbosa,Brasileira,Florianópolis,SC,34018950328,Médio completo,RG,77808685,SSP,SC,2002-07-05,32325960,Rua do Comércio,747,Bloco B,Boa Vista,Florianópolis,SC,(87) 3677-1305,(95) 95644-2404,lucas26@pessoal.example,lucas26@emp003.example,22332061000199,,BRI-01,Sede Florianópolis,Analista,2015-07-13,2015-10-11,CLT,5460.00,2026-09-01,96408398,Avenida Central,3937,,Distrito Empresarial,Florianópolis,SC
EMP003-0027,EMP003,INICIAL,00027,Heitor Oliveira Uchoa,29298425716,1991-10-05,F,Casado,Mariana Nogueira,Brasileira,Florianópolis,SC,35840939739,Pós-graduação,CNH,21073763,SSP,SC,2007-12-16,73870080,Avenida das Flores,2466,,Industrial,Florianópolis,SC,(79) 3615-2925,(22) 98901-3135,heitor27@pessoal.example,heitor27@emp003.example,22332061000199,,BRI-01,Sede Florianópolis,Coordenador,2015-10-29,,CLT,11730.00,2026-09-01,96408398,Avenida Central,3937,,Distrito Empresarial,Florianópolis,SC
EMP003-0028,EMP003,INICIAL,00028,Nicolas Machado Barbosa,86376599184,1984-02-02,F,Divorciado,Paulo Holanda,Brasileira,Florianópolis,SC,49014699437,Pós-graduação,CNH,35601998,SSP,SC,2000-03-30,10954835,Avenida das Flores,2150,,São José,Florianópolis,SC,(11) 3484-4365,(99) 96175-7698,nicolas28@pessoal.example,nicolas28@emp003.example,22332061000199,,BRI-01,Sede Florianópolis,Coordenador,2023-09-16,2023-12-15,CLT,9545.00,2026-09-01,96408398,Avenida Central,3937,,Distrito Empresarial,Florianópolis,SC
EMP003-0029,EMP003,INCLUSAO,00029,Nicolas Teixeira Machado,94636887220,1981-08-10,M,Divorciado,João Teixeira,Brasileira,Florianópolis,SC,64569683826,Pós-graduação,RG,89487446,SSP,SC,2010-04-22,69940949,Avenida Brasil,420,,São José,Florianópolis,SC,(62) 3904-6544,(81) 91852-3633,nicolas29@pessoal.example,nicolas29@emp003.example,22332061000199,,BRI-01,Sede Florianópolis,Analista sênior,2024-01-09,2024-04-08,CLT,8774.00,2026-09-01,96408398,Avenida Central,3937,,Distrito Empresarial,Florianópolis,SC
EMP003-0030,EMP003,INCLUSAO,00030,Tiago Oliveira Cardoso,14351906618,1992-07-17,M,Solteiro,Zeca Ferraz,Brasileira,Florianópolis,SC,11885370603,Médio completo,CNH,27138432,SSP,SC,2022-11-25,79231333,Avenida Brasil,704,,Vila Nova,Florianópolis,SC,(41) 3770-1004,(31) 92422-5520,tiago30@pessoal.example,tiago30@emp003.example,22332061000199,,BRI-01,Sede Florianópolis,Analista,2022-07-30,2022-10-28,CLT,4836.00,2026-09-01,96408398,Avenida Central,3937,,Distrito Empresarial,Florianópolis,SC
EMP004-0001,EMP004,INICIAL,00001,Lucas Machado Ignácio,39376904257,1983-04-07,F,Solteiro,Queila Jardim,Brasileira,Curitiba,PR,90716992255,Superior completo,CNH,51610858,DETRAN,PR,2010-11-29,55588495,Rua Sete de Setembro,1897,Bloco B,Industrial,Curitiba,PR,(14) 3593-2904,(44) 92106-7269,lucas1@pessoal.example,lucas1@emp004.example,66938011000125,,VAL-01,Matriz Curitiba,Vendedor,2025-01-27,2025-04-27,CLT,3500.00,2026-09-01,13595708,Avenida Central,1116,,Distrito Empresarial,Curitiba,PR
EMP004-0002,EMP004,INICIAL,00002,Lucas Rezende Siqueira,04341651820,1973-01-03,M,Divorciado,Lucas Gomes,Brasileira,Curitiba,PR,32630508177,Pós-graduação,RG,67974557,SSP,PR,2010-07-14,42488275,Rua do Comércio,856,,Jardim América,Curitiba,PR,(42) 3956-6833,(30) 92747-2964,lucas2@pessoal.example,lucas2@emp004.example,66938011000125,,VAL-01,Matriz Curitiba,Analista,2021-04-01,,CLT,5668.00,2026-09-01,13595708,Avenida Central,1116,,Distrito Empresarial,Curitiba,PR
EMP004-0003,EMP004,INICIAL,00003,Zeca Siqueira Barbosa,75957947229,1979-04-14,M,União estável,Heitor Teixeira,Brasileira,Curitiba,PR,76242035952,Pós-graduação,RG,68441081,DETRAN,PR,2017-08-29,33461307,Rua Sete de Setembro,503,Bloco B,Boa Vista,Curitiba,PR,(51) 3805-1137,(12) 94452-7216,zeca3@pessoal.example,zeca3@emp004.example,66938011000125,,VAL-01,Matriz Curitiba,Vendedor,2012-02-24,2012-05-24,CLT,2548.00,2026-09-01,13595708,Avenida Central,1116,,Distrito Empresarial,Curitiba,PR
EMP004-0004,EMP004,INICIAL,00004,Isabela Holanda Ignácio,79552763614,1996-06-07,M,Divorciado,Mariana Ignácio,Brasileira,Curitiba,PR,29634055249,Pós-graduação,RG,14404289,DETRAN,PR,2010-07-30,84536479,Rua Sete de Setembro,1570,,Jardim América,Curitiba,PR,(30) 3584-1159,(33) 97906-9185,isabela4@pessoal.example,isabela4@emp004.example,66938011000125,,VAL-01,Matriz Curitiba,Assistente administrativo,2024-04-20,2024-07-19,CLT,4080.00,2026-09-01,13595708,Avenida Central,1116,,Distrito Empresarial,Curitiba,PR
EMP004-0005,EMP004,INICIAL,00005,Isabela Siqueira Teixeira,06120347127,1985-03-07,M,Divorciado,Lucas Machado,Brasileira,Curitiba,PR,58351517002,Médio completo,CNH,17272220,DETRAN,PR,2008-12-03,87424000,Avenida das Flores,2215,,Industrial,Curitiba,PR,(47) 3463-6326,(97) 99363-8987,isabela5@pessoal.example,isabela5@emp004.example,66938011000125,,VAL-01,Matriz Curitiba,Coordenador,2018-09-23,2018-12-22,CLT,11155.00,2026-09-01,13595708,Avenida Central,1116,,Distrito Empresarial,Curitiba,PR
EMP004-0006,EMP004,INICIAL,00006,João Prado Vasconcelos,22569961159,1972-04-08,M,Casado,Karina Lacerda,Brasileira,Curitiba,PR,47411026951,Pós-graduação,CNH,37406303,DETRAN,PR,2016-04-16,88775038,Avenida das Flores,1854,Casa 2,Jardim América,Curitiba,PR,(34) 3974-1378,(27) 94844-5122,joão6@pessoal.example,joão6@emp004.example,66938011000125,,VAL-01,Matriz Curitiba,Coordenador,2025-10-06,,CLT,12650.00,2026-09-01,13595708,Avenida Central,1116,,Distrito Empresarial,Curitiba,PR
EMP004-0007,EMP004,INICIAL,00007,Mariana Dias Dias,17800681157,1976-10-10,F,Solteiro,Úrsula Nogueira,Brasileira,Curitiba,PR,71350065666,Pós-graduação,RG,18619715,SSP,PR,2001-04-13,14718421,Rua do Comércio,1342,Casa 2,Boa Vista,Curitiba,PR,(80) 3378-9987,(67) 93213-9835,mariana7@pessoal.example,mariana7@emp004.example,66938011000125,,VAL-01,Matriz Curitiba,Assistente administrativo,2015-09-29,2015-12-28,CLT,3570.00,2026-09-01,13595708,Avenida Central,1116,,Distrito Empresarial,Curitiba,PR
EMP004-0008,EMP004,INICIAL,00008,Úrsula Siqueira Jardim,57831745645,1976-08-27,F,Divorciado,Ana Almeida,Brasileira,Curitiba,PR,57830046248,Superior completo,CNH,72819757,SSP,PR,2022-01-24,74030858,Rua do Comércio,47,Casa 2,Industrial,Curitiba,PR,(48) 3711-4788,(11) 99981-7121,úrsula8@pessoal.example,úrsula8@emp004.example,66938011000125,,VAL-01,Matriz Curitiba,Vendedor,2026-05-08,2026-08-06,CLT,3332.00,2026-09-01,13595708,Avenida Central,1116,,Distrito Empresarial,Curitiba,PR
EMP004-0009,EMP004,INICIAL,00009,Fábio Vasconcelos Nogueira,63416389492,1977-10-09,M,União estável,Gabriela Cardoso,Brasileira,Curitiba,PR,24128704233,Pós-graduação,CNH,83910238,DETRAN,PR,2012-03-16,93584597,Rua Sete de Setembro,779,Apto 12,Centro,Curitiba,PR,(30) 3150-9764,(13) 94046-2675,fábio9@pessoal.example,fábio9@emp004.example,66938011000125,,VAL-01,Matriz Curitiba,Coordenador,2017-08-09,2017-11-07,CLT,9315.00,2026-09-01,13595708,Avenida Central,1116,,Distrito Empresarial,Curitiba,PR
EMP004-0010,EMP004,INICIAL,00010,Carla Esteves Almeida,73564757074,1979-10-25,F,Casado,Bruno Ignácio,Brasileira,Curitiba,PR,83321038964,Superior completo,RG,26795612,DETRAN,PR,2017-02-11,11693222,Rua das Palmeiras,1029,Casa 2,Industrial,Curitiba,PR,(67) 3353-1549,(36) 98550-2539,carla10@pessoal.example,carla10@emp004.example,66938011000125,,VAL-01,Matriz Curitiba,Auxiliar administrativo,2017-03-22,2017-06-20,CLT,3224.00,2026-09-01,13595708,Avenida Central,1116,,Distrito Empresarial,Curitiba,PR
EMP004-0011,EMP004,INICIAL,00011,Karina Ferraz Vasconcelos,08814743550,1984-10-24,F,Casado,Diego Holanda,Brasileira,Curitiba,PR,11393774816,Médio completo,CNH,79476684,SSP,PR,2017-10-02,42626898,Rua das Palmeiras,182,Bloco B,Industrial,Curitiba,PR,(99) 3586-3539,(58) 92466-5075,karina11@pessoal.example,karina11@emp004.example,66938011000125,,VAL-01,Matriz Curitiba,Coordenador,2018-12-31,2019-03-31,CLT,9200.00,2026-09-01,13595708,Avenida Central,1116,,Distrito Empresarial,Curitiba,PR
EMP004-0012,EMP004,INICIAL,00012,Lucas Vasconcelos Esteves,81273585763,1977-11-21,F,Solteiro,Wesley Nogueira,Brasileira,Curitiba,PR,44938408652,Médio completo,CNH,95841733,DETRAN,PR,2025-01-28,49555923,Avenida das Flores,2017,,São José,Curitiba,PR,(34) 3656-6696,(52) 98674-5510,lucas12@pessoal.example,lucas12@emp004.example,66938011000125,,VAL-01,Matriz Curitiba,Auxiliar administrativo,2013-05-04,,CLT,2730.00,2026-09-01,13595708,Avenida Central,1116,,Distrito Empresarial,Curitiba,PR
EMP004-0013,EMP004,INICIAL,00013,Elisa Prado Jardim,48570862040,1992-10-19,M,Casado,Karina Cardoso,Brasileira,Curitiba,PR,37434064274,Pós-graduação,CNH,75016756,SSP,PR,2012-09-12,53298644,Rua Sete de Setembro,1329,,Centro,Curitiba,PR,(77) 3774-2092,(16) 93126-3926,elisa13@pessoal.example,elisa13@emp004.example,66938011000125,,VAL-01,Matriz Curitiba,Auxiliar administrativo,2023-11-30,,CLT,2210.00,2026-09-01,13595708,Avenida Central,1116,,Distrito Empresarial,Curitiba,PR
EMP004-0014,EMP004,INICIAL,00014,Bruno Teixeira Vasconcelos,67899405378,1992-03-07,F,Solteiro,Gabriela Vasconcelos,Brasileira,Curitiba,PR,70472954013,Pós-graduação,RG,49442674,DETRAN,PR,2016-07-21,17824896,Avenida das Flores,1098,Bloco B,Centro,Curitiba,PR,(20) 3954-5979,(20) 94537-9511,bruno14@pessoal.example,bruno14@emp004.example,66938011000125,,VAL-01,Matriz Curitiba,Assistente administrativo,2014-03-19,2014-06-17,CLT,3774.00,2026-09-01,13595708,Avenida Central,1116,,Distrito Empresarial,Curitiba,PR
EMP004-0015,EMP004,INICIAL,00015,Queila Xavier Holanda,92886195774,1996-07-07,M,Solteiro,Fábio Ferraz,Brasileira,Curitiba,PR,55117311964,Pós-graduação,RG,72658908,DETRAN,PR,2015-10-21,52299387,Avenida das Flores,1339,Apto 12,Boa Vista,Curitiba,PR,(92) 3540-6299,(88) 94943-9939,queila15@pessoal.example,queila15@emp004.example,66938011000125,,VAL-01,Matriz Curitiba,Assistente administrativo,2016-05-01,2016-07-30,CLT,3842.00,2026-09-01,13595708,Avenida Central,1116,,Distrito Empresarial,Curitiba,PR
EMP004-0016,EMP004,INICIAL,00016,Olívia Nogueira Almeida,04908240485,1974-12-15,F,Divorciado,Ana Ignácio,Brasileira,Curitiba,PR,85210338349,Pós-graduação,RG,13655004,SSP,PR,2020-08-25,57735307,Avenida Brasil,576,Apto 12,Vila Nova,Curitiba,PR,(85) 3355-4817,(43) 95920-2505,olívia16@pessoal.example,olívia16@emp004.example,66938011000125,,VAL-01,Matriz Curitiba,Analista,2022-02-23,2022-05-24,CLT,5356.00,2026-09-01,13595708,Avenida Central,1116,,Distrito Empresarial,Curitiba,PR
EMP004-0017,EMP004,INICIAL,00017,Paulo Ferraz Queiroz,91940961041,1999-08-01,M,Divorciado,Nicolas Oliveira,Brasileira,Curitiba,PR,43373571186,Pós-graduação,RG,86078886,DETRAN,PR,2002-06-05,50907334,Avenida das Flores,178,Apto 12,São José,Curitiba,PR,(83) 3253-6354,(75) 94617-3509,paulo17@pessoal.example,paulo17@emp004.example,66938011000125,,VAL-01,Matriz Curitiba,Auxiliar administrativo,2019-04-13,2019-07-12,CLT,2912.00,2026-09-01,13595708,Avenida Central,1116,,Distrito Empresarial,Curitiba,PR
EMP004-0018,EMP004,INICIAL,00018,Sofia Rezende Cardoso,36462251735,1990-08-20,F,União estável,Isabela Cardoso,Brasileira,Curitiba,PR,30177200245,Médio completo,CNH,76067462,SSP,PR,2021-11-19,63058791,Avenida das Flores,813,Bloco B,São José,Curitiba,PR,(78) 3352-4970,(20) 95362-8046,sofia18@pessoal.example,sofia18@emp004.example,66938011000125,,VAL-01,Matriz Curitiba,Coordenador,2025-05-07,2025-08-05,CLT,13915.00,2026-09-01,13595708,Avenida Central,1116,,Distrito Empresarial,Curitiba,PR
EMP004-0019,EMP004,INICIAL,00019,Nicolas Machado Machado,35590425930,2001-11-08,M,Casado,Olívia Barbosa,Brasileira,Curitiba,PR,36772633983,Pós-graduação,CNH,21936786,SSP,PR,2005-01-15,17319968,Avenida Brasil,614,Apto 12,Centro,Curitiba,PR,(54) 3810-2823,(50) 98373-8719,nicolas19@pessoal.example,nicolas19@emp004.example,66938011000125,,VAL-01,Matriz Curitiba,Auxiliar administrativo,2021-04-11,2021-07-10,CLT,2210.00,2026-09-01,13595708,Avenida Central,1116,,Distrito Empresarial,Curitiba,PR
EMP004-0020,EMP004,INICIAL,00020,Queila Ignácio Siqueira,79206980491,1972-08-22,F,Divorciado,Gabriela Uchoa,Brasileira,Curitiba,PR,97896337422,Médio completo,RG,53163068,DETRAN,PR,2016-02-27,24480943,Rua das Palmeiras,1208,Casa 2,Jardim América,Curitiba,PR,(59) 3620-2631,(51) 98940-9709,queila20@pessoal.example,queila20@emp004.example,66938011000125,,VAL-01,Matriz Curitiba,Assistente administrativo,2024-04-03,2024-07-02,CLT,2890.00,2026-09-01,13595708,Avenida Central,1116,,Distrito Empresarial,Curitiba,PR
EMP004-0021,EMP004,INICIAL,00021,Bruno Holanda Rezende,45762055523,1993-01-17,M,Casado,Queila Ignácio,Brasileira,Curitiba,PR,47047496109,Superior completo,RG,75482698,DETRAN,PR,2010-02-12,30361927,Rua do Comércio,1619,,Centro,Curitiba,PR,(59) 3633-4726,(64) 94938-3502,bruno21@pessoal.example,bruno21@emp004.example,66938011000125,,VAL-01,Matriz Curitiba,Vendedor,2012-06-25,2012-09-23,CLT,2548.00,2026-09-01,13595708,Avenida Central,1116,,Distrito Empresarial,Curitiba,PR
EMP004-0022,EMP004,INICIAL,00022,Elisa Gomes Vasconcelos,29832482674,2005-10-11,F,Casado,Karina Cardoso,Brasileira,Curitiba,PR,31983306035,Superior completo,RG,98586963,SSP,PR,2014-04-18,65571528,Rua Sete de Setembro,1252,Casa 2,Santa Luzia,Curitiba,PR,(92) 3856-5485,(30) 94079-2749,elisa22@pessoal.example,elisa22@emp004.example,66938011000125,,VAL-01,Matriz Curitiba,Coordenador,2024-02-28,2024-05-28,CLT,8740.00,2026-09-01,13595708,Avenida Central,1116,,Distrito Empresarial,Curitiba,PR
EMP004-0023,EMP004,INICIAL,00023,Tiago Holanda Uchoa,33051728942,1986-01-11,M,Casado,Mariana Queiroz,Brasileira,Curitiba,PR,36473260896,Médio completo,RG,55839908,SSP,PR,2012-02-08,65437830,Avenida Brasil,840,,Centro,Curitiba,PR,(33) 3549-9027,(99) 96323-8496,tiago23@pessoal.example,tiago23@emp004.example,66938011000125,,VAL-01,Matriz Curitiba,Vendedor,2024-09-19,,CLT,2688.00,2026-09-01,13595708,Avenida Central,1116,,Distrito Empresarial,Curitiba,PR
EMP004-0024,EMP004,INICIAL,00024,Yasmin Lacerda Nogueira,99988081707,1985-06-30,F,Casado,Queila Siqueira,Brasileira,Curitiba,PR,17452498767,Pós-graduação,CNH,70273350,SSP,PR,2008-07-07,49081432,Rua Sete de Setembro,1640,Apto 12,Industrial,Curitiba,PR,(47) 3572-3727,(65) 95823-1893,yasmin24@pessoal.example,yasmin24@emp004.example,66938011000125,,VAL-01,Matriz Curitiba,Vendedor,2020-07-13,2020-10-11,CLT,3360.00,2026-09-01,13595708,Avenida Central,1116,,Distrito Empresarial,Curitiba,PR
EMP004-0025,EMP004,INICIAL,00025,Yasmin Rezende Dias,29826657000,1973-01-09,M,Casado,Olívia Cardoso,Brasileira,Curitiba,PR,98870249642,Pós-graduação,RG,97418622,SSP,PR,2004-02-03,25322958,Rua Sete de Setembro,1496,,São José,Curitiba,PR,(60) 3844-9383,(89) 93619-7204,yasmin25@pessoal.example,yasmin25@emp004.example,66938011000125,,VAL-01,Matriz Curitiba,Coordenador,2014-01-10,2014-04-10,CLT,8855.00,2026-09-01,13595708,Avenida Central,1116,,Distrito Empresarial,Curitiba,PR
EMP004-0026,EMP004,INICIAL,00026,Vinícius Esteves Ferraz,22064474285,1970-04-11,F,Casado,Ana Uchoa,Brasileira,Curitiba,PR,70181974094,Superior completo,CNH,73947490,SSP,PR,2022-02-18,41927492,Avenida Brasil,2421,Casa 2,Boa Vista,Curitiba,PR,(63) 3552-2300,(87) 91107-5009,vinícius26@pessoal.example,vinícius26@emp004.example,66938011000125,,VAL-01,Matriz Curitiba,Analista,2024-09-06,,CLT,4628.00,2026-09-01,13595708,Avenida Central,1116,,Distrito Empresarial,Curitiba,PR
EMP004-0027,EMP004,INICIAL,00027,Elisa Barbosa Vasconcelos,50209945109,1967-03-15,F,União estável,Fábio Ferraz,Brasileira,Curitiba,PR,89864783651,Pós-graduação,RG,62114408,DETRAN,PR,2001-08-10,22499198,Rua do Comércio,1332,Apto 12,Boa Vista,Curitiba,PR,(19) 3876-8001,(81) 92063-5797,elisa27@pessoal.example,elisa27@emp004.example,66938011000125,,VAL-01,Matriz Curitiba,Auxiliar administrativo,2016-02-23,2016-05-23,CLT,2106.00,2026-09-01,13595708,Avenida Central,1116,,Distrito Empresarial,Curitiba,PR
EMP004-0028,EMP004,INICIAL,00028,Nicolas Rezende Gomes,39019817990,2000-05-10,M,União estável,Tiago Lacerda,Brasileira,Curitiba,PR,59921453477,Médio completo,CNH,70753731,DETRAN,PR,2022-02-03,34146739,Avenida das Flores,963,Apto 12,Jardim América,Curitiba,PR,(11) 3221-1392,(70) 92932-4396,nicolas28@pessoal.example,nicolas28@emp004.example,66938011000125,,VAL-01,Matriz Curitiba,Analista,2023-10-27,2024-01-25,CLT,6500.00,2026-09-01,13595708,Avenida Central,1116,,Distrito Empresarial,Curitiba,PR
EMP004-0029,EMP004,INICIAL,00029,Lucas Siqueira Vasconcelos,30344144801,1989-09-03,M,Solteiro,Diego Xavier,Brasileira,Curitiba,PR,94047878038,Médio completo,RG,27040330,DETRAN,PR,2015-02-27,74304823,Rua Sete de Setembro,155,,Boa Vista,Curitiba,PR,(30) 3742-8546,(79) 96490-8577,lucas29@pessoal.example,lucas29@emp004.example,66938011000125,,VAL-01,Matriz Curitiba,Auxiliar administrativo,2019-06-27,2019-09-25,CLT,2496.00,2026-09-01,13595708,Avenida Central,1116,,Distrito Empresarial,Curitiba,PR
EMP004-0030,EMP004,INICIAL,00030,Sofia Xavier Lacerda,88039551277,1977-08-01,F,Divorciado,Mariana Vasconcelos,Brasileira,Curitiba,PR,88022244841,Pós-graduação,CNH,26149571,SSP,PR,2013-10-29,52211394,Rua das Palmeiras,1122,Casa 2,Centro,Curitiba,PR,(74) 3998-4893,(58) 98404-5958,sofia30@pessoal.example,sofia30@emp004.example,66938011000125,,VAL-01,Matriz Curitiba,Vendedor,2018-09-18,2018-12-17,CLT,2520.00,2026-09-01,13595708,Avenida Central,1116,,Distrito Empresarial,Curitiba,PR
EMP004-0031,EMP004,INICIAL,00031,Zeca Gomes Cardoso,78078235771,1977-11-09,M,Divorciado,Elisa Dias,Brasileira,Curitiba,PR,82748258479,Pós-graduação,RG,28539747,SSP,PR,2020-08-09,62021209,Avenida das Flores,484,,Vila Nova,Curitiba,PR,(16) 3803-2426,(53) 98649-1755,zeca31@pessoal.example,zeca31@emp004.example,66938011000125,,VAL-01,Matriz Curitiba,Analista,2012-11-02,2013-01-31,CLT,5876.00,2026-09-01,13595708,Avenida Central,1116,,Distrito Empresarial,Curitiba,PR
EMP004-0032,EMP004,INICIAL,00032,Zeca Jardim Vasconcelos,35334485767,1995-02-08,F,Divorciado,Elisa Ferraz,Brasileira,Curitiba,PR,85689972264,Pós-graduação,RG,28726346,DETRAN,PR,2024-08-22,52746321,Rua do Comércio,589,Apto 12,São José,Curitiba,PR,(42) 3275-2167,(50) 96549-9856,zeca32@pessoal.example,zeca32@emp004.example,66938011000125,,VAL-01,Matriz Curitiba,Auxiliar administrativo,2024-12-14,2025-03-14,CLT,2132.00,2026-09-01,13595708,Avenida Central,1116,,Distrito Empresarial,Curitiba,PR
EMP004-0033,EMP004,INICIAL,00033,Mariana Barbosa Cardoso,66299795409,1979-11-28,F,Solteiro,Zeca Prado,Brasileira,Curitiba,PR,73130003754,Médio completo,CNH,42660066,DETRAN,PR,2021-02-08,41097470,Avenida Brasil,598,Bloco B,Vila Nova,Curitiba,PR,(57) 3501-4004,(96) 96412-6320,mariana33@pessoal.example,mariana33@emp004.example,66938011000125,,VAL-01,Matriz Curitiba,Auxiliar administrativo,2014-05-17,2014-08-15,CLT,2002.00,2026-09-01,13595708,Avenida Central,1116,,Distrito Empresarial,Curitiba,PR
EMP004-0034,EMP004,INICIAL,00034,Paulo Prado Ferraz,45992816119,1979-08-15,F,Divorciado,Rafael Prado,Brasileira,Curitiba,PR,41840490535,Pós-graduação,RG,74544472,SSP,PR,2021-08-21,61514973,Rua das Palmeiras,1405,,Industrial,Curitiba,PR,(99) 3705-8063,(66) 96606-9921,paulo34@pessoal.example,paulo34@emp004.example,66938011000125,,VAL-01,Matriz Curitiba,Auxiliar administrativo,2019-11-19,2020-02-17,CLT,2184.00,2026-09-01,13595708,Avenida Central,1116,,Distrito Empresarial,Curitiba,PR
EMP004-0035,EMP004,INICIAL,00035,Diego Teixeira Uchoa,75817246112,1991-11-02,F,União estável,Karina Queiroz,Brasileira,Curitiba,PR,18853998721,Médio completo,RG,78949346,SSP,PR,2006-07-31,98701999,Avenida Brasil,1865,Bloco B,Vila Nova,Curitiba,PR,(60) 3730-8326,(36) 94369-6187,diego35@pessoal.example,diego35@emp004.example,66938011000125,,VAL-01,Matriz Curitiba,Vendedor,2022-11-30,2023-02-28,CLT,3220.00,2026-09-01,13595708,Avenida Central,1116,,Distrito Empresarial,Curitiba,PR
EMP004-0036,EMP004,INICIAL,00036,Carla Teixeira Almeida,98624058058,1965-01-14,M,Solteiro,João Almeida,Brasileira,Curitiba,PR,90325431344,Superior completo,CNH,96532642,DETRAN,PR,2018-03-19,61212793,Rua Sete de Setembro,2242,,Santa Luzia,Curitiba,PR,(33) 3586-3278,(35) 97301-6902,carla36@pessoal.example,carla36@emp004.example,66938011000125,,VAL-01,Matriz Curitiba,Coordenador,2019-09-21,,CLT,9545.00,2026-09-01,13595708,Avenida Central,1116,,Distrito Empresarial,Curitiba,PR
EMP004-0037,EMP004,INICIAL,00037,Carla Vasconcelos Almeida,27621267976,1984-02-05,F,União estável,Queila Oliveira,Brasileira,Curitiba,PR,63472539394,Superior completo,RG,25936450,DETRAN,PR,2000-05-01,87569592,Rua Sete de Setembro,979,Bloco B,Vila Nova,Curitiba,PR,(63) 3659-7012,(15) 91620-8917,carla37@pessoal.example,carla37@emp004.example,66938011000125,,VAL-01,Matriz Curitiba,Assistente administrativo,2012-04-05,2012-07-04,CLT,2754.00,2026-09-01,13595708,Avenida Central,1116,,Distrito Empresarial,Curitiba,PR
EMP004-0038,EMP004,INICIAL,00038,Yasmin Rezende Ignácio,78189137182,1995-09-08,M,Solteiro,Karina Siqueira,Brasileira,Curitiba,PR,72143318343,Pós-graduação,CNH,78036318,DETRAN,PR,2018-11-19,57367387,Rua do Comércio,1194,,Centro,Curitiba,PR,(99) 3711-5981,(83) 95267-2006,yasmin38@pessoal.example,yasmin38@emp004.example,66938011000125,,VAL-01,Matriz Curitiba,Auxiliar administrativo,2015-03-09,2015-06-07,CLT,2704.00,2026-09-01,13595708,Avenida Central,1116,,Distrito Empresarial,Curitiba,PR
EMP004-0039,EMP004,INICIAL,00039,Ana Jardim Queiroz,12814429418,1977-05-07,M,Solteiro,Yasmin Dias,Brasileira,Curitiba,PR,91218396309,Pós-graduação,RG,89470372,DETRAN,PR,2016-08-02,33541704,Rua do Comércio,977,Casa 2,Jardim América,Curitiba,PR,(78) 3982-1542,(54) 92382-3376,ana39@pessoal.example,ana39@emp004.example,66938011000125,,VAL-01,Matriz Curitiba,Analista,2026-01-01,2026-04-01,CLT,6032.00,2026-09-01,13595708,Avenida Central,1116,,Distrito Empresarial,Curitiba,PR
EMP004-0040,EMP004,INICIAL,00040,Heitor Xavier Prado,23950410252,1985-10-25,M,União estável,João Queiroz,Brasileira,Curitiba,PR,42351930635,Superior completo,CNH,64698335,DETRAN,PR,2006-07-06,81194737,Rua Sete de Setembro,58,Apto 12,Industrial,Curitiba,PR,(68) 3491-6172,(78) 91672-2595,heitor40@pessoal.example,heitor40@emp004.example,66938011000125,,VAL-01,Matriz Curitiba,Coordenador,2020-08-04,,CLT,12305.00,2026-09-01,13595708,Avenida Central,1116,,Distrito Empresarial,Curitiba,PR
EMP004-0041,EMP004,INICIAL,00041,Karina Ignácio Ignácio,14967393888,1980-02-20,F,Divorciado,Rafael Almeida,Brasileira,Curitiba,PR,22162013797,Médio completo,CNH,14112905,SSP,PR,2020-01-02,57179735,Avenida Brasil,1170,Apto 12,Jardim América,Curitiba,PR,(15) 3124-2506,(18) 94552-2995,karina41@pessoal.example,karina41@emp004.example,66938011000125,,VAL-01,Matriz Curitiba,Vendedor,2018-02-11,2018-05-12,CLT,2268.00,2026-09-01,13595708,Avenida Central,1116,,Distrito Empresarial,Curitiba,PR
EMP004-0042,EMP004,INICIAL,00042,Fábio Dias Ferraz,44717465458,1972-04-07,F,Divorciado,Zeca Barbosa,Brasileira,Curitiba,PR,44617688307,Superior completo,RG,60132953,SSP,PR,2022-01-21,36933352,Avenida das Flores,1618,,Santa Luzia,Curitiba,PR,(73) 3211-3357,(80) 98065-4578,fábio42@pessoal.example,fábio42@emp004.example,66938011000125,,VAL-01,Matriz Curitiba,Coordenador,2024-09-11,2024-12-10,CLT,9200.00,2026-09-01,13595708,Avenida Central,1116,,Distrito Empresarial,Curitiba,PR
EMP004-0043,EMP004,INICIAL,00043,Bruno Cardoso Cardoso,94707200672,1976-12-14,F,Divorciado,Mariana Teixeira,Brasileira,Curitiba,PR,77735888965,Superior completo,CNH,55212251,SSP,PR,2024-03-24,40312650,Rua das Palmeiras,1584,Casa 2,Centro,Curitiba,PR,(83) 3648-6880,(53) 95961-7563,bruno43@pessoal.example,bruno43@emp004.example,66938011000125,,VAL-01,Matriz Curitiba,Analista,2014-04-26,2014-07-25,CLT,6500.00,2026-09-01,13595708,Avenida Central,1116,,Distrito Empresarial,Curitiba,PR
EMP004-0044,EMP004,INICIAL,00044,Karina Cardoso Prado,43280634644,2005-03-19,F,Divorciado,Paulo Cardoso,Brasileira,Curitiba,PR,27993613014,Médio completo,RG,4404379,SSP,PR,2021-12-11,62179495,Rua das Palmeiras,2224,Apto 12,Boa Vista,Curitiba,PR,(79) 3954-8361,(13) 91606-6558,karina44@pessoal.example,karina44@emp004.example,66938011000125,,VAL-01,Matriz Curitiba,Analista,2023-12-28,2024-03-27,CLT,5928.00,2026-09-01,13595708,Avenida Central,1116,,Distrito Empresarial,Curitiba,PR
EMP004-0045,EMP004,INICIAL,00045,Gabriela Vasconcelos Xavier,87829310203,1986-12-07,F,União estável,Tiago Barbosa,Brasileira,Curitiba,PR,29966385636,Médio completo,RG,85914383,SSP,PR,2013-10-14,23058343,Rua Sete de Setembro,709,Bloco B,Centro,Curitiba,PR,(24) 3216-9145,(87) 94613-2033,gabriela45@pessoal.example,gabriela45@emp004.example,66938011000125,,VAL-01,Matriz Curitiba,Coordenador,2014-08-26,,CLT,11040.00,2026-09-01,13595708,Avenida Central,1116,,Distrito Empresarial,Curitiba,PR
EMP004-0046,EMP004,INICIAL,00046,Vinícius Teixeira Siqueira,25309251197,1977-04-15,F,União estável,Fábio Machado,Brasileira,Curitiba,PR,41948806626,Pós-graduação,RG,18900736,SSP,PR,2016-11-14,31173338,Rua das Palmeiras,2004,,Centro,Curitiba,PR,(11) 3283-2460,(94) 95648-7819,vinícius46@pessoal.example,vinícius46@emp004.example,66938011000125,,VAL-01,Matriz Curitiba,Analista,2014-09-16,2014-12-15,CLT,5980.00,2026-09-01,13595708,Avenida Central,1116,,Distrito Empresarial,Curitiba,PR
EMP004-0047,EMP004,INICIAL,00047,Elisa Vasconcelos Ignácio,87632909281,1997-03-04,M,Solteiro,Úrsula Jardim,Brasileira,Curitiba,PR,83034072222,Médio completo,RG,16771632,SSP,PR,2016-03-26,82440371,Avenida das Flores,908,Casa 2,Industrial,Curitiba,PR,(91) 3775-4409,(46) 91869-4173,elisa47@pessoal.example,elisa47@emp004.example,66938011000125,,VAL-01,Matriz Curitiba,Assistente administrativo,2016-08-15,2016-11-13,CLT,2788.00,2026-09-01,13595708,Avenida Central,1116,,Distrito Empresarial,Curitiba,PR
EMP004-0048,EMP004,INICIAL,00048,Fábio Xavier Barbosa,05436459757,1966-12-11,F,Solteiro,Rafael Ferraz,Brasileira,Curitiba,PR,74549343631,Pós-graduação,RG,10510600,SSP,PR,2019-12-14,89551741,Avenida das Flores,1345,Casa 2,Jardim América,Curitiba,PR,(97) 3433-4769,(25) 96343-4731,fábio48@pessoal.example,fábio48@emp004.example,66938011000125,,VAL-01,Matriz Curitiba,Coordenador,2015-12-15,2016-03-14,CLT,12880.00,2026-09-01,13595708,Avenida Central,1116,,Distrito Empresarial,Curitiba,PR
EMP004-0049,EMP004,INICIAL,00049,Carla Queiroz Teixeira,70623972611,1981-10-03,F,União estável,Yasmin Gomes,Brasileira,Curitiba,PR,48549719027,Médio completo,CNH,18074074,SSP,PR,2025-07-05,18006318,Rua do Comércio,569,,Industrial,Curitiba,PR,(70) 3569-7852,(32) 96629-4602,carla49@pessoal.example,carla49@emp004.example,66938011000125,,VAL-01,Matriz Curitiba,Coordenador,2016-12-12,,CLT,12075.00,2026-09-01,13595708,Avenida Central,1116,,Distrito Empresarial,Curitiba,PR
EMP004-0050,EMP004,INICIAL,00050,Heitor Cardoso Oliveira,87397740669,1998-01-09,F,Casado,Karina Oliveira,Brasileira,Curitiba,PR,65856382881,Médio completo,RG,64169926,SSP,PR,2019-02-04,81285951,Rua Sete de Setembro,1973,,Boa Vista,Curitiba,PR,(74) 3346-2361,(82) 91203-7662,heitor50@pessoal.example,heitor50@emp004.example,66938011000125,,VAL-01,Matriz Curitiba,Vendedor,2024-05-25,,CLT,2296.00,2026-09-01,13595708,Avenida Central,1116,,Distrito Empresarial,Curitiba,PR
EMP004-0051,EMP004,INICIAL,00051,Ana Queiroz Xavier,42799077226,1984-03-19,M,Casado,Lucas Vasconcelos,Brasileira,Curitiba,PR,12720442203,Pós-graduação,RG,52657620,DETRAN,PR,2023-10-25,14390822,Rua do Comércio,1754,Apto 12,Santa Luzia,Curitiba,PR,(89) 3655-4393,(98) 92326-6500,ana51@pessoal.example,ana51@emp004.example,66938011000125,,VAL-01,Matriz Curitiba,Assistente administrativo,2014-01-13,2014-04-13,CLT,2652.00,2026-09-01,13595708,Avenida Central,1116,,Distrito Empresarial,Curitiba,PR
EMP004-0052,EMP004,INICIAL,00052,Mariana Machado Prado,90552818321,1971-03-18,M,Casado,Rafael Dias,Brasileira,Curitiba,PR,90540417043,Pós-graduação,RG,31257672,DETRAN,PR,2015-10-27,45884163,Avenida das Flores,1742,Apto 12,Centro,Curitiba,PR,(19) 3481-6656,(68) 98966-9215,mariana52@pessoal.example,mariana52@emp004.example,66938011000125,,VAL-01,Matriz Curitiba,Auxiliar administrativo,2014-06-28,2014-09-26,CLT,2106.00,2026-09-01,13595708,Avenida Central,1116,,Distrito Empresarial,Curitiba,PR
EMP004-0053,EMP004,INICIAL,00053,Lucas Xavier Cardoso,37116241116,1972-05-23,M,Solteiro,Wesley Esteves,Brasileira,Curitiba,PR,39527870698,Pós-graduação,RG,40348536,DETRAN,PR,2024-04-14,27720413,Rua Sete de Setembro,1430,Casa 2,Boa Vista,Curitiba,PR,(93) 3121-5776,(35) 92031-1361,lucas53@pessoal.example,lucas53@emp004.example,66938011000125,,VAL-01,Matriz Curitiba,Coordenador,2025-12-04,,CLT,10005.00,2026-09-01,13595708,Avenida Central,1116,,Distrito Empresarial,Curitiba,PR
EMP004-0054,EMP004,INICIAL,00054,Karina Vasconcelos Vasconcelos,57988774930,1970-12-02,M,Casado,Isabela Holanda,Brasileira,Curitiba,PR,52823933720,Médio completo,RG,48395084,DETRAN,PR,2020-06-13,32328873,Avenida das Flores,668,Bloco B,Vila Nova,Curitiba,PR,(34) 3279-3514,(31) 94897-2915,karina54@pessoal.example,karina54@emp004.example,66938011000125,,VAL-01,Matriz Curitiba,Coordenador,2024-12-23,2025-03-23,CLT,10465.00,2026-09-01,13595708,Avenida Central,1116,,Distrito Empresarial,Curitiba,PR
EMP004-0055,EMP004,INICIAL,00055,Lucas Ferraz Gomes,80552578258,1988-12-09,M,Solteiro,Ana Nogueira,Brasileira,Curitiba,PR,30480629593,Superior completo,CNH,21945115,SSP,PR,2024-07-01,78103287,Rua do Comércio,1220,Casa 2,Vila Nova,Curitiba,PR,(84) 3782-3409,(83) 98243-6549,lucas55@pessoal.example,lucas55@emp004.example,66938011000125,,VAL-01,Matriz Curitiba,Coordenador,2017-11-03,2018-02-01,CLT,12880.00,2026-09-01,13595708,Avenida Central,1116,,Distrito Empresarial,Curitiba,PR
EMP004-0056,EMP004,INICIAL,00056,Diego Jardim Almeida,69375150909,1993-10-08,F,Casado,Zeca Ignácio,Brasileira,Curitiba,PR,83373458411,Superior completo,RG,69690958,DETRAN,PR,2008-09-20,75829146,Rua do Comércio,2480,Bloco B,São José,Curitiba,PR,(18) 3782-6915,(61) 93423-8006,diego56@pessoal.example,diego56@emp004.example,66938011000125,,VAL-01,Matriz Curitiba,Assistente administrativo,2024-05-10,2024-08-08,CLT,3196.00,2026-09-01,13595708,Avenida Central,1116,,Distrito Empresarial,Curitiba,PR
EMP004-0057,EMP004,INICIAL,00057,João Prado Siqueira,13767426676,1971-04-06,F,Casado,Gabriela Jardim,Brasileira,Curitiba,PR,82445471767,Superior completo,RG,80279578,DETRAN,PR,2003-12-20,10888369,Rua Sete de Setembro,1129,Casa 2,Jardim América,Curitiba,PR,(82) 3573-3243,(36) 94047-7254,joão57@pessoal.example,joão57@emp004.example,66938011000125,,VAL-01,Matriz Curitiba,Analista,2019-11-18,2020-02-16,CLT,5200.00,2026-09-01,13595708,Avenida Central,1116,,Distrito Empresarial,Curitiba,PR
EMP004-0058,EMP004,INICIAL,00058,Paulo Siqueira Prado,30024471453,1983-09-18,F,União estável,Wesley Vasconcelos,Brasileira,Curitiba,PR,75615147530,Médio completo,CNH,78989327,DETRAN,PR,2025-05-15,68528124,Rua do Comércio,1959,,Vila Nova,Curitiba,PR,(76) 3850-1287,(44) 93668-1958,paulo58@pessoal.example,paulo58@emp004.example,66938011000125,,VAL-01,Matriz Curitiba,Vendedor,2018-10-25,2019-01-23,CLT,2744.00,2026-09-01,13595708,Avenida Central,1116,,Distrito Empresarial,Curitiba,PR
EMP004-0059,EMP004,INICIAL,00059,Bruno Ignácio Machado,65044818305,1979-05-20,F,Solteiro,Tiago Ferraz,Brasileira,Curitiba,PR,56696787711,Pós-graduação,CNH,37434606,DETRAN,PR,2004-04-19,81728681,Avenida das Flores,1450,,Centro,Curitiba,PR,(28) 3630-5610,(58) 98944-7750,bruno59@pessoal.example,bruno59@emp004.example,66938011000125,,VAL-01,Matriz Curitiba,Analista,2015-08-30,2015-11-28,CLT,6292.00,2026-09-01,13595708,Avenida Central,1116,,Distrito Empresarial,Curitiba,PR
EMP004-0060,EMP004,INICIAL,00060,Queila Holanda Gomes,89888167146,1970-03-25,F,Solteiro,Paulo Machado,Brasileira,Curitiba,PR,28737089314,Superior completo,CNH,24113253,DETRAN,PR,2001-04-16,25917805,Avenida Brasil,537,,Santa Luzia,Curitiba,PR,(40) 3414-3053,(37) 93133-2287,queila60@pessoal.example,queila60@emp004.example,66938011000125,,VAL-01,Matriz Curitiba,Assistente administrativo,2015-06-20,2015-09-18,CLT,3842.00,2026-09-01,13595708,Avenida Central,1116,,Distrito Empresarial,Curitiba,PR
EMP004-0061,EMP004,INICIAL,00061,Zeca Queiroz Oliveira,03108907131,1985-10-03,M,Solteiro,Carla Jardim,Brasileira,Curitiba,PR,26125670644,Médio completo,RG,79866745,SSP,PR,2008-04-15,57182050,Rua das Palmeiras,381,,Industrial,Curitiba,PR,(46) 3693-6698,(56) 93630-9202,zeca61@pessoal.example,zeca61@emp004.example,66938011000125,,VAL-01,Matriz Curitiba,Auxiliar administrativo,2012-06-03,2012-09-01,CLT,2756.00,2026-09-01,13595708,Avenida Central,1116,,Distrito Empresarial,Curitiba,PR
EMP004-0062,EMP004,INICIAL,00062,Zeca Almeida Rezende,33428013875,2003-03-10,M,Divorciado,Wesley Teixeira,Brasileira,Curitiba,PR,31935791723,Superior completo,CNH,57920644,SSP,PR,2023-01-25,40541809,Rua Sete de Setembro,472,Apto 12,Centro,Curitiba,PR,(70) 3212-9515,(28) 99123-6918,zeca62@pessoal.example,zeca62@emp004.example,66938011000125,,VAL-01,Matriz Curitiba,Auxiliar administrativo,2024-12-19,2025-03-19,CLT,2678.00,2026-09-01,13595708,Avenida Central,1116,,Distrito Empresarial,Curitiba,PR
EMP004-0063,EMP004,INICIAL,00063,Paulo Dias Nogueira,47947386412,1983-05-16,M,Casado,Carla Queiroz,Brasileira,Curitiba,PR,33052985248,Médio completo,CNH,91207128,SSP,PR,2017-10-12,68795196,Avenida das Flores,358,,Jardim América,Curitiba,PR,(61) 3510-2666,(32) 92060-6959,paulo63@pessoal.example,paulo63@emp004.example,66938011000125,,VAL-01,Matriz Curitiba,Auxiliar administrativo,2019-05-11,,CLT,2392.00,2026-09-01,13595708,Avenida Central,1116,,Distrito Empresarial,Curitiba,PR
EMP004-0064,EMP004,INICIAL,00064,Nicolas Queiroz Ignácio,99465796778,1987-12-11,M,Casado,Zeca Prado,Brasileira,Curitiba,PR,75501214184,Superior completo,RG,85338531,SSP,PR,2001-05-01,23368540,Rua das Palmeiras,289,Casa 2,Santa Luzia,Curitiba,PR,(14) 3283-7269,(88) 96356-3502,nicolas64@pessoal.example,nicolas64@emp004.example,66938011000125,,VAL-01,Matriz Curitiba,Auxiliar administrativo,2017-03-22,2017-06-20,CLT,2756.00,2026-09-01,13595708,Avenida Central,1116,,Distrito Empresarial,Curitiba,PR
EMP004-0065,EMP004,INICIAL,00065,Olívia Gomes Jardim,77848588092,1999-04-09,F,União estável,Diego Nogueira,Brasileira,Curitiba,PR,65202674725,Superior completo,CNH,5829304,SSP,PR,2007-12-07,84714519,Rua do Comércio,682,Casa 2,Boa Vista,Curitiba,PR,(28) 3419-7374,(73) 92792-9037,olívia65@pessoal.example,olívia65@emp004.example,66938011000125,,VAL-01,Matriz Curitiba,Vendedor,2023-01-15,2023-04-15,CLT,3052.00,2026-09-01,13595708,Avenida Central,1116,,Distrito Empresarial,Curitiba,PR
EMP004-0066,EMP004,INICIAL,00066,Fábio Rezende Barbosa,64796954538,1967-10-04,F,Solteiro,Elisa Machado,Brasileira,Curitiba,PR,90496522440,Médio completo,CNH,52079694,SSP,PR,2019-03-16,56324312,Rua do Comércio,1697,Apto 12,Centro,Curitiba,PR,(95) 3350-5056,(41) 96113-2391,fábio66@pessoal.example,fábio66@emp004.example,66938011000125,,VAL-01,Matriz Curitiba,Coordenador,2024-08-10,,CLT,8970.00,2026-09-01,13595708,Avenida Central,1116,,Distrito Empresarial,Curitiba,PR
EMP004-0067,EMP004,INICIAL,00067,Fábio Almeida Siqueira,50769864082,1996-03-21,M,Solteiro,Karina Nogueira,Brasileira,Curitiba,PR,88694200563,Médio completo,CNH,14429380,SSP,PR,2015-01-26,76670159,Avenida das Flores,1400,,São José,Curitiba,PR,(49) 3472-8143,(36) 99142-2234,fábio67@pessoal.example,fábio67@emp004.example,66938011000125,,VAL-01,Matriz Curitiba,Auxiliar administrativo,2019-07-28,,CLT,2652.00,2026-09-01,13595708,Avenida Central,1116,,Distrito Empresarial,Curitiba,PR
EMP004-0068,EMP004,INICIAL,00068,João Teixeira Nogueira,39191954185,1990-05-30,M,União estável,Gabriela Machado,Brasileira,Curitiba,PR,80015899781,Superior completo,CNH,90047650,DETRAN,PR,2008-12-22,65608317,Rua Sete de Setembro,1039,Bloco B,São José,Curitiba,PR,(69) 3787-9971,(34) 91304-9457,joão68@pessoal.example,joão68@emp004.example,66938011000125,,VAL-01,Matriz Curitiba,Analista,2013-01-24,,CLT,5408.00,2026-09-01,13595708,Avenida Central,1116,,Distrito Empresarial,Curitiba,PR
EMP004-0069,EMP004,INICIAL,00069,Úrsula Siqueira Uchoa,69083572366,1971-10-02,M,União estável,Nicolas Lacerda,Brasileira,Curitiba,PR,22503241647,Pós-graduação,RG,56356542,DETRAN,PR,2012-11-15,96710377,Avenida Brasil,1060,Bloco B,Jardim América,Curitiba,PR,(62) 3344-2860,(30) 94144-1453,úrsula69@pessoal.example,úrsula69@emp004.example,66938011000125,,VAL-01,Matriz Curitiba,Coordenador,2018-01-03,2018-04-03,CLT,13340.00,2026-09-01,13595708,Avenida Central,1116,,Distrito Empresarial,Curitiba,PR
EMP004-0070,EMP004,INICIAL,00070,Nicolas Oliveira Vasconcelos,03242044851,1972-11-23,F,União estável,Ana Barbosa,Brasileira,Curitiba,PR,53310147603,Pós-graduação,CNH,9533790,DETRAN,PR,2016-04-20,98238841,Rua das Palmeiras,1635,,Jardim América,Curitiba,PR,(25) 3684-9196,(26) 99551-9605,nicolas70@pessoal.example,nicolas70@emp004.example,66938011000125,,VAL-01,Matriz Curitiba,Coordenador,2024-07-22,2024-10-20,CLT,13685.00,2026-09-01,13595708,Avenida Central,1116,,Distrito Empresarial,Curitiba,PR
EMP005-0001,EMP005,INICIAL,00001,Diego Ferraz Gomes,47649078523,1996-05-20,F,Divorciado,Rafael Oliveira,Brasileira,Recife,PE,57867030537,Superior completo,CNH,42362065,SSP,PE,2001-07-24,98882124,Rua das Palmeiras,991,Apto 12,São José,Recife,PE,(60) 3416-6945,(98) 92999-9763,diego1@pessoal.example,diego1@emp005.example,39155963000108,,PRI-01,Loja Recife Centro,Auxiliar administrativo,2015-03-27,,CLT,3068.00,2026-09-01,69005622,Avenida Central,3804,,Distrito Empresarial,Recife,PE
EMP005-0002,EMP005,INICIAL,00002,Isabela Jardim Cardoso,34327560464,1983-11-13,F,União estável,Paulo Oliveira,Brasileira,Recife,PE,79840334657,Médio completo,CNH,57488286,DETRAN,PE,2020-05-01,13670974,Rua das Palmeiras,762,Casa 2,Industrial,Recife,PE,(93) 3239-1050,(62) 94278-6006,isabela2@pessoal.example,isabela2@emp005.example,39155963000108,,PRI-01,Loja Recife Centro,Vendedor,2020-10-24,2021-01-22,CLT,2212.00,2026-09-01,69005622,Avenida Central,3804,,Distrito Empresarial,Recife,PE
EMP005-0003,EMP005,INICIAL,00003,Wesley Vasconcelos Esteves,96577242950,2002-02-01,M,Divorciado,Gabriela Cardoso,Brasileira,Recife,PE,62320815964,Superior completo,RG,3782955,SSP,PE,2025-01-19,96853189,Avenida das Flores,946,,Boa Vista,Recife,PE,(36) 3368-3764,(17) 97570-8027,wesley3@pessoal.example,wesley3@emp005.example,39155963000108,,PRI-01,Loja Recife Centro,Auxiliar administrativo,2023-08-01,2023-10-30,CLT,2132.00,2026-09-01,69005622,Avenida Central,3804,,Distrito Empresarial,Recife,PE
EMP005-0004,EMP005,INICIAL,00004,Diego Almeida Rezende,67713334424,1998-06-26,M,União estável,Elisa Oliveira,Brasileira,Recife,PE,38347139729,Superior completo,RG,57147435,SSP,PE,2018-04-29,29588118,Rua das Palmeiras,1198,Apto 12,Jardim América,Recife,PE,(90) 3561-5068,(58) 98506-2404,diego4@pessoal.example,diego4@emp005.example,39155963000108,,PRI-01,Loja Recife Centro,Auxiliar administrativo,2024-09-20,2024-12-19,CLT,2132.00,2026-09-01,69005622,Avenida Central,3804,,Distrito Empresarial,Recife,PE
EMP005-0005,EMP005,INICIAL,00005,Wesley Nogueira Oliveira,94118005301,1986-02-15,M,Solteiro,Ana Ignácio,Brasileira,Recife,PE,50290820523,Superior completo,CNH,18748717,SSP,PE,2008-01-17,44935754,Avenida Brasil,2073,Casa 2,Vila Nova,Recife,PE,(70) 3235-2468,(51) 99690-8093,wesley5@pessoal.example,wesley5@emp005.example,39155963000108,,PRI-01,Loja Recife Centro,Analista,2016-10-04,2017-01-02,CLT,4212.00,2026-09-01,69005622,Avenida Central,3804,,Distrito Empresarial,Recife,PE
EMP005-0006,EMP005,INICIAL,00006,Isabela Machado Oliveira,44948562580,1998-01-20,M,Casado,Rafael Xavier,Brasileira,Recife,PE,16184708227,Médio completo,RG,8323881,SSP,PE,2008-03-19,14813349,Rua Sete de Setembro,1075,,Santa Luzia,Recife,PE,(70) 3546-2900,(74) 91668-8233,isabela6@pessoal.example,isabela6@emp005.example,39155963000108,,PRI-01,Loja Recife Centro,Auxiliar administrativo,2023-03-13,2023-06-11,CLT,2860.00,2026-09-01,69005622,Avenida Central,3804,,Distrito Empresarial,Recife,PE
EMP005-0007,EMP005,INICIAL,00007,Diego Esteves Dias,51342284933,2004-12-18,F,Solteiro,Queila Teixeira,Brasileira,Recife,PE,22543079180,Médio completo,CNH,91853123,SSP,PE,2014-09-28,13484583,Rua do Comércio,509,Casa 2,Vila Nova,Recife,PE,(86) 3208-6300,(30) 91473-2328,diego7@pessoal.example,diego7@emp005.example,39155963000108,,PRI-01,Loja Recife Centro,Analista,2023-01-21,2023-04-21,CLT,5720.00,2026-09-01,69005622,Avenida Central,3804,,Distrito Empresarial,Recife,PE
EMP005-0008,EMP005,INICIAL,00008,Isabela Uchoa Xavier,05097592387,2003-09-22,F,Divorciado,Karina Barbosa,Brasileira,Recife,PE,64126429953,Médio completo,CNH,35247519,SSP,PE,2010-10-08,63541768,Rua das Palmeiras,94,,Jardim América,Recife,PE,(60) 3898-7592,(47) 93525-2975,isabela8@pessoal.example,isabela8@emp005.example,39155963000108,,PRI-01,Loja Recife Centro,Analista,2026-02-03,2026-05-04,CLT,5980.00,2026-09-01,69005622,Avenida Central,3804,,Distrito Empresarial,Recife,PE
EMP005-0009,EMP005,INICIAL,00009,Vinícius Dias Machado,83776749989,1983-12-24,F,União estável,Lucas Uchoa,Brasileira,Recife,PE,68543351685,Médio completo,RG,69899524,DETRAN,PE,2020-10-16,40095669,Avenida Brasil,2038,Bloco B,Santa Luzia,Recife,PE,(93) 3637-2375,(48) 98671-8165,vinícius9@pessoal.example,vinícius9@emp005.example,39155963000108,,PRI-01,Loja Recife Centro,Auxiliar administrativo,2020-01-20,2020-04-19,CLT,2990.00,2026-09-01,69005622,Avenida Central,3804,,Distrito Empresarial,Recife,PE
EMP005-0010,EMP005,INICIAL,00010,Vinícius Jardim Holanda,86490810883,1969-10-30,M,União estável,Diego Prado,Brasileira,Recife,PE,58332900501,Superior completo,RG,68571186,SSP,PE,2005-02-09,98795539,Rua Sete de Setembro,745,,Industrial,Recife,PE,(61) 3146-2364,(64) 95876-6143,vinícius10@pessoal.example,vinícius10@emp005.example,39155963000108,,PRI-01,Loja Recife Centro,Auxiliar administrativo,2014-11-12,2015-02-10,CLT,2548.00,2026-09-01,69005622,Avenida Central,3804,,Distrito Empresarial,Recife,PE
EMP005-0011,EMP005,INICIAL,00011,Fábio Gomes Ferraz,19416800627,1970-03-27,F,Casado,Úrsula Queiroz,Brasileira,Recife,PE,94800894416,Pós-graduação,CNH,41641125,DETRAN,PE,2017-09-19,50621889,Rua das Palmeiras,522,,Centro,Recife,PE,(35) 3214-1260,(35) 91439-4428,fábio11@pessoal.example,fábio11@emp005.example,39155963000108,,PRI-01,Loja Recife Centro,Gerente,2019-08-28,2019-11-26,CLT,13120.00,2026-09-01,69005622,Avenida Central,3804,,Distrito Empresarial,Recife,PE
EMP005-0012,EMP005,INICIAL,00012,Rafael Gomes Cardoso,47276012220,1998-02-21,M,União estável,Paulo Almeida,Brasileira,Recife,PE,42578298756,Médio completo,CNH,77427662,DETRAN,PE,2002-04-14,54808596,Rua das Palmeiras,430,Casa 2,Boa Vista,Recife,PE,(74) 3854-5764,(15) 98987-7548,rafael12@pessoal.example,rafael12@emp005.example,39155963000108,,PRI-01,Loja Recife Centro,Analista,2026-01-15,2026-04-15,CLT,5460.00,2026-09-01,69005622,Avenida Central,3804,,Distrito Empresarial,Recife,PE
EMP005-0013,EMP005,INICIAL,00013,Queila Almeida Oliveira,95814671734,1992-12-07,M,União estável,Wesley Oliveira,Brasileira,Recife,PE,75250007736,Superior completo,CNH,32152352,SSP,PE,2015-03-19,90812511,Rua Sete de Setembro,547,Apto 12,Santa Luzia,Recife,PE,(60) 3526-6902,(71) 93654-4394,queila13@pessoal.example,queila13@emp005.example,39155963000108,,PRI-01,Loja Recife Centro,Auxiliar administrativo,2013-05-12,2013-08-10,CLT,2912.00,2026-09-01,69005622,Avenida Central,3804,,Distrito Empresarial,Recife,PE
EMP005-0014,EMP005,INICIAL,00014,Gabriela Ferraz Uchoa,71674338023,1965-10-25,M,Divorciado,Lucas Xavier,Brasileira,Recife,PE,82561142331,Médio completo,RG,46329991,DETRAN,PE,2005-02-10,92887892,Avenida Brasil,504,Bloco B,Jardim América,Recife,PE,(73) 3364-6575,(56) 91764-5382,gabriela14@pessoal.example,gabriela14@emp005.example,39155963000108,,PRI-01,Loja Recife Centro,Auxiliar administrativo,2015-11-20,,CLT,3068.00,2026-09-01,69005622,Avenida Central,3804,,Distrito Empresarial,Recife,PE
EMP005-0015,EMP005,INICIAL,00015,Olívia Dias Dias,99180812104,1984-01-25,F,Divorciado,Fábio Jardim,Brasileira,Recife,PE,81992090158,Superior completo,RG,21709222,DETRAN,PE,2015-01-04,28491507,Rua das Palmeiras,836,Casa 2,Boa Vista,Recife,PE,(11) 3351-8760,(54) 95698-9274,olívia15@pessoal.example,olívia15@emp005.example,39155963000108,,PRI-01,Loja Recife Centro,Vendedor,2021-10-26,2022-01-24,CLT,2464.00,2026-09-01,69005622,Avenida Central,3804,,Distrito Empresarial,Recife,PE
EMP005-0016,EMP005,INICIAL,00016,Vinícius Holanda Esteves,86326667895,2000-08-23,M,Solteiro,Olívia Esteves,Brasileira,Recife,PE,18888783527,Superior completo,CNH,54908666,SSP,PE,2019-06-21,18250139,Rua Sete de Setembro,161,,São José,Recife,PE,(18) 3746-9516,(48) 97869-7586,vinícius16@pessoal.example,vinícius16@emp005.example,39155963000108,,PRI-01,Loja Recife Centro,Gerente,2026-02-12,,CLT,17600.00,2026-09-01,69005622,Avenida Central,3804,,Distrito Empresarial,Recife,PE
EMP005-0017,EMP005,INICIAL,00017,Ana Ignácio Rezende,92673899715,1996-04-15,M,União estável,Zeca Gomes,Brasileira,Recife,PE,14656951106,Pós-graduação,CNH,53344046,SSP,PE,2023-05-07,82583635,Rua do Comércio,885,,São José,Recife,PE,(81) 3419-9541,(54) 93621-1383,ana17@pessoal.example,ana17@emp005.example,39155963000108,,PRI-01,Loja Recife Centro,Gerente,2019-09-20,2019-12-19,CLT,18400.00,2026-09-01,69005622,Avenida Central,3804,,Distrito Empresarial,Recife,PE
EMP005-0018,EMP005,INICIAL,00018,Yasmin Oliveira Rezende,10548510180,1985-02-17,M,Solteiro,Olívia Lacerda,Argentina,Recife,PE,91557134313,Pós-graduação,RG,48021454,DETRAN,PE,2012-10-05,99512805,Avenida das Flores,583,Casa 2,São José,Recife,PE,(42) 3207-6371,(77) 94154-6919,yasmin18@pessoal.example,yasmin18@emp005.example,39155963000108,,PRI-01,Loja Recife Centro,Auxiliar administrativo,2018-10-25,2019-01-23,CLT,2132.00,2026-09-01,69005622,Avenida Central,3804,,Distrito Empresarial,Recife,PE
EMP005-0019,EMP005,INICIAL,00019,Carla Barbosa Oliveira,27371586999,1990-01-28,M,Divorciado,Sofia Queiroz,Brasileira,Recife,PE,74409527629,Pós-graduação,CNH,99209387,DETRAN,PE,2007-04-22,29373816,Avenida das Flores,530,Casa 2,Santa Luzia,Recife,PE,(69) 3232-9408,(78) 92934-4483,carla19@pessoal.example,carla19@emp005.example,39155963000108,,PRI-01,Loja Recife Centro,Analista,2013-11-02,2014-01-31,CLT,4004.00,2026-09-01,69005622,Avenida Central,3804,,Distrito Empresarial,Recife,PE
EMP005-0020,EMP005,INICIAL,00020,Tiago Oliveira Dias,15940821545,1978-09-05,M,Divorciado,João Queiroz,Brasileira,Recife,PE,27793488564,Pós-graduação,CNH,7529832,DETRAN,PE,2012-09-18,38934853,Avenida Brasil,2012,,Centro,Recife,PE,(81) 3457-2106,(16) 97841-8883,tiago20@pessoal.example,tiago20@emp005.example,39155963000108,,PRI-01,Loja Recife Centro,Gerente,2014-08-30,2014-11-28,CLT,16480.00,2026-09-01,69005622,Avenida Central,3804,,Distrito Empresarial,Recife,PE
EMP005-0021,EMP005,INICIAL,00021,Yasmin Uchoa Esteves,28777251970,1994-10-23,M,União estável,Heitor Nogueira,Brasileira,Recife,PE,97090662880,Médio completo,RG,95919935,SSP,PE,2025-08-28,94571826,Rua do Comércio,2308,,Santa Luzia,Recife,PE,(82) 3187-4152,(90) 99877-1866,yasmin21@pessoal.example,yasmin21@emp005.example,39155963000108,,PRI-01,Loja Recife Centro,Analista,2022-08-29,,CLT,5252.00,2026-09-01,69005622,Avenida Central,3804,,Distrito Empresarial,Recife,PE
EMP005-0022,EMP005,INICIAL,00022,Vinícius Siqueira Ferraz,04339718947,1979-05-17,M,Solteiro,Paulo Almeida,Brasileira,Recife,PE,66609850824,Médio completo,CNH,52272646,DETRAN,PE,2004-01-31,25387340,Rua das Palmeiras,2229,,Vila Nova,Recife,PE,(29) 3287-5187,(22) 93526-6026,vinícius22@pessoal.example,vinícius22@emp005.example,39155963000108,,PRI-01,Loja Recife Centro,Vendedor,2014-09-12,,CLT,3052.00,2026-09-01,69005622,Avenida Central,3804,,Distrito Empresarial,Recife,PE
EMP005-0023,EMP005,INICIAL,00023,Ana Barbosa Jardim,61526546108,1967-04-30,F,Casado,Zeca Uchoa,Brasileira,Recife,PE,80836807311,Pós-graduação,CNH,16445960,DETRAN,PE,2002-09-20,52726394,Rua Sete de Setembro,2275,Casa 2,Centro,Recife,PE,(72) 3129-7676,(92) 94829-1305,ana23@pessoal.example,ana23@emp005.example,39155963000108,,PRI-01,Loja Recife Centro,Gerente,2016-01-26,2016-04-25,CLT,19680.00,2026-09-01,69005622,Avenida Central,3804,,Distrito Empresarial,Recife,PE
EMP005-0024,EMP005,INICIAL,00024,Úrsula Esteves Jardim,96718325805,1972-07-18,F,União estável,Rafael Prado,Brasileira,Recife,PE,73619820330,Pós-graduação,CNH,88652074,SSP,PE,2000-01-09,18076555,Rua Sete de Setembro,1129,Bloco B,Vila Nova,Recife,PE,(98) 3489-6757,(91) 94485-9361,úrsula24@pessoal.example,úrsula24@emp005.example,39155963000108,,PRI-01,Loja Recife Centro,Auxiliar administrativo,2024-06-10,2024-09-08,CLT,2158.00,2026-09-01,69005622,Avenida Central,3804,,Distrito Empresarial,Recife,PE
EMP005-0025,EMP005,INICIAL,00025,Mariana Dias Esteves,84639855486,1978-10-07,M,Divorciado,Heitor Xavier,Argentina,Recife,PE,37237092623,Superior completo,CNH,3130654,SSP,PE,2000-02-03,91709974,Rua Sete de Setembro,27,,Santa Luzia,Recife,PE,(33) 3523-9011,(61) 99816-2329,mariana25@pessoal.example,mariana25@emp005.example,39155963000108,,PRI-01,Loja Recife Centro,Gerente,2014-01-04,2014-04-04,CLT,17120.00,2026-09-01,69005622,Avenida Central,3804,,Distrito Empresarial,Recife,PE
EMP005-0026,EMP005,INICIAL,00026,Vinícius Dias Machado,69562017559,1973-08-28,M,Solteiro,Heitor Almeida,Brasileira,Recife,PE,60290621529,Médio completo,RG,83334886,DETRAN,PE,2009-12-02,41441568,Rua Sete de Setembro,1496,,Vila Nova,Recife,PE,(74) 3820-4425,(11) 94212-7489,vinícius26@pessoal.example,vinícius26@emp005.example,39155963000108,,PRI-01,Loja Recife Centro,Vendedor,2021-12-25,2022-03-25,CLT,2492.00,2026-09-01,69005622,Avenida Central,3804,,Distrito Empresarial,Recife,PE
EMP005-0027,EMP005,INICIAL,00027,Gabriela Xavier Teixeira,99219212404,1990-07-26,F,Divorciado,Gabriela Xavier,Brasileira,Recife,PE,85925291373,Pós-graduação,CNH,92359370,DETRAN,PE,2000-02-02,67326334,Rua das Palmeiras,1333,Casa 2,Industrial,Recife,PE,(63) 3380-2994,(98) 99491-8644,gabriela27@pessoal.example,gabriela27@emp005.example,39155963000108,,PRI-01,Loja Recife Centro,Auxiliar administrativo,2024-05-17,2024-08-15,CLT,2626.00,2026-09-01,69005622,Avenida Central,3804,,Distrito Empresarial,Recife,PE
EMP005-0028,EMP005,INICIAL,00028,Isabela Oliveira Siqueira,75063519008,1978-01-28,F,União estável,Carla Holanda,Brasileira,Recife,PE,50068714718,Médio completo,RG,4741017,DETRAN,PE,2019-05-18,13224383,Avenida das Flores,1379,Apto 12,Jardim América,Recife,PE,(24) 3584-4905,(54) 91891-6465,isabela28@pessoal.example,isabela28@emp005.example,39155963000108,,PRI-01,Loja Recife Centro,Auxiliar administrativo,2013-01-19,2013-04-19,CLT,2262.00,2026-09-01,69005622,Avenida Central,3804,,Distrito Empresarial,Recife,PE
EMP005-0029,EMP005,INICIAL,00029,Úrsula Prado Teixeira,11006512098,1980-12-28,M,Solteiro,João Uchoa,Brasileira,Recife,PE,23167468900,Pós-graduação,RG,76062345,SSP,PE,2013-03-24,61198088,Rua Sete de Setembro,402,Bloco B,Industrial,Recife,PE,(63) 3338-1173,(69) 97290-8605,úrsula29@pessoal.example,úrsula29@emp005.example,39155963000108,,PRI-01,Loja Recife Centro,Analista,2014-02-22,2014-05-23,CLT,6188.00,2026-09-01,69005622,Avenida Central,3804,,Distrito Empresarial,Recife,PE
EMP005-0030,EMP005,INICIAL,00030,Olívia Rezende Lacerda,93110919362,1985-07-27,F,Divorciado,Lucas Oliveira,Brasileira,Recife,PE,72796076407,Médio completo,RG,19478117,SSP,PE,2002-09-18,27137020,Rua do Comércio,2404,Casa 2,São José,Recife,PE,(94) 3872-6861,(50) 99866-3385,olívia30@pessoal.example,olívia30@emp005.example,39155963000108,,PRI-01,Loja Recife Centro,Gerente,2012-07-31,2012-10-29,CLT,14400.00,2026-09-01,69005622,Avenida Central,3804,,Distrito Empresarial,Recife,PE
EMP005-0031,EMP005,INICIAL,00031,Ana Rezende Teixeira,20388065354,1973-12-27,F,Solteiro,Karina Gomes,Brasileira,Recife,PE,74346870416,Pós-graduação,CNH,78632976,DETRAN,PE,2013-06-10,66196330,Rua do Comércio,674,,Boa Vista,Recife,PE,(16) 3607-4594,(11) 94654-4772,ana31@pessoal.example,ana31@emp005.example,39155963000108,,PRI-01,Loja Recife Centro,Gerente,2020-04-09,2020-07-08,CLT,13760.00,2026-09-01,69005622,Avenida Central,3804,,Distrito Empresarial,Recife,PE
EMP005-0032,EMP005,INICIAL,00032,Gabriela Nogueira Ferraz,05015081200,1978-01-13,M,Casado,Úrsula Teixeira,Brasileira,Recife,PE,15840765702,Médio completo,RG,27551621,DETRAN,PE,2007-10-24,39386305,Rua do Comércio,723,Apto 12,Industrial,Recife,PE,(81) 3351-3925,(36) 91352-3884,gabriela32@pessoal.example,gabriela32@emp005.example,39155963000108,,PRI-01,Loja Recife Centro,Gerente,2020-06-06,,CLT,19360.00,2026-09-01,69005622,Avenida Central,3804,,Distrito Empresarial,Recife,PE
EMP005-0033,EMP005,INICIAL,00033,Úrsula Dias Lacerda,34735528954,1984-07-20,M,Solteiro,Diego Esteves,Brasileira,Recife,PE,36584306237,Pós-graduação,CNH,94194602,DETRAN,PE,2014-04-06,90470126,Rua Sete de Setembro,1011,,Industrial,Recife,PE,(89) 3701-4098,(79) 95819-3434,úrsula33@pessoal.example,úrsula33@emp005.example,39155963000108,,PRI-01,Loja Recife Centro,Auxiliar administrativo,2020-07-01,2020-09-29,CLT,2028.00,2026-09-01,69005622,Avenida Central,3804,,Distrito Empresarial,Recife,PE
EMP005-0034,EMP005,INICIAL,00034,Sofia Queiroz Gomes,17912868526,1987-05-14,M,Casado,Karina Machado,Brasileira,Recife,PE,78529432559,Superior completo,CNH,79005556,DETRAN,PE,2001-08-22,37809859,Avenida Brasil,841,Casa 2,Industrial,Recife,PE,(41) 3505-4581,(50) 97963-7178,sofia34@pessoal.example,sofia34@emp005.example,39155963000108,,PRI-01,Loja Recife Centro,Auxiliar administrativo,2023-05-26,2023-08-24,CLT,3172.00,2026-09-01,69005622,Avenida Central,3804,,Distrito Empresarial,Recife,PE
EMP005-0035,EMP005,INICIAL,00035,Carla Esteves Cardoso,47853907869,1992-11-11,M,União estável,Olívia Prado,Brasileira,Recife,PE,55086604139,Superior completo,CNH,4317620,SSP,PE,2019-10-24,41378816,Rua do Comércio,320,Apto 12,Centro,Recife,PE,(48) 3962-9220,(76) 99956-2280,carla35@pessoal.example,carla35@emp005.example,39155963000108,,PRI-01,Loja Recife Centro,Gerente,2024-05-07,2024-08-05,CLT,19360.00,2026-09-01,69005622,Avenida Central,3804,,Distrito Empresarial,Recife,PE
EMP005-0036,EMP005,INICIAL,00036,Lucas Barbosa Siqueira,35354443903,1971-03-09,M,Solteiro,Zeca Jardim,Brasileira,Recife,PE,65821012769,Superior completo,RG,64351303,SSP,PE,2017-10-30,40545068,Avenida Brasil,869,Casa 2,Jardim América,Recife,PE,(77) 3701-8679,(70) 96581-2406,lucas36@pessoal.example,lucas36@emp005.example,39155963000108,,PRI-01,Loja Recife Centro,Vendedor,2013-08-07,2013-11-05,CLT,2352.00,2026-09-01,69005622,Avenida Central,3804,,Distrito Empresarial,Recife,PE
EMP005-0037,EMP005,INICIAL,00037,Olívia Siqueira Almeida,52924075505,1975-02-12,M,União estável,Vinícius Nogueira,Brasileira,Recife,PE,85980198869,Superior completo,CNH,79779778,SSP,PE,2025-06-17,14323017,Avenida Brasil,639,Apto 12,São José,Recife,PE,(91) 3918-7404,(59) 94345-7400,olívia37@pessoal.example,olívia37@emp005.example,39155963000108,,PRI-01,Loja Recife Centro,Auxiliar administrativo,2021-11-02,2022-01-31,CLT,2444.00,2026-09-01,69005622,Avenida Central,3804,,Distrito Empresarial,Recife,PE
EMP005-0038,EMP005,INICIAL,00038,Sofia Prado Vasconcelos,41218209755,1966-03-16,F,Casado,Carla Nogueira,Brasileira,Recife,PE,49655602393,Pós-graduação,RG,62023927,SSP,PE,2016-07-14,79596144,Rua das Palmeiras,713,Apto 12,Industrial,Recife,PE,(63) 3500-3572,(25) 93115-9789,sofia38@pessoal.example,sofia38@emp005.example,39155963000108,,PRI-01,Loja Recife Centro,Vendedor,2019-05-17,2019-08-15,CLT,3136.00,2026-09-01,69005622,Avenida Central,3804,,Distrito Empresarial,Recife,PE
EMP005-0039,EMP005,INICIAL,00039,Gabriela Jardim Oliveira,72994938707,1977-05-10,F,Solteiro,Elisa Prado,Brasileira,Recife,PE,93319088105,Médio completo,CNH,77400632,DETRAN,PE,2020-08-22,72101932,Avenida das Flores,170,,Vila Nova,Recife,PE,(93) 3567-6681,(49) 97407-3869,gabriela39@pessoal.example,gabriela39@emp005.example,39155963000108,,PRI-01,Loja Recife Centro,Auxiliar administrativo,2014-11-30,2015-02-28,CLT,2184.00,2026-09-01,69005622,Avenida Central,3804,,Distrito Empresarial,Recife,PE
EMP005-0040,EMP005,INICIAL,00040,Vinícius Ferraz Teixeira,16032484122,1996-04-24,F,União estável,Nicolas Siqueira,Brasileira,Recife,PE,20173626768,Médio completo,CNH,56042162,DETRAN,PE,2007-05-24,43925761,Avenida Brasil,2082,,Boa Vista,Recife,PE,(14) 3174-8567,(59) 96630-7542,vinícius40@pessoal.example,vinícius40@emp005.example,39155963000108,,PRI-01,Loja Recife Centro,Analista,2020-08-17,,CLT,4940.00,2026-09-01,69005622,Avenida Central,3804,,Distrito Empresarial,Recife,PE
EMP005-0041,EMP005,INICIAL,00041,Wesley Esteves Lacerda,77711837275,1986-02-13,M,Casado,Fábio Almeida,Brasileira,Recife,PE,49415931097,Médio completo,CNH,23609429,SSP,PE,2000-07-02,46675298,Avenida Brasil,1814,Apto 12,Jardim América,Recife,PE,(38) 3831-1564,(97) 99721-4541,wesley41@pessoal.example,wesley41@emp005.example,39155963000108,,PRI-01,Loja Recife Centro,Gerente,2014-07-28,2014-10-26,CLT,12320.00,2026-09-01,69005622,Avenida Central,3804,,Distrito Empresarial,Recife,PE
EMP005-0042,EMP005,INICIAL,00042,Olívia Barbosa Uchoa,00633533181,1965-09-20,M,Solteiro,Ana Lacerda,Brasileira,Recife,PE,40336090531,Médio completo,RG,98175178,SSP,PE,2001-12-22,65791626,Avenida das Flores,451,Apto 12,Vila Nova,Recife,PE,(82) 3741-4105,(90) 94393-9875,olívia42@pessoal.example,olívia42@emp005.example,39155963000108,,PRI-01,Loja Recife Centro,Analista,2018-11-30,2019-02-28,CLT,4992.00,2026-09-01,69005622,Avenida Central,3804,,Distrito Empresarial,Recife,PE
EMP006-0001,EMP006,INICIAL,00001,Gabriela Prado Holanda,14950136429,1999-06-07,M,Solteiro,Wesley Siqueira,Brasileira,Salvador,BA,33919553605,Superior completo,RG,81512805,DETRAN,BA,2017-06-06,27841755,Rua do Comércio,728,Apto 12,Industrial,Salvador,BA,(96) 3593-2106,(53) 91289-8354,gabriela1@pessoal.example,gabriela1@emp006.example,33155206000140,,ATL-01,Hospital Salvador,Técnico de enfermagem,2020-09-23,2020-12-22,CLT,3852.00,2026-09-01,31969761,Avenida Central,4629,,Distrito Empresarial,Salvador,BA
EMP006-0002,EMP006,INICIAL,00002,Ana Uchoa Dias,43639102592,1987-05-17,M,Casado,Elisa Nogueira,Brasileira,Salvador,BA,40227579196,Pós-graduação,CNH,45116005,SSP,BA,2012-06-22,52619317,Rua das Palmeiras,2143,Casa 2,Santa Luzia,Salvador,BA,(47) 3868-1388,(40) 96427-6615,ana2@pessoal.example,ana2@emp006.example,33155206000140,,ATL-01,Hospital Salvador,Técnico de enfermagem,2017-03-20,2017-06-18,CLT,3672.00,2026-09-01,31969761,Avenida Central,4629,,Distrito Empresarial,Salvador,BA
EMP006-0003,EMP006,INICIAL,00003,Mariana Rezende Lacerda,27017130219,1974-02-28,F,Solteiro,Fábio Teixeira,Brasileira,Salvador,BA,40942547860,Pós-graduação,RG,58208939,DETRAN,BA,2013-12-21,32033022,Avenida Brasil,1013,Casa 2,Jardim América,Salvador,BA,(88) 3354-5966,(47) 98344-4299,mariana3@pessoal.example,mariana3@emp006.example,33155206000140,,ATL-01,Hospital Salvador,Enfermeiro,2025-08-21,2025-11-19,CLT,7068.00,2026-09-01,31969761,Avenida Central,4629,,Distrito Empresarial,Salvador,BA
EMP006-0004,EMP006,INICIAL,00004,Mariana Ferraz Queiroz,76896270640,1984-03-04,F,Divorciado,Tiago Siqueira,Brasileira,Salvador,BA,34595766888,Superior completo,CNH,63230215,DETRAN,BA,2020-05-06,48013916,Rua Sete de Setembro,2312,Bloco B,Boa Vista,Salvador,BA,(20) 3441-3238,(71) 94206-3535,mariana4@pessoal.example,mariana4@emp006.example,33155206000140,,ATL-01,Hospital Salvador,Auxiliar administrativo,2020-12-06,,CLT,1950.00,2026-09-01,31969761,Avenida Central,4629,,Distrito Empresarial,Salvador,BA
EMP006-0005,EMP006,INICIAL,00005,Nicolas Nogueira Machado,67491601669,1990-05-16,F,Casado,Zeca Oliveira,Portuguesa,Salvador,BA,80216610802,Pós-graduação,CNH,86225538,DETRAN,BA,2002-08-03,97363169,Rua Sete de Setembro,1746,,Jardim América,Salvador,BA,(72) 3135-6921,(91) 91462-3422,nicolas5@pessoal.example,nicolas5@emp006.example,33155206000140,,ATL-01,Hospital Salvador,Analista,2021-01-27,2021-04-27,CLT,5096.00,2026-09-01,31969761,Avenida Central,4629,,Distrito Empresarial,Salvador,BA
EMP006-0006,EMP006,INICIAL,00006,Tiago Teixeira Xavier,20116691891,1985-10-26,F,União estável,Fábio Oliveira,Brasileira,Salvador,BA,80017499880,Pós-graduação,CNH,79662295,DETRAN,BA,2018-06-18,21928391,Rua das Palmeiras,2355,Apto 12,Industrial,Salvador,BA,(29) 3375-4432,(61) 96047-1105,tiago6@pessoal.example,tiago6@emp006.example,33155206000140,,ATL-01,Hospital Salvador,Auxiliar administrativo,2017-07-19,,CLT,3016.00,2026-09-01,31969761,Avenida Central,4629,,Distrito Empresarial,Salvador,BA
EMP006-0007,EMP006,INICIAL,00007,Zeca Oliveira Rezende,64622522357,1986-10-28,F,Solteiro,Olívia Teixeira,Brasileira,Salvador,BA,36567113117,Médio completo,RG,26754346,DETRAN,BA,2018-05-03,69153839,Avenida das Flores,457,,Centro,Salvador,BA,(48) 3187-7188,(26) 95534-2052,zeca7@pessoal.example,zeca7@emp006.example,33155206000140,,ATL-01,Hospital Salvador,Técnico de enfermagem,2013-07-26,2013-10-24,CLT,3744.00,2026-09-01,31969761,Avenida Central,4629,,Distrito Empresarial,Salvador,BA
EMP006-0008,EMP006,INICIAL,00008,Ana Barbosa Ignácio,09013806953,1988-04-30,M,União estável,Paulo Lacerda,Brasileira,Salvador,BA,58690112360,Pós-graduação,CNH,43308622,SSP,BA,2016-03-15,99265296,Rua Sete de Setembro,1560,Bloco B,Centro,Salvador,BA,(56) 3994-6410,(23) 91050-8486,ana8@pessoal.example,ana8@emp006.example,33155206000140,,ATL-01,Hospital Salvador,Analista,2014-04-05,,CLT,4940.00,2026-09-01,31969761,Avenida Central,4629,,Distrito Empresarial,Salvador,BA
EMP006-0009,EMP006,INICIAL,00009,Diego Rezende Ignácio,35797863006,1993-08-16,M,Solteiro,Úrsula Machado,Brasileira,Salvador,BA,56109965871,Pós-graduação,CNH,32347711,DETRAN,BA,2017-12-13,92220752,Rua das Palmeiras,1436,Casa 2,Boa Vista,Salvador,BA,(95) 3977-2645,(60) 95814-4196,diego9@pessoal.example,diego9@emp006.example,33155206000140,,ATL-01,Hospital Salvador,Técnico de enfermagem,2025-07-01,2025-09-29,CLT,4248.00,2026-09-01,31969761,Avenida Central,4629,,Distrito Empresarial,Salvador,BA
EMP006-0010,EMP006,INICIAL,00010,Carla Jardim Xavier,87271783318,1974-06-30,F,Solteiro,Diego Oliveira,Argentina,Salvador,BA,31600343078,Superior completo,CNH,38628993,SSP,BA,2011-07-22,99379971,Rua Sete de Setembro,514,,São José,Salvador,BA,(92) 3842-9060,(22) 96452-4666,carla10@pessoal.example,carla10@emp006.example,33155206000140,,ATL-01,Hospital Salvador,Enfermeiro,2023-03-03,,CLT,7006.00,2026-09-01,31969761,Avenida Central,4629,,Distrito Empresarial,Salvador,BA
EMP006-0011,EMP006,INICIAL,00011,Wesley Nogueira Vasconcelos,86334141120,1968-12-31,M,Casado,Yasmin Dias,Brasileira,Salvador,BA,88942336873,Pós-graduação,RG,42714724,SSP,BA,2024-01-10,35482265,Rua Sete de Setembro,1745,Apto 12,Industrial,Salvador,BA,(57) 3916-3069,(77) 94639-2746,wesley11@pessoal.example,wesley11@emp006.example,33155206000140,,ATL-01,Hospital Salvador,Auxiliar administrativo,2020-06-15,2020-09-13,CLT,2652.00,2026-09-01,31969761,Avenida Central,4629,,Distrito Empresarial,Salvador,BA
EMP006-0012,EMP006,INICIAL,00012,João Holanda Queiroz,72942095458,1987-07-15,F,Divorciado,Wesley Teixeira,Brasileira,Salvador,BA,39328988659,Superior completo,CNH,95508134,DETRAN,BA,2002-08-21,54713904,Avenida Brasil,872,,Santa Luzia,Salvador,BA,(17) 3986-3933,(73) 97419-5900,joão12@pessoal.example,joão12@emp006.example,33155206000140,,ATL-01,Hospital Salvador,Auxiliar administrativo,2015-03-31,,CLT,2808.00,2026-09-01,31969761,Avenida Central,4629,,Distrito Empresarial,Salvador,BA
EMP006-0013,EMP006,INICIAL,00013,Mariana Lacerda Oliveira,75661844310,1996-06-13,M,Solteiro,Elisa Lacerda,Brasileira,Salvador,BA,17752724305,Pós-graduação,CNH,62408972,SSP,BA,2025-11-21,28463119,Rua Sete de Setembro,1986,Apto 12,Jardim América,Salvador,BA,(37) 3323-4205,(94) 91149-6934,mariana13@pessoal.example,mariana13@emp006.example,33155206000140,,ATL-01,Hospital Salvador,Técnico de enfermagem,2024-04-15,2024-07-14,CLT,3744.00,2026-09-01,31969761,Avenida Central,4629,,Distrito Empresarial,Salvador,BA
EMP006-0014,EMP006,INICIAL,00014,Vinícius Ferraz Barbosa,15720185933,1984-06-17,F,União estável,Heitor Barbosa,Brasileira,Salvador,BA,76128085879,Superior completo,RG,88616925,DETRAN,BA,2004-01-08,72233240,Rua Sete de Setembro,1137,Casa 2,Vila Nova,Salvador,BA,(12) 3222-2910,(21) 92999-9015,vinícius14@pessoal.example,vinícius14@emp006.example,33155206000140,,ATL-01,Hospital Salvador,Analista,2021-07-30,2021-10-28,CLT,6240.00,2026-09-01,31969761,Avenida Central,4629,,Distrito Empresarial,Salvador,BA
EMP006-0015,EMP006,INICIAL,00015,Sofia Teixeira Queiroz,41926764943,1970-08-14,F,Divorciado,Carla Siqueira,Brasileira,Salvador,BA,61624417633,Pós-graduação,CNH,9580762,SSP,BA,2009-04-22,98393430,Rua das Palmeiras,750,Bloco B,Santa Luzia,Salvador,BA,(34) 3105-8327,(51) 93015-1641,sofia15@pessoal.example,sofia15@emp006.example,33155206000140,,ATL-01,Hospital Salvador,Técnico de enfermagem,2025-02-28,2025-05-29,CLT,3060.00,2026-09-01,31969761,Avenida Central,4629,,Distrito Empresarial,Salvador,BA
EMP006-0016,EMP006,INICIAL,00016,Isabela Barbosa Cardoso,18458260352,1978-06-27,F,Divorciado,Vinícius Siqueira,Brasileira,Salvador,BA,76903012515,Pós-graduação,CNH,71151077,DETRAN,BA,2024-02-22,78530276,Avenida Brasil,415,,Jardim América,Salvador,BA,(15) 3292-3321,(49) 94526-3198,isabela16@pessoal.example,isabela16@emp006.example,33155206000140,,ATL-01,Hospital Salvador,Técnico de enfermagem,2024-08-12,2024-11-10,CLT,3096.00,2026-09-01,31969761,Avenida Central,4629,,Distrito Empresarial,Salvador,BA
EMP006-0017,EMP006,INICIAL,00017,Yasmin Uchoa Oliveira,18446267179,1976-05-27,M,Casado,Rafael Gomes,Brasileira,Salvador,BA,47506553105,Pós-graduação,RG,96891180,DETRAN,BA,2025-04-13,98223735,Avenida das Flores,2487,,Boa Vista,Salvador,BA,(30) 3423-8104,(59) 91424-5055,yasmin17@pessoal.example,yasmin17@emp006.example,33155206000140,,ATL-01,Hospital Salvador,Auxiliar administrativo,2014-11-18,2015-02-16,CLT,2106.00,2026-09-01,31969761,Avenida Central,4629,,Distrito Empresarial,Salvador,BA
EMP006-0018,EMP006,INICIAL,00018,Karina Vasconcelos Cardoso,55423401640,1974-12-20,M,Solteiro,Diego Ferraz,Brasileira,Salvador,BA,52415000751,Pós-graduação,CNH,13823236,DETRAN,BA,2025-08-31,47848959,Avenida das Flores,1120,Bloco B,Centro,Salvador,BA,(17) 3274-6210,(60) 93960-6655,karina18@pessoal.example,karina18@emp006.example,33155206000140,,ATL-01,Hospital Salvador,Analista,2013-06-24,,CLT,5668.00,2026-09-01,31969761,Avenida Central,4629,,Distrito Empresarial,Salvador,BA
EMP006-0019,EMP006,INICIAL,00019,Elisa Ignácio Almeida,82226940570,1996-09-26,F,União estável,Wesley Prado,Brasileira,Salvador,BA,61480535772,Superior completo,CNH,38020332,DETRAN,BA,2023-05-09,40704198,Rua do Comércio,366,Apto 12,Boa Vista,Salvador,BA,(51) 3965-2476,(92) 92302-2256,elisa19@pessoal.example,elisa19@emp006.example,33155206000140,,ATL-01,Hospital Salvador,Analista,2025-04-14,2025-07-13,CLT,6344.00,2026-09-01,31969761,Avenida Central,4629,,Distrito Empresarial,Salvador,BA
EMP006-0020,EMP006,INICIAL,00020,Yasmin Jardim Siqueira,70682778885,1976-04-22,F,União estável,Ana Uchoa,Brasileira,Salvador,BA,41546795168,Pós-graduação,RG,82520297,DETRAN,BA,2007-07-24,80265183,Avenida Brasil,726,,Vila Nova,Salvador,BA,(28) 3626-6788,(17) 97925-9118,yasmin20@pessoal.example,yasmin20@emp006.example,33155206000140,,ATL-01,Hospital Salvador,Técnico de enfermagem,2013-11-23,2014-02-21,CLT,3384.00,2026-09-01,31969761,Avenida Central,4629,,Distrito Empresarial,Salvador,BA
