MATRICULA,NOME,NR_CPF,DT_NASC,SEXO,NR_PIS,DS_CARGO,CD_CBO,DT_ADMISSAO,DT_EFETIVACAO,TP_VINCULO,VL_SALARIO,CNPJ_ESTAB,CD_UNIDADE,NM_UNIDADE,CEP_RES,LOGRADOURO_RES,NUM_RES,BAIRRO_RES,CIDADE_RES,UF_RES,TEL_CELULAR,EMAIL_CORP,CEP_TRAB,LOGRADOURO_TRAB,NUM_TRAB,BAIRRO_TRAB,CIDADE_TRAB,UF_TRAB
007531,ANTÔNIO OLIVEIRA,41468648608,1989-09-23,M,19900924167,Sócio-administrador,121010,2019-10-27,,PRO_LABORE,15000.00,72759180000109,SAO-01,Central Barra Funda,01365143,Rua das Orquídeas,1096,Bela Vista,São Paulo,SP,(11) 99361-9003,antonio.oliveira@garoa.example,01397410,Rua Nova,3277,Butantã,São Paulo,SP
007532,TATIANE MARTINS VIEIRA,49034967670,1972-05-21,F,10569980888,Sócio-administrador,121010,2016-01-08,,PRO_LABORE,20000.00,72759180000109,SAO-01,Central Barra Funda,01321788,Rua das Mangueiras,2783,Santana,São Paulo,SP,(11) 99110-7674,tatiane.vieira@garoa.example,01397410,Rua Nova,3277,Butantã,São Paulo,SP
007533,JOSÉ PACHECO ASSIS,90927725428,1993-07-23,M,18966649792,Operador de telemarketing,422310,2019-04-08,2019-07-07,CLT,1860.00,72759180000109,SAO-01,Central Barra Funda,01383104,Rua das Andorinhas,1394,Santana,São Paulo,SP,(11) 99437-7484,jose.assis@garoa.example,01397410,Rua Nova,3277,Butantã,São Paulo,SP
007534,ELAINE PEREIRA,86299796740,1984-08-30,F,14314611317,Operador de telemarketing,422310,2025-08-29,2025-11-27,CLT,1630.00,72759180000281,SAO-02,Central Mooca,01383102,Travessa da Paz,1521,Butantã,São Paulo,SP,(11) 99480-1957,elaine.pereira@garoa.example,01339343,Rua do Horizonte,585,Barra Funda,São Paulo,SP
007535,SANDRA PINTO GONÇALVES,74793957870,1991-02-02,F,18098885413,Operador de telemarketing,422310,2021-08-04,2021-11-02,CLT,1700.00,72759180000109,SAO-01,Central Barra Funda,01321544,Rua Três Marias,1707,Barra Funda,São Paulo,SP,(11) 99170-8164,sandra.goncalves@garoa.example,01397410,Rua Nova,3277,Butantã,São Paulo,SP
007536,ANTÔNIO FERREIRA,74703252040,1984-06-18,M,14632399899,Supervisor de atendimento,420135,2012-08-24,2012-11-22,CLT,4980.00,72759180000109,SAO-01,Central Barra Funda,01345440,Rua das Gaivotas,431,Mooca,São Paulo,SP,(11) 99395-3611,antonio.ferreira@garoa.example,01397410,Rua Nova,3277,Butantã,São Paulo,SP
007537,GUSTAVO GOMES,16271908055,1991-08-09,M,10548500311,Operador de telemarketing,422310,2018-12-25,2019-03-25,CLT,1630.00,72759180000109,SAO-01,Central Barra Funda,01338286,Rua do Comércio,2580,Tatuapé,São Paulo,SP,(11) 98431-8867,gustavo.gomes@garoa.example,01397410,Rua Nova,3277,Butantã,São Paulo,SP
007538,GABRIELA AGUIAR,03275380826,1994-03-08,F,19879012184,Supervisor de atendimento,420135,2025-08-12,2025-11-10,CLT,4980.00,72759180000281,SAO-02,Central Mooca,01331469,Rua Três Marias,1930,Butantã,São Paulo,SP,(11) 98492-2258,gabriela.aguiar@garoa.example,01339343,Rua do Horizonte,585,Barra Funda,São Paulo,SP
007539,LUCAS FERREIRA,16220620356,1989-04-17,M,10711598138,Assistente administrativo,411010,2026-05-18,,CLT,2650.00,72759180000109,SAO-01,Central Barra Funda,01392046,Rua do Comércio,97,Barra Funda,São Paulo,SP,(11) 99278-5382,lucas.ferreira@garoa.example,01397410,Rua Nova,3277,Butantã,São Paulo,SP
007540,ALINE ASSIS,29550810607,1986-09-30,F,14025819592,Operador de telemarketing,422310,2021-08-08,2021-11-06,CLT,1630.00,72759180000109,SAO-01,Central Barra Funda,01357603,Rua do Bosque,1186,Butantã,São Paulo,SP,(11) 99956-4001,aline.assis@garoa.example,01397410,Rua Nova,3277,Butantã,São Paulo,SP
007541,LUCAS MAGALHÃES,92393306749,1989-01-04,M,13551114710,Operador de telemarketing,422310,2022-05-05,2022-08-03,CLT,1630.00,72759180000109,SAO-01,Central Barra Funda,01337168,Rua dos Girassóis,476,Butantã,São Paulo,SP,(11) 99100-4709,lucas.magalhaes@garoa.example,01397410,Rua Nova,3277,Butantã,São Paulo,SP
007542,SÉRGIO MARQUES,50337773432,1990-04-18,M,13402381905,Operador de telemarketing,422310,2025-08-04,2025-11-02,CLT,1630.00,72759180000109,SAO-01,Central Barra Funda,01366316,Rua do Horizonte,2038,Bela Vista,São Paulo,SP,(11) 98129-8888,sergio.marques@garoa.example,01397410,Rua Nova,3277,Butantã,São Paulo,SP
007543,RENATO CORREIA,99158288023,1991-07-23,M,10825188843,Operador de telemarketing,422310,2026-04-04,2026-07-03,CLT,1630.00,72759180000281,SAO-02,Central Mooca,01313345,Rua das Flores do Campo,408,Mooca,São Paulo,SP,(11) 98190-9539,renato.correia@garoa.example,01339343,Rua do Horizonte,585,Barra Funda,São Paulo,SP
007544,TEREZA MARQUES,19176128261,1994-08-01,F,14401872027,Operador de telemarketing,422310,2020-06-07,2020-09-05,CLT,1700.00,72759180000109,SAO-01,Central Barra Funda,01363029,Rua das Andorinhas,781,Santana,São Paulo,SP,(11) 99133-9760,tereza.marques@garoa.example,01397410,Rua Nova,3277,Butantã,São Paulo,SP
007545,MARTA CORREIA,44052856910,1986-08-05,F,19270024908,Recepcionista,422105,2023-02-06,2023-05-07,CLT,1840.00,72759180000109,SAO-01,Central Barra Funda,01317660,Avenida Central,758,Tatuapé,São Paulo,SP,(11) 98461-2055,marta.correia@garoa.example,01397410,Rua Nova,3277,Butantã,São Paulo,SP
007546,IGOR CAMPOS,26387484987,1986-06-22,M,14376976746,Operador de telemarketing,422310,2014-09-02,2014-12-01,CLT,1630.00,72759180000109,SAO-01,Central Barra Funda,01322730,Rua das Mangueiras,2530,Mooca,São Paulo,SP,(11) 98911-2748,igor.campos@garoa.example,01397410,Rua Nova,3277,Butantã,São Paulo,SP
007547,ISABELA VIANA SALES,50210555777,2003-11-01,F,14593018621,Operador de telemarketing,422310,2025-04-28,2025-07-27,CLT,1700.00,72759180000109,SAO-01,Central Barra Funda,01305820,Rua das Mangueiras,2778,Mooca,São Paulo,SP,(11) 98273-1046,isabela.sales@garoa.example,01397410,Rua Nova,3277,Butantã,São Paulo,SP
007548,PATRÍCIA FERNANDES AGUIAR,25153667162,1997-04-12,F,13174672744,Operador de telemarketing,422310,2024-06-23,2024-09-21,CLT,1700.00,72759180000109,SAO-01,Central Barra Funda,01305346,Rua do Bosque,2104,Barra Funda,São Paulo,SP,(11) 98156-2734,patricia.aguiar@garoa.example,01397410,Rua Nova,3277,Butantã,São Paulo,SP
007549,FRANCISCA FARIAS,14003439686,1984-10-20,F,17741579356,Operador de telemarketing,422310,2024-09-03,2024-12-02,CLT,1630.00,72759180000109,SAO-01,Central Barra Funda,01377587,Rua dos Cravos,2580,Tatuapé,São Paulo,SP,(11) 98706-7799,francisca.farias@garoa.example,01397410,Rua Nova,3277,Butantã,São Paulo,SP
007550,NICOLAS CASTRO,56317083886,1995-09-19,M,13974601127,Operador de telemarketing,422310,2026-02-07,2026-05-08,CLT,1630.00,72759180000109,SAO-01,Central Barra Funda,01324164,Rua do Bosque,1491,Bela Vista,São Paulo,SP,(11) 99919-0770,nicolas.castro@garoa.example,01397410,Rua Nova,3277,Butantã,São Paulo,SP
007551,HUGO COSTA,92966381272,1998-09-09,M,19585437699,Operador de telemarketing,422310,2022-07-16,2022-10-14,CLT,1630.00,72759180000109,SAO-01,Central Barra Funda,01338891,Rua das Flores do Campo,511,Bela Vista,São Paulo,SP,(11) 98122-5531,hugo.costa@garoa.example,01397410,Rua Nova,3277,Butantã,São Paulo,SP
007552,FRANCISCO VIEIRA,54326539585,1991-01-06,M,10004367249,Operador de telemarketing,422310,2021-05-24,2021-08-22,CLT,1630.00,72759180000281,SAO-02,Central Mooca,01300994,Rua das Andorinhas,1611,Butantã,São Paulo,SP,(11) 99916-5149,francisco.vieira@garoa.example,01339343,Rua do Horizonte,585,Barra Funda,São Paulo,SP
007553,BRUNO BARROS PEREIRA,78378548023,1997-11-28,M,16869202330,Operador de telemarketing,422310,2024-12-02,2025-03-02,CLT,1630.00,72759180000281,SAO-02,Central Mooca,01357618,Rua do Cruzeiro,1210,Mooca,São Paulo,SP,(11) 98120-7425,bruno.pereira@garoa.example,01339343,Rua do Horizonte,585,Barra Funda,São Paulo,SP
007554,JORGE FIGUEIREDO,34704474623,2001-02-26,M,11366349475,Operador de telemarketing,422310,2025-06-19,2025-09-17,CLT,1630.00,72759180000281,SAO-02,Central Mooca,01338541,Rua do Comércio,253,Bela Vista,São Paulo,SP,(11) 99948-1909,jorge.figueiredo@garoa.example,01339343,Rua do Horizonte,585,Barra Funda,São Paulo,SP
007555,JULIANA LOPES,93503138200,1988-02-25,F,19284364856,Operador de telemarketing,422310,2026-04-01,2026-06-30,CLT,1700.00,72759180000281,SAO-02,Central Mooca,01325154,Rua dos Girassóis,1210,Butantã,São Paulo,SP,(11) 98220-7729,juliana.lopes@garoa.example,01339343,Rua do Horizonte,585,Barra Funda,São Paulo,SP
007556,JORGE AGUIAR,70067317120,1993-06-02,M,13376127359,Supervisor de atendimento,420135,2025-11-18,2026-02-16,CLT,4210.00,72759180000109,SAO-01,Central Barra Funda,01380562,Rua das Andorinhas,2410,Bela Vista,São Paulo,SP,(11) 99963-1369,jorge.aguiar@garoa.example,01397410,Rua Nova,3277,Butantã,São Paulo,SP
007557,DANIELA BATISTA SOUZA,06720577190,1982-10-30,F,12507355634,Operador de telemarketing,422310,2022-11-11,2023-02-09,CLT,1630.00,72759180000109,SAO-01,Central Barra Funda,01381483,Rua dos Cravos,2610,Liberdade,São Paulo,SP,(11) 98840-4022,daniela.souza@garoa.example,01397410,Rua Nova,3277,Butantã,São Paulo,SP
007558,VALÉRIA CAVALCANTI,12292713683,1994-08-29,F,14505686291,Operador de telemarketing,422310,2016-01-01,2016-03-31,CLT,1860.00,72759180000109,SAO-01,Central Barra Funda,01389073,Rua das Gaivotas,1980,Santana,São Paulo,SP,(11) 98147-9891,valeria.cavalcanti@garoa.example,01397410,Rua Nova,3277,Butantã,São Paulo,SP
007559,RENATO NUNES,18831476629,1999-03-26,M,10532505714,Operador de telemarketing,422310,2025-03-08,2025-06-06,CLT,1630.00,72759180000109,SAO-01,Central Barra Funda,01317354,Rua do Bosque,351,Butantã,São Paulo,SP,(11) 98730-0759,renato.nunes@garoa.example,01397410,Rua Nova,3277,Butantã,São Paulo,SP
007560,NICOLAS BRITO ARAÚJO,72827397579,2000-07-16,M,10780012593,Operador de telemarketing,422310,2026-04-19,,CLT,1700.00,72759180000281,SAO-02,Central Mooca,01364253,Travessa da Paz,257,Bela Vista,São Paulo,SP,(11) 98774-9288,nicolas.araujo@garoa.example,01339343,Rua do Horizonte,585,Barra Funda,São Paulo,SP
007561,KAIQUE TEIXEIRA,71560704284,1994-08-05,M,19662428626,Recepcionista,422105,2024-01-08,2024-04-07,CLT,2000.00,72759180000109,SAO-01,Central Barra Funda,01330884,Rua das Orquídeas,982,Liberdade,São Paulo,SP,(11) 98546-3493,kaique.teixeira@garoa.example,01397410,Rua Nova,3277,Butantã,São Paulo,SP
007562,PATRÍCIA LEITE SILVA,26924285791,1979-01-25,F,10224185244,Operador de telemarketing,422310,2014-07-17,2014-10-15,CLT,1630.00,72759180000109,SAO-01,Central Barra Funda,01323959,Rua do Comércio,1944,Bela Vista,São Paulo,SP,(11) 98428-4232,patricia.silva@garoa.example,01397410,Rua Nova,3277,Butantã,São Paulo,SP
007563,PEDRO SOUZA,57724678677,1987-03-30,M,14874305624,Operador de telemarketing,422310,2023-07-29,2023-10-27,CLT,1630.00,72759180000109,SAO-01,Central Barra Funda,01371853,Rua das Hortênsias,110,Liberdade,São Paulo,SP,(11) 98258-7624,pedro.souza@garoa.example,01397410,Rua Nova,3277,Butantã,São Paulo,SP
007564,HELENA SANTOS MACHADO,75706925941,2003-11-21,F,13753905320,Operador de telemarketing,422310,2023-04-02,2023-07-01,CLT,1630.00,72759180000109,SAO-01,Central Barra Funda,01374179,Rua da Esperança,677,Bela Vista,São Paulo,SP,(11) 98884-9727,helena.machado@garoa.example,01397410,Rua Nova,3277,Butantã,São Paulo,SP
007565,LETÍCIA SIQUEIRA,54273184290,1984-03-13,F,19476796903,Operador de telemarketing,422310,2023-02-02,2023-05-03,CLT,1630.00,72759180000109,SAO-01,Central Barra Funda,01361497,Rua do Horizonte,1549,Bela Vista,São Paulo,SP,(11) 99519-5692,leticia.siqueira@garoa.example,01397410,Rua Nova,3277,Butantã,São Paulo,SP
007566,TEREZA COELHO XAVIER,45289530053,1984-01-06,F,18647779655,Supervisor de atendimento,420135,2015-12-13,2016-03-12,CLT,5750.00,72759180000281,SAO-02,Central Mooca,01358758,Rua das Acácias,22,Tatuapé,São Paulo,SP,(11) 99864-4904,tereza.xavier@garoa.example,01339343,Rua do Horizonte,585,Barra Funda,São Paulo,SP
007567,MARIANA AGUIAR VIEIRA,31038490952,1991-04-05,F,17445869980,Técnico de suporte ao usuário,317210,2023-09-29,2023-12-28,CLT,3740.00,72759180000109,SAO-01,Central Barra Funda,01336708,Rua da Alvorada,775,Butantã,São Paulo,SP,(11) 99139-0821,mariana.vieira@garoa.example,01397410,Rua Nova,3277,Butantã,São Paulo,SP
007568,GABRIEL XAVIER FERNANDES,18009543284,2002-02-15,M,10449859516,Operador de telemarketing,422310,2024-11-11,2025-02-09,CLT,1630.00,72759180000109,SAO-01,Central Barra Funda,01330364,Avenida Central,453,Bela Vista,São Paulo,SP,(11) 99941-1870,gabriel.fernandes@garoa.example,01397410,Rua Nova,3277,Butantã,São Paulo,SP
007569,MÔNICA BRITO,58978760376,1991-05-02,F,19334563582,Operador de telemarketing,422310,2022-06-02,2022-08-31,CLT,1700.00,72759180000109,SAO-01,Central Barra Funda,01325634,Rua das Gaivotas,2286,Mooca,São Paulo,SP,(11) 99987-1600,monica.brito@garoa.example,01397410,Rua Nova,3277,Butantã,São Paulo,SP
007570,BRUNA SOARES MARQUES,16553217491,1989-12-11,F,12790532924,Operador de telemarketing,422310,2018-06-22,2018-09-20,CLT,1700.00,72759180000109,SAO-01,Central Barra Funda,01384911,Rua das Orquídeas,1509,Butantã,São Paulo,SP,(11) 99837-9379,bruna.marques@garoa.example,01397410,Rua Nova,3277,Butantã,São Paulo,SP
007571,WELLINGTON LOPES,28291852855,1985-10-17,M,10778899827,Operador de telemarketing,422310,2024-04-23,2024-07-22,CLT,1630.00,72759180000281,SAO-02,Central Mooca,01319118,Rua das Gaivotas,1522,Liberdade,São Paulo,SP,(11) 99539-5722,wellington.lopes@garoa.example,01339343,Rua do Horizonte,585,Barra Funda,São Paulo,SP
007572,CRISTIANE PAIVA MACEDO,49690959905,1997-08-28,F,10040424000,Recepcionista,422105,2024-12-11,2025-03-11,CLT,2000.00,72759180000109,SAO-01,Central Barra Funda,01343804,Rua dos Ipês Amarelos,2055,Bela Vista,São Paulo,SP,(11) 98831-0846,cristiane.macedo@garoa.example,01397410,Rua Nova,3277,Butantã,São Paulo,SP
007573,VANESSA SOUZA,38232273356,1988-04-11,F,11463639676,Operador de telemarketing,422310,2024-10-02,2024-12-31,CLT,1630.00,72759180000109,SAO-01,Central Barra Funda,01357226,Rua das Gaivotas,651,Mooca,São Paulo,SP,(11) 99161-8250,vanessa.souza@garoa.example,01397410,Rua Nova,3277,Butantã,São Paulo,SP
007574,VALÉRIA CAMPOS VIANA,80414456912,2001-03-09,F,19664444289,Operador de telemarketing,422310,2024-07-15,2024-10-13,CLT,1630.00,72759180000109,SAO-01,Central Barra Funda,01323636,Avenida das Nações,1435,Butantã,São Paulo,SP,(11) 99169-6709,valeria.viana@garoa.example,01397410,Rua Nova,3277,Butantã,São Paulo,SP
007575,MARCELO SALES,62322199290,1989-10-30,M,10249967748,Operador de telemarketing,422310,2016-12-17,2017-03-17,CLT,1630.00,72759180000109,SAO-01,Central Barra Funda,01323801,Rua da Esperança,1739,Tatuapé,São Paulo,SP,(11) 99779-8618,marcelo.sales@garoa.example,01397410,Rua Nova,3277,Butantã,São Paulo,SP
007576,ADRIANA FERREIRA AGUIAR,13268204198,1998-04-05,F,17887945407,Assistente administrativo,411010,2026-06-01,,CLT,2650.00,72759180000109,SAO-01,Central Barra Funda,01369491,Rua dos Ipês Amarelos,2257,Liberdade,São Paulo,SP,(11) 99261-9637,adriana.aguiar@garoa.example,01397410,Rua Nova,3277,Butantã,São Paulo,SP
007577,IGOR MONTEIRO,83788130458,1985-03-31,M,16026019597,Assistente administrativo,411010,2023-01-30,2023-04-30,CLT,2650.00,72759180000109,SAO-01,Central Barra Funda,01340960,Rua do Horizonte,1263,Butantã,São Paulo,SP,(11) 99033-0990,igor.monteiro@garoa.example,01397410,Rua Nova,3277,Butantã,São Paulo,SP
007578,DANIEL QUEIROZ,80919334873,1983-01-11,M,10363923185,Supervisor de atendimento,420135,2020-09-29,2020-12-28,CLT,3440.00,72759180000109,SAO-01,Central Barra Funda,01352384,Avenida das Nações,1331,Santana,São Paulo,SP,(11) 98607-0925,daniel.queiroz@garoa.example,01397410,Rua Nova,3277,Butantã,São Paulo,SP
007579,WAGNER MACEDO,69674272704,1995-06-11,M,10492157105,Recepcionista,422105,2024-12-07,2025-03-07,CLT,1670.00,72759180000281,SAO-02,Central Mooca,01302252,Rua dos Cravos,1655,Butantã,São Paulo,SP,(11) 98863-7166,wagner.macedo@garoa.example,01339343,Rua do Horizonte,585,Barra Funda,São Paulo,SP
007580,RENATA MAGALHÃES PRADO,40360025382,1996-10-14,F,13576321712,Operador de telemarketing,422310,2021-09-10,2021-12-09,CLT,1860.00,72759180000109,SAO-01,Central Barra Funda,01375043,Rua das Palmeiras,1332,Mooca,São Paulo,SP,(11) 98886-7218,renata.prado@garoa.example,01397410,Rua Nova,3277,Butantã,São Paulo,SP
007581,ANTÔNIO RODRIGUES,31253142246,1975-04-24,M,14831747228,Operador de telemarketing,422310,2014-07-03,2014-10-01,CLT,1630.00,72759180000109,SAO-01,Central Barra Funda,01318385,Rua das Orquídeas,1999,Tatuapé,São Paulo,SP,(11) 99529-9963,antonio.rodrigues@garoa.example,01397410,Rua Nova,3277,Butantã,São Paulo,SP
007582,SIMONE VIANA,69616648730,1979-02-25,F,11195230524,Auxiliar de pessoal,411030,2018-03-16,2018-06-14,CLT,2090.00,72759180000281,SAO-02,Central Mooca,01334520,Rua Santa Clara,2720,Bela Vista,São Paulo,SP,(11) 98287-1823,simone.viana@garoa.example,01339343,Rua do Horizonte,585,Barra Funda,São Paulo,SP
007583,OTÁVIO MAGALHÃES BATISTA,05463790442,1986-09-01,M,14851440777,Operador de telemarketing,422310,2025-06-28,2025-09-26,CLT,1630.00,72759180000109,SAO-01,Central Barra Funda,01389636,Rua das Andorinhas,317,Liberdade,São Paulo,SP,(11) 99103-4848,otavio.batista@garoa.example,01397410,Rua Nova,3277,Butantã,São Paulo,SP
007584,KARINA FARIAS NASCIMENTO,39150642383,1994-06-13,F,17231164357,Operador de telemarketing,422310,2024-04-28,2024-07-27,CLT,1630.00,72759180000109,SAO-01,Central Barra Funda,01372021,Rua das Gaivotas,2707,Liberdade,São Paulo,SP,(11) 98783-9679,karina.nascimento@garoa.example,01397410,Rua Nova,3277,Butantã,São Paulo,SP
007585,LÚCIA NUNES,27037397024,1993-10-13,F,15251544590,Operador de telemarketing,422310,2023-09-08,2023-12-07,CLT,1700.00,72759180000109,SAO-01,Central Barra Funda,01372147,Rua da Esperança,1936,Butantã,São Paulo,SP,(11) 98342-3605,lucia.nunes@garoa.example,01397410,Rua Nova,3277,Butantã,São Paulo,SP
007586,RAFAEL TAVARES,75970712728,1996-05-01,M,18208969692,Operador de telemarketing,422310,2025-11-27,2026-02-25,CLT,1860.00,72759180000281,SAO-02,Central Mooca,01391903,Rua das Gaivotas,913,Barra Funda,São Paulo,SP,(11) 99570-5708,rafael.tavares@garoa.example,01339343,Rua do Horizonte,585,Barra Funda,São Paulo,SP
007587,EDUARDO CORREIA,58545976160,1979-01-06,M,17252014241,Operador de telemarketing,422310,2017-01-28,2017-04-28,CLT,1630.00,72759180000281,SAO-02,Central Mooca,01353686,Rua das Orquídeas,1480,Tatuapé,São Paulo,SP,(11) 99973-0969,eduardo.correia@garoa.example,01339343,Rua do Horizonte,585,Barra Funda,São Paulo,SP
007588,ISABELA MIRANDA,35223517970,1988-10-01,F,12365522259,Operador de telemarketing,422310,2026-01-20,2026-04-20,CLT,1630.00,72759180000281,SAO-02,Central Mooca,01333385,Rua das Andorinhas,1818,Bela Vista,São Paulo,SP,(11) 99204-1614,isabela.miranda@garoa.example,01339343,Rua do Horizonte,585,Barra Funda,São Paulo,SP
007589,ALEXANDRE SOUZA MARQUES,72745654608,1972-04-24,M,10053891296,Supervisor de atendimento,420135,2011-07-02,2011-09-30,CLT,3440.00,72759180000109,SAO-01,Central Barra Funda,01332041,Rua da Liberdade,1527,Butantã,São Paulo,SP,(11) 98950-7836,alexandre.marques@garoa.example,01397410,Rua Nova,3277,Butantã,São Paulo,SP
007590,BRUNA MARQUES GOMES,52436242844,2004-01-04,F,13165822235,Operador de telemarketing,422310,2024-09-09,2024-12-08,CLT,1630.00,72759180000109,SAO-01,Central Barra Funda,01350543,Avenida Beira Rio,1653,Liberdade,São Paulo,SP,(11) 99729-1755,bruna.gomes@garoa.example,01397410,Rua Nova,3277,Butantã,São Paulo,SP
007591,VANESSA BORGES,86502544207,1990-04-19,F,10614038751,Operador de telemarketing,422310,2020-08-08,2020-11-06,CLT,1860.00,72759180000109,SAO-01,Central Barra Funda,01398683,Avenida Central,597,Mooca,São Paulo,SP,(11) 99947-3226,vanessa.borges@garoa.example,01397410,Rua Nova,3277,Butantã,São Paulo,SP
007592,THIAGO SOARES,26491333337,1990-05-04,M,12457469792,Recepcionista,422105,2024-10-08,2025-01-06,CLT,1670.00,72759180000281,SAO-02,Central Mooca,01364257,Rua das Acácias,1400,Butantã,São Paulo,SP,(11) 98996-8576,thiago.soares@garoa.example,01339343,Rua do Horizonte,585,Barra Funda,São Paulo,SP
007593,MARCOS REZENDE,95223795490,1983-03-08,M,10202974893,Operador de telemarketing,422310,2011-09-28,2011-12-27,CLT,1630.00,72759180000109,SAO-01,Central Barra Funda,01323019,Rua das Acácias,434,Liberdade,São Paulo,SP,(11) 99184-4709,marcos.rezende@garoa.example,01397410,Rua Nova,3277,Butantã,São Paulo,SP
007594,TEREZA COSTA,36329434433,1991-01-17,F,11734475393,Operador de telemarketing,422310,2016-12-19,2017-03-19,CLT,1630.00,72759180000109,SAO-01,Central Barra Funda,01344044,Rua das Andorinhas,2135,Santana,São Paulo,SP,(11) 99059-5744,tereza.costa@garoa.example,01397410,Rua Nova,3277,Butantã,São Paulo,SP
007595,PATRÍCIA CARDOSO COSTA,25861583501,1989-12-22,F,19950885837,Recepcionista,422105,2025-06-04,2025-09-02,CLT,1840.00,72759180000109,SAO-01,Central Barra Funda,01350716,Avenida Beira Rio,2375,Tatuapé,São Paulo,SP,(11) 98135-9800,patricia.costa@garoa.example,01397410,Rua Nova,3277,Butantã,São Paulo,SP
007596,OTÁVIO QUEIROZ DIAS,00638314577,1992-10-08,M,19856123657,Operador de telemarketing,422310,2023-02-24,2023-05-25,CLT,1630.00,72759180000109,SAO-01,Central Barra Funda,01317564,Avenida das Nações,2010,Tatuapé,São Paulo,SP,(11) 98699-5847,otavio.dias@garoa.example,01397410,Rua Nova,3277,Butantã,São Paulo,SP
007597,ALEXANDRE COELHO TAVARES,34382195900,1996-01-28,M,16177203974,Operador de telemarketing,422310,2023-02-20,2023-05-21,CLT,1630.00,72759180000109,SAO-01,Central Barra Funda,01346283,Rua Nova,2068,Barra Funda,São Paulo,SP,(11) 98937-6130,alexandre.tavares@garoa.example,01397410,Rua Nova,3277,Butantã,São Paulo,SP
007598,RENATO SALES REZENDE,26738862148,1992-09-24,M,10781265519,Operador de telemarketing,422310,2023-10-06,2024-01-04,CLT,1630.00,72759180000109,SAO-01,Central Barra Funda,01394814,Rua das Palmeiras,671,Liberdade,São Paulo,SP,(11) 99718-9538,renato.rezende@garoa.example,01397410,Rua Nova,3277,Butantã,São Paulo,SP
007599,MARTA AGUIAR MENDES,88875835012,2001-10-10,F,12702692523,Supervisor de atendimento,420135,2023-03-21,2023-06-19,CLT,3440.00,72759180000281,SAO-02,Central Mooca,01390493,Rua das Hortênsias,428,Tatuapé,São Paulo,SP,(11) 98505-9738,marta.mendes@garoa.example,01339343,Rua do Horizonte,585,Barra Funda,São Paulo,SP
007600,NATÁLIA RIBEIRO,62073933335,1996-09-08,F,16498542206,Operador de telemarketing,422310,2024-11-27,2025-02-25,CLT,1630.00,72759180000109,SAO-01,Central Barra Funda,01386595,Rua do Sol Nascente,1130,Santana,São Paulo,SP,(11) 99194-2409,natalia.ribeiro@garoa.example,01397410,Rua Nova,3277,Butantã,São Paulo,SP
007601,LUCAS MOURA,37534638259,1976-10-11,M,13443553978,Operador de telemarketing,422310,2021-09-27,2021-12-26,CLT,1860.00,72759180000109,SAO-01,Central Barra Funda,01308245,Rua do Horizonte,1240,Mooca,São Paulo,SP,(11) 98644-4005,lucas.moura@garoa.example,01397410,Rua Nova,3277,Butantã,São Paulo,SP
007602,KARINA FERNANDES FERREIRA,83589028084,1993-07-23,F,12451388961,Operador de telemarketing,422310,2023-04-13,2023-07-12,CLT,1630.00,72759180000109,SAO-01,Central Barra Funda,01351682,Rua das Hortênsias,1622,Santana,São Paulo,SP,(11) 98420-7896,karina.ferreira@garoa.example,01397410,Rua Nova,3277,Butantã,São Paulo,SP
007603,LUCIANO SOUZA,48809937198,1983-08-23,M,19764067953,Operador de telemarketing,422310,2024-04-03,2024-07-02,CLT,1630.00,72759180000109,SAO-01,Central Barra Funda,01344056,Rua do Cruzeiro,997,Liberdade,São Paulo,SP,(11) 99334-5876,luciano.souza@garoa.example,01397410,Rua Nova,3277,Butantã,São Paulo,SP
007604,PRISCILA MAGALHÃES,55219260030,2003-02-27,F,12596574991,Assistente administrativo,411010,2025-10-13,2026-01-11,CLT,2920.00,72759180000109,SAO-01,Central Barra Funda,01363808,Rua das Mangueiras,1811,Bela Vista,São Paulo,SP,(11) 99176-4042,priscila.magalhaes@garoa.example,01397410,Rua Nova,3277,Butantã,São Paulo,SP
007605,PAULO CASTRO MENDES,97728007211,1988-04-09,M,17191112258,Operador de telemarketing,422310,2023-09-30,2023-12-29,CLT,1860.00,72759180000109,SAO-01,Central Barra Funda,01347763,Rua dos Pinheiros Altos,1909,Butantã,São Paulo,SP,(11) 99779-8338,paulo.mendes@garoa.example,01397410,Rua Nova,3277,Butantã,São Paulo,SP
007606,RICARDO CARVALHO TEIXEIRA,86121541113,1999-06-28,M,16840878816,Supervisor de atendimento,420135,2022-04-15,2022-07-14,CLT,4210.00,72759180000109,SAO-01,Central Barra Funda,01394454,Rua das Gaivotas,293,Santana,São Paulo,SP,(11) 99277-5327,ricardo.teixeira@garoa.example,01397410,Rua Nova,3277,Butantã,São Paulo,SP
007607,VANESSA PEREIRA CASTRO,12727756747,1979-12-04,F,12690590283,Operador de telemarketing,422310,2023-10-14,2024-01-12,CLT,1860.00,72759180000281,SAO-02,Central Mooca,01316015,Rua São Pedro,2149,Santana,São Paulo,SP,(11) 98949-8403,vanessa.castro@garoa.example,01339343,Rua do Horizonte,585,Barra Funda,São Paulo,SP
007608,JÉSSICA FIGUEIREDO,25901844840,1995-04-04,F,15875625022,Operador de telemarketing,422310,2025-10-20,2026-01-18,CLT,1630.00,72759180000109,SAO-01,Central Barra Funda,01322795,Rua do Sol Nascente,837,Mooca,São Paulo,SP,(11) 99010-9791,jessica.figueiredo@garoa.example,01397410,Rua Nova,3277,Butantã,São Paulo,SP
007609,MARCELO MARQUES,91165919257,2002-05-15,M,18605324746,Operador de telemarketing,422310,2026-05-14,,CLT,1630.00,72759180000109,SAO-01,Central Barra Funda,01393478,Rua do Horizonte,1873,Tatuapé,São Paulo,SP,(11) 98466-7669,marcelo.marques@garoa.example,01397410,Rua Nova,3277,Butantã,São Paulo,SP
007610,DÉBORA OLIVEIRA CORREIA,35267952150,1998-11-20,F,10512031936,Operador de telemarketing,422310,2024-11-02,2025-01-31,CLT,1630.00,72759180000109,SAO-01,Central Barra Funda,01390899,Rua das Hortênsias,1634,Tatuapé,São Paulo,SP,(11) 99543-8463,debora.correia@garoa.example,01397410,Rua Nova,3277,Butantã,São Paulo,SP
007611,DANIELA SILVA AGUIAR,16350774191,1987-01-07,F,11565908065,Supervisor de atendimento,420135,2025-09-30,2025-12-29,CLT,4980.00,72759180000109,SAO-01,Central Barra Funda,01311876,Rua das Hortênsias,582,Barra Funda,São Paulo,SP,(11) 99119-7867,daniela.aguiar@garoa.example,01397410,Rua Nova,3277,Butantã,São Paulo,SP
007612,TATIANE GUIMARÃES,56094739345,1990-03-24,F,18276328561,Operador de telemarketing,422310,2021-03-26,2021-06-24,CLT,1630.00,72759180000109,SAO-01,Central Barra Funda,01323434,Rua Santa Clara,447,Tatuapé,São Paulo,SP,(11) 98567-9669,tatiane.guimaraes@garoa.example,01397410,Rua Nova,3277,Butantã,São Paulo,SP
007613,PAULO MOREIRA,09349978024,1982-03-25,M,12847423611,Operador de telemarketing,422310,2022-07-13,2022-10-11,CLT,1630.00,72759180000109,SAO-01,Central Barra Funda,01328921,Rua da Alvorada,979,Santana,São Paulo,SP,(11) 98995-8039,paulo.moreira@garoa.example,01397410,Rua Nova,3277,Butantã,São Paulo,SP
007614,LUANA SIQUEIRA BRITO,93823764373,1989-01-15,F,14867432615,Supervisor de atendimento,420135,2025-04-21,2025-07-20,CLT,4980.00,72759180000109,SAO-01,Central Barra Funda,01303966,Rua das Andorinhas,243,Butantã,São Paulo,SP,(11) 98388-9002,luana.brito@garoa.example,01397410,Rua Nova,3277,Butantã,São Paulo,SP
007615,SANDRA BEZERRA,66056364577,2000-06-06,F,11714503330,Operador de telemarketing,422310,2023-01-15,2023-04-15,CLT,1700.00,72759180000109,SAO-01,Central Barra Funda,01379121,Rua dos Pinheiros Altos,2793,Liberdade,São Paulo,SP,(11) 98782-2834,sandra.bezerra@garoa.example,01397410,Rua Nova,3277,Butantã,São Paulo,SP
007616,KAIQUE CARVALHO,91720514186,1987-08-12,M,16708167599,Recepcionista,422105,2015-05-17,2015-08-15,CLT,1840.00,72759180000281,SAO-02,Central Mooca,01324256,Rua do Bosque,1921,Mooca,São Paulo,SP,(11) 98582-0817,kaique.carvalho@garoa.example,01339343,Rua do Horizonte,585,Barra Funda,São Paulo,SP
007617,BEATRIZ OLIVEIRA ANDRADE,62709689090,1966-02-02,F,11710402435,Operador de telemarketing,422310,2011-04-15,2011-07-14,CLT,1630.00,72759180000109,SAO-01,Central Barra Funda,01303506,Rua do Comércio,2285,Santana,São Paulo,SP,(11) 98661-9435,beatriz.andrade@garoa.example,01397410,Rua Nova,3277,Butantã,São Paulo,SP
007618,RICARDO COSTA ALMEIDA,81803549467,1994-07-18,M,19075487227,Operador de telemarketing,422310,2021-07-15,2021-10-13,CLT,1700.00,72759180000109,SAO-01,Central Barra Funda,01300769,Rua do Comércio,472,Liberdade,São Paulo,SP,(11) 99166-2679,ricardo.almeida@garoa.example,01397410,Rua Nova,3277,Butantã,São Paulo,SP
007619,SÉRGIO PEREIRA MOREIRA,52251787151,1988-05-09,M,19440527026,Operador de telemarketing,422310,2023-07-15,2023-10-13,CLT,1700.00,72759180000281,SAO-02,Central Mooca,01330954,Rua Três Marias,2424,Tatuapé,São Paulo,SP,(11) 98522-2901,sergio.moreira@garoa.example,01339343,Rua do Horizonte,585,Barra Funda,São Paulo,SP
007620,LARISSA CORREIA GONÇALVES,53923374658,1998-11-05,F,11975839536,Operador de telemarketing,422310,2024-06-01,2024-08-30,CLT,1630.00,72759180000109,SAO-01,Central Barra Funda,01358626,Rua da Alvorada,247,Liberdade,São Paulo,SP,(11) 99105-4103,larissa.goncalves@garoa.example,01397410,Rua Nova,3277,Butantã,São Paulo,SP
007621,PAULO NEVES MIRANDA,04111612296,1991-12-11,M,14632078911,Operador de telemarketing,422310,2020-05-29,2020-08-27,CLT,1630.00,72759180000109,SAO-01,Central Barra Funda,01383868,Rua do Sol Nascente,93,Mooca,São Paulo,SP,(11) 99110-8755,paulo.miranda@garoa.example,01397410,Rua Nova,3277,Butantã,São Paulo,SP
007622,RAFAELA FERREIRA,27163124007,1981-02-18,F,15849123032,Analista de recursos humanos,252405,2022-01-01,2022-04-01,CLT,6450.00,72759180000109,SAO-01,Central Barra Funda,01323308,Rua das Andorinhas,1847,Butantã,São Paulo,SP,(11) 98504-4452,rafaela.ferreira@garoa.example,01397410,Rua Nova,3277,Butantã,São Paulo,SP
007623,WELLINGTON TEIXEIRA ROCHA,39377355427,2000-01-14,M,17494469793,Operador de telemarketing,422310,2022-10-14,2023-01-12,CLT,1630.00,72759180000109,SAO-01,Central Barra Funda,01395750,Rua do Horizonte,2002,Santana,São Paulo,SP,(11) 99081-1504,wellington.rocha@garoa.example,01397410,Rua Nova,3277,Butantã,São Paulo,SP
007624,FLÁVIA CARVALHO,04464118500,1982-11-30,F,18773130530,Operador de telemarketing,422310,2020-07-28,2020-10-26,CLT,1630.00,72759180000109,SAO-01,Central Barra Funda,01314024,Rua São Pedro,2208,Barra Funda,São Paulo,SP,(11) 98401-0678,flavia.carvalho@garoa.example,01397410,Rua Nova,3277,Butantã,São Paulo,SP
007625,RENATA CARDOSO,32789775486,1971-04-25,F,16785608978,Operador de telemarketing,422310,2016-10-18,2017-01-16,CLT,1630.00,72759180000281,SAO-02,Central Mooca,01396593,Avenida Beira Rio,1052,Santana,São Paulo,SP,(11) 99990-9768,renata.cardoso@garoa.example,01339343,Rua do Horizonte,585,Barra Funda,São Paulo,SP
007626,MARCELO SOARES,34028404215,1991-03-22,M,13684075203,Operador de telemarketing,422310,2022-07-20,2022-10-18,CLT,1630.00,72759180000109,SAO-01,Central Barra Funda,01337805,Avenida das Nações,1382,Liberdade,São Paulo,SP,(11) 98411-9099,marcelo.soares@garoa.example,01397410,Rua Nova,3277,Butantã,São Paulo,SP
007627,MARTA XAVIER AGUIAR,47101946968,1978-10-12,F,15265837318,Operador de telemarketing,422310,2016-06-12,2016-09-10,CLT,1860.00,72759180000109,SAO-01,Central Barra Funda,01334291,Rua dos Pinheiros Altos,2561,Santana,São Paulo,SP,(11) 99217-5097,marta.aguiar@garoa.example,01397410,Rua Nova,3277,Butantã,São Paulo,SP
007628,ANA ARAÚJO PEIXOTO,40498915816,1989-02-13,F,19541041682,Operador de telemarketing,422310,2023-09-26,2023-12-25,CLT,1630.00,72759180000109,SAO-01,Central Barra Funda,01353486,Avenida das Nações,2584,Santana,São Paulo,SP,(11) 99653-8030,ana.peixoto@garoa.example,01397410,Rua Nova,3277,Butantã,São Paulo,SP
007629,RENATO GUIMARÃES,59276435824,1987-09-10,M,13684214218,Assistente administrativo,411010,2024-02-04,2024-05-04,CLT,3470.00,72759180000281,SAO-02,Central Mooca,01324799,Travessa da Paz,1196,Barra Funda,São Paulo,SP,(11) 98322-3205,renato.guimaraes@garoa.example,01339343,Rua do Horizonte,585,Barra Funda,São Paulo,SP
007630,ALINE NEVES,20842184112,1994-06-13,F,13858028380,Operador de telemarketing,422310,2026-03-25,2026-06-23,CLT,1700.00,72759180000109,SAO-01,Central Barra Funda,01308815,Rua do Comércio,1428,Mooca,São Paulo,SP,(11) 99844-8268,aline.neves@garoa.example,01397410,Rua Nova,3277,Butantã,São Paulo,SP
007631,JOSÉ MOURA SIQUEIRA,22455167704,2003-07-02,M,17829806133,Operador de telemarketing,422310,2024-02-05,2024-05-05,CLT,1700.00,72759180000109,SAO-01,Central Barra Funda,01370574,Rua do Horizonte,1315,Santana,São Paulo,SP,(11) 98637-9571,jose.siqueira@garoa.example,01397410,Rua Nova,3277,Butantã,São Paulo,SP
007632,EDUARDA ASSIS,19861019405,1971-12-03,F,13395788153,Operador de telemarketing,422310,2015-05-24,2015-08-22,CLT,1630.00,72759180000109,SAO-01,Central Barra Funda,01361525,Rua dos Pinheiros Altos,297,Mooca,São Paulo,SP,(11) 98553-9525,eduarda.assis@garoa.example,01397410,Rua Nova,3277,Butantã,São Paulo,SP
007633,ANDRÉ NEVES,90736826300,1977-09-25,M,19664309592,Operador de telemarketing,422310,2022-08-15,2022-11-13,CLT,1630.00,72759180000109,SAO-01,Central Barra Funda,01348182,Rua dos Girassóis,1065,Barra Funda,São Paulo,SP,(11) 99874-6861,andre.neves@garoa.example,01397410,Rua Nova,3277,Butantã,São Paulo,SP
007634,EMERSON GONÇALVES ASSIS,21749184559,1993-10-28,M,10971833553,Supervisor de atendimento,420199,2018-01-10,2018-04-10,CLT,4210.00,72759180000109,SAO-01,Central Barra Funda,01356874,Rua dos Cravos,1471,Tatuapé,São Paulo,SP,(11) 99135-1466,emerson.assis@garoa.example,01397410,Rua Nova,3277,Butantã,São Paulo,SP
007635,DANIELA XAVIER TAVARES,23763177116,1995-09-27,F,15868208097,Técnico de suporte ao usuário,317210,2022-07-25,2022-10-23,CLT,2910.00,72759180000109,SAO-01,Central Barra Funda,01366048,Rua do Mirante,1077,Liberdade,São Paulo,SP,(11) 98845-1689,daniela.tavares@garoa.example,01397410,Rua Nova,3277,Butantã,São Paulo,SP
007636,PRISCILA RAMOS LEITE,43896736108,1992-04-06,F,15758770160,Supervisor de atendimento,420135,2016-11-24,2017-02-22,CLT,4980.00,72759180000109,SAO-01,Central Barra Funda,01306417,Rua do Bosque,2277,Santana,São Paulo,SP,(11) 99728-0638,priscila.leite@garoa.example,01397410,Rua Nova,3277,Butantã,São Paulo,SP
007637,LETÍCIA XAVIER,14670655795,1980-08-07,F,15898541489,Operador de telemarketing,422310,2019-05-06,2019-08-04,CLT,1630.00,72759180000109,SAO-01,Central Barra Funda,01306446,Rua das Violetas,417,Santana,São Paulo,SP,(11) 98365-9037,leticia.xavier@garoa.example,01397410,Rua Nova,3277,Butantã,São Paulo,SP
007638,HUGO SIQUEIRA,80676706762,1997-08-08,M,18913918348,Operador de telemarketing,422310,2017-10-27,2018-01-25,CLT,1630.00,72759180000109,SAO-01,Central Barra Funda,01370513,Avenida Central,2437,Bela Vista,São Paulo,SP,(11) 98605-8078,hugo.siqueira@garoa.example,01397410,Rua Nova,3277,Butantã,São Paulo,SP
007639,ANA COSTA,68093167013,1988-03-14,F,14376123242,Operador de telemarketing,422310,2025-02-02,2025-05-03,CLT,1630.00,72759180000109,SAO-01,Central Barra Funda,01371197,Rua do Bosque,1376,Santana,São Paulo,SP,(11) 98221-8708,ana.costa@garoa.example,01397410,Rua Nova,3277,Butantã,São Paulo,SP
007640,SAMUEL ALVES,28910181761,2000-08-18,M,19374589966,Operador de telemarketing,422310,2022-11-12,2023-02-10,CLT,1630.00,72759180000109,SAO-01,Central Barra Funda,01365009,Rua São Pedro,2719,Liberdade,São Paulo,SP,(11) 98189-7307,samuel.alves@garoa.example,01397410,Rua Nova,3277,Butantã,São Paulo,SP
007641,ANTÔNIO BORGES,59373108450,1993-04-07,M,10545398613,Operador de telemarketing,422310,2024-12-19,2025-03-19,CLT,1630.00,72759180000109,SAO-01,Central Barra Funda,01322324,Rua do Bosque,1569,Barra Funda,São Paulo,SP,(11) 98345-8367,antonio.borges@garoa.example,01397410,Rua Nova,3277,Butantã,São Paulo,SP
007642,YASMIN ANDRADE REZENDE,82782889176,1993-09-29,F,17830066642,Operador de telemarketing,422310,2020-02-11,2020-05-11,CLT,1860.00,72759180000281,SAO-02,Central Mooca,01381262,Rua das Flores do Campo,1644,Barra Funda,São Paulo,SP,(11) 98213-9216,yasmin.rezende@garoa.example,01339343,Rua do Horizonte,585,Barra Funda,São Paulo,SP
007643,LÚCIA RAMOS,05453353880,1997-06-01,F,16947048756,Operador de telemarketing,422310,2025-04-15,2025-07-14,CLT,1630.00,72759180000109,SAO-01,Central Barra Funda,01382884,Rua São Pedro,276,Butantã,São Paulo,SP,(11) 98671-9746,lucia.ramos@garoa.example,01397410,Rua Nova,3277,Butantã,São Paulo,SP
007644,CAMILA MARTINS AGUIAR,01562027603,1987-07-31,F,10751154254,Operador de telemarketing,422310,2019-06-30,2019-09-28,CLT,1700.00,72759180000109,SAO-01,Central Barra Funda,01319936,Travessa da Paz,761,Barra Funda,São Paulo,SP,(11) 99785-9489,camila.aguiar@garoa.example,01397410,Rua Nova,3277,Butantã,São Paulo,SP
007645,DIEGO FARIAS,32347663631,1996-04-14,M,15855558691,Operador de telemarketing,422310,2021-08-01,2021-10-30,CLT,1630.00,72759180000109,SAO-01,Central Barra Funda,01357974,Rua São Pedro,2317,Liberdade,São Paulo,SP,(11) 98712-4051,diego.farias@garoa.example,01397410,Rua Nova,3277,Butantã,São Paulo,SP
007646,GABRIELA BEZERRA CASTRO,31233151185,1987-06-14,F,14478066539,Operador de telemarketing,422310,2025-07-01,2025-09-29,CLT,1630.00,72759180000281,SAO-02,Central Mooca,01395814,Rua das Orquídeas,366,Butantã,São Paulo,SP,(11) 99244-7107,gabriela.castro@garoa.example,01339343,Rua do Horizonte,585,Barra Funda,São Paulo,SP
007647,CRISTIANE NASCIMENTO PRADO,85696875750,2001-03-24,F,13462531403,Assistente administrativo,411010,2026-01-23,2026-04-23,CLT,3200.00,72759180000109,SAO-01,Central Barra Funda,01394792,Rua das Hortênsias,1843,Liberdade,São Paulo,SP,(11) 98896-3163,cristiane.prado@garoa.example,01397410,Rua Nova,3277,Butantã,São Paulo,SP
007648,GUSTAVO ALVES,04492361707,1994-01-23,M,11367541284,Operador de telemarketing,422310,2025-02-22,2025-05-23,CLT,1630.00,72759180000109,SAO-01,Central Barra Funda,01375874,Rua das Andorinhas,2442,Bela Vista,São Paulo,SP,(11) 99868-6172,gustavo.alves@garoa.example,01397410,Rua Nova,3277,Butantã,São Paulo,SP
007649,OLÍVIA MONTEIRO,69467884780,1987-01-03,F,19351847337,Operador de telemarketing,422310,2018-09-30,2018-12-29,CLT,1700.00,72759180000109,SAO-01,Central Barra Funda,01316239,Rua dos Cravos,2657,Bela Vista,São Paulo,SP,(11) 98248-4575,olivia.monteiro@garoa.example,01397410,Rua Nova,3277,Butantã,São Paulo,SP
007650,DIEGO DIAS DIAS,09742753873,1987-07-30,M,19640169303,Operador de telemarketing,422310,2016-07-15,2016-10-13,CLT,1630.00,72759180000109,SAO-01,Central Barra Funda,01311996,Rua do Sol Nascente,515,Barra Funda,São Paulo,SP,(11) 98871-3037,diego.dias@garoa.example,01397410,Rua Nova,3277,Butantã,São Paulo,SP
007651,DIEGO REZENDE LEITE,14011160946,1994-12-09,M,17063190185,Operador de telemarketing,422310,2023-09-01,2023-11-30,CLT,1630.00,72759180000281,SAO-02,Central Mooca,01370536,Rua Nova,449,Mooca,São Paulo,SP,(11) 98270-1134,diego.leite@garoa.example,01339343,Rua do Horizonte,585,Barra Funda,São Paulo,SP
007652,EDUARDO GONÇALVES FIGUEIREDO,62689938880,1993-06-10,M,11991945105,Supervisor de atendimento,420135,2022-09-08,2022-12-07,CLT,3440.00,72759180000109,SAO-01,Central Barra Funda,01338887,Rua das Andorinhas,1656,Butantã,São Paulo,SP,(11) 98991-4143,eduardo.figueiredo@garoa.example,01397410,Rua Nova,3277,Butantã,São Paulo,SP
007653,JULIANA NUNES,70081434006,1987-08-02,F,15786595425,Operador de telemarketing,422310,2026-02-08,2026-05-09,CLT,1630.00,72759180000109,SAO-01,Central Barra Funda,01307698,Avenida Beira Rio,646,Butantã,São Paulo,SP,(11) 99024-6104,juliana.nunes@garoa.example,01397410,Rua Nova,3277,Butantã,São Paulo,SP
007654,RAFAELA MARTINS,77669689595,1987-07-14,F,10629916966,Supervisor de atendimento,420135,2006-06-12,2006-09-10,CLT,3440.00,72759180000109,SAO-01,Central Barra Funda,01328319,Rua São Pedro,345,Tatuapé,São Paulo,SP,(11) 99473-4706,rafaela.martins@garoa.example,01397410,Rua Nova,3277,Butantã,São Paulo,SP
007655,ALINE MOURA,50638177189,1980-08-17,F,11761857871,Operador de telemarketing,422310,2024-01-01,2024-03-31,CLT,1630.00,72759180000281,SAO-02,Central Mooca,01389479,Rua do Mirante,2668,Butantã,São Paulo,SP,(11) 98259-7696,aline.moura@garoa.example,01339343,Rua do Horizonte,585,Barra Funda,São Paulo,SP
007656,CLÁUDIA CARVALHO XAVIER,74505970124,1996-08-06,F,15901924445,Operador de telemarketing,422310,2022-06-26,2022-09-24,CLT,1630.00,72759180000281,SAO-02,Central Mooca,01352723,Rua dos Pinheiros Altos,2525,Bela Vista,São Paulo,SP,(11) 98979-5773,claudia.xavier@garoa.example,01339343,Rua do Horizonte,585,Barra Funda,São Paulo,SP
007657,HELENA RIBEIRO VIEIRA,51638516839,2001-02-01,F,12416697699,Operador de telemarketing,422310,2021-01-27,2021-04-27,CLT,1630.00,72759180000109,SAO-01,Central Barra Funda,01318967,Rua Santa Clara,2457,Tatuapé,São Paulo,SP,(11) 99871-6395,helena.vieira@garoa.example,01397410,Rua Nova,3277,Butantã,São Paulo,SP
007658,ANA MACEDO,86144200649,1981-10-17,F,15647256427,Operador de telemarketing,422310,2006-06-12,2006-09-10,CLT,1860.00,72759180000281,SAO-02,Central Mooca,01386304,Rua do Cruzeiro,1818,Santana,São Paulo,SP,(11) 98689-2573,ana.macedo@garoa.example,01339343,Rua do Horizonte,585,Barra Funda,São Paulo,SP
007659,EMERSON XAVIER LOPES,49837825405,1995-07-02,M,13391377107,Operador de telemarketing,422310,2014-08-30,2014-11-28,CLT,1700.00,72759180000109,SAO-01,Central Barra Funda,01322951,Rua dos Pinheiros Altos,2266,Tatuapé,São Paulo,SP,(11) 99243-5127,emerson.lopes@garoa.example,01397410,Rua Nova,3277,Butantã,São Paulo,SP
007660,PEDRO ANDRADE,23559447500,1983-01-29,M,17557398887,Operador de telemarketing,422310,2020-04-14,2020-07-13,CLT,1860.00,72759180000281,SAO-02,Central Mooca,01374661,Rua das Acácias,100,Santana,São Paulo,SP,(11) 99572-4071,pedro.andrade@garoa.example,01339343,Rua do Horizonte,585,Barra Funda,São Paulo,SP
007661,SAMUEL PRADO,00784793638,1996-08-28,M,10141860813,Assistente administrativo,411010,2025-07-03,2025-10-01,CLT,2650.00,72759180000109,SAO-01,Central Barra Funda,01373846,Rua da Esperança,875,Liberdade,São Paulo,SP,(11) 98902-5913,samuel.prado@garoa.example,01397410,Rua Nova,3277,Butantã,São Paulo,SP
007662,JÚLIO NASCIMENTO CARDOSO,07780199002,1981-11-17,M,10946306713,Operador de telemarketing,422310,2020-11-05,2021-02-03,CLT,1700.00,72759180000109,SAO-01,Central Barra Funda,01333648,Rua das Mangueiras,1574,Bela Vista,São Paulo,SP,(11) 99582-3212,julio.cardoso@garoa.example,01397410,Rua Nova,3277,Butantã,São Paulo,SP
007663,GABRIELA SALES CASTRO,39337819651,1985-09-09,F,14129643498,Auxiliar de pessoal,411030,2015-02-04,2015-05-05,CLT,2860.00,72759180000281,SAO-02,Central Mooca,01361991,Avenida Central,203,Mooca,São Paulo,SP,(11) 99155-9341,gabriela.castro@garoa.example,01339343,Rua do Horizonte,585,Barra Funda,São Paulo,SP
007664,NAYARA VIANA,75971313215,1977-11-09,F,12095856308,Operador de telemarketing,422310,2007-01-13,2007-04-13,CLT,1700.00,72759180000109,SAO-01,Central Barra Funda,01319218,Rua das Flores do Campo,1215,Santana,São Paulo,SP,(11) 98773-8539,nayara.viana@garoa.example,01397410,Rua Nova,3277,Butantã,São Paulo,SP
007665,FLÁVIA REZENDE,21472854470,1996-12-14,F,17779161608,Analista de recursos humanos,252405,2021-01-17,2021-04-17,CLT,4010.00,72759180000281,SAO-02,Central Mooca,01335594,Rua das Flores do Campo,2158,Butantã,São Paulo,SP,(11) 99697-4562,flavia.rezende@garoa.example,01339343,Rua do Horizonte,585,Barra Funda,São Paulo,SP
007666,FLÁVIA SANTOS SIQUEIRA,94300481474,2000-12-07,F,14669981712,Operador de telemarketing,422310,2021-09-30,2021-12-29,CLT,1630.00,72759180000281,SAO-02,Central Mooca,01313933,Rua Nova,117,Liberdade,São Paulo,SP,(11) 98956-0247,flavia.siqueira@garoa.example,01339343,Rua do Horizonte,585,Barra Funda,São Paulo,SP
007667,RENATO SILVA,66836727415,1999-01-11,M,19517835998,Operador de telemarketing,422310,2026-03-23,2026-06-21,CLT,1630.00,72759180000109,SAO-01,Central Barra Funda,01365955,Rua do Horizonte,1707,Santana,São Paulo,SP,(11) 99667-9610,renato.silva@garoa.example,01397410,Rua Nova,3277,Butantã,São Paulo,SP
007668,IGOR FERNANDES,22395308714,1989-01-24,M,19062554154,Operador de telemarketing,422310,2025-11-25,2026-02-23,CLT,1700.00,72759180000109,SAO-01,Central Barra Funda,01391878,Rua do Mirante,1473,Liberdade,São Paulo,SP,(11) 99081-9630,igor.fernandes@garoa.example,01397410,Rua Nova,3277,Butantã,São Paulo,SP
007669,GABRIELA COSTA,21770397116,2001-07-23,F,17725319992,Operador de telemarketing,422310,2024-02-04,2024-05-04,CLT,1700.00,72759180000109,SAO-01,Central Barra Funda,01323315,Rua das Palmeiras,586,Santana,São Paulo,SP,(11) 99669-8215,gabriela.costa@garoa.example,01397410,Rua Nova,3277,Butantã,São Paulo,SP
007670,ANTÔNIO MOURA,04847579542,1979-09-02,M,12634241045,Operador de telemarketing,422310,2018-09-30,2018-12-29,CLT,1630.00,72759180000109,SAO-01,Central Barra Funda,01353842,Rua das Mangueiras,2118,Santana,São Paulo,SP,(11) 98738-3258,antonio.moura@garoa.example,01397410,Rua Nova,3277,Butantã,São Paulo,SP
007671,PEDRO MENDES COELHO,74770331606,1995-10-22,M,17583242215,Operador de telemarketing,422310,2023-12-13,2024-03-12,CLT,1630.00,72759180000281,SAO-02,Central Mooca,01330163,Rua das Hortênsias,1044,Santana,São Paulo,SP,(11) 99988-3908,pedro.coelho@garoa.example,01339343,Rua do Horizonte,585,Barra Funda,São Paulo,SP
007672,OLÍVIA NUNES VIEIRA,25700633809,2002-03-09,F,17179603881,Supervisor de atendimento,420135,2024-05-07,2024-08-05,CLT,4980.00,72759180000109,SAO-01,Central Barra Funda,01358679,Rua do Bosque,808,Bela Vista,São Paulo,SP,(11) 99016-6135,olivia.vieira@garoa.example,01397410,Rua Nova,3277,Butantã,São Paulo,SP
007673,NELSON COSTA BRITO,09724356701,1998-07-14,M,13232539752,Supervisor de atendimento,420135,2023-04-04,2023-07-03,CLT,4210.00,72759180000109,SAO-01,Central Barra Funda,01371232,Rua Santa Clara,561,Bela Vista,São Paulo,SP,(11) 99990-0985,nelson.brito@garoa.example,01397410,Rua Nova,3277,Butantã,São Paulo,SP
007674,DANIELA SILVA MARQUES,81197974423,1999-12-07,F,12763664280,Operador de telemarketing,422310,2026-05-06,,CLT,1630.00,72759180000109,SAO-01,Central Barra Funda,01394413,Rua do Horizonte,1465,Santana,São Paulo,SP,(11) 98535-6999,daniela.marques@garoa.example,01397410,Rua Nova,3277,Butantã,São Paulo,SP
007675,ANTÔNIO BEZERRA,05226103905,1994-05-02,M,17157212427,Operador de telemarketing,422310,2024-06-17,2024-09-15,CLT,1700.00,72759180000109,SAO-01,Central Barra Funda,01333861,Rua do Comércio,1012,Tatuapé,São Paulo,SP,(11) 99968-6209,antonio.bezerra@garoa.example,01397410,Rua Nova,3277,Butantã,São Paulo,SP
007676,EDUARDO FREITAS,18832320827,1992-11-16,M,17907498761,Auxiliar de pessoal,411030,2022-06-07,2022-09-05,CLT,2860.00,72759180000109,SAO-01,Central Barra Funda,01338278,Rua dos Pinheiros Altos,2748,Santana,São Paulo,SP,(11) 99711-1076,eduardo.freitas@garoa.example,01397410,Rua Nova,3277,Butantã,São Paulo,SP
007677,KAIQUE VIEIRA NASCIMENTO,73912999287,1996-08-01,M,16918170372,Operador de telemarketing,422310,2018-04-09,2018-07-08,CLT,1630.00,72759180000109,SAO-01,Central Barra Funda,01370945,Rua dos Girassóis,1190,Liberdade,São Paulo,SP,(11) 98303-9295,kaique.nascimento@garoa.example,01397410,Rua Nova,3277,Butantã,São Paulo,SP
007678,JOANA FERREIRA,84949363107,2003-02-22,F,13579985890,Operador de telemarketing,422310,2023-08-18,2023-11-16,CLT,1630.00,72759180000109,SAO-01,Central Barra Funda,01301555,Rua das Flores do Campo,1391,Tatuapé,São Paulo,SP,(11) 98863-1308,joana.ferreira@garoa.example,01397410,Rua Nova,3277,Butantã,São Paulo,SP
007679,MARTA ANDRADE,89966555110,1993-12-17,F,15170327708,Operador de telemarketing,422310,2024-04-09,2024-07-08,CLT,1860.00,72759180000109,SAO-01,Central Barra Funda,01367040,Rua do Cruzeiro,309,Liberdade,São Paulo,SP,(11) 98566-6270,marta.andrade@garoa.example,01397410,Rua Nova,3277,Butantã,São Paulo,SP
007680,NICOLAS BEZERRA TAVARES,71131143930,1981-04-16,M,19487589169,Operador de telemarketing,422310,2021-09-15,2021-12-14,CLT,1630.00,72759180000109,SAO-01,Central Barra Funda,01337769,Avenida das Nações,1529,Tatuapé,São Paulo,SP,(11) 98481-7885,nicolas.tavares@garoa.example,01397410,Rua Nova,3277,Butantã,São Paulo,SP
007681,SANDRA PAIVA,15368744340,1999-06-20,F,12250854639,Assistente administrativo,411010,2025-11-19,2026-02-17,CLT,3200.00,72759180000109,SAO-01,Central Barra Funda,01332775,Rua do Comércio,1026,Tatuapé,São Paulo,SP,(11) 98752-0058,sandra.paiva@garoa.example,01397410,Rua Nova,3277,Butantã,São Paulo,SP
007682,WAGNER OLIVEIRA,72996109490,2001-04-04,M,17523457898,Supervisor de atendimento,420135,2024-11-22,2025-02-20,CLT,3440.00,72759180000109,SAO-01,Central Barra Funda,01340342,Avenida Central,2401,Tatuapé,São Paulo,SP,(11) 99328-5324,wagner.oliveira@garoa.example,01397410,Rua Nova,3277,Butantã,São Paulo,SP
007683,MARTA CAVALCANTI,58940678478,1989-06-22,F,13671397297,Operador de telemarketing,422310,2026-05-11,,CLT,1860.00,72759180000109,SAO-01,Central Barra Funda,01384561,Rua das Flores do Campo,2718,Bela Vista,São Paulo,SP,(11) 98511-6347,marta.cavalcanti@garoa.example,01397410,Rua Nova,3277,Butantã,São Paulo,SP
007684,CAIO MAGALHÃES ALMEIDA,66823364890,1992-12-14,M,16564128440,Operador de telemarketing,422310,2020-02-09,2020-05-09,CLT,1630.00,72759180000109,SAO-01,Central Barra Funda,01310407,Rua dos Cravos,1542,Bela Vista,São Paulo,SP,(11) 98835-6354,caio.almeida@garoa.example,01397410,Rua Nova,3277,Butantã,São Paulo,SP
007685,OTÁVIO BEZERRA,02982369664,2001-01-07,M,15793116959,Supervisor de atendimento,420135,2025-05-02,2025-07-31,CLT,3440.00,72759180000109,SAO-01,Central Barra Funda,01392688,Rua do Sol Nascente,884,Tatuapé,São Paulo,SP,(11) 98998-0896,otavio.bezerra@garoa.example,01397410,Rua Nova,3277,Butantã,São Paulo,SP
007686,PAULO SOARES ROCHA,17538872167,2005-03-18,M,13148046955,Analista de recursos humanos,252405,2025-01-30,2025-04-30,CLT,4010.00,72759180000109,SAO-01,Central Barra Funda,01383910,Rua Santa Clara,2788,Bela Vista,São Paulo,SP,(11) 98549-0468,paulo.rocha@garoa.example,01397410,Rua Nova,3277,Butantã,São Paulo,SP
007687,WELLINGTON XAVIER,55966409722,1986-03-25,M,14018946908,Operador de telemarketing,422310,2025-09-15,2025-12-14,CLT,1630.00,72759180000109,SAO-01,Central Barra Funda,01387324,Rua do Cruzeiro,1861,Liberdade,São Paulo,SP,(11) 98939-7778,wellington.xavier@garoa.example,01397410,Rua Nova,3277,Butantã,São Paulo,SP
007688,MARIANA FARIAS,82495620205,1986-12-20,F,19008861925,Analista de recursos humanos,252405,2013-12-10,2014-03-10,CLT,4010.00,72759180000109,SAO-01,Central Barra Funda,01342161,Rua da Esperança,1723,Liberdade,São Paulo,SP,(11) 99991-3134,mariana.farias@garoa.example,01397410,Rua Nova,3277,Butantã,São Paulo,SP
007689,RENATA FERNANDES FERNANDES,16390804148,1996-02-14,F,18731603022,Analista de recursos humanos,252405,2022-12-09,2023-03-09,CLT,4830.00,72759180000109,SAO-01,Central Barra Funda,01376557,Rua do Sol Nascente,179,Barra Funda,São Paulo,SP,(11) 99151-5693,renata.fernandes@garoa.example,01397410,Rua Nova,3277,Butantã,São Paulo,SP
007690,TEREZA PINTO VIEIRA,95751993080,1996-12-22,F,10060164917,Operador de telemarketing,422310,2023-07-04,2023-10-02,CLT,1630.00,72759180000109,SAO-01,Central Barra Funda,01376357,Rua das Gaivotas,1564,Mooca,São Paulo,SP,(11) 98304-0365,tereza.vieira@garoa.example,01397410,Rua Nova,3277,Butantã,São Paulo,SP
007691,FRANCISCA BORGES,43828606601,1996-09-11,F,15555024974,Operador de telemarketing,422310,2022-01-14,2022-04-14,CLT,1630.00,72759180000109,SAO-01,Central Barra Funda,01328259,Rua das Flores do Campo,2150,Tatuapé,São Paulo,SP,(11) 99165-4241,francisca.borges@garoa.example,01397410,Rua Nova,3277,Butantã,São Paulo,SP
007692,FRANCISCO MARTINS,24878823879,2001-03-02,M,17977285553,Operador de telemarketing,422310,2025-04-05,2025-07-04,CLT,1860.00,72759180000109,SAO-01,Central Barra Funda,01301438,Rua das Andorinhas,2247,Santana,São Paulo,SP,(11) 99891-9865,francisco.martins@garoa.example,01397410,Rua Nova,3277,Butantã,São Paulo,SP
007693,CAIO PAIVA TAVARES,30477673350,1993-04-23,M,12906861881,Operador de telemarketing,422310,2023-10-18,2024-01-16,CLT,1860.00,72759180000281,SAO-02,Central Mooca,01338169,Rua das Violetas,1218,Liberdade,São Paulo,SP,(11) 98407-5255,caio.tavares@garoa.example,01339343,Rua do Horizonte,585,Barra Funda,São Paulo,SP
007694,KAIQUE MIRANDA,19594753200,1983-01-17,M,17776117875,Auxiliar de pessoal,411030,2022-03-22,2022-06-20,CLT,2600.00,72759180000109,SAO-01,Central Barra Funda,01328185,Rua da Alvorada,1690,Barra Funda,São Paulo,SP,(11) 99851-7411,kaique.miranda@garoa.example,01397410,Rua Nova,3277,Butantã,São Paulo,SP
007695,GABRIEL BEZERRA BARBOSA,41152660900,1984-03-19,M,16334559407,Operador de telemarketing,422310,2022-10-13,2023-01-11,CLT,1630.00,72759180000109,SAO-01,Central Barra Funda,01380412,Avenida das Nações,2613,Santana,São Paulo,SP,(11) 99029-6770,gabriel.barbosa@garoa.example,01397410,Rua Nova,3277,Butantã,São Paulo,SP
007696,LEONARDO LOPES LIMA,27775560088,1988-10-28,M,13165087541,Supervisor de atendimento,420135,2025-09-18,2025-12-17,CLT,4980.00,72759180000109,SAO-01,Central Barra Funda,01350886,Rua da Liberdade,968,Mooca,São Paulo,SP,(11) 99798-7444,leonardo.lima@garoa.example,01397410,Rua Nova,3277,Butantã,São Paulo,SP
007697,LEONARDO CAVALCANTI BARROS,29697442959,1999-12-09,M,15134731550,Operador de telemarketing,422310,2020-12-14,2021-03-14,CLT,1630.00,72759180000109,SAO-01,Central Barra Funda,01380577,Rua Nova,2382,Butantã,São Paulo,SP,(11) 99422-7410,leonardo.barros@garoa.example,01397410,Rua Nova,3277,Butantã,São Paulo,SP
007698,KAIQUE CORREIA LEITE,22785018524,2001-02-18,M,14118072429,Operador de telemarketing,422310,2025-05-14,2025-08-12,CLT,1860.00,72759180000109,SAO-01,Central Barra Funda,01376409,Rua do Mirante,1080,Mooca,São Paulo,SP,(11) 98192-5841,kaique.leite@garoa.example,01397410,Rua Nova,3277,Butantã,São Paulo,SP
007699,TEREZA QUEIROZ,21387272705,2003-07-11,F,16066925324,Operador de telemarketing,422310,2022-11-25,2023-02-23,CLT,1630.00,72759180000109,SAO-01,Central Barra Funda,01359354,Rua Nova,835,Tatuapé,São Paulo,SP,(11) 98260-6477,tereza.queiroz@garoa.example,01397410,Rua Nova,3277,Butantã,São Paulo,SP
007700,ANTÔNIO PEREIRA,61528607333,1996-06-12,M,13728684197,Operador de telemarketing,422310,2024-08-09,2024-11-07,CLT,1860.00,72759180000109,SAO-01,Central Barra Funda,01321571,Rua do Sol Nascente,1656,Mooca,São Paulo,SP,(11) 98560-2866,antonio.pereira@garoa.example,01397410,Rua Nova,3277,Butantã,São Paulo,SP
007701,ALINE PRADO,19466451332,1993-01-11,F,17381743560,Operador de telemarketing,422310,2023-01-10,2023-04-10,CLT,1700.00,72759180000281,SAO-02,Central Mooca,01311470,Rua das Andorinhas,391,Santana,São Paulo,SP,(11) 98195-8928,aline.prado@garoa.example,01339343,Rua do Horizonte,585,Barra Funda,São Paulo,SP
007702,SANDRA PACHECO SANTANA,72284626459,1996-09-28,F,13916380047,Operador de telemarketing,422310,2022-05-23,2022-08-21,CLT,1630.00,72759180000281,SAO-02,Central Mooca,01303092,Rua da Liberdade,1823,Barra Funda,São Paulo,SP,(11) 98903-6610,sandra.santana@garoa.example,01339343,Rua do Horizonte,585,Barra Funda,São Paulo,SP
007703,RICARDO GUIMARÃES,41339752603,1995-12-01,M,18126706951,Assistente administrativo,411010,2024-03-03,2024-06-01,CLT,3470.00,72759180000281,SAO-02,Central Mooca,01325466,Rua dos Cravos,1337,Butantã,São Paulo,SP,(11) 99597-2642,ricardo.guimaraes@garoa.example,01339343,Rua do Horizonte,585,Barra Funda,São Paulo,SP
007704,DANIELA RODRIGUES,03895286508,1979-07-30,F,14297436767,Supervisor de atendimento,420135,2025-05-12,2025-08-10,CLT,4210.00,72759180000109,SAO-01,Central Barra Funda,01367046,Rua das Gaivotas,1589,Mooca,São Paulo,SP,(11) 98864-5764,daniela.rodrigues@garoa.example,01397410,Rua Nova,3277,Butantã,São Paulo,SP
007705,WELLINGTON GONÇALVES,03737891737,1996-12-07,M,14252534495,Operador de telemarketing,422310,2023-10-27,2024-01-25,CLT,1700.00,72759180000281,SAO-02,Central Mooca,01378516,Rua da Alvorada,929,Butantã,São Paulo,SP,(11) 99511-3879,wellington.goncalves@garoa.example,01339343,Rua do Horizonte,585,Barra Funda,São Paulo,SP
007706,FERNANDA MACHADO,62037919204,2002-12-05,F,12382756464,Operador de telemarketing,422310,2024-11-30,2025-02-28,CLT,1700.00,72759180000281,SAO-02,Central Mooca,01361169,Rua das Andorinhas,205,Butantã,São Paulo,SP,(11) 99574-8684,fernanda.machado@garoa.example,01339343,Rua do Horizonte,585,Barra Funda,São Paulo,SP
007707,RENATA PINTO,19727966314,1974-08-08,F,19393336910,Operador de telemarketing,422310,2023-02-11,2023-05-12,CLT,1630.00,72759180000109,SAO-01,Central Barra Funda,01309985,Rua das Orquídeas,2436,Bela Vista,São Paulo,SP,(11) 99068-7097,renata.pinto@garoa.example,01397410,Rua Nova,3277,Butantã,São Paulo,SP
007708,LARISSA ALVES SANTANA,28453640912,1994-12-05,F,18529550516,Operador de telemarketing,422310,2019-10-21,2020-01-19,CLT,1630.00,72759180000109,SAO-01,Central Barra Funda,01387954,Avenida Beira Rio,2263,Tatuapé,São Paulo,SP,(11) 98447-9201,larissa.santana@garoa.example,01397410,Rua Nova,3277,Butantã,São Paulo,SP
007709,MARTA BORGES TEIXEIRA,60383155274,1990-05-23,F,10446947038,Supervisor de atendimento,420135,2026-06-05,,CLT,3440.00,72759180000281,SAO-02,Central Mooca,01379443,Rua da Liberdade,489,Santana,São Paulo,SP,(11) 99661-2390,marta.teixeira@garoa.example,01339343,Rua do Horizonte,585,Barra Funda,São Paulo,SP
007710,TATIANE ALMEIDA SIQUEIRA,86929201502,1994-05-29,F,13405488191,Operador de telemarketing,422310,2024-05-20,2024-08-18,CLT,1630.00,72759180000109,SAO-01,Central Barra Funda,01386433,Rua das Acácias,288,Liberdade,São Paulo,SP,(11) 98644-4495,tatiane.siqueira@garoa.example,01397410,Rua Nova,3277,Butantã,São Paulo,SP
007711,SÉRGIO MAGALHÃES MAGALHÃES,20585195072,1997-11-08,M,14400786377,Supervisor de atendimento,420135,2023-02-05,2023-05-06,CLT,,72759180000109,SAO-01,Central Barra Funda,01381310,Rua do Comércio,2041,Liberdade,São Paulo,SP,(11) 98262-5292,sergio.magalhaes@garoa.example,01397410,Rua Nova,3277,Butantã,São Paulo,SP
007712,LUCAS SANTOS BARBOSA,80630838658,1989-10-19,M,16431485650,Supervisor de atendimento,420135,2020-10-29,2021-01-27,CLT,4210.00,72759180000281,SAO-02,Central Mooca,01305163,Rua das Mangueiras,1414,Butantã,São Paulo,SP,(11) 99335-4819,lucas.barbosa@garoa.example,01339343,Rua do Horizonte,585,Barra Funda,São Paulo,SP
007713,FELIPE PACHECO PEREIRA,27287882515,1994-05-20,M,10393972014,Analista de recursos humanos,252405,2024-08-02,2024-10-31,CLT,5640.00,72759180000109,SAO-01,Central Barra Funda,01396549,Rua Nova,2190,Bela Vista,São Paulo,SP,(11) 98836-7728,felipe.pereira@garoa.example,01397410,Rua Nova,3277,Butantã,São Paulo,SP
007714,YASMIN MARQUES,04357096316,1997-12-19,F,17117473713,Operador de telemarketing,422310,2024-06-29,2024-09-27,CLT,1630.00,72759180000281,SAO-02,Central Mooca,01304871,Avenida Central,1366,Tatuapé,São Paulo,SP,(11) 98775-2716,yasmin.marques@garoa.example,01339343,Rua do Horizonte,585,Barra Funda,São Paulo,SP
007715,JOANA SANTOS SANTOS,57355699377,1986-10-03,F,15844895344,Operador de telemarketing,422310,2025-06-25,2025-09-23,CLT,1630.00,72759180000109,SAO-01,Central Barra Funda,01399041,Rua do Comércio,2685,Barra Funda,São Paulo,SP,(11) 99267-4907,joana.santos@garoa.example,01397410,Rua Nova,3277,Butantã,São Paulo,SP
007716,FERNANDO CASTRO MOURA,76999690901,2004-06-04,M,17468958820,Operador de telemarketing,422310,2025-03-21,2025-06-19,CLT,1630.00,72759180000109,SAO-01,Central Barra Funda,01377135,Rua do Horizonte,1522,Santana,São Paulo,SP,(11) 98897-5516,fernando.moura@garoa.example,01397410,Rua Nova,3277,Butantã,São Paulo,SP
007717,FRANCISCA COELHO LIMA,67503753919,1998-12-03,F,18626090910,Operador de telemarketing,422310,2020-10-28,2021-01-26,CLT,1700.00,72759180000281,SAO-02,Central Mooca,01392856,Rua São Pedro,956,Santana,São Paulo,SP,(11) 98724-7665,francisca.lima@garoa.example,01339343,Rua do Horizonte,585,Barra Funda,São Paulo,SP
007718,JORGE MARQUES BRITO,57234619151,2002-07-06,M,14976284421,Operador de telemarketing,422310,2025-10-30,2026-01-28,CLT,1630.00,72759180000281,SAO-02,Central Mooca,01315016,Rua São Pedro,2465,Tatuapé,São Paulo,SP,(11) 98750-3416,jorge.brito@garoa.example,01339343,Rua do Horizonte,585,Barra Funda,São Paulo,SP
007719,TEREZA FARIAS,98723533366,1995-09-24,F,12417062932,Operador de telemarketing,422310,2024-02-24,2024-05-24,CLT,1860.00,72759180000109,SAO-01,Central Barra Funda,01300629,Avenida Central,1880,Liberdade,São Paulo,SP,(11) 98753-9730,tereza.farias@garoa.example,01397410,Rua Nova,3277,Butantã,São Paulo,SP
007720,EMERSON BORGES MAGALHÃES,88521773374,1980-05-15,M,17193161517,Operador de telemarketing,422310,2024-09-02,2024-12-01,CLT,1700.00,72759180000281,SAO-02,Central Mooca,01378440,Rua da Esperança,1316,Barra Funda,São Paulo,SP,(11) 98911-6610,emerson.magalhaes@garoa.example,01339343,Rua do Horizonte,585,Barra Funda,São Paulo,SP
007721,AMANDA SALES,08864544410,1983-01-31,F,19507823330,Operador de telemarketing,422310,2020-09-14,2020-12-13,CLT,1700.00,72759180000109,SAO-01,Central Barra Funda,01375326,Rua Nova,494,Butantã,São Paulo,SP,(11) 98951-0889,amanda.sales@garoa.example,01397410,Rua Nova,3277,Butantã,São Paulo,SP
007722,ALEXANDRE PINTO MENDES,06099015086,1995-02-06,M,18748388328,Operador de telemarketing,422310,2024-07-28,2024-10-26,CLT,1630.00,72759180000281,SAO-02,Central Mooca,01329805,Rua do Horizonte,1519,Tatuapé,São Paulo,SP,(11) 99116-7075,alexandre.mendes@garoa.example,01339343,Rua do Horizonte,585,Barra Funda,São Paulo,SP
007723,JOÃO GUIMARÃES,18306322991,2000-03-05,M,11442719507,Operador de telemarketing,422310,2025-10-10,2026-01-08,CLT,1630.00,72759180000109,SAO-01,Central Barra Funda,01306478,Rua das Andorinhas,2275,Tatuapé,São Paulo,SP,(11) 99630-9619,joao.guimaraes@garoa.example,01397410,Rua Nova,3277,Butantã,São Paulo,SP
007724,WELLINGTON CARDOSO GUIMARÃES,02969064332,2001-02-28,M,14072087105,Operador de telemarketing,422310,2025-08-22,2025-11-20,CLT,1630.00,72759180000281,SAO-02,Central Mooca,01388748,Rua Três Marias,793,Bela Vista,São Paulo,SP,(11) 99864-9979,wellington.guimaraes@garoa.example,01339343,Rua do Horizonte,585,Barra Funda,São Paulo,SP
007725,FELIPE FERREIRA,23084246483,1988-11-04,M,14979318470,Operador de telemarketing,422310,2025-05-25,2025-08-23,CLT,1630.00,72759180000109,SAO-01,Central Barra Funda,01317349,Rua São Pedro,921,Butantã,São Paulo,SP,(11) 98462-5576,felipe.ferreira@garoa.example,01397410,Rua Nova,3277,Butantã,São Paulo,SP
007726,ROSANA SIQUEIRA,97702153091,1989-10-06,F,15925618435,Operador de telemarketing,422310,2013-11-26,2014-02-24,CLT,1860.00,72759180000109,SAO-01,Central Barra Funda,01383912,Travessa da Paz,449,Butantã,São Paulo,SP,(11) 99002-6305,rosana.siqueira@garoa.example,01397410,Rua Nova,3277,Butantã,São Paulo,SP
007727,EDUARDO MAGALHÃES,57284372060,1978-03-25,M,15436748025,Assistente administrativo,411010,2025-10-27,2026-01-25,CLT,2920.00,72759180000109,SAO-01,Central Barra Funda,01312089,Rua das Palmeiras,1924,Barra Funda,São Paulo,SP,(11) 99268-5326,eduardo.magalhaes@garoa.example,01397410,Rua Nova,3277,Butantã,São Paulo,SP
007728,JULIANA BATISTA,81856436799,2005-10-16,F,19760997387,Operador de telemarketing,422310,2026-02-01,2026-05-02,CLT,1700.00,72759180000109,SAO-01,Central Barra Funda,01333076,Rua São Pedro,2087,Mooca,São Paulo,SP,(11) 98736-1716,juliana.batista@garoa.example,01397410,Rua Nova,3277,Butantã,São Paulo,SP
007729,FRANCISCO QUEIROZ PEREIRA,46998584490,1991-02-11,M,13301848369,Operador de telemarketing,422310,2019-10-21,2020-01-19,CLT,1630.00,72759180000109,SAO-01,Central Barra Funda,01338748,Rua das Gaivotas,1316,Liberdade,São Paulo,SP,(11) 99943-1060,francisco.pereira@garoa.example,01397410,Rua Nova,3277,Butantã,São Paulo,SP
007730,NELSON CAVALCANTI SANTOS,80885160991,2000-12-01,M,16553177301,Operador de telemarketing,422310,2026-03-15,2026-06-13,CLT,1860.00,72759180000109,SAO-01,Central Barra Funda,01337643,Avenida das Nações,1025,Tatuapé,São Paulo,SP,(11) 98289-7549,nelson.santos@garoa.example,01397410,Rua Nova,3277,Butantã,São Paulo,SP
007731,MARCOS AGUIAR VIANA,72465197509,1994-11-21,M,11364540758,Operador de telemarketing,422310,2026-03-27,2026-06-25,CLT,1860.00,72759180000109,SAO-01,Central Barra Funda,01376353,Rua São Pedro,2028,Tatuapé,São Paulo,SP,(11) 98314-2200,marcos.viana@garoa.example,01397410,Rua Nova,3277,Butantã,São Paulo,SP
007732,ANA CORREIA CASTRO,13107600474,2004-12-27,F,13677342484,Operador de telemarketing,422310,2023-07-06,2023-10-04,CLT,1630.00,72759180000109,SAO-01,Central Barra Funda,01355319,Rua do Cruzeiro,1986,Liberdade,São Paulo,SP,(11) 99713-2803,ana.castro@garoa.example,01397410,Rua Nova,3277,Butantã,São Paulo,SP
007733,LEONARDO NUNES,22880063230,1989-09-17,M,14695245708,Assistente administrativo,411010,2021-05-08,2021-08-06,CLT,3200.00,72759180000109,SAO-01,Central Barra Funda,01302809,Rua das Andorinhas,887,Tatuapé,São Paulo,SP,(11) 99345-8012,leonardo.nunes@garoa.example,01397410,Rua Nova,3277,Butantã,São Paulo,SP
007734,SÉRGIO SOARES NASCIMENTO,58764849970,1989-11-09,M,10898796948,Operador de telemarketing,422310,2025-06-13,2025-09-11,CLT,1860.00,72759180000281,SAO-02,Central Mooca,01333754,Rua dos Girassóis,835,Bela Vista,São Paulo,SP,(11) 99558-1956,sergio.nascimento@garoa.example,01339343,Rua do Horizonte,585,Barra Funda,São Paulo,SP
007735,CARLOS FIGUEIREDO,64364436810,1999-03-21,M,17155757952,Operador de telemarketing,422310,2022-10-14,2023-01-12,CLT,1700.00,72759180000109,SAO-01,Central Barra Funda,01313477,Rua dos Cravos,2009,Bela Vista,São Paulo,SP,(11) 99237-2874,carlos.figueiredo@garoa.example,01397410,Rua Nova,3277,Butantã,São Paulo,SP
007736,FERNANDA CAVALCANTI,17676515203,1989-01-13,F,15107089815,Operador de telemarketing,422310,2013-10-25,2014-01-23,CLT,1630.00,72759180000109,SAO-01,Central Barra Funda,01396659,Rua das Palmeiras,2654,Santana,São Paulo,SP,(11) 99959-2796,fernanda.cavalcanti@garoa.example,01397410,Rua Nova,3277,Butantã,São Paulo,SP
007737,LETÍCIA VIANA ASSIS,92507874309,1984-06-22,F,11188605750,Técnico de suporte ao usuário,317210,2023-07-20,2023-10-18,CLT,2910.00,72759180000281,SAO-02,Central Mooca,01376871,Rua do Sol Nascente,1147,Barra Funda,São Paulo,SP,(11) 98855-2759,leticia.assis@garoa.example,01339343,Rua do Horizonte,585,Barra Funda,São Paulo,SP
007738,JÉSSICA FREITAS,55769648880,1989-06-08,F,12919812579,Operador de telemarketing,422310,2017-08-13,2017-11-11,CLT,1630.00,72759180000109,SAO-01,Central Barra Funda,01363017,Rua do Comércio,516,Butantã,São Paulo,SP,(11) 98410-4040,jessica.freitas@garoa.example,01397410,Rua Nova,3277,Butantã,São Paulo,SP
007739,RICARDO MAGALHÃES,46356967749,2004-01-05,M,13347358560,Operador de telemarketing,422310,2024-03-24,2024-06-22,CLT,1630.00,72759180000109,SAO-01,Central Barra Funda,01311290,Rua das Hortênsias,1659,Tatuapé,São Paulo,SP,(11) 99508-2608,ricardo.magalhaes@garoa.example,01397410,Rua Nova,3277,Butantã,São Paulo,SP
007740,CRISTIANE PEREIRA,34500017445,1997-07-11,F,12008149573,Auxiliar de pessoal,411030,2023-10-21,2024-01-19,CLT,2350.00,72759180000109,SAO-01,Central Barra Funda,01391476,Rua das Acácias,1898,Tatuapé,São Paulo,SP,(11) 98433-5678,cristiane.pereira@garoa.example,01397410,Rua Nova,3277,Butantã,São Paulo,SP
007741,FLÁVIA NEVES,69355921357,1995-11-03,F,13160908226,Técnico de suporte ao usuário,317210,2020-03-19,2020-06-17,CLT,2910.00,72759180000109,SAO-01,Central Barra Funda,01351643,Rua dos Girassóis,2035,Santana,São Paulo,SP,(11) 99407-7267,flavia.neves@garoa.example,01397410,Rua Nova,3277,Butantã,São Paulo,SP
007742,ADRIANA MACHADO MARQUES,31381612199,1994-11-19,F,14267329429,Operador de telemarketing,422310,2024-01-02,2024-04-01,CLT,1630.00,72759180000109,SAO-01,Central Barra Funda,01348343,Rua das Flores do Campo,1600,Barra Funda,São Paulo,SP,(11) 99852-2376,adriana.marques@garoa.example,01397410,Rua Nova,3277,Butantã,São Paulo,SP
007743,JÚLIO NUNES,81677033983,2002-04-26,M,12319585681,Assistente administrativo,411010,2026-05-11,,CLT,2650.00,72759180000109,SAO-01,Central Barra Funda,01357498,Rua dos Pinheiros Altos,187,Butantã,São Paulo,SP,(11) 99276-8609,julio.nunes@garoa.example,01397410,Rua Nova,3277,Butantã,São Paulo,SP
007744,FLÁVIA MOREIRA,28372311005,1996-05-25,F,11317681843,Operador de telemarketing,422310,2021-03-16,2021-06-14,CLT,1700.00,72759180000109,SAO-01,Central Barra Funda,01310659,Rua da Liberdade,2701,Barra Funda,São Paulo,SP,(11) 99032-2965,flavia.moreira@garoa.example,01397410,Rua Nova,3277,Butantã,São Paulo,SP
007745,WELLINGTON MIRANDA,54934174052,1985-08-27,M,18268605899,Operador de telemarketing,422310,2006-06-12,2006-09-10,CLT,1700.00,72759180000109,SAO-01,Central Barra Funda,01392098,Rua do Mirante,1208,Santana,São Paulo,SP,(11) 99818-1797,wellington.miranda@garoa.example,01397410,Rua Nova,3277,Butantã,São Paulo,SP
007746,EMERSON COELHO SANTANA,62236532474,1993-03-14,M,10530045856,Operador de telemarketing,422310,2014-09-01,2014-11-30,CLT,1630.00,72759180000281,SAO-02,Central Mooca,01302872,Rua das Flores do Campo,2297,Liberdade,São Paulo,SP,(11) 98504-6219,emerson.santana@garoa.example,01339343,Rua do Horizonte,585,Barra Funda,São Paulo,SP
007747,ALINE COELHO,28918866070,2003-11-11,F,17909053260,Operador de telemarketing,422310,2025-11-30,2026-02-28,CLT,1630.00,72759180000281,SAO-02,Central Mooca,01353480,Rua Três Marias,930,Butantã,São Paulo,SP,(11) 98425-8020,aline.coelho@garoa.example,01339343,Rua do Horizonte,585,Barra Funda,São Paulo,SP
007748,MARCELO BEZERRA XAVIER,27911298980,1982-01-18,M,14839521693,Operador de telemarketing,422310,2026-03-02,2026-05-31,CLT,1630.00,72759180000281,SAO-02,Central Mooca,01305916,Rua das Flores do Campo,1919,Butantã,São Paulo,SP,(11) 99874-9628,marcelo.xavier@garoa.example,01339343,Rua do Horizonte,585,Barra Funda,São Paulo,SP
007749,TIAGO FERNANDES FREITAS,73786521727,1985-11-09,M,18069913049,Operador de telemarketing,422310,2019-12-11,2020-03-10,CLT,1630.00,72759180000281,SAO-02,Central Mooca,01338398,Rua Nova,939,Mooca,São Paulo,SP,(11) 99806-1700,tiago.freitas@garoa.example,01339343,Rua do Horizonte,585,Barra Funda,São Paulo,SP
007750,NAYARA MENDES,59798206800,1991-06-07,F,12996160795,Operador de telemarketing,422310,2024-10-04,2025-01-02,CLT,1630.00,72759180000109,SAO-01,Central Barra Funda,01303479,Rua das Gaivotas,1133,Tatuapé,São Paulo,SP,(11) 99828-1610,nayara.mendes@garoa.example,01397410,Rua Nova,3277,Butantã,São Paulo,SP
007751,TEREZA PEREIRA FREITAS,27342579807,1994-01-19,F,12737792720,Auxiliar de pessoal,411030,2016-03-18,2016-06-16,CLT,2860.00,72759180000109,SAO-01,Central Barra Funda,01390224,Rua dos Cravos,1110,Butantã,São Paulo,SP,(11) 99356-5956,tereza.freitas@garoa.example,01397410,Rua Nova,3277,Butantã,São Paulo,SP
007752,OLÍVIA SIQUEIRA PEREIRA,22001127855,1993-03-24,F,19132936959,Operador de telemarketing,422310,2023-08-10,2023-11-08,CLT,1630.00,72759180000109,SAO-01,Central Barra Funda,01349381,Rua da Alvorada,871,Barra Funda,São Paulo,SP,(11) 99534-9290,olivia.pereira@garoa.example,01397410,Rua Nova,3277,Butantã,São Paulo,SP
007753,RAFAEL BRITO FIGUEIREDO,59690469061,2000-06-20,M,18378859081,Operador de telemarketing,422310,2026-04-09,,CLT,1630.00,72759180000109,SAO-01,Central Barra Funda,01337247,Rua do Sol Nascente,1302,Santana,São Paulo,SP,(11) 98172-3621,rafael.figueiredo@garoa.example,01397410,Rua Nova,3277,Butantã,São Paulo,SP
007754,KARINA SILVA,35546595175,1994-06-12,F,11136139306,Operador de telemarketing,422310,2023-04-05,2023-07-04,CLT,1700.00,72759180000109,SAO-01,Central Barra Funda,01341939,Rua do Cruzeiro,2623,Barra Funda,São Paulo,SP,(11) 98672-5794,karina.silva@garoa.example,01397410,Rua Nova,3277,Butantã,São Paulo,SP
007755,TATIANE BEZERRA QUEIROZ,25160662871,1991-01-23,F,17467074548,Operador de telemarketing,422310,2025-08-19,2025-11-17,CLT,1860.00,72759180000109,SAO-01,Central Barra Funda,01383260,Rua das Orquídeas,2244,Santana,São Paulo,SP,(11) 99624-1305,tatiane.queiroz@garoa.example,01397410,Rua Nova,3277,Butantã,São Paulo,SP
007756,EDUARDA CARVALHO,88906167849,1987-07-08,F,19816524161,Operador de telemarketing,422310,2022-12-25,2023-03-25,CLT,1630.00,72759180000109,SAO-01,Central Barra Funda,01383527,Rua da Esperança,28,Mooca,São Paulo,SP,(11) 98717-2408,eduarda.carvalho@garoa.example,01397410,Rua Nova,3277,Butantã,São Paulo,SP
007757,FLÁVIA BATISTA,39972911950,1991-11-02,F,11712239966,Operador de telemarketing,422310,2023-05-28,2023-08-26,CLT,1700.00,72759180000109,SAO-01,Central Barra Funda,01353987,Rua da Liberdade,2533,Tatuapé,São Paulo,SP,(11) 98904-4977,flavia.batista@garoa.example,01397410,Rua Nova,3277,Butantã,São Paulo,SP
007758,GABRIELA BARBOSA,18968777888,1980-04-03,F,16342893443,Operador de telemarketing,422310,2017-04-15,2017-07-14,CLT,1860.00,72759180000281,SAO-02,Central Mooca,01349224,Rua do Horizonte,982,Liberdade,São Paulo,SP,(11) 98854-5442,gabriela.barbosa@garoa.example,01339343,Rua do Horizonte,585,Barra Funda,São Paulo,SP
007759,RENATA GOMES,99805377369,1982-11-13,F,13098169356,Técnico de suporte ao usuário,317210,2020-05-13,2020-08-11,CLT,2500.00,72759180000109,SAO-01,Central Barra Funda,01391487,Rua das Andorinhas,2134,Tatuapé,São Paulo,SP,(11) 98602-8892,renata.gomes@garoa.example,01397410,Rua Nova,3277,Butantã,São Paulo,SP
007760,MATHEUS MENDES FREITAS,98569681275,1968-11-23,M,15067211468,Supervisor de atendimento,420135,2013-04-18,2013-07-17,CLT,4980.00,72759180000109,SAO-01,Central Barra Funda,01358158,Rua da Alvorada,1887,Liberdade,São Paulo,SP,(11) 99057-8931,matheus.freitas@garoa.example,01397410,Rua Nova,3277,Butantã,São Paulo,SP
007761,GABRIEL NUNES TEIXEIRA,51479171603,2002-04-02,M,10725807008,Operador de telemarketing,422310,2026-04-30,,CLT,1630.00,72759180000109,SAO-01,Central Barra Funda,01306841,Rua das Flores do Campo,1834,Liberdade,São Paulo,SP,(11) 99835-9918,gabriel.teixeira@garoa.example,01397410,Rua Nova,3277,Butantã,São Paulo,SP
007762,ANA MENDES MARTINS,95842124866,2004-07-25,F,15012720914,Recepcionista,422105,2025-08-13,2025-11-11,CLT,1670.00,72759180000281,SAO-02,Central Mooca,01356007,Avenida Central,1350,Mooca,São Paulo,SP,(11) 98178-4548,ana.martins@garoa.example,01339343,Rua do Horizonte,585,Barra Funda,São Paulo,SP
007763,MARCELO NUNES MAGALHÃES,89094541483,2000-12-19,M,10124054182,Operador de telemarketing,422310,2023-07-16,2023-10-14,CLT,1630.00,72759180000109,SAO-01,Central Barra Funda,01389364,Rua das Violetas,2530,Liberdade,São Paulo,SP,(11) 98398-2170,marcelo.magalhaes@garoa.example,01397410,Rua Nova,3277,Butantã,São Paulo,SP
007764,KELLY MOREIRA NUNES,78943073860,1992-09-03,F,12273513714,Operador de telemarketing,422310,2017-09-15,2017-12-14,CLT,1630.00,72759180000109,SAO-01,Central Barra Funda,01320945,Rua São Pedro,2368,Santana,São Paulo,SP,(11) 99690-6178,kelly.nunes@garoa.example,01397410,Rua Nova,3277,Butantã,São Paulo,SP
007765,VITOR ALVES DIAS,36000315201,2002-12-04,M,19126938495,Operador de telemarketing,422310,2025-07-13,2025-10-11,CLT,1860.00,72759180000109,SAO-01,Central Barra Funda,01350204,Rua das Hortênsias,565,Liberdade,São Paulo,SP,(11) 99980-4521,vitor.dias@garoa.example,01397410,Rua Nova,3277,Butantã,São Paulo,SP
007766,KARINA ALMEIDA COELHO,31476718873,2000-07-28,F,19034815189,Operador de telemarketing,422310,2024-10-30,2025-01-28,CLT,1630.00,72759180000281,SAO-02,Central Mooca,01363271,Avenida Beira Rio,1003,Liberdade,São Paulo,SP,(11) 99553-3253,karina.coelho@garoa.example,01339343,Rua do Horizonte,585,Barra Funda,São Paulo,SP
007767,THIAGO TAVARES SIQUEIRA,73540293515,1999-07-22,M,15133285271,Operador de telemarketing,422310,2026-04-24,,CLT,1700.00,72759180000109,SAO-01,Central Barra Funda,01390750,Rua das Orquídeas,437,Tatuapé,São Paulo,SP,(11) 98698-5420,thiago.siqueira@garoa.example,01397410,Rua Nova,3277,Butantã,São Paulo,SP
007768,VANESSA TEIXEIRA MENDES,55592518951,2002-09-04,F,19711831297,Assistente administrativo,411010,2025-10-14,2026-01-12,CLT,3200.00,72759180000109,SAO-01,Central Barra Funda,01356111,Rua do Horizonte,1122,Mooca,São Paulo,SP,(11) 99558-4488,vanessa.mendes@garoa.example,01397410,Rua Nova,3277,Butantã,São Paulo,SP
007769,JOÃO SILVA,41139421450,2000-01-11,M,10130080311,Auxiliar de pessoal,411030,2024-08-22,2024-11-20,CLT,2860.00,72759180000109,SAO-01,Central Barra Funda,01385872,Rua das Acácias,2191,Bela Vista,São Paulo,SP,(11) 99198-6385,joao.silva@garoa.example,01397410,Rua Nova,3277,Butantã,São Paulo,SP
007770,JOÃO CORREIA,55037962331,1995-07-31,M,14687139412,Operador de telemarketing,422310,2025-09-02,2025-12-01,CLT,1630.00,72759180000281,SAO-02,Central Mooca,01388153,Avenida Beira Rio,961,Bela Vista,São Paulo,SP,(11) 98347-9800,joao.correia@garoa.example,01339343,Rua do Horizonte,585,Barra Funda,São Paulo,SP
007771,MARCOS BRITO,58994484310,2001-09-09,M,19834984985,Operador de telemarketing,422310,2026-01-10,2026-04-10,CLT,1630.00,72759180000109,SAO-01,Central Barra Funda,01388752,Rua das Acácias,2376,Mooca,São Paulo,SP,(11) 99575-4007,marcos.brito@garoa.example,01397410,Rua Nova,3277,Butantã,São Paulo,SP
007772,SANDRA FARIAS,54916811305,1965-09-12,F,17348907452,Operador de telemarketing,422310,2006-06-12,2006-09-10,CLT,1630.00,72759180000109,SAO-01,Central Barra Funda,01319442,Rua das Andorinhas,2353,Butantã,São Paulo,SP,(11) 98139-5731,sandra.farias@garoa.example,01397410,Rua Nova,3277,Butantã,São Paulo,SP
007773,JULIANA BEZERRA,29134208003,1994-05-13,F,16327887986,Operador de telemarketing,422310,2024-11-27,2025-02-25,CLT,1860.00,72759180000109,SAO-01,Central Barra Funda,01372634,Rua da Alvorada,357,Liberdade,São Paulo,SP,(11) 99355-2880,juliana.bezerra@garoa.example,01397410,Rua Nova,3277,Butantã,São Paulo,SP
007774,VITOR ASSIS,04232730788,1985-08-22,M,15961801729,Operador de telemarketing,422310,2019-06-15,2019-09-13,CLT,1630.00,72759180000109,SAO-01,Central Barra Funda,01379905,Rua da Liberdade,2351,Santana,São Paulo,SP,(11) 99431-7822,vitor.assis@garoa.example,01397410,Rua Nova,3277,Butantã,São Paulo,SP
007775,DIEGO COSTA FERREIRA,61118090837,1999-08-13,M,11354372479,Operador de telemarketing,422310,2024-07-03,2024-10-01,CLT,1630.00,72759180000281,SAO-02,Central Mooca,01317935,Rua dos Pinheiros Altos,1370,Bela Vista,São Paulo,SP,(11) 98254-2523,diego.ferreira@garoa.example,01339343,Rua do Horizonte,585,Barra Funda,São Paulo,SP
007776,RODRIGO MOREIRA VIEIRA,56274178546,1993-11-04,M,19718698141,Operador de telemarketing,422310,2017-08-11,2017-11-09,CLT,1630.00,72759180000281,SAO-02,Central Mooca,01323414,Rua da Liberdade,2332,Tatuapé,São Paulo,SP,(11) 99636-0440,rodrigo.vieira@garoa.example,01339343,Rua do Horizonte,585,Barra Funda,São Paulo,SP
007777,KARINA SANTANA SOARES,69451317180,1984-05-02,F,12760902722,Operador de telemarketing,422310,2026-03-24,2026-06-22,CLT,1630.00,72759180000109,SAO-01,Central Barra Funda,01395762,Rua das Orquídeas,836,Barra Funda,São Paulo,SP,(11) 99097-1699,karina.soares@garoa.example,01397410,Rua Nova,3277,Butantã,São Paulo,SP
007778,JOSÉ MACHADO,47852398405,1979-06-24,M,13558863277,Operador de telemarketing,422310,2026-05-19,,CLT,1860.00,72759180000109,SAO-01,Central Barra Funda,01310296,Rua do Sol Nascente,137,Barra Funda,São Paulo,SP,(11) 99331-4350,jose.machado@garoa.example,01397410,Rua Nova,3277,Butantã,São Paulo,SP
007779,TIAGO NEVES TAVARES,36117400632,2003-12-16,M,12290208647,Operador de telemarketing,422310,2025-01-04,2025-04-04,CLT,1630.00,72759180000109,SAO-01,Central Barra Funda,01309104,Rua Santa Clara,1066,Butantã,São Paulo,SP,(11) 99573-7001,tiago.tavares@garoa.example,01397410,Rua Nova,3277,Butantã,São Paulo,SP
007780,CRISTIANE MACEDO MIRANDA,85945958913,1998-10-16,F,15334122818,Operador de telemarketing,422310,2023-09-21,2023-12-20,CLT,1630.00,72759180000281,SAO-02,Central Mooca,01325176,Rua Nova,2202,Mooca,São Paulo,SP,(11) 98864-0318,cristiane.miranda@garoa.example,01339343,Rua do Horizonte,585,Barra Funda,São Paulo,SP
007781,YASMIN FIGUEIREDO VIANA,56676020084,1991-08-17,F,11988648557,Operador de telemarketing,422310,2026-02-19,2026-05-20,CLT,1630.00,72759180000109,SAO-01,Central Barra Funda,01313745,Rua das Orquídeas,10,Liberdade,São Paulo,SP,(11) 99518-3146,yasmin.viana@garoa.example,01397410,Rua Nova,3277,Butantã,São Paulo,SP
007782,FRANCISCA CAMPOS RIBEIRO,25088848129,1996-11-03,F,18779348695,Operador de telemarketing,422310,2025-08-13,2025-11-11,CLT,1630.00,72759180000281,SAO-02,Central Mooca,01345575,Rua São Pedro,2309,Liberdade,São Paulo,SP,(11) 99788-4081,francisca.ribeiro@garoa.example,01339343,Rua do Horizonte,585,Barra Funda,São Paulo,SP
007783,SÉRGIO PINTO,68092852103,1980-09-12,M,11431619404,Auxiliar de pessoal,411030,2023-12-18,2024-03-17,CLT,2090.00,72759180000281,SAO-02,Central Mooca,01354403,Rua do Sol Nascente,763,Mooca,São Paulo,SP,(11) 98614-0196,sergio.pinto@garoa.example,01339343,Rua do Horizonte,585,Barra Funda,São Paulo,SP
007784,SIMONE CASTRO SILVA,59146070788,1998-01-24,F,19670335489,Operador de telemarketing,422310,2023-04-12,2023-07-11,CLT,1700.00,72759180000109,SAO-01,Central Barra Funda,01313102,Rua dos Pinheiros Altos,1948,Butantã,São Paulo,SP,(11) 99334-5398,simone.silva@garoa.example,01397410,Rua Nova,3277,Butantã,São Paulo,SP
007785,PEDRO FERREIRA ASSIS,51666263117,1994-05-24,M,12840239282,Operador de telemarketing,422310,2022-04-10,2022-07-09,CLT,1630.00,72759180000109,SAO-01,Central Barra Funda,01309726,Avenida Central,2618,Liberdade,São Paulo,SP,(11) 99488-2905,pedro.assis@garoa.example,01397410,Rua Nova,3277,Butantã,São Paulo,SP
007786,CLÁUDIA BARBOSA MIRANDA,36725497624,1976-06-24,F,14304294299,Operador de telemarketing,422310,,2020-01-08,CLT,1630.00,72759180000281,SAO-02,Central Mooca,01374728,Rua das Andorinhas,2472,Mooca,São Paulo,SP,(11) 98722-1543,claudia.miranda@garoa.example,01339343,Rua do Horizonte,585,Barra Funda,São Paulo,SP
007787,NICOLAS BARROS,42144168563,1987-07-29,M,11518678818,Operador de telemarketing,422310,2022-01-19,2022-04-19,CLT,1630.00,72759180000281,SAO-02,Central Mooca,01307845,Rua Santa Clara,1934,Liberdade,São Paulo,SP,(11) 98259-7543,nicolas.barros@garoa.example,01339343,Rua do Horizonte,585,Barra Funda,São Paulo,SP
007788,MARTA SOUZA,15636827539,1998-07-30,F,14074522660,Operador de telemarketing,422310,2023-05-20,2023-08-18,CLT,1630.00,72759180000109,SAO-01,Central Barra Funda,01390425,Rua da Liberdade,2118,Butantã,São Paulo,SP,(11) 99008-3352,marta.souza@garoa.example,01397410,Rua Nova,3277,Butantã,São Paulo,SP
007789,EDUARDO SILVA,72095836707,2004-05-31,M,17053795648,Operador de telemarketing,422310,2026-05-07,,CLT,1630.00,72759180000109,SAO-01,Central Barra Funda,01356206,Rua das Gaivotas,2277,Santana,São Paulo,SP,(11) 99815-3581,eduardo.silva@garoa.example,01397410,Rua Nova,3277,Butantã,São Paulo,SP
007790,ADRIANA ASSIS,01032444096,1984-03-05,F,14489871990,Operador de telemarketing,422310,2017-01-27,2017-04-27,CLT,1860.00,72759180000109,SAO-01,Central Barra Funda,01368636,Rua das Hortênsias,1039,Butantã,São Paulo,SP,(11) 99845-7911,adriana.assis@garoa.example,01397410,Rua Nova,3277,Butantã,São Paulo,SP
007791,LEONARDO CORREIA BATISTA,86870307970,1999-02-10,M,16237785698,Assistente administrativo,411010,2024-06-08,2024-09-06,CLT,3470.00,72759180000109,SAO-01,Central Barra Funda,01314682,Avenida Central,1648,Barra Funda,São Paulo,SP,(11) 99835-8480,leonardo.batista@garoa.example,01397410,Rua Nova,3277,Butantã,São Paulo,SP
007792,HUGO FREITAS FREITAS,55643467852,1987-09-07,M,11487700657,Operador de telemarketing,422310,2015-03-02,2015-05-31,CLT,1630.00,72759180000281,SAO-02,Central Mooca,01367406,Rua Nova,450,Butantã,São Paulo,SP,(11) 99262-1405,hugo.freitas@garoa.example,01339343,Rua do Horizonte,585,Barra Funda,São Paulo,SP
007793,ALEXANDRE SOUZA,75813726853,1999-12-09,M,14325606627,Operador de telemarketing,422310,2026-03-25,2026-06-23,CLT,1700.00,72759180000109,SAO-01,Central Barra Funda,01372484,Rua São Pedro,749,Barra Funda,São Paulo,SP,(11) 99371-8431,alexandre.souza@garoa.example,01397410,Rua Nova,3277,Butantã,São Paulo,SP
007794,NAYARA QUEIROZ NEVES,15930294208,1977-07-14,F,10328707778,Operador de telemarketing,422310,2025-11-16,2026-02-14,CLT,1860.00,72759180000281,SAO-02,Central Mooca,01342325,Rua Santa Clara,672,Butantã,São Paulo,SP,(11) 99004-4182,nayara.neves@garoa.example,01339343,Rua do Horizonte,585,Barra Funda,São Paulo,SP
007795,GABRIEL COELHO RIBEIRO,53823779524,1992-08-26,M,19292157334,Operador de telemarketing,422310,2024-05-02,2024-07-31,CLT,1630.00,72759180000109,SAO-01,Central Barra Funda,01363922,Rua das Mangueiras,1891,Tatuapé,São Paulo,SP,(11) 98920-1761,gabriel.ribeiro@garoa.example,01397410,Rua Nova,3277,Butantã,São Paulo,SP
007796,SABRINA SALES,73269026404,1991-07-18,F,10715345772,Assistente administrativo,411010,2025-03-10,2025-06-08,CLT,2650.00,72759180000281,SAO-02,Central Mooca,01360397,Rua do Comércio,2662,Santana,São Paulo,SP,(11) 99378-1188,sabrina.sales@garoa.example,01339343,Rua do Horizonte,585,Barra Funda,São Paulo,SP
007797,FELIPE ARAÚJO PAIVA,20332336697,1998-11-08,M,17218190894,Operador de telemarketing,422310,2025-07-09,2025-10-07,CLT,1630.00,72759180000109,SAO-01,Central Barra Funda,01305970,Rua dos Cravos,311,Liberdade,São Paulo,SP,(11) 98994-0228,felipe.paiva@garoa.example,01397410,Rua Nova,3277,Butantã,São Paulo,SP
007798,JOÃO ANDRADE RODRIGUES,51275155987,2001-02-27,M,12487607449,Operador de telemarketing,422310,2024-09-22,2024-12-21,CLT,1630.00,72759180000281,SAO-02,Central Mooca,01305199,Rua das Andorinhas,2547,Butantã,São Paulo,SP,(11) 98832-2509,joao.rodrigues@garoa.example,01339343,Rua do Horizonte,585,Barra Funda,São Paulo,SP
007799,ANDRÉ QUEIROZ OLIVEIRA,53788168153,1992-02-15,M,12757031129,Operador de telemarketing,422310,2025-08-06,2025-11-04,CLT,1860.00,72759180000281,SAO-02,Central Mooca,01388226,Rua do Comércio,74,Barra Funda,São Paulo,SP,(11) 98606-8851,andre.oliveira@garoa.example,01339343,Rua do Horizonte,585,Barra Funda,São Paulo,SP
007800,THIAGO FARIAS SANTANA,20719404827,1984-09-24,M,15769286470,Operador de telemarketing,422310,2022-05-15,2022-08-13,CLT,1630.00,72759180000109,SAO-01,Central Barra Funda,01300693,Rua do Bosque,1208,Barra Funda,São Paulo,SP,(11) 98525-1179,thiago.santana@garoa.example,01397410,Rua Nova,3277,Butantã,São Paulo,SP
007801,FÁBIO RIBEIRO BARBOSA,66437299208,1996-07-21,M,13792003996,Operador de telemarketing,422310,2026-02-22,2026-05-23,CLT,1700.00,72759180000109,SAO-01,Central Barra Funda,01360311,Rua das Orquídeas,2654,Tatuapé,São Paulo,SP,(11) 99391-7957,fabio.barbosa@garoa.example,01397410,Rua Nova,3277,Butantã,São Paulo,SP
007802,HELENA ANDRADE SOARES,08276147801,1997-03-08,F,10793956161,Operador de telemarketing,422310,2024-02-28,2024-05-28,CLT,1630.00,72759180000281,SAO-02,Central Mooca,01356175,Rua das Orquídeas,2023,Liberdade,São Paulo,SP,(11) 99102-3655,helena.soares@garoa.example,01339343,Rua do Horizonte,585,Barra Funda,São Paulo,SP
007803,SAMUEL MIRANDA RODRIGUES,95092301899,1997-09-15,M,11893185012,Operador de telemarketing,422310,2025-02-16,2025-05-17,CLT,1630.00,72759180000109,SAO-01,Central Barra Funda,01387106,Rua das Mangueiras,643,Mooca,São Paulo,SP,(11) 99532-3745,samuel.rodrigues@garoa.example,01397410,Rua Nova,3277,Butantã,São Paulo,SP
007804,NELSON MARQUES NASCIMENTO,65293052977,1996-09-27,M,15120303297,Operador de telemarketing,422310,2022-07-19,2022-10-17,CLT,1630.00,72759180000281,SAO-02,Central Mooca,01368923,Rua da Esperança,899,Mooca,São Paulo,SP,(11) 98103-0126,nelson.nascimento@garoa.example,01339343,Rua do Horizonte,585,Barra Funda,São Paulo,SP
007805,PRISCILA BRITO,44559792984,1992-08-29,F,14044995688,Operador de telemarketing,422310,2016-06-26,2016-09-24,CLT,1700.00,72759180000109,SAO-01,Central Barra Funda,01344984,Rua das Orquídeas,1973,Liberdade,São Paulo,SP,(11) 99426-2881,priscila.brito@garoa.example,01397410,Rua Nova,3277,Butantã,São Paulo,SP
007806,MARIANA BRITO MONTEIRO,47781805690,1998-10-17,F,11755728536,Técnico de suporte ao usuário,317210,2025-11-28,2026-02-26,CLT,3740.00,72759180000109,SAO-01,Central Barra Funda,01371789,Rua Santa Clara,331,Tatuapé,São Paulo,SP,(11) 99768-2219,mariana.monteiro@garoa.example,01397410,Rua Nova,3277,Butantã,São Paulo,SP
007807,GUSTAVO FREITAS SANTOS,56687960431,1991-10-26,M,16571270922,Operador de telemarketing,422310,2021-12-22,2022-03-22,CLT,1700.00,72759180000109,SAO-01,Central Barra Funda,01313015,Travessa da Paz,2790,Butantã,São Paulo,SP,(11) 98388-5435,gustavo.santos@garoa.example,01397410,Rua Nova,3277,Butantã,São Paulo,SP
007808,WAGNER BARROS,47218485600,1992-09-10,M,12420595111,Operador de telemarketing,422310,2026-03-08,2026-06-06,CLT,1630.00,72759180000109,SAO-01,Central Barra Funda,01366569,Rua do Cruzeiro,1566,Butantã,São Paulo,SP,(11) 98957-8059,wagner.barros@garoa.example,01397410,Rua Nova,3277,Butantã,São Paulo,SP
007809,KAIQUE MOREIRA,40330290010,2004-04-03,M,19117519166,Gerente administrativo,142105,2026-02-22,2026-05-23,CLT,8350.00,72759180000109,SAO-01,Central Barra Funda,01396009,Rua das Violetas,874,Tatuapé,São Paulo,SP,(11) 99965-2305,kaique.moreira@garoa.example,01397410,Rua Nova,3277,Butantã,São Paulo,SP
007810,JOSÉ ANDRADE,48996013447,2000-08-29,M,17926927415,Operador de telemarketing,422310,2021-03-28,2021-06-26,CLT,1630.00,72759180000109,SAO-01,Central Barra Funda,01393020,Rua São Pedro,67,Liberdade,São Paulo,SP,(11) 99542-9939,jose.andrade@garoa.example,01397410,Rua Nova,3277,Butantã,São Paulo,SP
007811,SÉRGIO MIRANDA,47811393107,2002-02-10,M,17903026549,Operador de telemarketing,422310,2025-03-30,2025-06-28,CLT,1700.00,72759180000109,SAO-01,Central Barra Funda,01379522,Rua da Alvorada,496,Tatuapé,São Paulo,SP,(11) 98527-4946,sergio.miranda@garoa.example,01397410,Rua Nova,3277,Butantã,São Paulo,SP
007812,LUIZ FIGUEIREDO,03617160875,1982-10-24,M,11971900367,Operador de telemarketing,422310,2021-06-18,2021-09-16,CLT,1630.00,72759180000109,SAO-01,Central Barra Funda,01329158,Rua das Hortênsias,1694,Barra Funda,São Paulo,SP,(11) 98172-1508,luiz.figueiredo@garoa.example,01397410,Rua Nova,3277,Butantã,São Paulo,SP
007813,SÉRGIO PACHECO COELHO,98133254965,2004-03-25,M,14903055436,Operador de telemarketing,422310,2025-11-05,2026-02-03,CLT,1630.00,72759180000109,SAO-01,Central Barra Funda,01302947,Rua das Mangueiras,2272,Barra Funda,São Paulo,SP,(11) 99820-4834,sergio.coelho@garoa.example,01397410,Rua Nova,3277,Butantã,São Paulo,SP
007814,NICOLAS XAVIER ALMEIDA,67156481746,1992-04-20,M,12631520908,Assistente administrativo,411010,2017-06-23,2017-09-21,CLT,3200.00,72759180000109,SAO-01,Central Barra Funda,01318135,Rua das Gaivotas,2034,Mooca,São Paulo,SP,(11) 99716-4865,nicolas.almeida@garoa.example,01397410,Rua Nova,3277,Butantã,São Paulo,SP
007815,LARISSA DIAS,32480020266,1988-03-22,F,12985419813,Operador de telemarketing,422310,2025-09-08,2025-12-07,CLT,1630.00,72759180000281,SAO-02,Central Mooca,01300359,Rua Três Marias,1779,Santana,São Paulo,SP,(11) 99641-9275,larissa.dias@garoa.example,01339343,Rua do Horizonte,585,Barra Funda,São Paulo,SP
007816,ANA NUNES,87716209230,1990-05-06,F,18425197959,Operador de telemarketing,422310,2024-04-08,2024-07-07,CLT,1630.00,72759180000109,SAO-01,Central Barra Funda,01384702,Rua dos Girassóis,840,Barra Funda,São Paulo,SP,(11) 99163-7551,ana.nunes@garoa.example,01397410,Rua Nova,3277,Butantã,São Paulo,SP
007817,GABRIEL COSTA,31513618113,1998-11-11,M,13530879112,Assistente administrativo,411010,2024-04-13,2024-07-12,CLT,3200.00,72759180000281,SAO-02,Central Mooca,01364384,Rua das Andorinhas,41,Barra Funda,São Paulo,SP,(11) 98989-5798,gabriel.costa@garoa.example,01339343,Rua do Horizonte,585,Barra Funda,São Paulo,SP
007818,LEONARDO COSTA,88200272915,1998-11-29,M,11062399400,Operador de telemarketing,422310,2021-11-27,2022-02-25,CLT,1700.00,72759180000109,SAO-01,Central Barra Funda,01352643,Rua da Esperança,1472,Barra Funda,São Paulo,SP,(11) 99482-9984,leonardo.costa@garoa.example,01397410,Rua Nova,3277,Butantã,São Paulo,SP
007819,VALÉRIA CAMPOS,40643360204,1987-11-17,F,12641469296,Operador de telemarketing,422310,2017-10-26,2018-01-24,CLT,1700.00,72759180000281,SAO-02,Central Mooca,01313439,Travessa da Paz,1540,Santana,São Paulo,SP,(11) 99689-6992,valeria.campos@garoa.example,01339343,Rua do Horizonte,585,Barra Funda,São Paulo,SP
007820,FERNANDA ARAÚJO ALMEIDA,79146743545,1972-04-22,F,15238915753,Operador de telemarketing,422310,2012-04-13,2012-07-12,CLT,1630.00,72759180000109,SAO-01,Central Barra Funda,01310118,Rua das Flores do Campo,2549,Bela Vista,São Paulo,SP,(11) 99317-3947,fernanda.almeida@garoa.example,01397410,Rua Nova,3277,Butantã,São Paulo,SP
007821,NATÁLIA MOREIRA,56081405672,1996-07-26,F,15664876494,Operador de telemarketing,422310,2019-04-23,2019-07-22,CLT,1630.00,72759180000109,SAO-01,Central Barra Funda,01353629,Rua das Gaivotas,2147,Liberdade,São Paulo,SP,(11) 99719-1544,natalia.moreira@garoa.example,01397410,Rua Nova,3277,Butantã,São Paulo,SP
007822,HENRIQUE CAVALCANTI GOMES,49278344508,1990-12-07,M,15086113148,Operador de telemarketing,422310,2023-09-29,2023-12-28,CLT,1630.00,72759180000109,SAO-01,Central Barra Funda,01394375,Rua do Comércio,1149,Tatuapé,São Paulo,SP,(11) 98238-8012,henrique.gomes@garoa.example,01397410,Rua Nova,3277,Butantã,São Paulo,SP
007823,VANESSA MONTEIRO GOMES,32442360730,1993-05-30,F,14826363131,Operador de telemarketing,422310,2025-04-18,2025-07-17,CLT,1630.00,72759180000281,SAO-02,Central Mooca,01389867,Rua da Esperança,2621,Barra Funda,São Paulo,SP,(11) 99320-8407,vanessa.gomes@garoa.example,01339343,Rua do Horizonte,585,Barra Funda,São Paulo,SP
007824,MATHEUS FERREIRA,29555948577,1978-10-23,M,10382492133,Operador de telemarketing,422310,2025-09-27,2025-12-26,CLT,1630.00,72759180000109,SAO-01,Central Barra Funda,01397120,Rua Santa Clara,763,Barra Funda,São Paulo,SP,(11) 99822-4131,matheus.ferreira@garoa.example,01397410,Rua Nova,3277,Butantã,São Paulo,SP
007825,ALINE BARBOSA,35677138509,1997-09-26,F,14137353068,Operador de telemarketing,422310,2021-10-13,2022-01-11,CLT,1630.00,72759180000281,SAO-02,Central Mooca,01393868,Rua dos Cravos,1288,Barra Funda,São Paulo,SP,(11) 98558-2885,aline.barbosa@garoa.example,01339343,Rua do Horizonte,585,Barra Funda,São Paulo,SP
007826,LUCAS TEIXEIRA SANTANA,43005466221,1984-06-12,M,10586963475,Supervisor de atendimento,420135,2016-01-02,2016-04-01,CLT,4980.00,72759180000281,SAO-02,Central Mooca,01326752,Rua dos Girassóis,461,Bela Vista,São Paulo,SP,(11) 99095-9720,lucas.santana@garoa.example,01339343,Rua do Horizonte,585,Barra Funda,São Paulo,SP
007827,SANDRA PEREIRA GONÇALVES,85391888808,1993-06-07,F,16045132545,Operador de telemarketing,422310,2023-03-12,2023-06-10,CLT,1630.00,72759180000281,SAO-02,Central Mooca,01300821,Rua das Andorinhas,570,Butantã,São Paulo,SP,(11) 98738-7079,sandra.goncalves@garoa.example,01339343,Rua do Horizonte,585,Barra Funda,São Paulo,SP
007828,ISABELA BORGES,59816644444,1994-03-29,F,12402182709,Técnico de suporte ao usuário,317210,2025-08-26,2025-11-24,CLT,2500.00,72759180000109,SAO-01,Central Barra Funda,01392377,Rua da Alvorada,2028,Santana,São Paulo,SP,(11) 98684-4860,isabela.borges@garoa.example,01397410,Rua Nova,3277,Butantã,São Paulo,SP
007829,ROSANA ASSIS,98503754428,1992-02-09,F,19973824312,Operador de telemarketing,422310,2021-11-11,2022-02-09,CLT,1630.00,72759180000109,SAO-01,Central Barra Funda,01327449,Rua das Flores do Campo,662,Butantã,São Paulo,SP,(11) 98765-2980,rosana.assis@garoa.example,01397410,Rua Nova,3277,Butantã,São Paulo,SP
007830,EDUARDA MAGALHÃES,07920581940,2001-01-06,F,18702457991,Operador de telemarketing,422310,2023-08-02,2023-10-31,CLT,1860.00,72759180000109,SAO-01,Central Barra Funda,01308604,Rua das Violetas,683,Barra Funda,São Paulo,SP,(11) 98626-8473,eduarda.magalhaes@garoa.example,01397410,Rua Nova,3277,Butantã,São Paulo,SP
007831,CRISTIANE SILVA,12995636003,1990-08-27,F,11222038557,Auxiliar de pessoal,411030,2025-05-03,2025-08-01,CLT,2350.00,72759180000109,SAO-01,Central Barra Funda,01393300,Rua das Orquídeas,2532,Tatuapé,São Paulo,SP,(11) 99736-0436,cristiane.silva@garoa.example,01397410,Rua Nova,3277,Butantã,São Paulo,SP
007832,RENATA RODRIGUES,47546881986,1987-11-28,F,10445026095,Operador de telemarketing,422310,2024-12-04,2025-03-04,CLT,1700.00,72759180000281,SAO-02,Central Mooca,01316429,Rua do Bosque,1880,Barra Funda,São Paulo,SP,(11) 99544-0429,renata.rodrigues@garoa.example,01339343,Rua do Horizonte,585,Barra Funda,São Paulo,SP
007833,EDUARDO VIEIRA GUIMARÃES,32546937952,1998-11-09,M,18622909730,Operador de telemarketing,422310,2026-01-08,2026-04-08,CLT,1700.00,72759180000109,SAO-01,Central Barra Funda,01354244,Avenida das Nações,757,Liberdade,São Paulo,SP,(11) 99374-2453,eduardo.guimaraes@garoa.example,01397410,Rua Nova,3277,Butantã,São Paulo,SP
007834,RODRIGO SOUZA,55596091294,1982-12-23,M,17573796488,Assistente administrativo,411010,2025-04-22,2025-07-21,CLT,3470.00,72759180000109,SAO-01,Central Barra Funda,01346258,Rua Três Marias,2523,Butantã,São Paulo,SP,(11) 99031-6481,rodrigo.souza@garoa.example,01397410,Rua Nova,3277,Butantã,São Paulo,SP
007835,MARTA GONÇALVES,75104030733,1996-02-28,F,10335639820,Operador de telemarketing,422310,2021-10-17,2022-01-15,CLT,1630.00,72759180000109,SAO-01,Central Barra Funda,01378088,Rua do Horizonte,2399,Mooca,São Paulo,SP,(11) 98151-8184,marta.goncalves@garoa.example,01397410,Rua Nova,3277,Butantã,São Paulo,SP
007836,TIAGO ARAÚJO,92255097230,1992-04-03,M,12864700228,Operador de telemarketing,422310,2021-11-30,2022-02-28,CLT,1630.00,72759180000281,SAO-02,Central Mooca,01389430,Rua das Gaivotas,1420,Mooca,São Paulo,SP,(11) 98888-5679,tiago.araujo@garoa.example,01339343,Rua do Horizonte,585,Barra Funda,São Paulo,SP
007837,LARISSA FIGUEIREDO,61561676098,1985-11-16,F,19635384586,Operador de telemarketing,422310,2024-10-23,2025-01-21,CLT,1630.00,72759180000109,SAO-01,Central Barra Funda,01380198,Rua das Acácias,1228,Bela Vista,São Paulo,SP,(11) 99329-0181,larissa.figueiredo@garoa.example,01397410,Rua Nova,3277,Butantã,São Paulo,SP
007838,PEDRO MACEDO,03221208618,1994-09-25,M,12638616931,Operador de telemarketing,422310,2026-02-26,2026-05-27,CLT,1860.00,72759180000109,SAO-01,Central Barra Funda,01315926,Rua dos Cravos,2576,Barra Funda,São Paulo,SP,(11) 99564-6317,pedro.macedo@garoa.example,01397410,Rua Nova,3277,Butantã,São Paulo,SP
007839,MATHEUS CARVALHO SOARES,56049706387,1993-07-03,M,13491994964,Recepcionista,422105,2022-12-09,2023-03-09,CLT,1670.00,72759180000109,SAO-01,Central Barra Funda,01358800,Rua das Gaivotas,563,Santana,São Paulo,SP,(11) 98523-3665,matheus.soares@garoa.example,01397410,Rua Nova,3277,Butantã,São Paulo,SP
007840,HELENA CARDOSO QUEIROZ,37802019842,1992-06-02,F,10136225584,Operador de telemarketing,422310,2022-11-21,2023-02-19,CLT,1700.00,72759180000281,SAO-02,Central Mooca,01387441,Rua dos Ipês Amarelos,2464,Tatuapé,São Paulo,SP,(11) 98588-0583,helena.queiroz@garoa.example,01339343,Rua do Horizonte,585,Barra Funda,São Paulo,SP
007841,DANIELA QUEIROZ BATISTA,04975187590,1996-12-20,F,19584454392,Recepcionista,422105,2020-04-26,2020-07-25,CLT,2170.00,72759180000109,SAO-01,Central Barra Funda,01346745,Rua do Bosque,1349,Butantã,São Paulo,SP,(11) 99068-5940,daniela.batista@garoa.example,01397410,Rua Nova,3277,Butantã,São Paulo,SP
007842,VANESSA COSTA MACEDO,83232468233,1992-04-10,F,10225937222,Operador de telemarketing,422310,2023-12-06,2024-03-05,CLT,1630.00,72759180000109,SAO-01,Central Barra Funda,01363401,Rua da Liberdade,1907,Liberdade,São Paulo,SP,(11) 99963-2212,vanessa.macedo@garoa.example,01397410,Rua Nova,3277,Butantã,São Paulo,SP
007843,LUIZ ANDRADE SILVA,54685300904,1995-04-21,M,16063980418,Operador de telemarketing,422310,2024-02-07,2024-05-07,CLT,1700.00,72759180000109,SAO-01,Central Barra Funda,01347755,Rua da Esperança,2212,Santana,São Paulo,SP,(11) 98207-9077,luiz.silva@garoa.example,01397410,Rua Nova,3277,Butantã,São Paulo,SP
007844,BRUNO TAVARES,45841536478,1994-11-20,M,13298721855,Operador de telemarketing,422310,2021-01-16,2021-04-16,CLT,1700.00,72759180000281,SAO-02,Central Mooca,01303108,Rua dos Cravos,624,Barra Funda,São Paulo,SP,(11) 99894-8686,bruno.tavares@garoa.example,01339343,Rua do Horizonte,585,Barra Funda,São Paulo,SP
007845,HUGO PINTO,44519571847,2000-07-14,M,11431538504,Operador de telemarketing,422310,2024-07-19,2024-10-17,CLT,1630.00,72759180000109,SAO-01,Central Barra Funda,01382430,Rua do Comércio,1908,Liberdade,São Paulo,SP,(11) 98660-4679,hugo.pinto@garoa.example,01397410,Rua Nova,3277,Butantã,São Paulo,SP
007846,DANIELA ALVES RIBEIRO,23523488117,1992-06-15,F,18460291327,Supervisor de atendimento,420135,2012-12-31,2013-03-31,CLT,4980.00,72759180000109,SAO-01,Central Barra Funda,01316359,Travessa da Paz,214,Mooca,São Paulo,SP,(11) 99176-3620,daniela.ribeiro@garoa.example,01397410,Rua Nova,3277,Butantã,São Paulo,SP
007847,CLÁUDIA BARROS,91511161469,1993-11-07,F,15380105818,Operador de telemarketing,422310,2021-06-22,2021-09-20,CLT,1860.00,72759180000109,SAO-01,Central Barra Funda,01358132,Rua Santa Clara,1248,Tatuapé,São Paulo,SP,(11) 99814-7319,claudia.barros@garoa.example,01397410,Rua Nova,3277,Butantã,São Paulo,SP
007848,FÁBIO ARAÚJO,99857759882,2000-05-19,M,16217583532,Auxiliar de pessoal,411030,2021-01-04,2021-04-04,CLT,2350.00,72759180000109,SAO-01,Central Barra Funda,01304069,Avenida das Nações,275,Bela Vista,São Paulo,SP,(11) 98824-7021,fabio.araujo@garoa.example,01397410,Rua Nova,3277,Butantã,São Paulo,SP
007849,ROSANA FREITAS SILVA,47774345248,1987-06-12,F,11613276069,Técnico de suporte ao usuário,317210,2025-06-05,2025-09-03,CLT,3330.00,72759180000109,SAO-01,Central Barra Funda,01382447,Rua dos Pinheiros Altos,2746,Liberdade,São Paulo,SP,(11) 99806-8911,rosana.silva@garoa.example,01397410,Rua Nova,3277,Butantã,São Paulo,SP
007850,CAROLINA ARAÚJO GUIMARÃES,05192935415,1980-03-31,F,13782104983,Operador de telemarketing,422310,2020-09-14,2020-12-13,CLT,1860.00,72759180000109,SAO-01,Central Barra Funda,01371901,Rua das Gaivotas,255,Barra Funda,São Paulo,SP,(11) 98129-4101,carolina.guimaraes@garoa.example,01397410,Rua Nova,3277,Butantã,São Paulo,SP
007851,THIAGO SANTOS LOPES,62904196846,1999-08-16,M,19945431086,Operador de telemarketing,422310,2020-09-17,2020-12-16,CLT,1630.00,72759180000109,SAO-01,Central Barra Funda,01320252,Rua das Gaivotas,209,Butantã,São Paulo,SP,(11) 99615-0226,thiago.lopes@garoa.example,01397410,Rua Nova,3277,Butantã,São Paulo,SP
007852,MATHEUS PRADO ROCHA,69334453648,1996-10-21,M,15973335289,Operador de telemarketing,422310,2019-03-02,2019-05-31,CLT,1630.00,72759180000281,SAO-02,Central Mooca,01339463,Rua dos Cravos,176,Mooca,São Paulo,SP,(11) 98815-3039,matheus.rocha@garoa.example,01339343,Rua do Horizonte,585,Barra Funda,São Paulo,SP
007853,ADRIANA MONTEIRO MAGALHÃES,55654449770,1989-08-26,F,14965572147,Operador de telemarketing,422310,2020-10-11,2021-01-09,CLT,1700.00,72759180000109,SAO-01,Central Barra Funda,01304395,Rua das Acácias,1362,Bela Vista,São Paulo,SP,(11) 98426-0229,adriana.magalhaes@garoa.example,01397410,Rua Nova,3277,Butantã,São Paulo,SP
007854,LEONARDO MARQUES,33424322768,1987-02-06,M,19726517525,Operador de telemarketing,422310,2013-11-24,2014-02-22,CLT,1700.00,72759180000109,SAO-01,Central Barra Funda,01362725,Rua das Violetas,741,Liberdade,São Paulo,SP,(11) 99166-0552,leonardo.marques@garoa.example,01397410,Rua Nova,3277,Butantã,São Paulo,SP
007855,MÔNICA RIBEIRO,56132042334,1995-07-28,F,15220567729,Operador de telemarketing,422310,2026-03-30,2026-06-28,CLT,1630.00,72759180000109,SAO-01,Central Barra Funda,01354157,Rua da Esperança,459,Barra Funda,São Paulo,SP,(11) 98717-3846,monica.ribeiro@garoa.example,01397410,Rua Nova,3277,Butantã,São Paulo,SP
007856,ROSANA QUEIROZ GONÇALVES,55322583416,1993-08-08,F,12118371044,Operador de telemarketing,422310,2021-04-06,2021-07-05,CLT,1630.00,72759180000109,SAO-01,Central Barra Funda,01399180,Avenida Beira Rio,1258,Liberdade,São Paulo,SP,(11) 98670-4021,rosana.goncalves@garoa.example,01397410,Rua Nova,3277,Butantã,São Paulo,SP
007857,RICARDO AGUIAR,99405382861,1989-11-14,M,12801955350,Operador de telemarketing,422310,2026-05-23,,CLT,1630.00,72759180000281,SAO-02,Central Mooca,01332518,Avenida das Nações,2133,Santana,São Paulo,SP,(11) 99076-1111,ricardo.aguiar@garoa.example,01339343,Rua do Horizonte,585,Barra Funda,São Paulo,SP
007858,PEDRO SILVA,86092667371,1999-10-26,M,19505371303,Operador de telemarketing,422310,2025-11-15,2026-02-13,CLT,1860.00,72759180000109,SAO-01,Central Barra Funda,01359870,Avenida Beira Rio,957,Bela Vista,São Paulo,SP,(11) 99999-7479,pedro.silva@garoa.example,01397410,Rua Nova,3277,Butantã,São Paulo,SP
007859,CAROLINA COELHO CARDOSO,80143600443,1999-08-11,F,13084895510,Operador de telemarketing,422310,2023-09-23,2023-12-22,CLT,1700.00,72759180000109,SAO-01,Central Barra Funda,01332721,Rua dos Ipês Amarelos,59,Liberdade,São Paulo,SP,(11) 98809-3719,carolina.cardoso@garoa.example,01397410,Rua Nova,3277,Butantã,São Paulo,SP
007860,JOANA NEVES,80620735210,1979-07-03,F,11586325710,Operador de telemarketing,422310,2025-06-15,2025-09-13,CLT,1630.00,72759180000281,SAO-02,Central Mooca,01380298,Rua São Pedro,1465,Barra Funda,São Paulo,SP,(11) 99554-1273,joana.neves@garoa.example,01339343,Rua do Horizonte,585,Barra Funda,São Paulo,SP
007861,ROBERTO SIQUEIRA AGUIAR,64860682300,2001-07-19,M,14250306980,Operador de telemarketing,422310,2025-11-09,2026-02-07,CLT,1630.00,72759180000109,SAO-01,Central Barra Funda,01357863,Rua das Acácias,182,Butantã,São Paulo,SP,(11) 99436-0154,roberto.aguiar@garoa.example,01397410,Rua Nova,3277,Butantã,São Paulo,SP
007862,KARINA MOURA TEIXEIRA,04007468249,1988-08-24,F,11521387862,Operador de telemarketing,422310,2023-07-07,2023-10-05,CLT,1700.00,72759180000109,SAO-01,Central Barra Funda,01392541,Rua da Alvorada,2360,Santana,São Paulo,SP,(11) 99745-5733,karina.teixeira@garoa.example,01397410,Rua Nova,3277,Butantã,São Paulo,SP
007863,OLÍVIA QUEIROZ COSTA,12526429030,2001-01-10,F,18723404740,Operador de telemarketing,422310,2025-09-27,2025-12-26,CLT,1630.00,72759180000109,SAO-01,Central Barra Funda,01338336,Rua dos Cravos,2708,Mooca,São Paulo,SP,(11) 98883-7629,olivia.costa@garoa.example,01397410,Rua Nova,3277,Butantã,São Paulo,SP
007864,PRISCILA MACEDO CORREIA,04865584609,1993-12-08,F,11440426546,Operador de telemarketing,422310,2023-12-18,2024-03-17,CLT,1630.00,72759180000109,SAO-01,Central Barra Funda,01368090,Rua dos Cravos,639,Tatuapé,São Paulo,SP,(11) 99019-4252,priscila.correia@garoa.example,01397410,Rua Nova,3277,Butantã,São Paulo,SP
007865,OLÍVIA NUNES RAMOS,38157069637,1992-04-28,F,19840716049,Operador de telemarketing,422310,2025-12-07,2026-03-07,CLT,1700.00,72759180000109,SAO-01,Central Barra Funda,01345745,Rua das Flores do Campo,2750,Santana,São Paulo,SP,(11) 99402-0291,olivia.ramos@garoa.example,01397410,Rua Nova,3277,Butantã,São Paulo,SP
007866,JOÃO PAIVA,16552803095,1983-12-15,M,18213949146,Operador de telemarketing,422310,2023-05-11,2023-08-09,CLT,1630.00,72759180000109,SAO-01,Central Barra Funda,01325810,Rua dos Ipês Amarelos,271,Butantã,São Paulo,SP,(11) 98747-6209,joao.paiva@garoa.example,01397410,Rua Nova,3277,Butantã,São Paulo,SP
007867,CARLOS CORREIA,94497137317,1983-04-26,M,18182937923,Supervisor de atendimento,420135,2018-09-18,2018-12-17,CLT,5750.00,72759180000109,SAO-01,Central Barra Funda,01386764,Rua do Sol Nascente,799,Liberdade,São Paulo,SP,(11) 99813-2577,carlos.correia@garoa.example,01397410,Rua Nova,3277,Butantã,São Paulo,SP
007868,LUANA ALMEIDA,55893825489,1959-02-19,F,15273316890,Analista de recursos humanos,252405,2006-06-12,2006-09-10,CLT,5640.00,72759180000109,SAO-01,Central Barra Funda,01375331,Rua das Palmeiras,1061,Liberdade,São Paulo,SP,(11) 98939-7836,luana.almeida@garoa.example,01397410,Rua Nova,3277,Butantã,São Paulo,SP
007869,EDUARDO QUEIROZ,45270860570,1981-05-19,M,11713526690,Recepcionista,422105,2024-02-07,2024-05-07,CLT,1670.00,72759180000109,SAO-01,Central Barra Funda,01353748,Rua das Palmeiras,146,Bela Vista,São Paulo,SP,(11) 99323-4610,eduardo.queiroz@garoa.example,01397410,Rua Nova,3277,Butantã,São Paulo,SP
007870,LUANA SOUZA BRITO,82710140560,1987-05-30,F,17155055447,Operador de telemarketing,422310,2020-04-30,2020-07-29,CLT,1630.00,72759180000109,SAO-01,Central Barra Funda,01382168,Rua Nova,2325,Mooca,São Paulo,SP,(11) 99995-4445,luana.brito@garoa.example,01397410,Rua Nova,3277,Butantã,São Paulo,SP
007871,JÚLIO BATISTA FERNANDES,64721744587,1987-12-12,M,10246660194,Operador de telemarketing,422310,2025-12-14,2026-03-14,CLT,1630.00,72759180000281,SAO-02,Central Mooca,01378720,Rua das Orquídeas,2362,Tatuapé,São Paulo,SP,(11) 99005-9260,julio.fernandes@garoa.example,01339343,Rua do Horizonte,585,Barra Funda,São Paulo,SP
007872,LUCAS ARAÚJO,80168259079,1998-06-08,M,15978543144,Operador de telemarketing,422310,2025-10-18,2026-01-16,CLT,1700.00,72759180000109,SAO-01,Central Barra Funda,01376572,Rua dos Pinheiros Altos,1066,Mooca,São Paulo,SP,(11) 98426-5120,lucas.araujo@garoa.example,01397410,Rua Nova,3277,Butantã,São Paulo,SP
007873,MARCELO SANTOS,64780332796,1994-01-26,M,11881995129,Operador de telemarketing,422310,2021-09-22,2021-12-21,CLT,1630.00,72759180000109,SAO-01,Central Barra Funda,01366819,Rua do Mirante,948,Santana,São Paulo,SP,(11) 98267-5098,marcelo.santos@garoa.example,01397410,Rua Nova,3277,Butantã,São Paulo,SP
007874,FERNANDO GONÇALVES GONÇALVES,41535719206,1998-02-21,M,10063977685,Supervisor de atendimento,420135,2025-09-16,2025-12-15,CLT,5750.00,72759180000109,SAO-01,Central Barra Funda,01340764,Avenida Beira Rio,1634,Santana,São Paulo,SP,(11) 98684-6657,fernando.goncalves@garoa.example,01397410,Rua Nova,3277,Butantã,São Paulo,SP
007875,GUSTAVO SIQUEIRA,34201955087,1985-10-14,M,18224057800,Operador de telemarketing,422310,2023-01-09,2023-04-09,CLT,1860.00,72759180000281,SAO-02,Central Mooca,01367394,Rua das Mangueiras,2062,Liberdade,São Paulo,SP,(11) 98453-8556,gustavo.siqueira@garoa.example,01339343,Rua do Horizonte,585,Barra Funda,São Paulo,SP
007876,ANTÔNIO VIEIRA,63266160347,2001-09-07,M,16083682863,Operador de telemarketing,422310,2025-12-10,2026-03-10,CLT,1630.00,72759180000109,SAO-01,Central Barra Funda,01312238,Rua das Andorinhas,33,Bela Vista,São Paulo,SP,(11) 99368-0150,antonio.vieira@garoa.example,01397410,Rua Nova,3277,Butantã,São Paulo,SP
007877,GIOVANA BATISTA,97803686710,1981-03-28,F,19110922924,Operador de telemarketing,422310,2016-06-26,2016-09-24,CLT,1630.00,72759180000109,SAO-01,Central Barra Funda,01360819,Rua das Hortênsias,1070,Bela Vista,São Paulo,SP,(11) 98513-7074,giovana.batista@garoa.example,01397410,Rua Nova,3277,Butantã,São Paulo,SP
007878,LÚCIA FERREIRA,68875718113,1981-04-09,F,17072529775,Operador de telemarketing,422310,2023-08-10,2023-11-08,CLT,1630.00,72759180000281,SAO-02,Central Mooca,01317613,Rua das Flores do Campo,1638,Barra Funda,São Paulo,SP,(11) 99097-8776,lucia.ferreira@garoa.example,01339343,Rua do Horizonte,585,Barra Funda,São Paulo,SP
007879,TATIANE TEIXEIRA LOPES,40327570385,1995-10-02,F,10637232064,Operador de telemarketing,422310,2021-12-27,2022-03-27,CLT,1630.00,72759180000109,SAO-01,Central Barra Funda,01324248,Rua dos Ipês Amarelos,709,Santana,São Paulo,SP,(11) 99230-7022,tatiane.lopes@garoa.example,01397410,Rua Nova,3277,Butantã,São Paulo,SP
007880,PATRÍCIA COELHO OLIVEIRA,83667468792,1961-07-12,F,10126622962,Operador de telemarketing,422310,2006-08-26,2006-11-24,CLT,1630.00,72759180000281,SAO-02,Central Mooca,01349424,Rua das Mangueiras,1308,Bela Vista,São Paulo,SP,(11) 98529-2988,patricia.oliveira@garoa.example,01339343,Rua do Horizonte,585,Barra Funda,São Paulo,SP
007881,GUSTAVO SIQUEIRA REZENDE,71216463310,1994-11-24,M,19770718641,Operador de telemarketing,422310,2022-07-01,2022-09-29,CLT,1630.00,72759180000281,SAO-02,Central Mooca,01325367,Rua das Flores do Campo,1168,Mooca,São Paulo,SP,(11) 99354-7320,gustavo.rezende@garoa.example,01339343,Rua do Horizonte,585,Barra Funda,São Paulo,SP
007882,LUCIANA RODRIGUES GONÇALVES,10293609101,1999-08-13,F,19344876883,Operador de telemarketing,422310,2025-01-14,2025-04-14,CLT,1630.00,72759180000109,SAO-01,Central Barra Funda,01339250,Rua do Cruzeiro,650,Butantã,São Paulo,SP,(11) 98855-0470,luciana.goncalves@garoa.example,01397410,Rua Nova,3277,Butantã,São Paulo,SP
007883,AMANDA QUEIROZ SALES,72370819693,1994-03-21,F,13655017996,Operador de telemarketing,422310,2023-06-22,2023-09-20,CLT,1700.00,72759180000281,SAO-02,Central Mooca,01322486,Rua dos Girassóis,751,Mooca,São Paulo,SP,(11) 98560-7747,amanda.sales@garoa.example,01339343,Rua do Horizonte,585,Barra Funda,São Paulo,SP
007884,CARLOS MONTEIRO SALES,40666290911,2000-04-10,M,13964947783,Operador de telemarketing,422310,2020-10-25,2021-01-23,CLT,1630.00,72759180000109,SAO-01,Central Barra Funda,01347491,Rua das Flores do Campo,602,Bela Vista,São Paulo,SP,(11) 98881-0310,carlos.sales@garoa.example,01397410,Rua Nova,3277,Butantã,São Paulo,SP
007885,RENATA RODRIGUES GONÇALVES,08106708608,1996-07-02,F,11853078377,Assistente administrativo,411010,2021-03-24,2021-06-22,CLT,3200.00,72759180000109,SAO-01,Central Barra Funda,01383984,Rua Santa Clara,1712,Santana,São Paulo,SP,(11) 99532-2467,renata.goncalves@garoa.example,01397410,Rua Nova,3277,Butantã,São Paulo,SP
007886,ANTÔNIO MOREIRA,49790190301,1993-09-06,M,13527424536,Operador de telemarketing,422310,2021-12-07,2022-03-07,CLT,1700.00,72759180000281,SAO-02,Central Mooca,01381503,Travessa da Paz,204,Santana,São Paulo,SP,(11) 99621-5060,antonio.moreira@garoa.example,01339343,Rua do Horizonte,585,Barra Funda,São Paulo,SP
007887,GABRIEL SIQUEIRA,62296669522,1999-11-07,M,12650206752,Operador de telemarketing,422310,2021-01-23,2021-04-23,CLT,1860.00,72759180000109,SAO-01,Central Barra Funda,01379328,Rua das Orquídeas,2286,Tatuapé,São Paulo,SP,(11) 99997-4412,gabriel.siqueira@garoa.example,01397410,Rua Nova,3277,Butantã,São Paulo,SP
007888,RENATA COELHO BORGES,66291920522,1978-03-14,F,19496262200,Operador de telemarketing,422310,2020-04-27,2020-07-26,CLT,1630.00,72759180000109,SAO-01,Central Barra Funda,01342966,Rua do Comércio,1047,Santana,São Paulo,SP,(11) 98638-6849,renata.borges@garoa.example,01397410,Rua Nova,3277,Butantã,São Paulo,SP
007889,MARTA MAGALHÃES TAVARES,86481747759,1968-12-19,F,18590362696,Operador de telemarketing,422310,2014-03-21,2014-06-19,CLT,1630.00,72759180000109,SAO-01,Central Barra Funda,01317060,Rua da Alvorada,1252,Barra Funda,São Paulo,SP,(11) 99937-1885,marta.tavares@garoa.example,01397410,Rua Nova,3277,Butantã,São Paulo,SP
007890,NELSON FERNANDES,31952016584,1995-10-17,M,10128626813,Supervisor de atendimento,420135,2015-12-12,2016-03-11,CLT,5750.00,72759180000281,SAO-02,Central Mooca,01329450,Rua das Mangueiras,885,Butantã,São Paulo,SP,(11) 99050-7217,nelson.fernandes@garoa.example,01339343,Rua do Horizonte,585,Barra Funda,São Paulo,SP
007891,TATIANE PAIVA,78674834540,1993-01-27,F,14973350210,Operador de telemarketing,422310,2025-08-02,2025-10-31,CLT,1860.00,72759180000109,SAO-01,Central Barra Funda,01345166,Rua do Horizonte,1357,Tatuapé,São Paulo,SP,(11) 99158-6805,tatiane.paiva@garoa.example,01397410,Rua Nova,3277,Butantã,São Paulo,SP
007892,FÁBIO CASTRO FERREIRA,87151335911,1993-09-13,M,10057850822,Operador de telemarketing,422310,2025-11-11,2026-02-09,CLT,1630.00,72759180000109,SAO-01,Central Barra Funda,01394259,Rua dos Cravos,1995,Liberdade,São Paulo,SP,(11) 99213-3026,fabio.ferreira@garoa.example,01397410,Rua Nova,3277,Butantã,São Paulo,SP
007893,FÁBIO DIAS SOUZA,00760714053,1994-05-17,M,10098849454,Operador de telemarketing,422310,2020-07-25,2020-10-23,CLT,1700.00,72759180000109,SAO-01,Central Barra Funda,01372949,Rua da Liberdade,2363,Bela Vista,São Paulo,SP,(11) 99077-7922,fabio.souza@garoa.example,01397410,Rua Nova,3277,Butantã,São Paulo,SP
007894,JOANA REZENDE SOARES,47135054393,2000-08-19,F,16543355598,Operador de telemarketing,422310,2025-03-22,2025-06-20,CLT,1630.00,72759180000109,SAO-01,Central Barra Funda,01394112,Rua das Mangueiras,2156,Butantã,São Paulo,SP,(11) 99748-5883,joana.soares@garoa.example,01397410,Rua Nova,3277,Butantã,São Paulo,SP
007895,FERNANDA RAMOS CORREIA,83425655132,2003-04-05,F,18892144056,Supervisor de atendimento,420135,2026-01-11,2026-04-11,CLT,3440.00,72759180000109,SAO-01,Central Barra Funda,01315476,Rua dos Girassóis,1059,Liberdade,São Paulo,SP,(11) 99811-5484,fernanda.correia@garoa.example,01397410,Rua Nova,3277,Butantã,São Paulo,SP
007896,RICARDO TAVARES NEVES,95733337320,1982-04-17,M,12608527133,Operador de telemarketing,422310,2025-11-03,2026-02-01,CLT,1630.00,72759180000109,SAO-01,Central Barra Funda,01321285,Rua do Comércio,1604,Bela Vista,São Paulo,SP,(11) 99551-2505,ricardo.neves@garoa.example,01397410,Rua Nova,3277,Butantã,São Paulo,SP
007897,EMERSON COELHO BATISTA,79757463710,1983-03-11,M,13285719821,Operador de telemarketing,422310,2023-03-27,2023-06-25,CLT,1630.00,72759180000109,SAO-01,Central Barra Funda,01324078,Rua do Comércio,1141,Liberdade,São Paulo,SP,(11) 98175-9841,emerson.batista@garoa.example,01397410,Rua Nova,3277,Butantã,São Paulo,SP
007898,GABRIEL BARROS,73908014174,1994-03-17,M,15977761084,Operador de telemarketing,422310,2020-04-16,2020-07-15,CLT,1630.00,72759180000109,SAO-01,Central Barra Funda,01367388,Rua da Liberdade,1983,Barra Funda,São Paulo,SP,(11) 98241-9229,gabriel.barros@garoa.example,01397410,Rua Nova,3277,Butantã,São Paulo,SP
007899,KAIQUE ALVES,02964102333,1993-06-14,M,18629320972,Recepcionista,422105,2026-02-09,2026-05-10,CLT,2000.00,72759180000281,SAO-02,Central Mooca,01338218,Rua das Violetas,625,Barra Funda,São Paulo,SP,(11) 98773-7675,kaique.alves@garoa.example,01339343,Rua do Horizonte,585,Barra Funda,São Paulo,SP
007900,VALÉRIA CASTRO,52255622807,1987-08-30,F,15320503198,Operador de telemarketing,422310,2016-05-07,2016-08-05,CLT,1630.00,72759180000109,SAO-01,Central Barra Funda,01388993,Rua das Palmeiras,2370,Mooca,São Paulo,SP,(11) 99709-7210,valeria.castro@garoa.example,01397410,Rua Nova,3277,Butantã,São Paulo,SP
007901,DANIEL ARAÚJO,55861056676,1983-07-18,M,15890940805,Operador de telemarketing,422310,2015-04-10,2015-07-09,CLT,1700.00,72759180000109,SAO-01,Central Barra Funda,01307831,Rua da Liberdade,2660,Butantã,São Paulo,SP,(11) 99115-6546,daniel.araujo@garoa.example,01397410,Rua Nova,3277,Butantã,São Paulo,SP
007902,CAMILA CAVALCANTI FIGUEIREDO,82341051596,1989-09-19,F,12138384624,Auxiliar de pessoal,411030,2026-03-07,2026-06-05,CLT,2600.00,72759180000109,SAO-01,Central Barra Funda,01350295,Rua das Gaivotas,1523,Tatuapé,São Paulo,SP,(11) 99283-3533,camila.figueiredo@garoa.example,01397410,Rua Nova,3277,Butantã,São Paulo,SP
007903,IGOR COSTA SILVA,54928650999,1999-07-24,M,14046219370,Operador de telemarketing,422310,2023-06-18,2023-09-16,CLT,1700.00,72759180000109,SAO-01,Central Barra Funda,01382661,Rua da Esperança,2620,Mooca,São Paulo,SP,(11) 98314-6649,igor.silva@garoa.example,01397410,Rua Nova,3277,Butantã,São Paulo,SP
007904,SÉRGIO ANDRADE,23147296849,1989-11-03,M,12847768940,Auxiliar de pessoal,411030,2023-10-13,2024-01-11,CLT,2600.00,72759180000281,SAO-02,Central Mooca,01340638,Avenida das Nações,791,Tatuapé,São Paulo,SP,(11) 98108-2016,sergio.andrade@garoa.example,01339343,Rua do Horizonte,585,Barra Funda,São Paulo,SP
007905,LUCAS ASSIS OLIVEIRA,74664477325,2005-05-24,M,16367394270,Operador de telemarketing,422310,2026-03-03,2026-06-01,CLT,1700.00,72759180000109,SAO-01,Central Barra Funda,01389338,Rua das Hortênsias,2742,Mooca,São Paulo,SP,(11) 99404-5408,lucas.oliveira@garoa.example,01397410,Rua Nova,3277,Butantã,São Paulo,SP
007906,RENATO QUEIROZ,50586242570,1992-12-28,M,11970842081,Operador de telemarketing,422310,2025-03-31,2025-06-29,CLT,1630.00,72759180000109,SAO-01,Central Barra Funda,01388246,Rua do Sol Nascente,2368,Mooca,São Paulo,SP,(11) 98399-6076,renato.queiroz@garoa.example,01397410,Rua Nova,3277,Butantã,São Paulo,SP
007907,IGOR QUEIROZ SOARES,34142152335,2000-11-13,M,13249869034,Operador de telemarketing,422310,2025-12-15,2026-03-15,CLT,1700.00,72759180000109,SAO-01,Central Barra Funda,01361885,Rua das Mangueiras,248,Liberdade,São Paulo,SP,(11) 98728-5737,igor.soares@garoa.example,01397410,Rua Nova,3277,Butantã,São Paulo,SP
007908,EDUARDO NUNES,47474798212,1999-07-16,M,19900175282,Assistente administrativo,411010,2024-11-29,2025-02-27,CLT,2650.00,72759180000109,SAO-01,Central Barra Funda,01316201,Rua dos Ipês Amarelos,265,Bela Vista,São Paulo,SP,(11) 98727-7653,eduardo.nunes@garoa.example,01397410,Rua Nova,3277,Butantã,São Paulo,SP
007909,WAGNER MAGALHÃES MIRANDA,01069342289,1984-10-27,M,17060288045,Supervisor de atendimento,420135,2022-04-02,2022-07-01,CLT,5750.00,72759180000109,SAO-01,Central Barra Funda,01375178,Avenida das Nações,729,Tatuapé,São Paulo,SP,(11) 98876-4399,wagner.miranda@garoa.example,01397410,Rua Nova,3277,Butantã,São Paulo,SP
007910,JÉSSICA BARROS BRITO,94453416199,1989-12-07,F,11086341166,Operador de telemarketing,422310,2024-01-21,2024-04-20,CLT,1700.00,72759180000109,SAO-01,Central Barra Funda,01306788,Rua do Mirante,1743,Tatuapé,São Paulo,SP,(11) 98659-2332,jessica.brito@garoa.example,01397410,Rua Nova,3277,Butantã,São Paulo,SP
007911,MÔNICA BORGES,64927369153,1985-07-27,F,12625798643,Auxiliar de pessoal,411030,2024-05-17,2024-08-15,CLT,2350.00,72759180000109,SAO-01,Central Barra Funda,01399082,Avenida Central,2517,Santana,São Paulo,SP,(11) 99219-1246,monica.borges@garoa.example,01397410,Rua Nova,3277,Butantã,São Paulo,SP
007912,OTÁVIO TAVARES TAVARES,00254011306,1978-10-19,M,19248191480,Gerente administrativo,142105,2020-11-13,2021-02-11,CLT,10370.00,72759180000109,SAO-01,Central Barra Funda,01347797,Rua da Esperança,2341,Barra Funda,São Paulo,SP,(11) 98879-1319,otavio.tavares@garoa.example,01397410,Rua Nova,3277,Butantã,São Paulo,SP
007913,VALÉRIA ARAÚJO RAMOS,94105573217,2003-06-15,F,14131485841,Operador de telemarketing,422310,2026-05-02,,CLT,1700.00,72759180000109,SAO-01,Central Barra Funda,01319486,Rua do Comércio,2142,Liberdade,São Paulo,SP,(11) 99989-9668,valeria.ramos@garoa.example,01397410,Rua Nova,3277,Butantã,São Paulo,SP
007914,VITOR PRADO TEIXEIRA,62542074780,2001-10-30,M,19925124561,Operador de telemarketing,422310,2024-04-08,2024-07-07,CLT,1700.00,72759180000109,SAO-01,Central Barra Funda,01395696,Rua da Liberdade,1867,Bela Vista,São Paulo,SP,(11) 99507-8704,vitor.teixeira@garoa.example,01397410,Rua Nova,3277,Butantã,São Paulo,SP
007915,EDUARDA RAMOS MARTINS,81895168252,1998-09-05,F,12567938552,Operador de telemarketing,422310,2025-06-17,2025-09-15,CLT,1630.00,72759180000109,SAO-01,Central Barra Funda,01382725,Travessa da Paz,58,Mooca,São Paulo,SP,(11) 98974-8233,eduarda.martins@garoa.example,01397410,Rua Nova,3277,Butantã,São Paulo,SP
007916,ANTÔNIO CAVALCANTI COSTA,91131083369,1984-10-19,M,14064775035,Operador de telemarketing,422310,2023-05-02,2023-07-31,CLT,1630.00,72759180000109,SAO-01,Central Barra Funda,01341904,Rua Três Marias,2620,Barra Funda,São Paulo,SP,(11) 99403-2484,antonio.costa@garoa.example,01397410,Rua Nova,3277,Butantã,São Paulo,SP
007917,PATRÍCIA GOMES,71369320418,1981-02-03,F,18831118169,Operador de telemarketing,422310,2008-01-23,2008-04-22,CLT,1630.00,72759180000281,SAO-02,Central Mooca,01345414,Rua das Flores do Campo,574,Liberdade,São Paulo,SP,(11) 99218-9768,patricia.gomes@garoa.example,01339343,Rua do Horizonte,585,Barra Funda,São Paulo,SP
007918,DANIELA LIMA,55935618184,1998-06-20,F,19546032906,Operador de telemarketing,422310,2023-04-01,2023-06-30,CLT,1630.00,72759180000109,SAO-01,Central Barra Funda,01319988,Avenida das Nações,1291,Liberdade,São Paulo,SP,(11) 99266-2001,daniela.lima@garoa.example,01397410,Rua Nova,3277,Butantã,São Paulo,SP
007919,MARCELO ANDRADE,86365573219,1998-03-21,M,18205097100,Operador de telemarketing,422310,2023-07-11,2023-10-09,CLT,1630.00,72759180000109,SAO-01,Central Barra Funda,01381188,Avenida das Nações,1512,Barra Funda,São Paulo,SP,(11) 99091-9604,marcelo.andrade@garoa.example,01397410,Rua Nova,3277,Butantã,São Paulo,SP
007920,ANTÔNIO COSTA MAGALHÃES,06057993268,2001-07-25,M,15545860739,Operador de telemarketing,422310,2026-01-28,2026-04-28,CLT,1700.00,72759180000281,SAO-02,Central Mooca,01369679,Rua da Alvorada,695,Butantã,São Paulo,SP,(11) 98158-7435,antonio.magalhaes@garoa.example,01339343,Rua do Horizonte,585,Barra Funda,São Paulo,SP
007921,LUIZ CASTRO CORREIA,37192714631,1994-08-17,M,13775333318,Operador de telemarketing,422310,2025-04-20,2025-07-19,CLT,1700.00,72759180000281,SAO-02,Central Mooca,01311947,Rua do Sol Nascente,2714,Liberdade,São Paulo,SP,(11) 99716-8377,luiz.correia@garoa.example,01339343,Rua do Horizonte,585,Barra Funda,São Paulo,SP
007922,FRANCISCA OLIVEIRA,86466775593,1994-03-30,F,16202676323,Operador de telemarketing,422310,2023-01-15,2023-04-15,CLT,1630.00,72759180000281,SAO-02,Central Mooca,01316752,Rua do Horizonte,702,Bela Vista,São Paulo,SP,(11) 99561-5740,francisca.oliveira@garoa.example,01339343,Rua do Horizonte,585,Barra Funda,São Paulo,SP
007923,MARCOS PINTO,11572030003,1982-10-24,M,13360943025,Assistente administrativo,411010,2026-02-23,2026-05-24,CLT,2920.00,72759180000109,SAO-01,Central Barra Funda,01385664,Avenida das Nações,1396,Tatuapé,São Paulo,SP,(11) 98368-0813,marcos.pinto@garoa.example,01397410,Rua Nova,3277,Butantã,São Paulo,SP
007924,LUCIANO PRADO QUEIROZ,17094403500,1994-01-02,M,17143481415,Operador de telemarketing,422310,2025-12-27,2026-03-27,CLT,1700.00,72759180000109,SAO-01,Central Barra Funda,01357012,Rua Santa Clara,2519,Butantã,São Paulo,SP,(11) 99163-4237,luciano.queiroz@garoa.example,01397410,Rua Nova,3277,Butantã,São Paulo,SP
007925,LEONARDO PRADO SALES,59505995601,1999-11-01,M,10428853530,Operador de telemarketing,422310,2023-10-21,2024-01-19,CLT,1630.00,72759180000281,SAO-02,Central Mooca,01377666,Rua das Acácias,1481,Butantã,São Paulo,SP,(11) 98913-3014,leonardo.sales@garoa.example,01339343,Rua do Horizonte,585,Barra Funda,São Paulo,SP
007926,WAGNER XAVIER,48214952360,1987-07-01,M,17497310423,Assistente administrativo,411010,2017-10-01,2017-12-30,CLT,2650.00,72759180000109,SAO-01,Central Barra Funda,01333568,Rua do Bosque,1921,Mooca,São Paulo,SP,(11) 99824-4151,wagner.xavier@garoa.example,01397410,Rua Nova,3277,Butantã,São Paulo,SP
007927,ADRIANA FREITAS,29727521126,1981-12-05,F,17880329494,Auxiliar de pessoal,411030,2024-02-21,2024-05-21,CLT,2090.00,72759180000281,SAO-02,Central Mooca,01339945,Rua das Acácias,1991,Tatuapé,São Paulo,SP,(11) 99442-3798,adriana.freitas@garoa.example,01339343,Rua do Horizonte,585,Barra Funda,São Paulo,SP
007928,LUCAS GONÇALVES,03856821902,1991-09-17,M,13921695955,Operador de telemarketing,422310,2026-02-27,2026-05-28,CLT,1630.00,72759180000281,SAO-02,Central Mooca,01394097,Rua das Acácias,761,Mooca,São Paulo,SP,(11) 99106-1763,lucas.goncalves@garoa.example,01339343,Rua do Horizonte,585,Barra Funda,São Paulo,SP
007929,RICARDO RAMOS RODRIGUES,56897673790,1992-08-05,M,11110884476,Operador de telemarketing,422310,2026-04-13,,CLT,1630.00,72759180000109,SAO-01,Central Barra Funda,01354174,Rua do Sol Nascente,2262,Butantã,São Paulo,SP,(11) 99055-1336,ricardo.rodrigues@garoa.example,01397410,Rua Nova,3277,Butantã,São Paulo,SP
007930,RAFAEL RAMOS,04912227420,1975-08-07,M,11242249936,Operador de telemarketing,422310,2016-08-31,2016-11-29,CLT,1630.00,72759180000109,SAO-01,Central Barra Funda,01323076,Rua dos Cravos,2054,Butantã,São Paulo,SP,(11) 99992-0052,rafael.ramos@garoa.example,01397410,Rua Nova,3277,Butantã,São Paulo,SP
007931,ANTÔNIO ALVES,33083275110,1996-11-07,M,17570936489,Operador de telemarketing,422310,2025-08-06,2025-11-04,CLT,1630.00,72759180000109,SAO-01,Central Barra Funda,01364599,Rua das Acácias,2602,Tatuapé,São Paulo,SP,(11) 98622-5112,antonio.alves@garoa.example,01397410,Rua Nova,3277,Butantã,São Paulo,SP
007932,VITOR COSTA TAVARES,98557985703,1992-02-19,M,17651810549,Operador de telemarketing,422310,2024-12-01,2025-03-01,CLT,1630.00,72759180000109,SAO-01,Central Barra Funda,01301884,Rua do Comércio,859,Bela Vista,São Paulo,SP,(11) 99050-4192,vitor.tavares@garoa.example,01397410,Rua Nova,3277,Butantã,São Paulo,SP
007933,LUCAS BATISTA BEZERRA,76532793760,1995-06-04,M,12689429626,Operador de telemarketing,422310,2019-04-06,2019-07-05,CLT,1630.00,72759180000109,SAO-01,Central Barra Funda,01310832,Rua das Andorinhas,1014,Butantã,São Paulo,SP,(11) 99662-4229,lucas.bezerra@garoa.example,01397410,Rua Nova,3277,Butantã,São Paulo,SP
007934,LUANA VIANA NASCIMENTO,54256931848,1995-12-07,F,10375014731,Operador de telemarketing,422310,2025-01-28,2025-04-28,CLT,1630.00,72759180000109,SAO-01,Central Barra Funda,01346764,Rua das Orquídeas,2719,Barra Funda,São Paulo,SP,(11) 99232-6350,luana.nascimento@garoa.example,01397410,Rua Nova,3277,Butantã,São Paulo,SP
007935,RENATA MONTEIRO CORREIA,09791861455,1985-04-02,F,11906300040,Operador de telemarketing,422310,2024-10-28,2025-01-26,CLT,1630.00,72759180000109,SAO-01,Central Barra Funda,01312010,Rua das Acácias,830,Liberdade,São Paulo,SP,(11) 98929-9750,renata.correia@garoa.example,01397410,Rua Nova,3277,Butantã,São Paulo,SP
007936,CARLOS MAGALHÃES,51654208760,1992-04-03,M,11647436126,Operador de telemarketing,422310,2025-07-04,2025-10-02,CLT,1630.00,72759180000281,SAO-02,Central Mooca,01364871,Rua das Flores do Campo,2146,Santana,São Paulo,SP,(11) 99661-7998,carlos.magalhaes@garoa.example,01339343,Rua do Horizonte,585,Barra Funda,São Paulo,SP
007937,THIAGO RAMOS,10646974106,1999-01-14,M,14827462048,Operador de telemarketing,422310,2024-10-03,2025-01-01,CLT,1860.00,72759180000281,SAO-02,Central Mooca,01382865,Rua da Alvorada,2383,Barra Funda,São Paulo,SP,(11) 98544-8333,thiago.ramos@garoa.example,01339343,Rua do Horizonte,585,Barra Funda,São Paulo,SP
007938,FERNANDA QUEIROZ ARAÚJO,82825895946,1994-12-16,F,15291144392,Operador de telemarketing,422310,2025-11-25,2026-02-23,CLT,1630.00,72759180000281,SAO-02,Central Mooca,01342947,Rua das Violetas,1610,Barra Funda,São Paulo,SP,(11) 99851-7529,fernanda.araujo@garoa.example,01339343,Rua do Horizonte,585,Barra Funda,São Paulo,SP
007939,LUIZ TAVARES RODRIGUES,15656988279,1993-01-30,M,12910650836,Operador de telemarketing,422310,2024-10-02,2024-12-31,CLT,1630.00,72759180000281,SAO-02,Central Mooca,01376950,Rua das Palmeiras,850,Santana,São Paulo,SP,(11) 99507-4224,luiz.rodrigues@garoa.example,01339343,Rua do Horizonte,585,Barra Funda,São Paulo,SP
007940,DÉBORA MACHADO,91117400271,1997-12-21,F,18001638985,Operador de telemarketing,422310,2025-12-18,2026-03-18,CLT,1630.00,72759180000109,SAO-01,Central Barra Funda,01345615,Rua dos Pinheiros Altos,178,Mooca,São Paulo,SP,(11) 99592-6754,debora.machado@garoa.example,01397410,Rua Nova,3277,Butantã,São Paulo,SP
007941,FERNANDO RAMOS,49123184426,1984-06-26,M,12457966796,Operador de telemarketing,422310,2023-06-03,2023-09-01,CLT,1630.00,72759180000281,SAO-02,Central Mooca,01390583,Avenida das Nações,1444,Bela Vista,São Paulo,SP,(11) 98270-3518,fernando.ramos@garoa.example,01339343,Rua do Horizonte,585,Barra Funda,São Paulo,SP
007942,RENATA MARTINS PEIXOTO,42284500838,1999-12-08,F,14259220679,Operador de telemarketing,422310,2025-10-22,2026-01-20,CLT,1630.00,72759180000109,SAO-01,Central Barra Funda,01323880,Rua da Esperança,1236,Santana,São Paulo,SP,(11) 98848-1603,renata.peixoto@garoa.example,01397410,Rua Nova,3277,Butantã,São Paulo,SP
007943,PATRÍCIA PEREIRA LOPES,12660038430,1992-02-17,F,17118697616,Operador de telemarketing,422310,2019-02-16,2019-05-17,CLT,1700.00,72759180000109,SAO-01,Central Barra Funda,01373194,Rua dos Pinheiros Altos,843,Mooca,São Paulo,SP,(11) 98766-7422,patricia.lopes@garoa.example,01397410,Rua Nova,3277,Butantã,São Paulo,SP
007944,HENRIQUE CORREIA,28946805200,1979-07-31,M,14597945946,Operador de telemarketing,422310,2006-06-12,2006-09-10,CLT,1630.00,72759180000109,SAO-01,Central Barra Funda,01341864,Rua dos Ipês Amarelos,1487,Butantã,São Paulo,SP,(11) 99654-1868,henrique.correia@garoa.example,01397410,Rua Nova,3277,Butantã,São Paulo,SP
007945,JOANA MONTEIRO DIAS,47555845237,1988-05-24,F,16323747904,Supervisor de atendimento,420135,2026-01-21,2026-04-21,CLT,3440.00,72759180000109,SAO-01,Central Barra Funda,01312922,Travessa da Paz,1186,Butantã,São Paulo,SP,(11) 98926-0943,joana.dias@garoa.example,01397410,Rua Nova,3277,Butantã,São Paulo,SP
007946,LUCIANO PEREIRA,87754515300,1987-10-02,M,15851675053,Operador de telemarketing,422310,2017-12-08,2018-03-08,CLT,1630.00,72759180000109,SAO-01,Central Barra Funda,01385311,Rua dos Pinheiros Altos,142,Santana,São Paulo,SP,(11) 99135-5427,luciano.pereira@garoa.example,01397410,Rua Nova,3277,Butantã,São Paulo,SP
007947,LARISSA MAGALHÃES TAVARES,62778822445,1988-11-06,F,15044863984,Analista de recursos humanos,252405,2018-09-01,2018-11-30,CLT,4830.00,72759180000109,SAO-01,Central Barra Funda,01347026,Rua dos Girassóis,1064,Barra Funda,São Paulo,SP,(11) 99533-8010,larissa.tavares@garoa.example,01397410,Rua Nova,3277,Butantã,São Paulo,SP
007948,CAROLINA MACEDO,96506193999,1996-09-13,F,17560601391,Supervisor de atendimento,420135,2021-07-13,2021-10-11,CLT,3440.00,72759180000109,SAO-01,Central Barra Funda,01312423,Rua das Gaivotas,2063,Santana,São Paulo,SP,(11) 98369-6759,carolina.macedo@garoa.example,01397410,Rua Nova,3277,Butantã,São Paulo,SP
007949,PAULO XAVIER,35769264373,1992-07-14,M,13999363183,Assistente administrativo,411010,2023-10-02,2023-12-31,CLT,2650.00,72759180000109,SAO-01,Central Barra Funda,01304713,Avenida das Nações,336,Santana,São Paulo,SP,(11) 99886-2229,paulo.xavier@garoa.example,01397410,Rua Nova,3277,Butantã,São Paulo,SP
007950,DÉBORA RIBEIRO PEIXOTO,04044355215,1999-12-26,F,17082614313,Operador de telemarketing,422310,2025-06-23,2025-09-21,CLT,1630.00,72759180000109,SAO-01,Central Barra Funda,01350153,Rua do Horizonte,1469,Butantã,São Paulo,SP,(11) 98792-3231,debora.peixoto@garoa.example,01397410,Rua Nova,3277,Butantã,São Paulo,SP
007951,NATÁLIA FERNANDES MARQUES,87994457193,1978-01-30,F,19907493797,Operador de telemarketing,422310,2016-02-07,2016-05-07,CLT,1700.00,72759180000281,SAO-02,Central Mooca,01376186,Rua das Flores do Campo,2369,Mooca,São Paulo,SP,(11) 98321-7930,natalia.marques@garoa.example,01339343,Rua do Horizonte,585,Barra Funda,São Paulo,SP
007952,ANDRÉ SANTANA FERNANDES,72683038585,1992-09-02,M,16997085960,Operador de telemarketing,422310,2016-06-15,2016-09-13,CLT,1630.00,72759180000109,SAO-01,Central Barra Funda,01358403,Rua do Cruzeiro,210,Santana,São Paulo,SP,(11) 98947-7559,andre.fernandes@garoa.example,01397410,Rua Nova,3277,Butantã,São Paulo,SP
007953,TEREZA OLIVEIRA BEZERRA,48548931760,1992-01-08,F,12174947683,Operador de telemarketing,422310,2026-02-06,2026-05-07,CLT,1700.00,72759180000281,SAO-02,Central Mooca,01334224,Rua da Esperança,688,Barra Funda,São Paulo,SP,(11) 98504-8406,tereza.bezerra@garoa.example,01339343,Rua do Horizonte,585,Barra Funda,São Paulo,SP
007954,LEONARDO FREITAS DIAS,37194018390,1977-11-20,M,17586252511,Operador de telemarketing,422310,2022-09-16,2022-12-15,CLT,1860.00,72759180000109,SAO-01,Central Barra Funda,01369700,Rua das Mangueiras,2042,Liberdade,São Paulo,SP,(11) 99679-3938,leonardo.dias@garoa.example,01397410,Rua Nova,3277,Butantã,São Paulo,SP
007955,FRANCISCO CARDOSO SILVA,24315003816,1997-05-17,M,16290634420,Operador de telemarketing,422310,2026-01-10,2026-04-10,CLT,1700.00,72759180000281,SAO-02,Central Mooca,01378828,Rua do Sol Nascente,2595,Barra Funda,São Paulo,SP,(11) 99627-7666,francisco.silva@garoa.example,01339343,Rua do Horizonte,585,Barra Funda,São Paulo,SP
007956,NAYARA CAVALCANTI DIAS,93202506340,1982-09-11,F,12409690751,Operador de telemarketing,422310,2022-09-10,2022-12-09,CLT,1860.00,72759180000109,SAO-01,Central Barra Funda,01319601,Rua Santa Clara,2045,Mooca,São Paulo,SP,(11) 99264-3218,nayara.dias@garoa.example,01397410,Rua Nova,3277,Butantã,São Paulo,SP
007957,LÚCIA QUEIROZ,73364803064,1989-03-06,F,11033662849,Operador de telemarketing,422310,2023-09-03,2023-12-02,CLT,1860.00,72759180000109,SAO-01,Central Barra Funda,01396296,Rua dos Girassóis,2449,Tatuapé,São Paulo,SP,(11) 99795-2305,lucia.queiroz@garoa.example,01397410,Rua Nova,3277,Butantã,São Paulo,SP
007958,FÁBIO ALMEIDA CAMPOS,44718900930,1985-10-20,M,10400655028,Operador de telemarketing,422310,2015-10-17,2016-01-15,CLT,1630.00,72759180000109,SAO-01,Central Barra Funda,01358165,Rua do Sol Nascente,2429,Santana,São Paulo,SP,(11) 98331-1279,fabio.campos@garoa.example,01397410,Rua Nova,3277,Butantã,São Paulo,SP
007959,ALINE BATISTA,69692451879,2002-08-06,F,12443680678,Operador de telemarketing,422310,2025-05-23,2025-08-21,CLT,1630.00,72759180000109,SAO-01,Central Barra Funda,01317266,Travessa da Paz,2093,Bela Vista,São Paulo,SP,(11) 98933-0053,aline.batista@garoa.example,01397410,Rua Nova,3277,Butantã,São Paulo,SP
007960,ANTÔNIO TEIXEIRA,74869033852,1994-05-16,M,12868938151,Operador de telemarketing,422310,2021-09-08,2021-12-07,CLT,1630.00,72759180000281,SAO-02,Central Mooca,01331997,Rua do Horizonte,618,Mooca,São Paulo,SP,(11) 99778-6083,antonio.teixeira@garoa.example,01339343,Rua do Horizonte,585,Barra Funda,São Paulo,SP
007961,GABRIEL BATISTA,75162541184,1985-07-16,M,16835900646,Operador de telemarketing,422310,2021-08-30,2021-11-28,CLT,1700.00,72759180000109,SAO-01,Central Barra Funda,01325518,Rua São Pedro,1362,Santana,São Paulo,SP,(11) 99585-5337,gabriel.batista@garoa.example,01397410,Rua Nova,3277,Butantã,São Paulo,SP
007962,ALINE NASCIMENTO GONÇALVES,39130589150,1998-11-28,F,16295128604,Técnico de suporte ao usuário,317210,2024-01-11,2024-04-10,CLT,2910.00,72759180000109,SAO-01,Central Barra Funda,01380379,Rua das Hortênsias,1471,Liberdade,São Paulo,SP,(11) 99557-8066,aline.goncalves@garoa.example,01397410,Rua Nova,3277,Butantã,São Paulo,SP
007963,LUCAS ANDRADE,86269217806,2002-02-13,M,16212438315,Operador de telemarketing,422310,2025-04-09,2025-07-08,CLT,1860.00,72759180000281,SAO-02,Central Mooca,01386202,Rua do Bosque,1116,Mooca,São Paulo,SP,(11) 99361-4996,lucas.andrade@garoa.example,01339343,Rua do Horizonte,585,Barra Funda,São Paulo,SP
007964,RAFAELA TAVARES,35263666241,2003-02-09,F,10690486923,Operador de telemarketing,422310,2023-03-15,2023-06-13,CLT,1630.00,72759180000281,SAO-02,Central Mooca,01368146,Rua dos Ipês Amarelos,714,Bela Vista,São Paulo,SP,(11) 99726-3820,rafaela.tavares@garoa.example,01339343,Rua do Horizonte,585,Barra Funda,São Paulo,SP
007965,LUCIANO FERREIRA TEIXEIRA,59433877144,2003-12-07,M,11124280999,Operador de telemarketing,422310,2025-10-15,2026-01-13,CLT,1630.00,72759180000109,SAO-01,Central Barra Funda,01325002,Avenida Central,738,Butantã,São Paulo,SP,(11) 98702-4080,luciano.teixeira@garoa.example,01397410,Rua Nova,3277,Butantã,São Paulo,SP
007966,JOÃO OLIVEIRA,06122702463,1997-10-06,M,11593150726,Operador de telemarketing,422310,2023-04-07,2023-07-06,CLT,1630.00,72759180000109,SAO-01,Central Barra Funda,01391154,Rua das Mangueiras,1197,Barra Funda,São Paulo,SP,(11) 99760-7646,joao.oliveira@garoa.example,01397410,Rua Nova,3277,Butantã,São Paulo,SP
007967,ANDRÉ ROCHA MIRANDA,12030494208,2002-11-20,M,11452575572,Operador de telemarketing,422310,2025-03-09,2025-06-07,CLT,1700.00,72759180000109,SAO-01,Central Barra Funda,01314090,Rua São Pedro,1476,Barra Funda,São Paulo,SP,(11) 98294-8744,andre.miranda@garoa.example,01397410,Rua Nova,3277,Butantã,São Paulo,SP
007968,FERNANDO BATISTA,10071524789,1985-12-16,M,19221973136,Operador de telemarketing,422310,2008-08-06,2008-11-04,CLT,1860.00,72759180000109,SAO-01,Central Barra Funda,01358408,Rua dos Ipês Amarelos,1044,Bela Vista,São Paulo,SP,(11) 98780-1248,fernando.batista@garoa.example,01397410,Rua Nova,3277,Butantã,São Paulo,SP
007969,RODRIGO GUIMARÃES BARROS,65721690305,2004-07-16,M,19889183907,Operador de telemarketing,422310,2025-11-03,2026-02-01,CLT,1860.00,72759180000109,SAO-01,Central Barra Funda,01320643,Avenida Beira Rio,2004,Mooca,São Paulo,SP,(11) 98376-6142,rodrigo.barros@garoa.example,01397410,Rua Nova,3277,Butantã,São Paulo,SP
007970,JOÃO SALES,73947882106,1999-03-18,M,16107949971,Operador de telemarketing,422310,2022-11-04,2023-02-02,CLT,1630.00,72759180000109,SAO-01,Central Barra Funda,01397814,Rua do Bosque,1953,Santana,São Paulo,SP,(11) 98966-2130,joao.sales@garoa.example,01397410,Rua Nova,3277,Butantã,São Paulo,SP
007971,RENATO GUIMARÃES SANTOS,91554031079,1995-11-04,M,14541828343,Assistente administrativo,411010,2025-06-28,2025-09-26,CLT,2650.00,72759180000281,SAO-02,Central Mooca,01387696,Rua do Comércio,481,Tatuapé,São Paulo,SP,(11) 99062-1972,renato.santos@garoa.example,01339343,Rua do Horizonte,585,Barra Funda,São Paulo,SP
007972,ELAINE RODRIGUES NASCIMENTO,18229453217,1990-03-09,F,16982270601,Operador de telemarketing,422310,2025-07-06,2025-10-04,CLT,1630.00,72759180000109,SAO-01,Central Barra Funda,01349774,Rua das Palmeiras,2229,Tatuapé,São Paulo,SP,(11) 99164-6938,elaine.nascimento@garoa.example,01397410,Rua Nova,3277,Butantã,São Paulo,SP
007973,LUIZ BORGES,04992797350,1989-07-20,M,17381545263,Operador de telemarketing,422310,2023-04-29,2023-07-28,CLT,1860.00,72759180000281,SAO-02,Central Mooca,01339762,Rua dos Ipês Amarelos,2353,Butantã,São Paulo,SP,(11) 99262-8579,luiz.borges@garoa.example,01339343,Rua do Horizonte,585,Barra Funda,São Paulo,SP
007974,NATÁLIA VIEIRA,19061101409,1985-01-03,F,15110480372,Supervisor de atendimento,420135,2019-06-06,2019-09-04,CLT,3440.00,72759180000281,SAO-02,Central Mooca,01307446,Rua do Cruzeiro,2525,Tatuapé,São Paulo,SP,(11) 99133-5067,natalia.vieira@garoa.example,01339343,Rua do Horizonte,585,Barra Funda,São Paulo,SP
007975,ANA LIMA CAMPOS,70839720289,1988-04-10,F,16529307429,Operador de telemarketing,422310,2025-02-19,2025-05-20,CLT,1630.00,72759180000109,SAO-01,Central Barra Funda,01304656,Rua das Palmeiras,1188,Liberdade,São Paulo,SP,(11) 99629-4009,ana.campos@garoa.example,01397410,Rua Nova,3277,Butantã,São Paulo,SP
007976,RENATA BARBOSA MAGALHÃES,36200994137,1988-04-28,F,17639437358,Operador de telemarketing,422310,2020-09-30,2020-12-29,CLT,1860.00,72759180000281,SAO-02,Central Mooca,01388193,Rua do Bosque,380,Liberdade,São Paulo,SP,(11) 99232-4934,renata.magalhaes@garoa.example,01339343,Rua do Horizonte,585,Barra Funda,São Paulo,SP
007977,EDUARDO SIQUEIRA,89087321015,1978-07-23,M,19567923199,Operador de telemarketing,422310,2010-06-19,2010-09-17,CLT,1630.00,72759180000281,SAO-02,Central Mooca,01374952,Rua Santa Clara,1116,Bela Vista,São Paulo,SP,(11) 98171-1353,eduardo.siqueira@garoa.example,01339343,Rua do Horizonte,585,Barra Funda,São Paulo,SP
007978,MARCOS CARDOSO PEIXOTO,42164585305,1997-09-25,M,10042996262,Operador de telemarketing,422310,2021-12-22,2022-03-22,CLT,1700.00,72759180000109,SAO-01,Central Barra Funda,01315697,Rua do Horizonte,1533,Butantã,São Paulo,SP,(11) 98791-4839,marcos.peixoto@garoa.example,01397410,Rua Nova,3277,Butantã,São Paulo,SP
007979,PATRÍCIA PINTO MARTINS,27530987194,1994-09-05,F,15344401430,Operador de telemarketing,422310,2018-07-22,2018-10-20,CLT,1630.00,72759180000109,SAO-01,Central Barra Funda,01303453,Rua dos Ipês Amarelos,98,Butantã,São Paulo,SP,(11) 98243-9597,patricia.martins@garoa.example,01397410,Rua Nova,3277,Butantã,São Paulo,SP
007980,OTÁVIO BARROS,78668621505,1993-03-10,M,15882899459,Operador de telemarketing,422310,2017-04-15,2017-07-14,CLT,1630.00,72759180000281,SAO-02,Central Mooca,01349650,Rua do Mirante,1168,Barra Funda,São Paulo,SP,(11) 99643-6427,otavio.barros@garoa.example,01339343,Rua do Horizonte,585,Barra Funda,São Paulo,SP
007981,YASMIN PEIXOTO MACHADO,84093892903,1983-04-24,F,17936192580,Operador de telemarketing,422310,2024-11-10,2025-02-08,CLT,1630.00,72759180000109,SAO-01,Central Barra Funda,01349126,Rua das Flores do Campo,2265,Barra Funda,São Paulo,SP,(11) 99907-1175,yasmin.machado@garoa.example,01397410,Rua Nova,3277,Butantã,São Paulo,SP
007982,BRUNO SOUZA GONÇALVES,55947397420,1996-04-20,M,11477579142,Analista de recursos humanos,252405,2020-04-19,2020-07-18,CLT,5640.00,72759180000109,SAO-01,Central Barra Funda,01327129,Avenida Beira Rio,321,Tatuapé,São Paulo,SP,(11) 99282-4046,bruno.goncalves@garoa.example,01397410,Rua Nova,3277,Butantã,São Paulo,SP
007983,CLÁUDIA QUEIROZ,95009755050,1984-12-24,F,11635463623,Operador de telemarketing,422310,2024-08-31,2024-11-29,CLT,1630.00,72759180000109,SAO-01,Central Barra Funda,01338951,Rua do Sol Nascente,1304,Santana,São Paulo,SP,(11) 99301-6572,claudia.queiroz@garoa.example,01397410,Rua Nova,3277,Butantã,São Paulo,SP
007984,THIAGO TEIXEIRA COSTA,69665066056,1982-09-01,M,11712333207,Operador de telemarketing,422310,2023-07-22,2023-10-20,CLT,1630.00,72759180000109,SAO-01,Central Barra Funda,01305002,Rua dos Cravos,2134,Tatuapé,São Paulo,SP,(11) 99440-1177,thiago.costa@garoa.example,01397410,Rua Nova,3277,Butantã,São Paulo,SP
007985,PEDRO CARDOSO ARAÚJO,27294060347,1992-04-21,M,17238033240,Técnico de suporte ao usuário,317210,2022-03-13,2022-06-11,CLT,2500.00,72759180000109,SAO-01,Central Barra Funda,01325825,Rua dos Pinheiros Altos,1902,Mooca,São Paulo,SP,(11) 99421-8536,pedro.araujo@garoa.example,01397410,Rua Nova,3277,Butantã,São Paulo,SP
007986,CLÁUDIA REZENDE PEIXOTO,14487044057,1993-11-03,F,11372550624,Operador de telemarketing,422310,2018-01-01,2018-04-01,CLT,1630.00,72759180000109,SAO-01,Central Barra Funda,01366041,Avenida das Nações,394,Butantã,São Paulo,SP,(11) 98355-0165,claudia.peixoto@garoa.example,01397410,Rua Nova,3277,Butantã,São Paulo,SP
007987,VINÍCIUS CAVALCANTI NUNES,35251111002,1998-11-25,M,18641535986,Operador de telemarketing,422310,2023-12-04,2024-03-03,CLT,1630.00,72759180000281,SAO-02,Central Mooca,01374182,Rua das Orquídeas,1896,Liberdade,São Paulo,SP,(11) 98583-8362,vinicius.nunes@garoa.example,01339343,Rua do Horizonte,585,Barra Funda,São Paulo,SP
007988,DIEGO MONTEIRO MACEDO,26861268097,1981-04-26,M,18963025171,Operador de telemarketing,422310,2025-07-13,2025-10-11,CLT,1860.00,72759180000281,SAO-02,Central Mooca,01345712,Rua São Pedro,1605,Santana,São Paulo,SP,(11) 98539-6738,diego.macedo@garoa.example,01339343,Rua do Horizonte,585,Barra Funda,São Paulo,SP
007989,JULIANA PRADO BORGES,56955695673,2000-07-16,F,12300562114,Operador de telemarketing,422310,2024-02-09,2024-05-09,CLT,1630.00,72759180000109,SAO-01,Central Barra Funda,01398642,Rua da Liberdade,856,Liberdade,São Paulo,SP,(11) 98985-0974,juliana.borges@garoa.example,01397410,Rua Nova,3277,Butantã,São Paulo,SP
007990,NATÁLIA MARTINS,42266999044,1982-08-24,F,16881617868,Operador de telemarketing,422310,2020-04-18,2020-07-17,CLT,1630.00,72759180000109,SAO-01,Central Barra Funda,01347598,Travessa da Paz,267,Tatuapé,São Paulo,SP,(11) 99671-3274,natalia.martins@garoa.example,01397410,Rua Nova,3277,Butantã,São Paulo,SP
007991,EMERSON NEVES GUIMARÃES,09705606480,1986-03-23,M,15756376629,Operador de telemarketing,422310,2026-01-30,2026-04-30,CLT,1700.00,72759180000109,SAO-01,Central Barra Funda,01304795,Rua dos Cravos,1659,Butantã,São Paulo,SP,(11) 99989-0794,emerson.guimaraes@garoa.example,01397410,Rua Nova,3277,Butantã,São Paulo,SP
007992,LÚCIA COELHO,01190099942,1982-11-24,F,13475958154,Operador de telemarketing,422310,2024-03-16,2024-06-14,CLT,1630.00,72759180000109,SAO-01,Central Barra Funda,01338207,Rua das Orquídeas,35,Bela Vista,São Paulo,SP,(11) 99182-8303,lucia.coelho@garoa.example,01397410,Rua Nova,3277,Butantã,São Paulo,SP
007993,VALÉRIA PINTO MENDES,58823360315,2002-04-06,F,19463145591,Operador de telemarketing,422310,2023-08-16,2023-11-14,CLT,1630.00,72759180000109,SAO-01,Central Barra Funda,01355906,Rua dos Pinheiros Altos,833,Mooca,São Paulo,SP,(11) 99422-7292,valeria.mendes@garoa.example,01397410,Rua Nova,3277,Butantã,São Paulo,SP
007994,LUCIANO GUIMARÃES RAMOS,24771965706,1994-05-16,M,18017412082,Operador de telemarketing,422310,2020-08-10,2020-11-08,CLT,1630.00,72759180000109,SAO-01,Central Barra Funda,01320915,Rua das Andorinhas,1387,Barra Funda,São Paulo,SP,(11) 99288-6541,luciano.ramos@garoa.example,01397410,Rua Nova,3277,Butantã,São Paulo,SP
007995,MARCELO ALMEIDA,05501077388,1983-04-10,M,18085177754,Operador de telemarketing,422310,2024-02-13,2024-05-13,CLT,1860.00,72759180000109,SAO-01,Central Barra Funda,01349555,Rua das Violetas,2644,Bela Vista,São Paulo,SP,(11) 99146-0700,marcelo.almeida@garoa.example,01397410,Rua Nova,3277,Butantã,São Paulo,SP
007996,HUGO ROCHA,00953624285,1992-01-01,M,19166802704,Operador de telemarketing,422310,2017-11-02,2018-01-31,CLT,1630.00,72759180000109,SAO-01,Central Barra Funda,01330734,Rua das Acácias,2767,Barra Funda,São Paulo,SP,(11) 99302-5878,hugo.rocha@garoa.example,01397410,Rua Nova,3277,Butantã,São Paulo,SP
007997,PRISCILA GOMES,28718649505,1985-02-12,F,11075429366,Analista de recursos humanos,252405,2017-11-27,2018-02-25,CLT,4830.00,72759180000109,SAO-01,Central Barra Funda,01380403,Rua das Flores do Campo,2727,Bela Vista,São Paulo,SP,(11) 99496-1813,priscila.gomes@garoa.example,01397410,Rua Nova,3277,Butantã,São Paulo,SP
007998,ANTÔNIO MARTINS RAMOS,50877382492,1981-10-08,M,11878252914,Operador de telemarketing,422310,2024-06-20,2024-09-18,CLT,1630.00,72759180000109,SAO-01,Central Barra Funda,01369897,Rua das Gaivotas,762,Tatuapé,São Paulo,SP,(11) 98877-8810,antonio.ramos@garoa.example,01397410,Rua Nova,3277,Butantã,São Paulo,SP
007999,MARIANA BATISTA ANDRADE,56234637205,1985-05-21,F,19491579317,Operador de telemarketing,422310,2026-01-14,2026-04-14,CLT,1630.00,72759180000109,SAO-01,Central Barra Funda,01317854,Avenida Central,84,Bela Vista,São Paulo,SP,(11) 99154-6510,mariana.andrade@garoa.example,01397410,Rua Nova,3277,Butantã,São Paulo,SP
008000,GIOVANA TAVARES,67013390186,1999-06-14,F,17575245511,Operador de telemarketing,422310,2026-03-01,2026-05-30,CLT,1630.00,72759180000281,SAO-02,Central Mooca,01374234,Rua dos Ipês Amarelos,1551,Liberdade,São Paulo,SP,(11) 98778-3589,giovana.tavares@garoa.example,01339343,Rua do Horizonte,585,Barra Funda,São Paulo,SP
008001,RAIMUNDO PINTO MACEDO,70001030434,1989-09-05,M,15804231766,Operador de telemarketing,422310,2024-04-22,2024-07-21,CLT,1630.00,72759180000109,SAO-01,Central Barra Funda,01349945,Rua São Pedro,153,Bela Vista,São Paulo,SP,(11) 98106-5937,raimundo.macedo@garoa.example,01397410,Rua Nova,3277,Butantã,São Paulo,SP
008002,PRISCILA ROCHA REZENDE,16233647010,1996-12-31,F,17355222858,Operador de telemarketing,422310,2015-04-27,2015-07-26,CLT,1630.00,72759180000281,SAO-02,Central Mooca,01332913,Rua das Hortênsias,980,Bela Vista,São Paulo,SP,(11) 99546-7793,priscila.rezende@garoa.example,01339343,Rua do Horizonte,585,Barra Funda,São Paulo,SP
