MATRICULA,NOME,NR_CPF,DT_NASC,SEXO,NR_PIS,DS_CARGO,CD_CBO,DT_ADMISSAO,DT_EFETIVACAO,TP_VINCULO,VL_SALARIO,CNPJ_ESTAB,CD_UNIDADE,NM_UNIDADE,CEP_RES,LOGRADOURO_RES,NUM_RES,BAIRRO_RES,CIDADE_RES,UF_RES,TEL_CELULAR,EMAIL_CORP,CEP_TRAB,LOGRADOURO_TRAB,NUM_TRAB,BAIRRO_TRAB,CIDADE_TRAB,UF_TRAB
003151,NAYARA ASSIS PINTO,12946004279,1986-08-12,F,17530584177,Sócio-administrador,121010,2020-06-08,,PRO_LABORE,45000.00,16722761000278,MAO-02,Centro de Distribuição,69073985,Rua da Esperança,2316,Cidade Nova,Manaus,AM,(92) 99897-4854,nayara.pinto@jacamim.example,69074116,Avenida Beira Rio,169,Cidade Nova,Manaus,AM
003152,LUIZ MOREIRA,58873678815,2000-12-27,M,14774952917,Montador de eletrônicos,731110,2025-02-12,2025-05-13,CLT,2280.00,16722761000278,MAO-02,Centro de Distribuição,69010594,Rua dos Cravos,2017,Parque Dez,Manaus,AM,(92) 99710-1766,luiz.moreira@jacamim.example,69074116,Avenida Beira Rio,169,Cidade Nova,Manaus,AM
003153,CAMILA LIMA,11612403140,1994-12-12,F,19287968747,Alimentador de linha de produção,784205,2022-04-25,2022-07-24,CLT,1880.00,16722761000197,MAO-01,Fábrica Distrito Industrial,69090416,Avenida das Nações,1022,Parque Dez,Manaus,AM,(92) 98654-0033,camila.lima@jacamim.example,69088487,Avenida das Nações,1227,Cidade Nova,Manaus,AM
003154,BRUNO COSTA SILVA,41033429864,1979-06-24,M,16993085262,Almoxarife,414105,2018-02-18,2018-05-19,CLT,2490.00,16722761000197,MAO-01,Fábrica Distrito Industrial,69055721,Rua das Acácias,2683,Flores,Manaus,AM,(92) 99870-6296,bruno.silva@jacamim.example,69088487,Avenida das Nações,1227,Cidade Nova,Manaus,AM
003155,BRUNA MAGALHÃES VIEIRA,17464751108,1981-12-06,F,12333736978,Assistente administrativo,411010,2021-07-13,2021-10-11,CLT,2650.00,16722761000197,MAO-01,Fábrica Distrito Industrial,69035229,Rua das Palmeiras,1604,Japiim,Manaus,AM,(92) 98287-6809,bruna.vieira@jacamim.example,69088487,Avenida das Nações,1227,Cidade Nova,Manaus,AM
003156,CRISTIANE NASCIMENTO SANTOS,04088036573,1990-10-30,F,19349822482,Técnico de manutenção eletrônica,313205,2022-03-02,2022-05-31,CLT,5090.00,16722761000278,MAO-02,Centro de Distribuição,69093260,Rua do Bosque,2492,Distrito Industrial,Manaus,AM,(92) 99085-8739,cristiane.santos@jacamim.example,69074116,Avenida Beira Rio,169,Cidade Nova,Manaus,AM
003157,RENATA FERREIRA QUEIROZ,94442341508,1995-10-13,F,18897748784,Técnico de manutenção eletrônica,313205,2018-05-02,2018-07-31,CLT,4030.00,16722761000278,MAO-02,Centro de Distribuição,69082098,Rua das Hortênsias,781,Distrito Industrial,Manaus,AM,(92) 98996-0571,renata.queiroz@jacamim.example,69074116,Avenida Beira Rio,169,Cidade Nova,Manaus,AM
003158,TIAGO ASSIS,18988337530,1991-04-19,M,15742088760,Montador de eletrônicos,731110,2024-02-20,2024-05-20,CLT,2680.00,16722761000278,MAO-02,Centro de Distribuição,69014120,Rua da Alvorada,2648,Japiim,Manaus,AM,(92) 98632-4163,tiago.assis@jacamim.example,69074116,Avenida Beira Rio,169,Cidade Nova,Manaus,AM
003159,NICOLAS ALMEIDA,76930476544,1995-08-12,M,13005436073,Montador de eletrônicos,731110,2024-05-10,2024-08-08,CLT,2080.00,16722761000197,MAO-01,Fábrica Distrito Industrial,69059240,Rua Nova,635,Distrito Industrial,Manaus,AM,(92) 99768-3477,nicolas.almeida@jacamim.example,69088487,Avenida das Nações,1227,Cidade Nova,Manaus,AM
003160,OTÁVIO SANTOS,35309973664,1998-03-25,M,19287210037,Inspetor de qualidade,391205,2024-10-02,2024-12-31,CLT,4130.00,16722761000197,MAO-01,Fábrica Distrito Industrial,69071222,Rua das Andorinhas,1171,Parque Dez,Manaus,AM,(92) 99581-6197,otavio.santos@jacamim.example,69088487,Avenida das Nações,1227,Cidade Nova,Manaus,AM
003161,GUSTAVO COSTA,00434925500,1995-03-04,M,13338892746,Faxineiro,514320,2019-11-30,2020-02-28,CLT,1630.00,16722761000197,MAO-01,Fábrica Distrito Industrial,69063349,Rua do Bosque,969,Japiim,Manaus,AM,(92) 99952-5602,gustavo.costa@jacamim.example,69088487,Avenida das Nações,1227,Cidade Nova,Manaus,AM
003162,LUANA CAVALCANTI,12730125183,1984-01-23,F,16402550650,Técnico em segurança do trabalho,351605,2026-04-28,,CLT,3730.00,16722761000197,MAO-01,Fábrica Distrito Industrial,69074417,Rua do Horizonte,907,Cidade Nova,Manaus,AM,(92) 99889-8100,luana.cavalcanti@jacamim.example,69088487,Avenida das Nações,1227,Cidade Nova,Manaus,AM
003163,SANDRA MOREIRA,27151701497,1979-03-18,F,19980395908,Operador de empilhadeira,782220,2014-01-03,2014-04-03,CLT,2830.00,16722761000197,MAO-01,Fábrica Distrito Industrial,69059080,Rua do Sol Nascente,1081,Aleixo,Manaus,AM,(92) 98314-6732,sandra.moreira@jacamim.example,69088487,Avenida das Nações,1227,Cidade Nova,Manaus,AM
003164,PRISCILA CAMPOS LOPES,56451654540,1982-03-18,F,18748373733,Montador de eletrônicos,731110,2026-04-21,,CLT,2280.00,16722761000197,MAO-01,Fábrica Distrito Industrial,69020111,Rua da Liberdade,1269,Flores,Manaus,AM,(92) 98193-0004,priscila.lopes@jacamim.example,69088487,Avenida das Nações,1227,Cidade Nova,Manaus,AM
003165,FRANCISCA SALES PACHECO,54526443506,2000-08-15,F,17539374288,Assistente administrativo,411010,2026-01-06,2026-04-06,CLT,3200.00,16722761000197,MAO-01,Fábrica Distrito Industrial,69097925,Rua do Sol Nascente,1507,Distrito Industrial,Manaus,AM,(92) 98167-6430,francisca.pacheco@jacamim.example,69088487,Avenida das Nações,1227,Cidade Nova,Manaus,AM
003166,NICOLAS SALES,59697392510,2001-05-12,M,14999461303,Técnico de manutenção eletrônica,313205,2025-01-21,2025-04-21,CLT,4030.00,16722761000197,MAO-01,Fábrica Distrito Industrial,69038079,Rua do Bosque,1313,Flores,Manaus,AM,(92) 98277-3897,nicolas.sales@jacamim.example,69088487,Avenida das Nações,1227,Cidade Nova,Manaus,AM
003167,LETÍCIA XAVIER CAVALCANTI,31172171009,1982-09-03,F,17794027139,Inspetor de qualidade,391205,2025-09-03,2025-12-02,CLT,3400.00,16722761000197,MAO-01,Fábrica Distrito Industrial,69068326,Avenida das Nações,1671,Aleixo,Manaus,AM,(92) 99828-5610,leticia.cavalcanti@jacamim.example,69088487,Avenida das Nações,1227,Cidade Nova,Manaus,AM
003168,ANTÔNIO COELHO LEITE,21826290842,1989-10-15,M,10023696411,Alimentador de linha de produção,784205,2025-07-08,2025-10-06,CLT,1880.00,16722761000197,MAO-01,Fábrica Distrito Industrial,69056415,Rua dos Ipês Amarelos,2037,Flores,Manaus,AM,(92) 98928-8170,antonio.leite@jacamim.example,69088487,Avenida das Nações,1227,Cidade Nova,Manaus,AM
003169,CAIO CAMPOS,73165000506,1986-11-16,M,16233309726,Operador de empilhadeira,782220,2024-03-10,2024-06-08,CLT,2830.00,16722761000278,MAO-02,Centro de Distribuição,69034723,Rua do Horizonte,2421,Flores,Manaus,AM,(92) 98766-8785,caio.campos@jacamim.example,69074116,Avenida Beira Rio,169,Cidade Nova,Manaus,AM
003170,AMANDA BRITO,29273252435,1989-03-25,F,14723013215,Montador de eletrônicos,731110,2018-07-11,2018-10-09,CLT,2480.00,16722761000278,MAO-02,Centro de Distribuição,69038571,Rua do Sol Nascente,1159,Distrito Industrial,Manaus,AM,(92) 99540-1884,amanda.brito@jacamim.example,69074116,Avenida Beira Rio,169,Cidade Nova,Manaus,AM
003171,SIMONE CARDOSO,74441308418,1987-11-18,F,12872320377,Alimentador de linha de produção,784205,2020-12-14,2021-03-14,CLT,1880.00,16722761000197,MAO-01,Fábrica Distrito Industrial,69040804,Rua dos Pinheiros Altos,1286,Distrito Industrial,Manaus,AM,(92) 98606-4729,simone.cardoso@jacamim.example,69088487,Avenida das Nações,1227,Cidade Nova,Manaus,AM
003172,FRANCISCA XAVIER,56276913103,1994-08-15,F,10354830350,Montador de eletrônicos,731110,2018-10-01,2018-12-30,CLT,2680.00,16722761000197,MAO-01,Fábrica Distrito Industrial,69022633,Rua Santa Clara,541,Cidade Nova,Manaus,AM,(92) 98240-2150,francisca.xavier@jacamim.example,69088487,Avenida das Nações,1227,Cidade Nova,Manaus,AM
003173,TIAGO FERNANDES MOREIRA,82923729200,1997-06-28,M,18447525833,Alimentador de linha de produção,784205,2021-05-03,2021-08-01,CLT,2110.00,16722761000278,MAO-02,Centro de Distribuição,69026140,Rua dos Pinheiros Altos,814,Flores,Manaus,AM,(92) 98588-6832,tiago.moreira@jacamim.example,69074116,Avenida Beira Rio,169,Cidade Nova,Manaus,AM
003174,PAULO FERREIRA VIEIRA,18346042574,1995-08-02,M,12963063069,Assistente administrativo,411010,2019-05-12,2019-08-10,CLT,3470.00,16722761000197,MAO-01,Fábrica Distrito Industrial,69024397,Rua do Cruzeiro,369,Japiim,Manaus,AM,(92) 99892-2688,paulo.vieira@jacamim.example,69088487,Avenida das Nações,1227,Cidade Nova,Manaus,AM
003175,RICARDO MARQUES,71215066295,1990-12-13,M,14867412213,Inspetor de qualidade,391205,2025-02-10,2025-05-11,CLT,3400.00,16722761000278,MAO-02,Centro de Distribuição,69039970,Rua das Acácias,756,Distrito Industrial,Manaus,AM,(92) 99090-6024,ricardo.marques@jacamim.example,69074116,Avenida Beira Rio,169,Cidade Nova,Manaus,AM
003176,RENATA PINTO,35585480510,1975-03-11,F,12013107903,Técnico em segurança do trabalho,351605,2017-02-27,2017-05-28,CLT,5180.00,16722761000278,MAO-02,Centro de Distribuição,69079880,Rua das Mangueiras,2243,Japiim,Manaus,AM,(92) 98203-3311,renata.pinto@jacamim.example,69074116,Avenida Beira Rio,169,Cidade Nova,Manaus,AM
003177,DANIELA ARAÚJO,78468675202,1996-02-12,F,10250228806,Montador de eletrônicos,731110,2021-02-06,2021-05-07,CLT,2080.00,16722761000197,MAO-01,Fábrica Distrito Industrial,69005005,Rua da Liberdade,351,Aleixo,Manaus,AM,(92) 99120-5942,daniela.araujo@jacamim.example,69088487,Avenida das Nações,1227,Cidade Nova,Manaus,AM
003178,FERNANDA SANTANA SANTANA,52473598797,1986-09-28,F,13416294963,Montador de eletrônicos,731110,2026-04-12,,CLT,2080.00,16722761000197,MAO-01,Fábrica Distrito Industrial,69031125,Rua Três Marias,2552,Japiim,Manaus,AM,(92) 98950-8612,fernanda.santana@jacamim.example,69088487,Avenida das Nações,1227,Cidade Nova,Manaus,AM
003179,TATIANE REZENDE FIGUEIREDO,74075278220,1990-12-14,F,15824820165,Montador de eletrônicos,731110,2026-01-28,2026-04-28,CLT,2280.00,16722761000278,MAO-02,Centro de Distribuição,69030607,Rua do Cruzeiro,772,Parque Dez,Manaus,AM,(92) 98269-1501,tatiane.figueiredo@jacamim.example,69074116,Avenida Beira Rio,169,Cidade Nova,Manaus,AM
003180,LUCAS ASSIS BARBOSA,33136859863,1983-10-28,M,18149284942,Técnico em segurança do trabalho,351605,2017-05-12,2017-08-10,CLT,5180.00,16722761000278,MAO-02,Centro de Distribuição,69045168,Rua das Violetas,970,Distrito Industrial,Manaus,AM,(92) 98802-7980,lucas.barbosa@jacamim.example,69074116,Avenida Beira Rio,169,Cidade Nova,Manaus,AM
003181,BEATRIZ MIRANDA SALES,24884152190,1995-12-29,F,11508239831,Inspetor de qualidade,391205,2024-07-29,2024-10-27,CLT,4130.00,16722761000197,MAO-01,Fábrica Distrito Industrial,69036669,Rua das Mangueiras,2768,Aleixo,Manaus,AM,(92) 99367-9182,beatriz.sales@jacamim.example,69088487,Avenida das Nações,1227,Cidade Nova,Manaus,AM
003182,EDUARDO ARAÚJO,63521822320,2006-01-08,M,11744016353,Inspetor de qualidade,391205,2026-06-03,,CLT,4130.00,16722761000278,MAO-02,Centro de Distribuição,69004130,Rua dos Girassóis,1725,Flores,Manaus,AM,(92) 98136-0441,eduardo.araujo@jacamim.example,69074116,Avenida Beira Rio,169,Cidade Nova,Manaus,AM
003183,BEATRIZ FREITAS ARAÚJO,25973912051,1992-07-12,F,18661523889,Assistente administrativo,411010,2025-12-29,2026-03-29,CLT,3200.00,16722761000197,MAO-01,Fábrica Distrito Industrial,69063849,Avenida Central,1244,Japiim,Manaus,AM,(92) 99084-8535,beatriz.araujo@jacamim.example,69088487,Avenida das Nações,1227,Cidade Nova,Manaus,AM
003184,ANA MACEDO NUNES,46827784126,1993-11-11,F,17761989208,Inspetor de qualidade,391205,2018-03-09,2018-06-07,CLT,4130.00,16722761000278,MAO-02,Centro de Distribuição,69060974,Avenida Central,165,Parque Dez,Manaus,AM,(92) 99948-2785,ana.nunes@jacamim.example,69074116,Avenida Beira Rio,169,Cidade Nova,Manaus,AM
003185,MARCOS CAMPOS,20777392402,1992-04-22,M,10032066474,Montador de eletrônicos,731110,2023-09-12,2023-12-11,CLT,2480.00,16722761000197,MAO-01,Fábrica Distrito Industrial,69067142,Rua dos Girassóis,1024,Japiim,Manaus,AM,(92) 99965-6258,marcos.campos@jacamim.example,69088487,Avenida das Nações,1227,Cidade Nova,Manaus,AM
003186,TEREZA VIEIRA BARROS,76757168766,1988-05-24,F,13886736069,Montador de eletrônicos,731110,2026-04-15,,CLT,2680.00,16722761000197,MAO-01,Fábrica Distrito Industrial,69029603,Rua das Mangueiras,1787,Cidade Nova,Manaus,AM,(92) 99541-2333,tereza.barros@jacamim.example,69088487,Avenida das Nações,1227,Cidade Nova,Manaus,AM
003187,CARLOS GONÇALVES,94744913806,2000-12-19,M,16026342992,Montador de eletrônicos,731110,2023-04-28,2023-07-27,CLT,2080.00,16722761000278,MAO-02,Centro de Distribuição,69034670,Rua da Liberdade,1969,Flores,Manaus,AM,(92) 98688-1219,carlos.goncalves@jacamim.example,69074116,Avenida Beira Rio,169,Cidade Nova,Manaus,AM
003188,KAIQUE ASSIS,02342393288,1987-07-18,M,11985964729,Montador de eletrônicos,731110,2012-08-19,2012-11-17,CLT,2080.00,16722761000197,MAO-01,Fábrica Distrito Industrial,69066879,Rua das Palmeiras,1049,Cidade Nova,Manaus,AM,(92) 99250-9444,kaique.assis@jacamim.example,69088487,Avenida das Nações,1227,Cidade Nova,Manaus,AM
003189,KELLY PRADO,85849982094,1990-06-05,F,11564143616,Operador de empilhadeira,782220,2023-08-16,2023-11-14,CLT,2830.00,16722761000278,MAO-02,Centro de Distribuição,69071063,Rua do Bosque,233,Cidade Nova,Manaus,AM,(92) 98589-9995,kelly.prado@jacamim.example,69074116,Avenida Beira Rio,169,Cidade Nova,Manaus,AM
003190,KARINA MARQUES,41920644482,1994-04-17,F,10299317300,Montador de eletrônicos,731110,2021-01-24,2021-04-24,CLT,2680.00,16722761000197,MAO-01,Fábrica Distrito Industrial,69037088,Rua da Alvorada,1445,Aleixo,Manaus,AM,(92) 99963-6848,karina.marques@jacamim.example,69088487,Avenida das Nações,1227,Cidade Nova,Manaus,AM
003191,LARISSA VIEIRA SANTANA,74397102902,2000-05-07,F,11077094991,Alimentador de linha de produção,784205,2023-05-26,2023-08-24,CLT,2570.00,16722761000278,MAO-02,Centro de Distribuição,69039173,Rua das Palmeiras,2790,Parque Dez,Manaus,AM,(92) 99018-8032,larissa.santana@jacamim.example,69074116,Avenida Beira Rio,169,Cidade Nova,Manaus,AM
003192,IGOR VIEIRA PACHECO,17269352135,1979-03-01,M,10217790337,Alimentador de linha de produção,784205,2020-02-10,2020-05-10,CLT,2340.00,16722761000197,MAO-01,Fábrica Distrito Industrial,69067958,Rua do Cruzeiro,327,Cidade Nova,Manaus,AM,(92) 98359-0152,igor.pacheco@jacamim.example,69088487,Avenida das Nações,1227,Cidade Nova,Manaus,AM
003193,LUCAS MOURA,11843343908,1994-11-02,M,11704694224,Inspetor de qualidade,391205,2022-06-06,2022-09-04,CLT,4130.00,16722761000197,MAO-01,Fábrica Distrito Industrial,69060835,Rua dos Pinheiros Altos,2439,Flores,Manaus,AM,(92) 99876-0753,lucas.moura@jacamim.example,69088487,Avenida das Nações,1227,Cidade Nova,Manaus,AM
003194,LETÍCIA MACEDO RODRIGUES,65210048594,1987-02-18,F,13746962416,Montador de eletrônicos,731110,2019-08-23,2019-11-21,CLT,2480.00,16722761000197,MAO-01,Fábrica Distrito Industrial,69087461,Rua das Hortênsias,2310,Aleixo,Manaus,AM,(92) 98836-6319,leticia.rodrigues@jacamim.example,69088487,Avenida das Nações,1227,Cidade Nova,Manaus,AM
003195,LUIZ PEIXOTO MOURA,22738038344,1991-01-15,M,17108143152,Montador de eletrônicos,731110,2018-06-28,2018-09-26,CLT,2480.00,16722761000278,MAO-02,Centro de Distribuição,69015905,Avenida das Nações,1049,Distrito Industrial,Manaus,AM,(92) 98889-3620,luiz.moura@jacamim.example,69074116,Avenida Beira Rio,169,Cidade Nova,Manaus,AM
003196,GABRIELA MOURA,44932605994,1990-02-20,F,19184995780,Técnico de manutenção eletrônica,313205,2025-03-09,2025-06-07,CLT,7220.00,16722761000197,MAO-01,Fábrica Distrito Industrial,69083528,Rua das Violetas,583,Japiim,Manaus,AM,(92) 98301-8657,gabriela.moura@jacamim.example,69088487,Avenida das Nações,1227,Cidade Nova,Manaus,AM
003197,CRISTIANE BRITO,99200385478,1992-03-07,F,15617769765,Montador de eletrônicos,731110,2025-12-31,2026-03-31,CLT,2080.00,16722761000278,MAO-02,Centro de Distribuição,69049859,Rua Nova,911,Flores,Manaus,AM,(92) 99938-4529,cristiane.brito@jacamim.example,69074116,Avenida Beira Rio,169,Cidade Nova,Manaus,AM
003198,FLÁVIA SILVA PRADO,08894873080,1984-08-28,F,10061013521,Montador de eletrônicos,731110,2022-04-11,2022-07-10,CLT,2080.00,16722761000197,MAO-01,Fábrica Distrito Industrial,69023231,Rua das Andorinhas,598,Cidade Nova,Manaus,AM,(92) 98199-2648,flavia.prado@jacamim.example,69088487,Avenida das Nações,1227,Cidade Nova,Manaus,AM
003199,LETÍCIA RODRIGUES MAGALHÃES,63312868882,2001-12-20,F,13541139175,Montador de eletrônicos,731110,2023-05-22,2023-08-20,CLT,2680.00,16722761000197,MAO-01,Fábrica Distrito Industrial,69086130,Rua Três Marias,2795,Distrito Industrial,Manaus,AM,(92) 98997-6407,leticia.magalhaes@jacamim.example,69088487,Avenida das Nações,1227,Cidade Nova,Manaus,AM
003200,RODRIGO PEREIRA VIANA,02318223912,1977-06-11,M,18042707107,Alimentador de linha de produção,784205,2023-12-25,2024-03-24,CLT,2340.00,16722761000278,MAO-02,Centro de Distribuição,69086394,Rua do Horizonte,916,Distrito Industrial,Manaus,AM,(92) 98150-4064,rodrigo.viana@jacamim.example,69074116,Avenida Beira Rio,169,Cidade Nova,Manaus,AM
003201,ADRIANA MENDES,50182485218,1998-11-24,F,12175613713,Técnico de manutenção eletrônica,313205,2026-01-10,2026-04-10,CLT,6160.00,16722761000197,MAO-01,Fábrica Distrito Industrial,69044596,Rua dos Pinheiros Altos,210,Flores,Manaus,AM,(92) 98429-4756,adriana.mendes@jacamim.example,69088487,Avenida das Nações,1227,Cidade Nova,Manaus,AM
003202,FERNANDA SIQUEIRA MIRANDA,10253229677,1998-07-05,F,14415486094,Técnico de manutenção eletrônica,313205,2018-05-02,2018-07-31,CLT,7220.00,16722761000197,MAO-01,Fábrica Distrito Industrial,69012324,Rua São Pedro,173,Flores,Manaus,AM,(92) 99500-9498,fernanda.miranda@jacamim.example,69088487,Avenida das Nações,1227,Cidade Nova,Manaus,AM
003203,GIOVANA GOMES SILVA,95842142929,1989-02-28,F,16809912668,Montador de eletrônicos,731110,2020-02-02,2020-05-02,CLT,2280.00,16722761000197,MAO-01,Fábrica Distrito Industrial,69025143,Rua das Acácias,916,Flores,Manaus,AM,(92) 99320-6990,giovana.silva@jacamim.example,69088487,Avenida das Nações,1227,Cidade Nova,Manaus,AM
003204,VITOR MACEDO,85162381306,2002-01-28,M,19004754372,Montador de eletrônicos,731110,2026-02-12,2026-05-13,CLT,2280.00,16722761000197,MAO-01,Fábrica Distrito Industrial,69062734,Rua São Pedro,1034,Parque Dez,Manaus,AM,(92) 99020-3463,vitor.macedo@jacamim.example,69088487,Avenida das Nações,1227,Cidade Nova,Manaus,AM
003205,AMANDA ALMEIDA RODRIGUES,46309605461,1999-10-13,F,18891448902,Operador de empilhadeira,782220,2025-09-05,2025-12-04,CLT,2500.00,16722761000197,MAO-01,Fábrica Distrito Industrial,69012662,Rua dos Pinheiros Altos,175,Aleixo,Manaus,AM,(92) 98856-6965,amanda.rodrigues@jacamim.example,69088487,Avenida das Nações,1227,Cidade Nova,Manaus,AM
003206,SAMUEL ALVES AGUIAR,00958750939,2004-07-11,M,12390728391,Alimentador de linha de produção,784205,2025-06-10,2025-09-08,CLT,1880.00,16722761000197,MAO-01,Fábrica Distrito Industrial,69007747,Avenida das Nações,437,Aleixo,Manaus,AM,(92) 98703-8217,samuel.aguiar@jacamim.example,69088487,Avenida das Nações,1227,Cidade Nova,Manaus,AM
003207,CAIO GONÇALVES GOMES,72320052534,2001-01-01,M,18373223340,Inspetor de qualidade,391205,2022-06-10,2022-09-08,CLT,4130.00,16722761000197,MAO-01,Fábrica Distrito Industrial,69052352,Rua das Andorinhas,2162,Japiim,Manaus,AM,(92) 99547-3678,caio.gomes@jacamim.example,69088487,Avenida das Nações,1227,Cidade Nova,Manaus,AM
003208,THIAGO PRADO CARDOSO,37151980280,2001-12-16,M,10065956042,Montador de eletrônicos,731110,2022-12-17,2023-03-17,CLT,2280.00,16722761000278,MAO-02,Centro de Distribuição,69098602,Rua do Sol Nascente,2307,Distrito Industrial,Manaus,AM,(92) 98901-7329,thiago.cardoso@jacamim.example,69074116,Avenida Beira Rio,169,Cidade Nova,Manaus,AM
003209,AMANDA MONTEIRO CARVALHO,91096046857,1995-09-12,F,10975416225,Analista de recursos humanos,252405,2026-02-02,2026-05-03,CLT,4830.00,16722761000278,MAO-02,Centro de Distribuição,69038905,Rua Três Marias,103,Aleixo,Manaus,AM,(92) 98948-4222,amanda.carvalho@jacamim.example,69074116,Avenida Beira Rio,169,Cidade Nova,Manaus,AM
003210,FLÁVIA SANTOS PEREIRA,42665232707,2000-10-14,F,15836429217,Montador de eletrônicos,731110,2025-05-23,2025-08-21,CLT,2680.00,16722761000197,MAO-01,Fábrica Distrito Industrial,69080725,Rua São Pedro,1718,Japiim,Manaus,AM,(92) 98557-7142,flavia.pereira@jacamim.example,69088487,Avenida das Nações,1227,Cidade Nova,Manaus,AM
003211,HELENA CARVALHO VIEIRA,48380221230,1984-07-01,F,16744307114,Montador de eletrônicos,731110,2016-10-10,2017-01-08,CLT,2480.00,16722761000197,MAO-01,Fábrica Distrito Industrial,69093586,Rua das Palmeiras,603,Cidade Nova,Manaus,AM,(92) 99457-5301,helena.vieira@jacamim.example,69088487,Avenida das Nações,1227,Cidade Nova,Manaus,AM
003212,SAMUEL CARDOSO FARIAS,78821618455,1987-05-23,M,19412940257,Operador de empilhadeira,782220,2025-02-28,2025-05-29,CLT,3160.00,16722761000197,MAO-01,Fábrica Distrito Industrial,69003571,Rua das Violetas,345,Aleixo,Manaus,AM,(92) 99893-5575,samuel.farias@jacamim.example,69088487,Avenida das Nações,1227,Cidade Nova,Manaus,AM
003213,DANIELA ASSIS GUIMARÃES,43133371568,1995-03-07,F,10898954360,Assistente administrativo,411010,2018-02-06,2018-05-07,CLT,2650.00,16722761000197,MAO-01,Fábrica Distrito Industrial,69022020,Avenida Central,1768,Distrito Industrial,Manaus,AM,(92) 99580-1324,daniela.guimaraes@jacamim.example,69088487,Avenida das Nações,1227,Cidade Nova,Manaus,AM
003214,YASMIN CARVALHO BARBOSA,21545323810,1996-03-22,F,15104465394,Montador de eletrônicos,731110,2020-07-01,2020-09-29,CLT,2080.00,16722761000278,MAO-02,Centro de Distribuição,69079691,Rua da Esperança,388,Japiim,Manaus,AM,(92) 99576-8494,yasmin.barbosa@jacamim.example,69074116,Avenida Beira Rio,169,Cidade Nova,Manaus,AM
003215,DIEGO SOARES LIMA,37786068244,1978-09-17,M,10871863601,Montador de eletrônicos,731110,2006-06-11,2006-09-09,CLT,2680.00,16722761000197,MAO-01,Fábrica Distrito Industrial,69000471,Rua das Violetas,1530,Distrito Industrial,Manaus,AM,(92) 99674-7856,diego.lima@jacamim.example,69088487,Avenida das Nações,1227,Cidade Nova,Manaus,AM
003216,OLÍVIA PRADO,28012719509,2000-08-16,F,14107347037,Inspetor de qualidade,391205,2023-04-09,2023-07-08,CLT,4850.00,16722761000197,MAO-01,Fábrica Distrito Industrial,69000656,Rua das Orquídeas,1349,Flores,Manaus,AM,(92) 99730-5586,olivia.prado@jacamim.example,69088487,Avenida das Nações,1227,Cidade Nova,Manaus,AM
003217,JORGE FREITAS,21384653066,1987-05-20,M,18473140914,Alimentador de linha de produção,784205,2015-05-21,2015-08-19,CLT,2570.00,16722761000278,MAO-02,Centro de Distribuição,69076235,Rua da Liberdade,1602,Aleixo,Manaus,AM,(92) 98596-1923,jorge.freitas@jacamim.example,69074116,Avenida Beira Rio,169,Cidade Nova,Manaus,AM
003218,VINÍCIUS LEITE,24202218426,1986-02-04,M,18352729037,Inspetor de qualidade,391205,2021-01-07,2021-04-07,CLT,4850.00,16722761000197,MAO-01,Fábrica Distrito Industrial,69022948,Rua das Hortênsias,1143,Flores,Manaus,AM,(92) 99370-5964,vinicius.leite@jacamim.example,69088487,Avenida das Nações,1227,Cidade Nova,Manaus,AM
003219,RAFAELA SIQUEIRA,95465968761,1996-10-12,F,18612982497,Gerente administrativo,142105,2019-02-16,2019-05-17,CLT,8350.00,16722761000197,MAO-01,Fábrica Distrito Industrial,69020436,Rua Santa Clara,1684,Aleixo,Manaus,AM,(92) 99497-9139,rafaela.siqueira@jacamim.example,69088487,Avenida das Nações,1227,Cidade Nova,Manaus,AM
003220,OTÁVIO BARBOSA,42173563904,1985-07-14,M,11113510484,Montador de eletrônicos,731110,2022-03-29,2022-06-27,CLT,2280.00,16722761000278,MAO-02,Centro de Distribuição,69095962,Rua dos Girassóis,2774,Japiim,Manaus,AM,(92) 98338-1884,otavio.barbosa@jacamim.example,69074116,Avenida Beira Rio,169,Cidade Nova,Manaus,AM
003221,MATHEUS PRADO,86987297975,1974-11-04,M,12412215161,Montador de eletrônicos,731110,2014-05-19,2014-08-17,CLT,2280.00,16722761000278,MAO-02,Centro de Distribuição,69074545,Rua das Palmeiras,1667,Distrito Industrial,Manaus,AM,(92) 99760-5929,matheus.prado@jacamim.example,69074116,Avenida Beira Rio,169,Cidade Nova,Manaus,AM
003222,SANDRA BARBOSA,14422341995,1996-10-04,F,19359106705,Alimentador de linha de produção,784205,2024-02-26,2024-05-26,CLT,1880.00,16722761000197,MAO-01,Fábrica Distrito Industrial,69044378,Travessa da Paz,1290,Japiim,Manaus,AM,(92) 99097-7692,sandra.barbosa@jacamim.example,69088487,Avenida das Nações,1227,Cidade Nova,Manaus,AM
003223,BRUNA BORGES CORREIA,63243025800,1998-04-08,F,12232700240,Técnico de manutenção eletrônica,313205,2024-09-03,2024-12-02,CLT,6160.00,16722761000197,MAO-01,Fábrica Distrito Industrial,69032606,Rua Santa Clara,378,Cidade Nova,Manaus,AM,(92) 99321-5079,bruna.correia@jacamim.example,69088487,Avenida das Nações,1227,Cidade Nova,Manaus,AM
003224,LETÍCIA RODRIGUES,40084094591,1997-12-22,F,13651839976,Montador de eletrônicos,731110,2019-10-03,2020-01-01,CLT,2080.00,16722761000197,MAO-01,Fábrica Distrito Industrial,69069569,Rua das Gaivotas,1366,Parque Dez,Manaus,AM,(92) 99216-2024,leticia.rodrigues@jacamim.example,69088487,Avenida das Nações,1227,Cidade Nova,Manaus,AM
003225,NATÁLIA AGUIAR,49195598790,1981-01-16,F,15694472306,Montador de eletrônicos,731110,2023-11-29,2024-02-27,CLT,2080.00,16722761000197,MAO-01,Fábrica Distrito Industrial,69055479,Rua Nova,2735,Aleixo,Manaus,AM,(92) 99207-7259,natalia.aguiar@jacamim.example,69088487,Avenida das Nações,1227,Cidade Nova,Manaus,AM
003226,KELLY SANTANA BARROS,12679487010,2003-02-12,F,13235065144,Alimentador de linha de produção,784205,2024-09-28,2024-12-27,CLT,2570.00,16722761000278,MAO-02,Centro de Distribuição,69097715,Rua do Bosque,775,Japiim,Manaus,AM,(92) 99965-8378,kelly.barros@jacamim.example,69074116,Avenida Beira Rio,169,Cidade Nova,Manaus,AM
003227,JULIANA SIQUEIRA NUNES,29480093839,1988-07-17,F,18946256967,Montador de eletrônicos,731110,2023-10-12,2024-01-10,CLT,2080.00,16722761000197,MAO-01,Fábrica Distrito Industrial,69015850,Avenida Beira Rio,2261,Japiim,Manaus,AM,(92) 99238-1055,juliana.nunes@jacamim.example,69088487,Avenida das Nações,1227,Cidade Nova,Manaus,AM
003228,TIAGO BATISTA,39948831136,1998-03-13,M,17710485425,Montador de eletrônicos,731110,2026-03-09,2026-06-07,CLT,2280.00,16722761000197,MAO-01,Fábrica Distrito Industrial,69062817,Rua das Violetas,816,Parque Dez,Manaus,AM,(92) 99688-5293,tiago.batista@jacamim.example,69088487,Avenida das Nações,1227,Cidade Nova,Manaus,AM
003229,VALÉRIA ASSIS,95335639822,1994-06-18,F,14821334917,Inspetor de qualidade,391205,2024-12-15,2025-03-15,CLT,3400.00,16722761000197,MAO-01,Fábrica Distrito Industrial,69032631,Rua das Palmeiras,2410,Parque Dez,Manaus,AM,(92) 98758-6752,valeria.assis@jacamim.example,69088487,Avenida das Nações,1227,Cidade Nova,Manaus,AM
003230,YASMIN AGUIAR BATISTA,36159946129,1992-07-08,F,11002887460,Técnico de manutenção eletrônica,313205,2024-06-27,2024-09-25,CLT,6160.00,16722761000197,MAO-01,Fábrica Distrito Industrial,69038109,Rua do Mirante,65,Japiim,Manaus,AM,(92) 99843-2429,yasmin.batista@jacamim.example,69088487,Avenida das Nações,1227,Cidade Nova,Manaus,AM
003231,EDUARDO REZENDE COSTA,68340991159,1989-10-25,M,12769356312,Montador de eletrônicos,731110,2022-03-24,2022-06-22,CLT,2680.00,16722761000197,MAO-01,Fábrica Distrito Industrial,69041771,Rua do Cruzeiro,558,Distrito Industrial,Manaus,AM,(92) 98965-8682,eduardo.costa@jacamim.example,69088487,Avenida das Nações,1227,Cidade Nova,Manaus,AM
003232,FELIPE NUNES FERREIRA,46476977385,1984-12-16,M,14095633412,Técnico de manutenção eletrônica,313205,2026-03-25,2026-06-23,CLT,4030.00,16722761000197,MAO-01,Fábrica Distrito Industrial,69020082,Rua dos Ipês Amarelos,2481,Parque Dez,Manaus,AM,(92) 98112-9647,felipe.ferreira@jacamim.example,69088487,Avenida das Nações,1227,Cidade Nova,Manaus,AM
003233,MARCOS NUNES LEITE,93442423805,1984-12-23,M,14783060297,Montador de eletrônicos,731110,2021-03-04,2021-06-02,CLT,2080.00,16722761000197,MAO-01,Fábrica Distrito Industrial,69070927,Rua do Mirante,2356,Flores,Manaus,AM,(92) 99248-8588,marcos.leite@jacamim.example,69088487,Avenida das Nações,1227,Cidade Nova,Manaus,AM
003234,THIAGO MACHADO,53451218852,1979-08-28,M,13371230612,Inspetor de qualidade,391205,2016-08-20,2016-11-18,CLT,5580.00,16722761000197,MAO-01,Fábrica Distrito Industrial,69006920,Rua São Pedro,486,Japiim,Manaus,AM,(92) 98817-6206,thiago.machado@jacamim.example,69088487,Avenida das Nações,1227,Cidade Nova,Manaus,AM
003235,ANDRÉ MAGALHÃES,43809737607,2003-12-25,M,16864337611,Montador de eletrônicos,731110,2025-05-09,2025-08-07,CLT,2080.00,16722761000197,MAO-01,Fábrica Distrito Industrial,69026007,Rua das Acácias,2430,Distrito Industrial,Manaus,AM,(92) 98804-0520,andre.magalhaes@jacamim.example,69088487,Avenida das Nações,1227,Cidade Nova,Manaus,AM
003236,PATRÍCIA VIANA PINTO,45765909361,1989-11-30,F,18237852700,Alimentador de linha de produção,784205,2019-06-30,2019-09-28,CLT,2340.00,16722761000197,MAO-01,Fábrica Distrito Industrial,69008934,Rua do Sol Nascente,1955,Japiim,Manaus,AM,(92) 99915-5563,patricia.pinto@jacamim.example,69088487,Avenida das Nações,1227,Cidade Nova,Manaus,AM
003237,ADRIANA MOURA,23151509304,1978-02-22,F,15504138419,Assistente administrativo,411010,2013-02-22,2013-05-23,CLT,2650.00,16722761000197,MAO-01,Fábrica Distrito Industrial,69067913,Rua do Comércio,2486,Parque Dez,Manaus,AM,(92) 98865-9342,adriana.moura@jacamim.example,69088487,Avenida das Nações,1227,Cidade Nova,Manaus,AM
003238,JULIANA MAGALHÃES,08945624600,1981-01-04,F,13259360923,Inspetor de qualidade,391205,2024-03-29,2024-06-27,CLT,3400.00,16722761000197,MAO-01,Fábrica Distrito Industrial,69026655,Rua São Pedro,1964,Japiim,Manaus,AM,(92) 98240-4366,juliana.magalhaes@jacamim.example,69088487,Avenida das Nações,1227,Cidade Nova,Manaus,AM
003239,NICOLAS TEIXEIRA,96958123689,1978-05-04,M,16182023859,Alimentador de linha de produção,784205,2016-03-22,2016-06-20,CLT,2110.00,16722761000197,MAO-01,Fábrica Distrito Industrial,69061669,Rua das Palmeiras,29,Aleixo,Manaus,AM,(92) 98909-1084,nicolas.teixeira@jacamim.example,69088487,Avenida das Nações,1227,Cidade Nova,Manaus,AM
003240,VALÉRIA VIEIRA GONÇALVES,27399974853,2001-07-01,F,12176568439,Técnico de manutenção eletrônica,313205,2025-09-24,2025-12-23,CLT,7220.00,16722761000197,MAO-01,Fábrica Distrito Industrial,69064561,Rua das Acácias,81,Distrito Industrial,Manaus,AM,(92) 98651-0471,valeria.goncalves@jacamim.example,69088487,Avenida das Nações,1227,Cidade Nova,Manaus,AM
003241,DANIEL CORREIA,65478189693,1984-02-16,M,18420860534,Montador de eletrônicos,731110,2018-05-07,2018-08-05,CLT,2480.00,16722761000197,MAO-01,Fábrica Distrito Industrial,69064280,Avenida Central,458,Parque Dez,Manaus,AM,(92) 98817-3014,daniel.correia@jacamim.example,69088487,Avenida das Nações,1227,Cidade Nova,Manaus,AM
003242,MARCELO TEIXEIRA TAVARES,02054765201,1977-11-08,M,11475827337,Inspetor de qualidade,391205,2025-05-31,2025-08-29,CLT,4850.00,16722761000197,MAO-01,Fábrica Distrito Industrial,69085410,Rua da Alvorada,2014,Cidade Nova,Manaus,AM,(92) 99128-7875,marcelo.tavares@jacamim.example,69088487,Avenida das Nações,1227,Cidade Nova,Manaus,AM
003243,MARIANA PRADO,59794692069,1987-06-04,F,10547247456,Almoxarife,414105,2026-01-24,2026-04-24,CLT,2490.00,16722761000197,MAO-01,Fábrica Distrito Industrial,69043853,Rua Santa Clara,1258,Distrito Industrial,Manaus,AM,(92) 98492-6557,mariana.prado@jacamim.example,69088487,Avenida das Nações,1227,Cidade Nova,Manaus,AM
003244,LEONARDO AGUIAR COSTA,95634245494,1975-01-20,M,17113478617,Assistente administrativo,411010,2017-12-11,2018-03-11,CLT,3200.00,16722761000278,MAO-02,Centro de Distribuição,69085714,Avenida Beira Rio,1680,Japiim,Manaus,AM,(92) 99257-9543,leonardo.costa@jacamim.example,69074116,Avenida Beira Rio,169,Cidade Nova,Manaus,AM
003245,CLÁUDIA ROCHA PRADO,53814171012,1987-03-11,F,19333833789,Assistente administrativo,411010,2020-01-29,2020-04-28,CLT,2650.00,16722761000197,MAO-01,Fábrica Distrito Industrial,69001010,Rua das Violetas,1627,Cidade Nova,Manaus,AM,(92) 98284-2181,claudia.prado@jacamim.example,69088487,Avenida das Nações,1227,Cidade Nova,Manaus,AM
003246,KARINA SOUZA MACHADO,50160469139,1996-01-30,F,16252480240,Alimentador de linha de produção,784205,2022-11-03,2023-02-01,CLT,2340.00,16722761000278,MAO-02,Centro de Distribuição,69004857,Rua dos Cravos,72,Cidade Nova,Manaus,AM,(92) 99829-0297,karina.machado@jacamim.example,69074116,Avenida Beira Rio,169,Cidade Nova,Manaus,AM
003247,CLÁUDIA BRITO,88176045420,1982-02-08,F,16244565139,Montador de eletrônicos,731110,2023-08-11,2023-11-09,CLT,2080.00,16722761000197,MAO-01,Fábrica Distrito Industrial,69096458,Rua das Mangueiras,1695,Distrito Industrial,Manaus,AM,(92) 98584-1457,claudia.brito@jacamim.example,69088487,Avenida das Nações,1227,Cidade Nova,Manaus,AM
003248,TEREZA NUNES,05566949614,1981-01-15,F,12130608281,Alimentador de linha de produção,784205,2015-11-10,2016-02-08,CLT,2570.00,16722761000197,MAO-01,Fábrica Distrito Industrial,69026432,Rua dos Cravos,44,Japiim,Manaus,AM,(92) 99092-1140,tereza.nunes@jacamim.example,69088487,Avenida das Nações,1227,Cidade Nova,Manaus,AM
003249,JOÃO VIANA,26859804742,1986-07-15,M,12679965645,Montador de eletrônicos,731110,2022-11-16,2023-02-14,CLT,2280.00,16722761000197,MAO-01,Fábrica Distrito Industrial,69040143,Avenida Beira Rio,2336,Flores,Manaus,AM,(92) 99836-5044,joao.viana@jacamim.example,69088487,Avenida das Nações,1227,Cidade Nova,Manaus,AM
003250,PATRÍCIA PEIXOTO SIQUEIRA,81892706997,2001-10-21,F,10683738573,Alimentador de linha de produção,784205,2026-02-17,2026-05-18,CLT,1880.00,16722761000278,MAO-02,Centro de Distribuição,69028385,Avenida Beira Rio,1365,Japiim,Manaus,AM,(92) 99715-8716,patricia.siqueira@jacamim.example,69074116,Avenida Beira Rio,169,Cidade Nova,Manaus,AM
003251,MATHEUS ARAÚJO ANDRADE,77932652383,2004-02-01,M,17532680780,Montador de eletrônicos,731110,2025-02-01,2025-05-02,CLT,2280.00,16722761000197,MAO-01,Fábrica Distrito Industrial,69038777,Rua Nova,1902,Parque Dez,Manaus,AM,(92) 99843-4543,matheus.andrade@jacamim.example,69088487,Avenida das Nações,1227,Cidade Nova,Manaus,AM
003252,JÉSSICA BARBOSA XAVIER,28897410014,1985-09-18,F,14015069279,Montador de eletrônicos,731110,2025-02-22,2025-05-23,CLT,2080.00,16722761000197,MAO-01,Fábrica Distrito Industrial,69022922,Rua São Pedro,2028,Distrito Industrial,Manaus,AM,(92) 99704-3709,jessica.xavier@jacamim.example,69088487,Avenida das Nações,1227,Cidade Nova,Manaus,AM
003253,NELSON GUIMARÃES GUIMARÃES,56673547308,1996-03-19,M,18035063394,Montador de eletrônicos,731110,2023-10-21,2024-01-19,CLT,2280.00,16722761000197,MAO-01,Fábrica Distrito Industrial,69055327,Rua da Liberdade,1964,Aleixo,Manaus,AM,(92) 99516-2783,nelson.guimaraes@jacamim.example,69088487,Avenida das Nações,1227,Cidade Nova,Manaus,AM
003254,LARISSA ALMEIDA VIANA,29327811895,1990-01-24,F,16446342776,Operador de empilhadeira,782220,2015-10-10,2016-01-08,CLT,2500.00,16722761000197,MAO-01,Fábrica Distrito Industrial,69015159,Rua das Mangueiras,448,Flores,Manaus,AM,(92) 98768-8030,larissa.viana@jacamim.example,69088487,Avenida das Nações,1227,Cidade Nova,Manaus,AM
003255,AMANDA OLIVEIRA,83063951668,2002-02-23,F,13559519511,Montador de eletrônicos,731110,2025-05-25,2025-08-23,CLT,2480.00,16722761000197,MAO-01,Fábrica Distrito Industrial,69041368,Rua das Andorinhas,2617,Parque Dez,Manaus,AM,(92) 99418-1547,amanda.oliveira@jacamim.example,69088487,Avenida das Nações,1227,Cidade Nova,Manaus,AM
003256,RAIMUNDO ANDRADE,96041462896,1994-01-27,M,13054228881,Montador de eletrônicos,731110,2024-02-10,2024-05-10,CLT,2280.00,16722761000197,MAO-01,Fábrica Distrito Industrial,69098919,Rua das Andorinhas,852,Flores,Manaus,AM,(92) 98825-1253,raimundo.andrade@jacamim.example,69088487,Avenida das Nações,1227,Cidade Nova,Manaus,AM
003257,SAMUEL ALMEIDA RIBEIRO,76811870656,1994-06-18,M,13979563820,Montador de eletrônicos,731110,2018-06-18,2018-09-16,CLT,2280.00,16722761000278,MAO-02,Centro de Distribuição,69073096,Rua Santa Clara,492,Cidade Nova,Manaus,AM,(92) 98101-4782,samuel.ribeiro@jacamim.example,69074116,Avenida Beira Rio,169,Cidade Nova,Manaus,AM
003258,JOANA MAGALHÃES,15247757114,1986-07-30,F,14954395718,Alimentador de linha de produção,784205,2014-07-05,2014-10-03,CLT,1880.00,16722761000278,MAO-02,Centro de Distribuição,69089251,Rua das Flores do Campo,2430,Japiim,Manaus,AM,(92) 98374-5501,joana.magalhaes@jacamim.example,69074116,Avenida Beira Rio,169,Cidade Nova,Manaus,AM
003259,OLÍVIA VIANA MARQUES,16970829804,1995-07-01,F,11439789803,Montador de eletrônicos,731110,2022-08-31,2022-11-29,CLT,2480.00,16722761000197,MAO-01,Fábrica Distrito Industrial,69099215,Rua do Sol Nascente,150,Cidade Nova,Manaus,AM,(92) 98119-8752,olivia.marques@jacamim.example,69088487,Avenida das Nações,1227,Cidade Nova,Manaus,AM
003260,THIAGO CARDOSO,38634984290,1981-01-30,M,11329581276,Montador de eletrônicos,731110,,,CLT,2280.00,16722761000197,MAO-01,Fábrica Distrito Industrial,69091658,Avenida Central,1087,Parque Dez,Manaus,AM,(92) 99506-5403,thiago.cardoso@jacamim.example,69088487,Avenida das Nações,1227,Cidade Nova,Manaus,AM
003261,NAYARA CAMPOS FARIAS,76771598420,1999-03-19,F,10520281928,Montador de eletrônicos,731110,2024-12-01,2025-03-01,CLT,2280.00,16722761000197,MAO-01,Fábrica Distrito Industrial,69027800,Rua das Mangueiras,1746,Aleixo,Manaus,AM,(92) 99785-7089,nayara.farias@jacamim.example,69088487,Avenida das Nações,1227,Cidade Nova,Manaus,AM
003262,MÔNICA MARTINS MONTEIRO,18333114938,1981-10-30,F,11451577444,Montador de eletrônicos,731110,2016-02-19,2016-05-19,CLT,2280.00,16722761000197,MAO-01,Fábrica Distrito Industrial,69003139,Rua do Mirante,2355,Parque Dez,Manaus,AM,(92) 98663-7468,monica.monteiro@jacamim.example,69088487,Avenida das Nações,1227,Cidade Nova,Manaus,AM
003263,IGOR PINTO VIEIRA,14197707720,1997-07-14,M,15576692617,Montador de eletrônicos,731110,2018-03-28,2018-06-26,CLT,2080.00,16722761000197,MAO-01,Fábrica Distrito Industrial,69036526,Rua do Bosque,911,Aleixo,Manaus,AM,(92) 99420-0190,igor.vieira@jacamim.example,69088487,Avenida das Nações,1227,Cidade Nova,Manaus,AM
003264,GABRIELA ROCHA,22422369111,1997-06-12,F,17075562101,Alimentador de linha de produção,784205,2017-08-09,2017-11-07,CLT,1880.00,16722761000197,MAO-01,Fábrica Distrito Industrial,69060063,Rua Nova,846,Distrito Industrial,Manaus,AM,(92) 99400-0275,gabriela.rocha@jacamim.example,69088487,Avenida das Nações,1227,Cidade Nova,Manaus,AM
003265,GUSTAVO FIGUEIREDO,75889678620,1996-02-16,M,12083891326,Alimentador de linha de produção,784205,2025-09-29,2025-12-28,CLT,1880.00,16722761000278,MAO-02,Centro de Distribuição,69025620,Rua dos Cravos,1311,Japiim,Manaus,AM,(92) 99345-1816,gustavo.figueiredo@jacamim.example,69074116,Avenida Beira Rio,169,Cidade Nova,Manaus,AM
003266,CARLOS LEITE AGUIAR,80494193980,1994-12-03,M,15727796712,Técnico de manutenção eletrônica,313205,2020-06-19,2020-09-17,CLT,7220.00,16722761000278,MAO-02,Centro de Distribuição,69073939,Rua dos Girassóis,274,Parque Dez,Manaus,AM,(92) 98149-7917,carlos.aguiar@jacamim.example,69074116,Avenida Beira Rio,169,Cidade Nova,Manaus,AM
003267,ANDRÉ PACHECO LOPES,72462816909,1998-01-31,M,17354344900,Montador de eletrônicos,731110,2026-03-27,2026-06-25,CLT,2080.00,16722761000197,MAO-01,Fábrica Distrito Industrial,69089098,Rua dos Pinheiros Altos,1752,Japiim,Manaus,AM,(92) 99514-2783,andre.lopes@jacamim.example,69088487,Avenida das Nações,1227,Cidade Nova,Manaus,AM
003268,CARLOS REZENDE CARDOSO,61892109611,1984-02-05,M,10547985459,Alimentador de linha de produção,784205,2022-10-12,2023-01-10,CLT,2570.00,16722761000197,MAO-01,Fábrica Distrito Industrial,69094731,Rua das Palmeiras,939,Cidade Nova,Manaus,AM,(92) 98297-1994,carlos.cardoso@jacamim.example,69088487,Avenida das Nações,1227,Cidade Nova,Manaus,AM
003269,CRISTIANE ARAÚJO,76644873405,2000-01-04,F,11548373977,Inspetor de qualidade,391205,2024-08-02,2024-10-31,CLT,3400.00,16722761000278,MAO-02,Centro de Distribuição,69073685,Rua do Comércio,944,Flores,Manaus,AM,(92) 98750-1895,cristiane.araujo@jacamim.example,69074116,Avenida Beira Rio,169,Cidade Nova,Manaus,AM
003270,LETÍCIA BARBOSA PINTO,13601619881,1993-08-06,F,11439566519,Faxineiro,514320,2021-08-01,2021-10-30,CLT,1630.00,16722761000278,MAO-02,Centro de Distribuição,69063947,Rua das Gaivotas,668,Aleixo,Manaus,AM,(92) 99048-3860,leticia.pinto@jacamim.example,69074116,Avenida Beira Rio,169,Cidade Nova,Manaus,AM
003271,FRANCISCO LEITE SILVA,69320001480,1997-02-15,M,12316877660,Faxineiro,514320,2026-04-13,,CLT,1630.00,16722761000197,MAO-01,Fábrica Distrito Industrial,69032905,Rua do Horizonte,1340,Parque Dez,Manaus,AM,(92) 99942-2232,francisco.silva@jacamim.example,69088487,Avenida das Nações,1227,Cidade Nova,Manaus,AM
003272,NATÁLIA MARQUES NEVES,51205171290,1989-07-16,F,12470157675,Montador de eletrônicos,731110,2017-10-02,2017-12-31,CLT,2680.00,16722761000197,MAO-01,Fábrica Distrito Industrial,69062632,Rua das Palmeiras,1780,Japiim,Manaus,AM,(92) 99463-7815,natalia.neves@jacamim.example,69088487,Avenida das Nações,1227,Cidade Nova,Manaus,AM
003273,TATIANE NUNES MARQUES,55174177440,1975-07-21,F,16077678967,Faxineiro,514320,2016-07-05,2016-10-03,CLT,1630.00,16722761000278,MAO-02,Centro de Distribuição,69052456,Rua das Violetas,1784,Cidade Nova,Manaus,AM,(92) 99199-7145,tatiane.marques@jacamim.example,69074116,Avenida Beira Rio,169,Cidade Nova,Manaus,AM
003274,JOSÉ SOUZA FERNANDES,14949042173,1981-08-22,M,18698722169,Técnico em segurança do trabalho,351605,2024-12-09,2025-03-09,CLT,5910.00,16722761000278,MAO-02,Centro de Distribuição,69036549,Rua Três Marias,2773,Distrito Industrial,Manaus,AM,(92) 98669-7722,jose.fernandes@jacamim.example,69074116,Avenida Beira Rio,169,Cidade Nova,Manaus,AM
003275,AMANDA SOUZA,28192670090,1998-10-14,F,13295410356,Inspetor de qualidade,391205,2025-01-16,2025-04-16,CLT,3400.00,16722761000197,MAO-01,Fábrica Distrito Industrial,69084101,Rua da Liberdade,1736,Flores,Manaus,AM,(92) 98447-5568,amanda.souza@jacamim.example,69088487,Avenida das Nações,1227,Cidade Nova,Manaus,AM
003276,NATÁLIA QUEIROZ XAVIER,27851848741,1996-06-12,F,16344310698,Alimentador de linha de produção,784205,2022-12-19,2023-03-19,CLT,2110.00,16722761000197,MAO-01,Fábrica Distrito Industrial,69052822,Rua da Alvorada,103,Flores,Manaus,AM,(92) 98930-3800,natalia.xavier@jacamim.example,69088487,Avenida das Nações,1227,Cidade Nova,Manaus,AM
003277,YASMIN BARROS RAMOS,33919555708,1985-05-21,F,10786358547,Montador de eletrônicos,731110,2025-07-10,2025-10-08,CLT,2080.00,16722761000197,MAO-01,Fábrica Distrito Industrial,69098653,Rua dos Pinheiros Altos,2290,Aleixo,Manaus,AM,(92) 98979-6952,yasmin.ramos@jacamim.example,69088487,Avenida das Nações,1227,Cidade Nova,Manaus,AM
003278,CRISTIANE GONÇALVES BEZERRA,50131251384,1986-03-30,F,12472432122,Montador de eletrônicos,731110,2024-09-29,2024-12-28,CLT,2080.00,16722761000197,MAO-01,Fábrica Distrito Industrial,69094322,Rua da Liberdade,1837,Cidade Nova,Manaus,AM,(92) 98764-1918,cristiane.bezerra@jacamim.example,69088487,Avenida das Nações,1227,Cidade Nova,Manaus,AM
003279,DANIELA SIQUEIRA,63888367476,2002-05-01,F,19740010039,Técnico de manutenção eletrônica,313205,2026-01-14,2026-04-14,CLT,7220.00,16722761000278,MAO-02,Centro de Distribuição,69032829,Rua das Violetas,321,Flores,Manaus,AM,(92) 98645-6356,daniela.siqueira@jacamim.example,69074116,Avenida Beira Rio,169,Cidade Nova,Manaus,AM
003280,ANTÔNIO BARROS MONTEIRO,17627299543,1989-04-12,M,17656734570,Inspetor de qualidade,391205,2026-05-02,,CLT,4850.00,16722761000197,MAO-01,Fábrica Distrito Industrial,69063813,Avenida Central,293,Cidade Nova,Manaus,AM,(92) 98451-1837,antonio.monteiro@jacamim.example,69088487,Avenida das Nações,1227,Cidade Nova,Manaus,AM
003281,ROSANA SOUZA SANTOS,19683625843,1976-10-26,F,13570419023,Alimentador de linha de produção,784205,2014-07-16,2014-10-14,CLT,1880.00,16722761000197,MAO-01,Fábrica Distrito Industrial,69003596,Rua do Bosque,2031,Distrito Industrial,Manaus,AM,(92) 99081-3286,rosana.santos@jacamim.example,69088487,Avenida das Nações,1227,Cidade Nova,Manaus,AM
003282,RAIMUNDO ASSIS,72965966196,2003-09-11,M,16037966961,Técnico em segurança do trabalho,351605,2022-10-22,2023-01-20,CLT,5180.00,16722761000197,MAO-01,Fábrica Distrito Industrial,69081683,Rua Três Marias,1679,Japiim,Manaus,AM,(92) 98334-4253,raimundo.assis@jacamim.example,69088487,Avenida das Nações,1227,Cidade Nova,Manaus,AM
003283,GABRIELA NEVES,13659883506,2004-01-13,F,15576547323,Alimentador de linha de produção,784205,2025-09-30,2025-12-29,CLT,1880.00,16722761000197,MAO-01,Fábrica Distrito Industrial,69060348,Avenida Central,246,Cidade Nova,Manaus,AM,(92) 98993-3590,gabriela.neves@jacamim.example,69088487,Avenida das Nações,1227,Cidade Nova,Manaus,AM
003284,ALINE SILVA MOREIRA,61227020309,1980-10-11,F,14636911069,Montador de eletrônicos,731110,2026-03-25,2026-06-23,CLT,2080.00,16722761000278,MAO-02,Centro de Distribuição,69066789,Rua da Esperança,1228,Distrito Industrial,Manaus,AM,(92) 99377-6268,aline.moreira@jacamim.example,69074116,Avenida Beira Rio,169,Cidade Nova,Manaus,AM
003285,ALEXANDRE BARBOSA QUEIROZ,79760166950,2003-01-27,M,16335702485,Alimentador de linha de produção,784205,2023-08-19,2023-11-17,CLT,1880.00,16722761000278,MAO-02,Centro de Distribuição,69003930,Rua do Comércio,356,Aleixo,Manaus,AM,(92) 98228-5976,alexandre.queiroz@jacamim.example,69074116,Avenida Beira Rio,169,Cidade Nova,Manaus,AM
003286,LUCIANO VIANA,41393574955,1982-12-01,M,18704694933,Montador de eletrônicos,731110,2018-09-17,2018-12-16,CLT,2280.00,16722761000197,MAO-01,Fábrica Distrito Industrial,69025415,Rua do Comércio,322,Flores,Manaus,AM,(92) 98451-4485,luciano.viana@jacamim.example,69088487,Avenida das Nações,1227,Cidade Nova,Manaus,AM
003287,LÚCIA FREITAS REZENDE,47599703713,1988-12-14,F,12815076802,Técnico em segurança do trabalho,351605,2023-08-06,2023-11-04,CLT,5180.00,16722761000197,MAO-01,Fábrica Distrito Industrial,69024373,Rua do Sol Nascente,983,Cidade Nova,Manaus,AM,(92) 98776-5174,lucia.rezende@jacamim.example,69088487,Avenida das Nações,1227,Cidade Nova,Manaus,AM
003288,SABRINA PACHECO NASCIMENTO,34243934525,1983-11-02,F,18600692705,Almoxarife,414105,2025-10-04,2026-01-02,CLT,2490.00,16722761000278,MAO-02,Centro de Distribuição,69062180,Avenida das Nações,1922,Flores,Manaus,AM,(92) 99410-4580,sabrina.nascimento@jacamim.example,69074116,Avenida Beira Rio,169,Cidade Nova,Manaus,AM
003289,ALINE PRADO SOARES,76236646627,1987-09-26,F,19087937523,Alimentador de linha de produção,784205,2025-08-01,2025-10-30,CLT,2110.00,16722761000197,MAO-01,Fábrica Distrito Industrial,69074469,Rua Santa Clara,2224,Aleixo,Manaus,AM,(92) 99518-2229,aline.soares@jacamim.example,69088487,Avenida das Nações,1227,Cidade Nova,Manaus,AM
003290,JOANA BARROS RAMOS,05089558159,2003-04-25,F,11031132478,Almoxarife,414105,2023-07-20,2023-10-18,CLT,2490.00,16722761000197,MAO-01,Fábrica Distrito Industrial,69089482,Rua das Hortênsias,2275,Flores,Manaus,AM,(92) 99694-6880,joana.ramos@jacamim.example,69088487,Avenida das Nações,1227,Cidade Nova,Manaus,AM
003291,NAYARA RIBEIRO,59818935322,1980-07-26,F,11402422273,Montador de eletrônicos,731110,2026-03-08,2026-06-06,CLT,2480.00,16722761000197,MAO-01,Fábrica Distrito Industrial,69012531,Rua do Bosque,2677,Flores,Manaus,AM,(92) 99773-7836,nayara.ribeiro@jacamim.example,69088487,Avenida das Nações,1227,Cidade Nova,Manaus,AM
003292,MARIANA FREITAS,69089984950,1987-11-18,F,10115400146,Montador de eletrônicos,731110,2024-11-21,2025-02-19,CLT,2080.00,16722761000197,MAO-01,Fábrica Distrito Industrial,69064050,Rua Santa Clara,2564,Japiim,Manaus,AM,(92) 98617-6098,mariana.freitas@jacamim.example,69088487,Avenida das Nações,1227,Cidade Nova,Manaus,AM
003293,OLÍVIA CARVALHO CARDOSO,63472200839,1998-11-19,F,10582210419,Almoxarife,414105,2025-04-29,2025-07-28,CLT,2800.00,16722761000197,MAO-01,Fábrica Distrito Industrial,69003940,Rua das Hortênsias,2547,Aleixo,Manaus,AM,(92) 99737-3982,olivia.cardoso@jacamim.example,69088487,Avenida das Nações,1227,Cidade Nova,Manaus,AM
003294,JÉSSICA VIANA,31447815840,1983-05-08,F,11601060175,Montador de eletrônicos,731110,2021-10-14,2022-01-12,CLT,2280.00,16722761000197,MAO-01,Fábrica Distrito Industrial,69018025,Rua das Violetas,1262,Aleixo,Manaus,AM,(92) 99267-3049,jessica.viana@jacamim.example,69088487,Avenida das Nações,1227,Cidade Nova,Manaus,AM
003295,CAROLINA SOUZA,86435283150,2003-07-11,F,18533417967,Alimentador de linha de produção,784205,2024-06-03,2024-09-01,CLT,2110.00,16722761000197,MAO-01,Fábrica Distrito Industrial,69050999,Rua do Bosque,342,Cidade Nova,Manaus,AM,(92) 99253-9785,carolina.souza@jacamim.example,69088487,Avenida das Nações,1227,Cidade Nova,Manaus,AM
003296,VALÉRIA CAMPOS PRADO,32168198098,1977-02-10,F,18464594018,Alimentador de linha de produção,784205,2015-04-18,2015-07-17,CLT,1880.00,16722761000197,MAO-01,Fábrica Distrito Industrial,69071003,Rua do Bosque,706,Aleixo,Manaus,AM,(92) 99336-5160,valeria.prado@jacamim.example,69088487,Avenida das Nações,1227,Cidade Nova,Manaus,AM
003297,MARCELO MARQUES RODRIGUES,50241984092,2000-03-07,M,16423923187,Operador de empilhadeira,782220,2023-04-01,2023-06-30,CLT,2830.00,16722761000197,MAO-01,Fábrica Distrito Industrial,69025794,Rua das Hortênsias,2047,Flores,Manaus,AM,(92) 98946-1476,marcelo.rodrigues@jacamim.example,69088487,Avenida das Nações,1227,Cidade Nova,Manaus,AM
003298,PATRÍCIA SOARES,75445212653,2002-04-02,F,15428639193,Alimentador de linha de produção,784205,2025-11-05,2026-02-03,CLT,2570.00,16722761000197,MAO-01,Fábrica Distrito Industrial,69069667,Rua São Pedro,1194,Parque Dez,Manaus,AM,(92) 98569-5889,patricia.soares@jacamim.example,69088487,Avenida das Nações,1227,Cidade Nova,Manaus,AM
003299,KARINA LOPES CARDOSO,07223211717,1996-01-12,F,14904502787,Montador de eletrônicos,731110,2022-03-27,2022-06-25,CLT,2280.00,16722761000197,MAO-01,Fábrica Distrito Industrial,69019114,Rua da Esperança,476,Japiim,Manaus,AM,(92) 99499-2260,karina.cardoso@jacamim.example,69088487,Avenida das Nações,1227,Cidade Nova,Manaus,AM
003300,AMANDA ANDRADE MOURA,41917046308,2000-06-09,F,13560157037,Montador de eletrônicos,731110,2025-02-09,2025-05-10,CLT,2480.00,16722761000197,MAO-01,Fábrica Distrito Industrial,69014740,Rua do Bosque,1007,Distrito Industrial,Manaus,AM,(92) 99669-5721,amanda.moura@jacamim.example,69088487,Avenida das Nações,1227,Cidade Nova,Manaus,AM
003301,YASMIN BEZERRA TEIXEIRA,00346726212,2002-05-27,F,15128629123,Operador de empilhadeira,782220,2024-09-22,2024-12-21,CLT,2830.00,16722761000197,MAO-01,Fábrica Distrito Industrial,69044259,Rua das Gaivotas,2143,Japiim,Manaus,AM,(92) 98301-8411,yasmin.teixeira@jacamim.example,69088487,Avenida das Nações,1227,Cidade Nova,Manaus,AM
003302,LUCIANA BARROS,57455321651,1994-11-16,F,11425709413,Assistente administrativo,411010,2022-08-28,2022-11-26,CLT,2920.00,16722761000278,MAO-02,Centro de Distribuição,69085151,Rua Três Marias,2325,Flores,Manaus,AM,(92) 98412-2821,luciana.barros@jacamim.example,69074116,Avenida Beira Rio,169,Cidade Nova,Manaus,AM
003303,SANDRA SALES ANDRADE,74823820118,1992-06-06,F,19175043036,Montador de eletrônicos,731110,2026-02-12,2026-05-13,CLT,2680.00,16722761000197,MAO-01,Fábrica Distrito Industrial,69065401,Rua Santa Clara,1925,Distrito Industrial,Manaus,AM,(92) 98375-2230,sandra.andrade@jacamim.example,69088487,Avenida das Nações,1227,Cidade Nova,Manaus,AM
003304,PEDRO ASSIS,38897929796,1990-04-21,M,12769722873,Operador de empilhadeira,782220,2011-12-13,2012-03-12,CLT,2500.00,16722761000197,MAO-01,Fábrica Distrito Industrial,69038607,Rua dos Cravos,1061,Distrito Industrial,Manaus,AM,(92) 98873-7964,pedro.assis@jacamim.example,69088487,Avenida das Nações,1227,Cidade Nova,Manaus,AM
003305,TIAGO XAVIER PACHECO,38496083950,1985-06-06,M,19438862444,Técnico de manutenção eletrônica,313205,2023-08-08,2023-11-06,CLT,6160.00,16722761000197,MAO-01,Fábrica Distrito Industrial,69086985,Rua dos Ipês Amarelos,742,Aleixo,Manaus,AM,(92) 98612-7277,tiago.pacheco@jacamim.example,69088487,Avenida das Nações,1227,Cidade Nova,Manaus,AM
003306,PAULO FARIAS,06002769536,1984-07-24,M,11987669652,Técnico de manutenção eletrônica,313205,2020-04-21,2020-07-20,CLT,5090.00,16722761000197,MAO-01,Fábrica Distrito Industrial,69036574,Travessa da Paz,859,Distrito Industrial,Manaus,AM,(92) 99785-9941,paulo.farias@jacamim.example,69088487,Avenida das Nações,1227,Cidade Nova,Manaus,AM
003307,HENRIQUE OLIVEIRA,11257091549,2000-05-26,M,17008649731,Montador de eletrônicos,731110,2025-03-17,2025-06-15,CLT,2480.00,16722761000197,MAO-01,Fábrica Distrito Industrial,69082549,Avenida das Nações,1879,Japiim,Manaus,AM,(92) 99483-1244,henrique.oliveira@jacamim.example,69088487,Avenida das Nações,1227,Cidade Nova,Manaus,AM
003308,CAROLINA FREITAS,73164244517,1987-09-05,F,13729768919,Montador de eletrônicos,731110,2024-10-17,2025-01-15,CLT,2680.00,16722761000197,MAO-01,Fábrica Distrito Industrial,69048797,Rua Santa Clara,233,Distrito Industrial,Manaus,AM,(92) 99015-6262,carolina.freitas@jacamim.example,69088487,Avenida das Nações,1227,Cidade Nova,Manaus,AM
003309,TEREZA BATISTA FREITAS,06780477907,1996-05-15,F,13969396123,Montador de eletrônicos,731110,2019-07-20,2019-10-18,CLT,2080.00,16722761000197,MAO-01,Fábrica Distrito Industrial,69058360,Travessa da Paz,826,Japiim,Manaus,AM,(92) 98969-6128,tereza.freitas@jacamim.example,69088487,Avenida das Nações,1227,Cidade Nova,Manaus,AM
003310,FELIPE GONÇALVES GONÇALVES,70551951796,2002-11-13,M,11681282780,Montador de eletrônicos,731110,2025-09-11,2025-12-10,CLT,2080.00,16722761000197,MAO-01,Fábrica Distrito Industrial,69025354,Rua dos Pinheiros Altos,766,Aleixo,Manaus,AM,(92) 98459-7883,felipe.goncalves@jacamim.example,69088487,Avenida das Nações,1227,Cidade Nova,Manaus,AM
003311,KARINA NASCIMENTO VIEIRA,36404886790,1999-03-13,F,15634121858,Montador de eletrônicos,731110,2020-05-16,2020-08-14,CLT,2080.00,16722761000197,MAO-01,Fábrica Distrito Industrial,69001859,Rua da Alvorada,269,Aleixo,Manaus,AM,(92) 98967-9397,karina.vieira@jacamim.example,69088487,Avenida das Nações,1227,Cidade Nova,Manaus,AM
003312,JÉSSICA SIQUEIRA SILVA,96984160219,1995-03-08,F,16991756796,Montador de eletrônicos,731110,2019-12-21,2020-03-20,CLT,2480.00,16722761000197,MAO-01,Fábrica Distrito Industrial,69052695,Rua Santa Clara,559,Japiim,Manaus,AM,(92) 98499-0864,jessica.silva@jacamim.example,69088487,Avenida das Nações,1227,Cidade Nova,Manaus,AM
003313,ALEXANDRE QUEIROZ,53711927602,1999-10-14,M,19236897172,Técnico de manutenção eletrônica,313205,2020-05-03,2020-08-01,CLT,5090.00,16722761000197,MAO-01,Fábrica Distrito Industrial,69096401,Avenida Central,1121,Cidade Nova,Manaus,AM,(92) 99682-1460,alexandre.queiroz@jacamim.example,69088487,Avenida das Nações,1227,Cidade Nova,Manaus,AM
003314,TEREZA CASTRO,54095917393,1979-08-23,F,11460408746,Montador de eletrônicos,731110,2019-04-08,2019-07-07,CLT,2480.00,16722761000197,MAO-01,Fábrica Distrito Industrial,69089824,Rua das Gaivotas,2518,Flores,Manaus,AM,(92) 99237-5568,tereza.castro@jacamim.example,69088487,Avenida das Nações,1227,Cidade Nova,Manaus,AM
003315,CRISTIANE PRADO MARTINS,24259565141,1989-06-03,F,12753483145,Técnico em segurança do trabalho,351605,2026-02-01,2026-05-02,CLT,3730.00,16722761000197,MAO-01,Fábrica Distrito Industrial,69089742,Rua dos Girassóis,682,Japiim,Manaus,AM,(92) 98375-5669,cristiane.martins@jacamim.example,69088487,Avenida das Nações,1227,Cidade Nova,Manaus,AM
003316,OTÁVIO ANDRADE BATISTA,20054840910,1990-12-02,M,19180872038,Faxineiro,514320,2022-10-08,2023-01-06,CLT,1630.00,16722761000197,MAO-01,Fábrica Distrito Industrial,69076584,Rua das Acácias,244,Parque Dez,Manaus,AM,(92) 99491-9672,otavio.batista@jacamim.example,69088487,Avenida das Nações,1227,Cidade Nova,Manaus,AM
003317,HENRIQUE PAIVA,82394391871,1990-10-27,M,13029977832,Técnico de manutenção eletrônica,313205,2026-01-12,2026-04-12,CLT,5090.00,16722761000197,MAO-01,Fábrica Distrito Industrial,69055453,Rua das Hortênsias,975,Flores,Manaus,AM,(92) 99823-5785,henrique.paiva@jacamim.example,69088487,Avenida das Nações,1227,Cidade Nova,Manaus,AM
003318,BEATRIZ SALES BEZERRA,28447682293,1976-03-27,F,10919513782,Faxineiro,514320,2023-03-30,2023-06-28,CLT,1910.00,16722761000197,MAO-01,Fábrica Distrito Industrial,69024690,Rua do Bosque,1009,Aleixo,Manaus,AM,(92) 98200-9750,beatriz.bezerra@jacamim.example,69088487,Avenida das Nações,1227,Cidade Nova,Manaus,AM
003319,FRANCISCO MACEDO MACHADO,80342976664,1996-10-28,M,15874826917,Montador de eletrônicos,731110,2024-04-05,2024-07-04,CLT,2280.00,16722761000197,MAO-01,Fábrica Distrito Industrial,69081596,Rua das Hortênsias,2148,Aleixo,Manaus,AM,(92) 99789-8359,francisco.machado@jacamim.example,69088487,Avenida das Nações,1227,Cidade Nova,Manaus,AM
003320,NATÁLIA MAGALHÃES REZENDE,38899486697,1992-06-11,F,11976508706,Técnico de manutenção eletrônica,313205,2024-07-15,2024-10-13,CLT,5090.00,16722761000197,MAO-01,Fábrica Distrito Industrial,69026856,Rua dos Girassóis,1819,Aleixo,Manaus,AM,(92) 98312-9274,natalia.rezende@jacamim.example,69088487,Avenida das Nações,1227,Cidade Nova,Manaus,AM
003321,VALÉRIA BORGES CAMPOS,37625728102,1991-04-11,F,13611856166,Montador de eletrônicos,731110,2025-05-13,2025-08-11,CLT,2080.00,16722761000197,MAO-01,Fábrica Distrito Industrial,69020780,Avenida das Nações,1271,Aleixo,Manaus,AM,(92) 98679-7445,valeria.campos@jacamim.example,69088487,Avenida das Nações,1227,Cidade Nova,Manaus,AM
003322,PAULO ARAÚJO MENDES,83358449840,2000-03-05,M,18506710841,Faxineiro,514320,2024-06-02,2024-08-31,CLT,1630.00,16722761000197,MAO-01,Fábrica Distrito Industrial,69011571,Rua da Liberdade,1547,Parque Dez,Manaus,AM,(92) 99537-8618,paulo.mendes@jacamim.example,69088487,Avenida das Nações,1227,Cidade Nova,Manaus,AM
003323,FRANCISCA FERNANDES,38172658591,2002-10-28,F,18988408922,Alimentador de linha de produção,784205,2023-08-03,2023-11-01,CLT,2570.00,16722761000278,MAO-02,Centro de Distribuição,69002895,Rua das Orquídeas,1471,Cidade Nova,Manaus,AM,(92) 99372-7016,francisca.fernandes@jacamim.example,69074116,Avenida Beira Rio,169,Cidade Nova,Manaus,AM
003324,LETÍCIA LEITE NUNES,40514587768,2001-06-17,F,18359915242,Alimentador de linha de produção,784205,2024-11-25,2025-02-23,CLT,2340.00,16722761000197,MAO-01,Fábrica Distrito Industrial,69052545,Rua dos Pinheiros Altos,2240,Cidade Nova,Manaus,AM,(92) 99391-6716,leticia.nunes@jacamim.example,69088487,Avenida das Nações,1227,Cidade Nova,Manaus,AM
003325,VITOR MONTEIRO FARIAS,73449360540,2004-01-15,M,13408309011,Montador de eletrônicos,731110,2023-07-20,2023-10-18,CLT,2080.00,16722761000197,MAO-01,Fábrica Distrito Industrial,69075443,Rua da Liberdade,331,Aleixo,Manaus,AM,(92) 99465-2928,vitor.farias@jacamim.example,69088487,Avenida das Nações,1227,Cidade Nova,Manaus,AM
003326,KARINA SIQUEIRA SOARES,33443056970,1980-08-06,F,11597054886,Montador de eletrônicos,731110,2025-01-02,2025-04-02,CLT,2280.00,16722761000278,MAO-02,Centro de Distribuição,69055799,Rua do Mirante,1850,Cidade Nova,Manaus,AM,(92) 99468-1367,karina.soares@jacamim.example,69074116,Avenida Beira Rio,169,Cidade Nova,Manaus,AM
003327,ANDRÉ GOMES AGUIAR,11388373777,1999-12-24,M,12790936174,Montador de eletrônicos,731110,2019-02-08,2019-05-09,CLT,2280.00,16722761000197,MAO-01,Fábrica Distrito Industrial,69072358,Rua do Mirante,925,Cidade Nova,Manaus,AM,(92) 99653-9582,andre.aguiar@jacamim.example,69088487,Avenida das Nações,1227,Cidade Nova,Manaus,AM
003328,BRUNA COELHO MOREIRA,19346740604,1986-02-10,F,13099708368,Montador de eletrônicos,731110,2023-04-12,2023-07-11,CLT,2680.00,16722761000197,MAO-01,Fábrica Distrito Industrial,69018272,Travessa da Paz,1616,Aleixo,Manaus,AM,(92) 98829-0681,bruna.moreira@jacamim.example,69088487,Avenida das Nações,1227,Cidade Nova,Manaus,AM
003329,ANA GONÇALVES,18267868054,1981-07-28,F,19428746598,Montador de eletrônicos,731110,2024-06-08,2024-09-06,CLT,2680.00,16722761000278,MAO-02,Centro de Distribuição,69006088,Rua das Mangueiras,1912,Aleixo,Manaus,AM,(92) 98564-5843,ana.goncalves@jacamim.example,69074116,Avenida Beira Rio,169,Cidade Nova,Manaus,AM
003330,LARISSA VIANA,05313156659,1987-08-01,F,10804257481,Faxineiro,514320,2020-10-25,2021-01-23,CLT,1630.00,16722761000197,MAO-01,Fábrica Distrito Industrial,69095935,Rua do Sol Nascente,1842,Distrito Industrial,Manaus,AM,(92) 98184-4968,larissa.viana@jacamim.example,69088487,Avenida das Nações,1227,Cidade Nova,Manaus,AM
003331,LARISSA SILVA,80560510586,1979-09-27,F,12979911109,Técnico de manutenção eletrônica,313205,2025-03-12,2025-06-10,CLT,6160.00,16722761000197,MAO-01,Fábrica Distrito Industrial,69082655,Rua do Cruzeiro,54,Cidade Nova,Manaus,AM,(92) 99735-5766,larissa.silva@jacamim.example,69088487,Avenida das Nações,1227,Cidade Nova,Manaus,AM
003332,HUGO RAMOS,74878301953,1991-03-05,M,19807306205,Assistente administrativo,411010,2024-11-21,2025-02-19,CLT,2920.00,16722761000278,MAO-02,Centro de Distribuição,69094147,Rua das Orquídeas,499,Cidade Nova,Manaus,AM,(92) 99498-4801,hugo.ramos@jacamim.example,69074116,Avenida Beira Rio,169,Cidade Nova,Manaus,AM
003333,JORGE BARBOSA,76447097119,1997-09-02,M,18083035788,Técnico de manutenção eletrônica,313205,2022-12-05,2023-03-05,CLT,4030.00,16722761000197,MAO-01,Fábrica Distrito Industrial,69099788,Rua do Bosque,2565,Cidade Nova,Manaus,AM,(92) 99290-9343,jorge.barbosa@jacamim.example,69088487,Avenida das Nações,1227,Cidade Nova,Manaus,AM
003334,CAIO SANTOS,67273471070,1995-04-24,M,13630368711,Técnico de manutenção eletrônica,313205,2022-08-06,2022-11-04,CLT,6160.00,16722761000197,MAO-01,Fábrica Distrito Industrial,69052380,Avenida das Nações,55,Cidade Nova,Manaus,AM,(92) 99432-5050,caio.santos@jacamim.example,69088487,Avenida das Nações,1227,Cidade Nova,Manaus,AM
003335,LETÍCIA FARIAS,59039614792,1988-05-30,F,10047998584,Operador de empilhadeira,782220,2025-06-17,2025-09-15,CLT,2830.00,16722761000197,MAO-01,Fábrica Distrito Industrial,69073544,Rua das Acácias,2181,Flores,Manaus,AM,(92) 99267-2508,leticia.farias@jacamim.example,69088487,Avenida das Nações,1227,Cidade Nova,Manaus,AM
003336,KARINA MACEDO NASCIMENTO,58943349858,2000-09-29,F,11956683346,Alimentador de linha de produção,784205,2023-08-16,2023-11-14,CLT,1880.00,16722761000197,MAO-01,Fábrica Distrito Industrial,69022257,Rua dos Girassóis,967,Cidade Nova,Manaus,AM,(92) 98239-2526,karina.nascimento@jacamim.example,69088487,Avenida das Nações,1227,Cidade Nova,Manaus,AM
003337,ROBERTO NASCIMENTO CASTRO,85447988373,1989-08-21,M,16607246416,Montador de eletrônicos,731110,2017-10-02,2017-12-31,CLT,2080.00,16722761000278,MAO-02,Centro de Distribuição,69065381,Rua da Esperança,912,Parque Dez,Manaus,AM,(92) 99296-3827,roberto.castro@jacamim.example,69074116,Avenida Beira Rio,169,Cidade Nova,Manaus,AM
003338,FLÁVIA PEIXOTO,56423732000,1992-07-21,F,12176587510,Montador de eletrônicos,731110,2014-10-07,2015-01-05,CLT,2080.00,16722761000197,MAO-01,Fábrica Distrito Industrial,69050331,Rua do Horizonte,1799,Aleixo,Manaus,AM,(92) 98416-2855,flavia.peixoto@jacamim.example,69088487,Avenida das Nações,1227,Cidade Nova,Manaus,AM
003339,WAGNER MIRANDA PINTO,58549649023,1981-02-26,M,18468423255,Gerente administrativo,142105,2025-11-02,2026-01-31,CLT,8350.00,16722761000278,MAO-02,Centro de Distribuição,69060880,Rua do Comércio,1701,Distrito Industrial,Manaus,AM,(92) 98804-0857,wagner.pinto@jacamim.example,69074116,Avenida Beira Rio,169,Cidade Nova,Manaus,AM
003340,PAULO QUEIROZ MENDES,29849355433,1978-02-23,M,15521696266,Alimentador de linha de produção,784205,2020-07-24,2020-10-22,CLT,1880.00,16722761000197,MAO-01,Fábrica Distrito Industrial,69025688,Rua do Sol Nascente,1264,Cidade Nova,Manaus,AM,(92) 98976-2231,paulo.mendes@jacamim.example,69088487,Avenida das Nações,1227,Cidade Nova,Manaus,AM
003341,HELENA MAGALHÃES SIQUEIRA,98490309760,2002-06-11,F,17864711092,Montador de eletrônicos,731110,2025-01-22,2025-04-22,CLT,2480.00,16722761000197,MAO-01,Fábrica Distrito Industrial,69052860,Rua das Violetas,1039,Aleixo,Manaus,AM,(92) 99375-8212,helena.siqueira@jacamim.example,69088487,Avenida das Nações,1227,Cidade Nova,Manaus,AM
003342,ANDRÉ RAMOS,46750242464,1990-07-07,M,13419653709,Almoxarife,414105,2020-11-23,2021-02-21,CLT,2490.00,16722761000197,MAO-01,Fábrica Distrito Industrial,69047294,Avenida das Nações,496,Japiim,Manaus,AM,(92) 98439-0119,andre.ramos@jacamim.example,69088487,Avenida das Nações,1227,Cidade Nova,Manaus,AM
003343,JOÃO ASSIS SOUZA,33713880778,1989-01-15,M,12276582355,Alimentador de linha de produção,784205,2024-02-08,2024-05-08,CLT,1880.00,16722761000197,MAO-01,Fábrica Distrito Industrial,69048809,Rua dos Girassóis,2761,Flores,Manaus,AM,(92) 99223-0832,joao.souza@jacamim.example,69088487,Avenida das Nações,1227,Cidade Nova,Manaus,AM
003344,TIAGO NASCIMENTO QUEIROZ,85375274320,1982-07-22,M,17298699648,Montador de eletrônicos,731110,2023-04-23,2023-07-22,CLT,2080.00,16722761000197,MAO-01,Fábrica Distrito Industrial,69063609,Rua dos Ipês Amarelos,2778,Distrito Industrial,Manaus,AM,(92) 98834-9073,tiago.queiroz@jacamim.example,69088487,Avenida das Nações,1227,Cidade Nova,Manaus,AM
003345,JULIANA RODRIGUES BARROS,29768945583,1990-05-18,F,14577834836,Inspetor de qualidade,391205,2014-12-15,2015-03-15,CLT,4130.00,16722761000197,MAO-01,Fábrica Distrito Industrial,69055613,Rua das Andorinhas,867,Japiim,Manaus,AM,(92) 99204-5203,juliana.barros@jacamim.example,69088487,Avenida das Nações,1227,Cidade Nova,Manaus,AM
003346,VANESSA MARQUES MOURA,66720677527,1998-11-30,F,10028673737,Assistente administrativo,411010,2019-11-07,2020-02-05,CLT,3200.00,16722761000197,MAO-01,Fábrica Distrito Industrial,69005477,Rua das Palmeiras,2316,Flores,Manaus,AM,(92) 98322-2244,vanessa.moura@jacamim.example,69088487,Avenida das Nações,1227,Cidade Nova,Manaus,AM
003347,ROSANA CAMPOS,00284401293,1984-09-04,F,13318807172,Montador de eletrônicos,731110,2023-04-22,2023-07-21,CLT,2680.00,16722761000278,MAO-02,Centro de Distribuição,69074588,Rua das Orquídeas,1089,Cidade Nova,Manaus,AM,(92) 99135-6784,rosana.campos@jacamim.example,69074116,Avenida Beira Rio,169,Cidade Nova,Manaus,AM
003348,DANIELA PEREIRA GONÇALVES,82273803605,2000-07-07,F,15435318578,Montador de eletrônicos,731110,2024-08-26,2024-11-24,CLT,2280.00,16722761000197,MAO-01,Fábrica Distrito Industrial,69078655,Rua do Bosque,1583,Flores,Manaus,AM,(92) 99700-8848,daniela.goncalves@jacamim.example,69088487,Avenida das Nações,1227,Cidade Nova,Manaus,AM
003349,CLÁUDIA FIGUEIREDO,67807779519,1989-03-01,F,17708700075,Montador de eletrônicos,731110,2023-04-27,2023-07-26,CLT,2680.00,16722761000278,MAO-02,Centro de Distribuição,69015360,Rua dos Ipês Amarelos,247,Parque Dez,Manaus,AM,(92) 99459-7621,claudia.figueiredo@jacamim.example,69074116,Avenida Beira Rio,169,Cidade Nova,Manaus,AM
003350,ELAINE MARQUES,37659570625,1997-06-06,F,19476113293,Alimentador de linha de produção,784205,2023-09-12,2023-12-11,CLT,2110.00,16722761000197,MAO-01,Fábrica Distrito Industrial,69050060,Rua dos Pinheiros Altos,1368,Parque Dez,Manaus,AM,(92) 98761-8161,elaine.marques@jacamim.example,69088487,Avenida das Nações,1227,Cidade Nova,Manaus,AM
003351,MATHEUS CASTRO BRITO,12152713605,1993-01-06,M,13753278008,Faxineiro,514320,2018-03-25,2018-06-23,CLT,1630.00,16722761000197,MAO-01,Fábrica Distrito Industrial,69084208,Travessa da Paz,1370,Distrito Industrial,Manaus,AM,(92) 99304-4171,matheus.brito@jacamim.example,69088487,Avenida das Nações,1227,Cidade Nova,Manaus,AM
003352,ANA ROCHA,51736724045,1987-11-11,F,11896128438,Montador de eletrônicos,731110,2021-02-19,2021-05-20,CLT,2080.00,16722761000197,MAO-01,Fábrica Distrito Industrial,69080833,Rua do Comércio,2453,Parque Dez,Manaus,AM,(92) 98151-9657,ana.rocha@jacamim.example,69088487,Avenida das Nações,1227,Cidade Nova,Manaus,AM
003353,OTÁVIO SALES,04686286140,1981-11-13,M,11716212153,Alimentador de linha de produção,784205,2025-10-08,2026-01-06,CLT,2570.00,16722761000278,MAO-02,Centro de Distribuição,69084789,Rua do Comércio,2480,Japiim,Manaus,AM,(92) 99116-6843,otavio.sales@jacamim.example,69074116,Avenida Beira Rio,169,Cidade Nova,Manaus,AM
003354,CLÁUDIA MAGALHÃES,33132778028,2000-02-15,F,18768009709,Alimentador de linha de produção,784205,2026-05-22,,CLT,1880.00,16722761000197,MAO-01,Fábrica Distrito Industrial,69025511,Rua Santa Clara,1261,Flores,Manaus,AM,(92) 98449-3904,claudia.magalhaes@jacamim.example,69088487,Avenida das Nações,1227,Cidade Nova,Manaus,AM
003355,ANDRÉ GONÇALVES,19454735845,1979-12-01,M,19417526978,Montador de eletrônicos,731110,2025-12-15,2026-03-15,CLT,2080.00,16722761000197,MAO-01,Fábrica Distrito Industrial,69059787,Rua São Pedro,1998,Cidade Nova,Manaus,AM,(92) 99037-4978,andre.goncalves@jacamim.example,69088487,Avenida das Nações,1227,Cidade Nova,Manaus,AM
003356,CAIO PEREIRA ASSIS,50078150477,1992-11-21,M,14313683167,Operador de empilhadeira,782220,2017-10-10,2018-01-08,CLT,2500.00,16722761000197,MAO-01,Fábrica Distrito Industrial,69038794,Rua da Esperança,2156,Flores,Manaus,AM,(92) 98779-2563,caio.assis@jacamim.example,69088487,Avenida das Nações,1227,Cidade Nova,Manaus,AM
003357,JULIANA CAVALCANTI CARDOSO,77993626269,1972-09-01,F,16725439608,Alimentador de linha de produção,784205,2018-01-15,2018-04-15,CLT,2570.00,16722761000197,MAO-01,Fábrica Distrito Industrial,69058061,Rua das Mangueiras,1616,Parque Dez,Manaus,AM,(92) 99463-8044,juliana.cardoso@jacamim.example,69088487,Avenida das Nações,1227,Cidade Nova,Manaus,AM
003358,NELSON GOMES PAIVA,67002840070,1996-06-18,M,15959403005,Alimentador de linha de produção,784205,2021-08-06,2021-11-04,CLT,1880.00,16722761000197,MAO-01,Fábrica Distrito Industrial,69018353,Rua Nova,36,Cidade Nova,Manaus,AM,(92) 98397-5570,nelson.paiva@jacamim.example,69088487,Avenida das Nações,1227,Cidade Nova,Manaus,AM
003359,YASMIN GONÇALVES,05100505737,1984-01-11,F,12992615480,Alimentador de linha de produção,784205,2019-05-26,2019-08-24,CLT,2340.00,16722761000197,MAO-01,Fábrica Distrito Industrial,69036735,Rua do Bosque,995,Flores,Manaus,AM,(92) 99295-9982,yasmin.goncalves@jacamim.example,69088487,Avenida das Nações,1227,Cidade Nova,Manaus,AM
003360,MARIANA PEIXOTO,94097396161,1992-07-20,F,13541017007,Montador de eletrônicos,731110,2026-01-01,2026-04-01,CLT,2080.00,16722761000197,MAO-01,Fábrica Distrito Industrial,69090777,Rua Santa Clara,1202,Japiim,Manaus,AM,(92) 99637-9942,mariana.peixoto@jacamim.example,69088487,Avenida das Nações,1227,Cidade Nova,Manaus,AM
003361,VITOR ASSIS,00136492720,1993-07-11,M,12928712945,Alimentador de linha de produção,784205,2024-01-28,2024-04-27,CLT,2340.00,16722761000197,MAO-01,Fábrica Distrito Industrial,69088235,Rua Nova,530,Flores,Manaus,AM,(92) 99238-1852,vitor.assis@jacamim.example,69088487,Avenida das Nações,1227,Cidade Nova,Manaus,AM
003362,LÚCIA MIRANDA,19606019543,1997-01-26,F,13034848217,Alimentador de linha de produção,784205,2026-01-16,2026-04-16,CLT,2110.00,16722761000197,MAO-01,Fábrica Distrito Industrial,69073430,Rua do Comércio,900,Aleixo,Manaus,AM,(92) 98515-7760,lucia.miranda@jacamim.example,69088487,Avenida das Nações,1227,Cidade Nova,Manaus,AM
003363,ISABELA MOURA LOPES,70697620891,2005-05-15,F,11843783814,Técnico de manutenção eletrônica,313205,2025-12-17,2026-03-17,CLT,4030.00,16722761000197,MAO-01,Fábrica Distrito Industrial,69043221,Rua das Palmeiras,2664,Japiim,Manaus,AM,(92) 99791-2126,isabela.lopes@jacamim.example,69088487,Avenida das Nações,1227,Cidade Nova,Manaus,AM
003364,RAIMUNDO CORREIA CAVALCANTI,48039772320,1995-12-31,M,19019936319,Técnico de manutenção eletrônica,313205,2021-12-24,2022-03-24,CLT,5090.00,16722761000278,MAO-02,Centro de Distribuição,69097211,Rua das Orquídeas,2386,Flores,Manaus,AM,(92) 98620-9949,raimundo.cavalcanti@jacamim.example,69074116,Avenida Beira Rio,169,Cidade Nova,Manaus,AM
003365,CAROLINA PACHECO,41163033308,1993-06-24,F,15575600577,Técnico de manutenção eletrônica,313205,2025-05-02,2025-07-31,CLT,6160.00,16722761000197,MAO-01,Fábrica Distrito Industrial,69096746,Rua Santa Clara,2569,Cidade Nova,Manaus,AM,(92) 99981-0938,carolina.pacheco@jacamim.example,69088487,Avenida das Nações,1227,Cidade Nova,Manaus,AM
003366,JULIANA PRADO MENDES,52421273099,1998-03-02,F,15710364748,Montador de eletrônicos,731110,2025-01-31,2025-05-01,CLT,2680.00,16722761000197,MAO-01,Fábrica Distrito Industrial,69032935,Rua das Flores do Campo,2657,Flores,Manaus,AM,(92) 98299-4816,juliana.mendes@jacamim.example,69088487,Avenida das Nações,1227,Cidade Nova,Manaus,AM
003367,JÚLIO PEREIRA,32209337933,1978-04-14,M,14960150309,Inspetor de qualidade,391205,2011-07-27,2011-10-25,CLT,4850.00,16722761000197,MAO-01,Fábrica Distrito Industrial,69041220,Rua das Hortênsias,376,Cidade Nova,Manaus,AM,(92) 99835-7241,julio.pereira@jacamim.example,69088487,Avenida das Nações,1227,Cidade Nova,Manaus,AM
003368,GUSTAVO CORREIA,48841795107,2001-11-15,M,16569847105,Montador de eletrônicos,731110,2025-12-16,2026-03-16,CLT,2080.00,16722761000197,MAO-01,Fábrica Distrito Industrial,69077397,Rua dos Pinheiros Altos,2513,Cidade Nova,Manaus,AM,(92) 99653-2093,gustavo.correia@jacamim.example,69088487,Avenida das Nações,1227,Cidade Nova,Manaus,AM
003369,ANTÔNIO CASTRO MONTEIRO,67387455163,1990-01-15,M,10302644432,Montador de eletrônicos,731110,2026-01-13,2026-04-13,CLT,2280.00,16722761000197,MAO-01,Fábrica Distrito Industrial,69053739,Rua dos Ipês Amarelos,2054,Parque Dez,Manaus,AM,(92) 99116-6757,antonio.monteiro@jacamim.example,69088487,Avenida das Nações,1227,Cidade Nova,Manaus,AM
003370,LETÍCIA SANTANA VIANA,63660671983,1982-08-10,F,11203121735,Montador de eletrônicos,731110,2023-12-27,2024-03-26,CLT,2080.00,16722761000197,MAO-01,Fábrica Distrito Industrial,69080748,Rua das Acácias,1405,Flores,Manaus,AM,(92) 98509-2338,leticia.viana@jacamim.example,69088487,Avenida das Nações,1227,Cidade Nova,Manaus,AM
003371,KAIQUE BEZERRA,01215409605,2000-11-02,M,10802160882,Montador de eletrônicos,731110,2023-01-10,2023-04-10,CLT,2280.00,16722761000197,MAO-01,Fábrica Distrito Industrial,69033148,Rua dos Cravos,1667,Parque Dez,Manaus,AM,(92) 98105-0961,kaique.bezerra@jacamim.example,69088487,Avenida das Nações,1227,Cidade Nova,Manaus,AM
003372,WAGNER RIBEIRO LOPES,33986657053,1990-12-07,M,16095643919,Montador de eletrônicos,731110,2015-05-17,2015-08-15,CLT,2080.00,16722761000278,MAO-02,Centro de Distribuição,69028440,Rua dos Pinheiros Altos,1720,Distrito Industrial,Manaus,AM,(92) 98611-1031,wagner.lopes@jacamim.example,69074116,Avenida Beira Rio,169,Cidade Nova,Manaus,AM
003373,MATHEUS CASTRO,50297177222,1982-10-28,M,19668744684,Técnico em segurança do trabalho,351605,2023-05-12,2023-08-10,CLT,4460.00,16722761000197,MAO-01,Fábrica Distrito Industrial,69055488,Rua das Palmeiras,2085,Cidade Nova,Manaus,AM,(92) 98459-6276,matheus.castro@jacamim.example,69088487,Avenida das Nações,1227,Cidade Nova,Manaus,AM
003374,KARINA SIQUEIRA CAMPOS,94402910102,1993-05-18,F,10195901184,Alimentador de linha de produção,784205,2025-11-06,2026-02-04,CLT,1880.00,16722761000197,MAO-01,Fábrica Distrito Industrial,69041500,Rua das Hortênsias,1081,Cidade Nova,Manaus,AM,(92) 98123-1108,karina.campos@jacamim.example,69088487,Avenida das Nações,1227,Cidade Nova,Manaus,AM
003375,BRUNO SOARES,04992042201,1998-12-26,M,15143847080,Alimentador de linha de produção,784205,2023-12-18,2024-03-17,CLT,2110.00,16722761000278,MAO-02,Centro de Distribuição,69002202,Rua das Flores do Campo,2359,Parque Dez,Manaus,AM,(92) 99785-3684,bruno.soares@jacamim.example,69074116,Avenida Beira Rio,169,Cidade Nova,Manaus,AM
003376,LETÍCIA VIANA CASTRO,22708128329,1990-07-25,F,11577533397,Alimentador de linha de produção,784205,2026-01-01,2026-04-01,CLT,2110.00,16722761000197,MAO-01,Fábrica Distrito Industrial,69099748,Rua das Andorinhas,155,Flores,Manaus,AM,(92) 98141-1972,leticia.castro@jacamim.example,69088487,Avenida das Nações,1227,Cidade Nova,Manaus,AM
003377,PAULO FERNANDES PEREIRA,96062292973,1998-04-04,M,16370161452,Operador de empilhadeira,782220,2019-11-19,2020-02-17,CLT,2830.00,16722761000197,MAO-01,Fábrica Distrito Industrial,69064856,Rua da Esperança,98,Distrito Industrial,Manaus,AM,(92) 98699-4213,paulo.pereira@jacamim.example,69088487,Avenida das Nações,1227,Cidade Nova,Manaus,AM
003378,JÉSSICA FREITAS,60823831760,1999-01-17,F,10277454884,Montador de eletrônicos,731110,2022-08-03,2022-11-01,CLT,2080.00,16722761000197,MAO-01,Fábrica Distrito Industrial,69023535,Rua do Sol Nascente,2516,Flores,Manaus,AM,(92) 98936-1085,jessica.freitas@jacamim.example,69088487,Avenida das Nações,1227,Cidade Nova,Manaus,AM
003379,FERNANDA SIQUEIRA MONTEIRO,65185496967,2002-08-09,F,18692316661,Alimentador de linha de produção,784205,2026-02-13,2026-05-14,CLT,1880.00,16722761000197,MAO-01,Fábrica Distrito Industrial,69060025,Rua dos Cravos,1114,Aleixo,Manaus,AM,(92) 99868-0015,fernanda.monteiro@jacamim.example,69088487,Avenida das Nações,1227,Cidade Nova,Manaus,AM
003380,VINÍCIUS BARROS,77003633078,1997-01-21,M,12617198920,Montador de eletrônicos,731110,2025-04-20,2025-07-19,CLT,2280.00,16722761000197,MAO-01,Fábrica Distrito Industrial,69014440,Rua do Bosque,391,Distrito Industrial,Manaus,AM,(92) 99923-4999,vinicius.barros@jacamim.example,69088487,Avenida das Nações,1227,Cidade Nova,Manaus,AM
003381,MARTA PAIVA,12274014000,1990-07-09,F,15704662839,Alimentador de linha de produção,784205,2021-07-15,2021-10-13,CLT,2340.00,16722761000197,MAO-01,Fábrica Distrito Industrial,69009316,Avenida Central,2637,Aleixo,Manaus,AM,(92) 98635-7736,marta.paiva@jacamim.example,69088487,Avenida das Nações,1227,Cidade Nova,Manaus,AM
003382,BRUNA TEIXEIRA,80969262760,2002-10-10,F,12274661471,Montador de eletrônicos,731110,2026-02-20,2026-05-21,CLT,2480.00,16722761000278,MAO-02,Centro de Distribuição,69085775,Rua dos Ipês Amarelos,44,Parque Dez,Manaus,AM,(92) 99922-4415,bruna.teixeira@jacamim.example,69074116,Avenida Beira Rio,169,Cidade Nova,Manaus,AM
003383,SABRINA MACHADO,33026034606,1988-08-03,F,11175945874,Técnico de manutenção eletrônica,313205,2022-12-23,2023-03-23,CLT,6160.00,16722761000278,MAO-02,Centro de Distribuição,69076663,Rua do Mirante,2061,Distrito Industrial,Manaus,AM,(92) 99412-6345,sabrina.machado@jacamim.example,69074116,Avenida Beira Rio,169,Cidade Nova,Manaus,AM
003384,RAFAEL SOARES,73564872841,1988-11-04,M,15968943501,Alimentador de linha de produção,784205,2023-05-16,2023-08-14,CLT,2340.00,16722761000197,MAO-01,Fábrica Distrito Industrial,69030625,Rua da Alvorada,471,Cidade Nova,Manaus,AM,(92) 98856-3982,rafael.soares@jacamim.example,69088487,Avenida das Nações,1227,Cidade Nova,Manaus,AM
003385,RAIMUNDO REZENDE PEREIRA,55469295613,1993-10-03,M,10893037526,Técnico de manutenção eletrônica,313205,2022-04-26,2022-07-25,CLT,6160.00,16722761000197,MAO-01,Fábrica Distrito Industrial,69075982,Rua São Pedro,2374,Aleixo,Manaus,AM,(92) 99611-3770,raimundo.pereira@jacamim.example,69088487,Avenida das Nações,1227,Cidade Nova,Manaus,AM
003386,VANESSA PINTO PEIXOTO,00937868167,2000-02-03,F,10265636333,Alimentador de linha de produção,784205,2024-11-30,2025-02-28,CLT,2110.00,16722761000197,MAO-01,Fábrica Distrito Industrial,69088316,Rua do Bosque,2488,Flores,Manaus,AM,(92) 98673-0805,vanessa.peixoto@jacamim.example,69088487,Avenida das Nações,1227,Cidade Nova,Manaus,AM
003387,BRUNA SIQUEIRA SALES,90061296074,1987-12-12,F,10572510239,Inspetor de qualidade,391205,2016-06-08,2016-09-06,CLT,3400.00,16722761000278,MAO-02,Centro de Distribuição,69090106,Rua das Orquídeas,1154,Parque Dez,Manaus,AM,(92) 99103-4651,bruna.sales@jacamim.example,69074116,Avenida Beira Rio,169,Cidade Nova,Manaus,AM
003388,ADRIANA CARVALHO LOPES,49599426576,1990-08-18,F,15949069820,Alimentador de linha de produção,784205,2026-02-02,2026-05-03,CLT,1880.00,16722761000278,MAO-02,Centro de Distribuição,69060125,Avenida Central,1524,Flores,Manaus,AM,(92) 98888-9657,adriana.lopes@jacamim.example,69074116,Avenida Beira Rio,169,Cidade Nova,Manaus,AM
003389,BRUNA QUEIROZ REZENDE,77068098118,1996-02-25,F,18325910698,Montador de eletrônicos,731110,2024-10-31,2025-01-29,CLT,2680.00,16722761000197,MAO-01,Fábrica Distrito Industrial,69002514,Rua dos Pinheiros Altos,189,Flores,Manaus,AM,(92) 98860-8015,bruna.rezende@jacamim.example,69088487,Avenida das Nações,1227,Cidade Nova,Manaus,AM
003390,LETÍCIA FERNANDES,45873075050,2003-04-11,F,11518595123,Montador de eletrônicos,731110,2025-05-12,2025-08-10,CLT,2080.00,16722761000197,MAO-01,Fábrica Distrito Industrial,69073373,Rua das Acácias,2339,Aleixo,Manaus,AM,(92) 98159-0155,leticia.fernandes@jacamim.example,69088487,Avenida das Nações,1227,Cidade Nova,Manaus,AM
003391,HELENA ALVES BARROS,34498519264,1979-05-16,F,13410098859,Técnico de manutenção eletrônica,313205,2018-11-06,2019-02-04,CLT,5090.00,16722761000278,MAO-02,Centro de Distribuição,69089954,Rua Nova,1548,Aleixo,Manaus,AM,(92) 99856-6993,helena.barros@jacamim.example,69074116,Avenida Beira Rio,169,Cidade Nova,Manaus,AM
003392,EMERSON SIQUEIRA,12072243327,1996-01-30,M,19431647582,Montador de eletrônicos,731110,2022-04-05,2022-07-04,CLT,2480.00,16722761000197,MAO-01,Fábrica Distrito Industrial,69054362,Avenida das Nações,915,Parque Dez,Manaus,AM,(92) 99771-2365,emerson.siqueira@jacamim.example,69088487,Avenida das Nações,1227,Cidade Nova,Manaus,AM
003393,IGOR COELHO,60226319202,1996-12-15,M,11548763641,Alimentador de linha de produção,784205,2025-09-04,2025-12-03,CLT,2340.00,16722761000197,MAO-01,Fábrica Distrito Industrial,69030994,Travessa da Paz,2721,Cidade Nova,Manaus,AM,(92) 99861-1061,igor.coelho@jacamim.example,69088487,Avenida das Nações,1227,Cidade Nova,Manaus,AM
003394,MARTA NEVES,10412448513,2001-07-21,F,10102161191,Montador de eletrônicos,731110,2025-08-06,2025-11-04,CLT,2480.00,16722761000197,MAO-01,Fábrica Distrito Industrial,69083652,Rua das Andorinhas,2609,Distrito Industrial,Manaus,AM,(92) 99910-3947,marta.neves@jacamim.example,69088487,Avenida das Nações,1227,Cidade Nova,Manaus,AM
003395,GABRIEL RIBEIRO,72108702105,1987-05-28,M,18696403791,Montador de eletrônicos,731110,2019-11-20,2020-02-18,CLT,2080.00,16722761000278,MAO-02,Centro de Distribuição,69051086,Rua do Bosque,2522,Distrito Industrial,Manaus,AM,(92) 99063-3201,gabriel.ribeiro@jacamim.example,69074116,Avenida Beira Rio,169,Cidade Nova,Manaus,AM
003396,RENATA PEREIRA,07521860780,1986-10-22,F,11061959630,Técnico de manutenção eletrônica,313205,2019-06-07,2019-09-05,CLT,5090.00,16722761000197,MAO-01,Fábrica Distrito Industrial,69015311,Rua do Comércio,658,Cidade Nova,Manaus,AM,(92) 98306-4166,renata.pereira@jacamim.example,69088487,Avenida das Nações,1227,Cidade Nova,Manaus,AM
003397,SABRINA ARAÚJO MARQUES,52233200691,1990-05-28,F,10982896406,Alimentador de linha de produção,784205,2021-09-26,2021-12-25,CLT,1880.00,16722761000197,MAO-01,Fábrica Distrito Industrial,69046068,Avenida das Nações,2544,Cidade Nova,Manaus,AM,(92) 99202-8824,sabrina.marques@jacamim.example,69088487,Avenida das Nações,1227,Cidade Nova,Manaus,AM
003398,DIEGO ARAÚJO,43560563020,1988-01-26,M,18356322313,Inspetor de qualidade,391205,2026-02-10,2026-05-11,CLT,3400.00,16722761000197,MAO-01,Fábrica Distrito Industrial,69047584,Rua do Comércio,299,Aleixo,Manaus,AM,(92) 99779-5495,diego.araujo@jacamim.example,69088487,Avenida das Nações,1227,Cidade Nova,Manaus,AM
003399,RAFAEL LEITE,63470450285,1978-03-28,M,12177231827,Operador de empilhadeira,782220,2023-12-06,2024-03-05,CLT,2500.00,16722761000197,MAO-01,Fábrica Distrito Industrial,69063215,Rua da Liberdade,2750,Distrito Industrial,Manaus,AM,(92) 98545-9962,rafael.leite@jacamim.example,69088487,Avenida das Nações,1227,Cidade Nova,Manaus,AM
003400,FLÁVIA SOUZA,67905337103,1999-02-01,F,18840924560,Montador de eletrônicos,731110,2026-03-30,2026-06-28,CLT,2080.00,16722761000278,MAO-02,Centro de Distribuição,69011294,Rua Nova,1151,Cidade Nova,Manaus,AM,(92) 99971-2483,flavia.souza@jacamim.example,69074116,Avenida Beira Rio,169,Cidade Nova,Manaus,AM
003401,LETÍCIA LOPES,46957317200,2000-09-16,F,13288859565,Assistente administrativo,411010,2024-07-20,2024-10-18,CLT,2650.00,16722761000197,MAO-01,Fábrica Distrito Industrial,69042831,Avenida Beira Rio,1045,Parque Dez,Manaus,AM,(92) 99097-5130,leticia.lopes@jacamim.example,69088487,Avenida das Nações,1227,Cidade Nova,Manaus,AM
003402,TEREZA VIEIRA,23096876770,1996-11-10,F,19620146754,Almoxarife,414105,2021-05-25,2021-08-23,CLT,3110.00,16722761000197,MAO-01,Fábrica Distrito Industrial,69018725,Rua Santa Clara,25,Distrito Industrial,Manaus,AM,(92) 98641-9574,tereza.vieira@jacamim.example,69088487,Avenida das Nações,1227,Cidade Nova,Manaus,AM
003403,SAMUEL CARDOSO BEZERRA,54248219794,1995-06-06,M,11928269983,Alimentador de linha de produção,784205,2018-04-30,2018-07-29,CLT,2340.00,16722761000278,MAO-02,Centro de Distribuição,69093316,Rua do Comércio,1856,Distrito Industrial,Manaus,AM,(92) 98965-0838,samuel.bezerra@jacamim.example,69074116,Avenida Beira Rio,169,Cidade Nova,Manaus,AM
003404,FRANCISCA FERNANDES SALES,20948768371,1994-06-22,F,14307226040,Faxineiro,514320,2018-02-14,2018-05-15,CLT,1630.00,16722761000197,MAO-01,Fábrica Distrito Industrial,69028458,Rua Nova,904,Flores,Manaus,AM,(92) 98372-9179,francisca.sales@jacamim.example,69088487,Avenida das Nações,1227,Cidade Nova,Manaus,AM
003405,SABRINA RAMOS SANTANA,47125610684,1990-08-06,F,13938477362,Alimentador de linha de produção,784205,2022-02-08,2022-05-09,CLT,2110.00,16722761000197,MAO-01,Fábrica Distrito Industrial,69077963,Rua do Bosque,511,Japiim,Manaus,AM,(92) 98413-9708,sabrina.santana@jacamim.example,69088487,Avenida das Nações,1227,Cidade Nova,Manaus,AM
003406,OTÁVIO CAMPOS BEZERRA,03324859000,1984-09-30,M,16431568535,Alimentador de linha de produção,784205,2025-03-02,2025-05-31,CLT,2570.00,16722761000197,MAO-01,Fábrica Distrito Industrial,69042488,Travessa da Paz,2046,Japiim,Manaus,AM,(92) 99431-7292,otavio.bezerra@jacamim.example,69088487,Avenida das Nações,1227,Cidade Nova,Manaus,AM
003407,MARCELO FARIAS CASTRO,55198164682,1981-04-05,M,14703052383,Alimentador de linha de produção,784205,2025-02-02,2025-05-03,CLT,1880.00,16722761000278,MAO-02,Centro de Distribuição,69082140,Rua das Flores do Campo,527,Distrito Industrial,Manaus,AM,(92) 98765-8139,marcelo.castro@jacamim.example,69074116,Avenida Beira Rio,169,Cidade Nova,Manaus,AM
003408,GABRIELA GONÇALVES ALVES,90226454444,1989-07-29,F,19813253066,Montador de eletrônicos,731110,2020-01-16,2020-04-15,CLT,2080.00,16722761000197,MAO-01,Fábrica Distrito Industrial,69044881,Rua das Acácias,512,Parque Dez,Manaus,AM,(92) 98537-8200,gabriela.alves@jacamim.example,69088487,Avenida das Nações,1227,Cidade Nova,Manaus,AM
003409,ADRIANA FREITAS CORREIA,25362609092,1990-02-11,F,12243311115,Assistente administrativo,411010,2021-12-21,2022-03-21,CLT,3200.00,16722761000197,MAO-01,Fábrica Distrito Industrial,69013758,Rua da Alvorada,1013,Parque Dez,Manaus,AM,(92) 99391-7428,adriana.correia@jacamim.example,69088487,Avenida das Nações,1227,Cidade Nova,Manaus,AM
003410,FÁBIO VIANA MOREIRA,61200807910,1995-03-27,M,19952441058,Técnico de manutenção eletrônica,313205,2023-10-19,2024-01-17,CLT,4030.00,16722761000197,MAO-01,Fábrica Distrito Industrial,69040105,Rua das Acácias,326,Parque Dez,Manaus,AM,(92) 98997-7297,fabio.moreira@jacamim.example,69088487,Avenida das Nações,1227,Cidade Nova,Manaus,AM
003411,LUIZ SILVA,92390097367,1977-12-31,M,16525969768,Montador de eletrônicos,731110,2026-02-04,2026-05-05,CLT,2280.00,16722761000197,MAO-01,Fábrica Distrito Industrial,69068088,Rua das Violetas,2211,Japiim,Manaus,AM,(92) 98959-9687,luiz.silva@jacamim.example,69088487,Avenida das Nações,1227,Cidade Nova,Manaus,AM
003412,RICARDO NEVES FARIAS,25115828480,1980-12-04,M,16977310074,Alimentador de linha de produção,784205,2019-09-23,2019-12-22,CLT,2110.00,16722761000197,MAO-01,Fábrica Distrito Industrial,69043963,Rua da Alvorada,2234,Aleixo,Manaus,AM,(92) 99133-6352,ricardo.farias@jacamim.example,69088487,Avenida das Nações,1227,Cidade Nova,Manaus,AM
003413,ROSANA ANDRADE,90453439403,1994-02-16,F,16759779824,Alimentador de linha de produção,784205,2024-04-18,2024-07-17,CLT,2570.00,16722761000278,MAO-02,Centro de Distribuição,69014665,Rua das Violetas,1944,Distrito Industrial,Manaus,AM,(92) 98787-7192,rosana.andrade@jacamim.example,69074116,Avenida Beira Rio,169,Cidade Nova,Manaus,AM
003414,ELAINE GOMES REZENDE,70001415140,1994-03-03,F,19768971096,Montador de eletrônicos,731110,2024-12-21,2025-03-21,CLT,2480.00,16722761000197,MAO-01,Fábrica Distrito Industrial,69008727,Rua das Violetas,205,Distrito Industrial,Manaus,AM,(92) 99379-7179,elaine.rezende@jacamim.example,69088487,Avenida das Nações,1227,Cidade Nova,Manaus,AM
003415,EDUARDA LOPES,40368553442,1976-05-22,F,19288628373,Montador de eletrônicos,731110,2016-12-09,2017-03-09,CLT,2680.00,16722761000197,MAO-01,Fábrica Distrito Industrial,69028711,Travessa da Paz,11,Flores,Manaus,AM,(92) 99883-5893,eduarda.lopes@jacamim.example,69088487,Avenida das Nações,1227,Cidade Nova,Manaus,AM
003416,PRISCILA SOUZA,02364423503,1991-05-31,F,12882923190,Montador de eletrônicos,731110,2021-03-26,2021-06-24,CLT,2080.00,16722761000197,MAO-01,Fábrica Distrito Industrial,69056394,Rua das Mangueiras,99,Flores,Manaus,AM,(92) 99159-3043,priscila.souza@jacamim.example,69088487,Avenida das Nações,1227,Cidade Nova,Manaus,AM
003417,CRISTIANE ALVES MOREIRA,35423315034,1996-09-25,F,14135810380,Montador de eletrônicos,731110,2019-08-30,2019-11-28,CLT,2480.00,16722761000197,MAO-01,Fábrica Distrito Industrial,69061068,Rua do Mirante,1694,Distrito Industrial,Manaus,AM,(92) 98725-9499,cristiane.moreira@jacamim.example,69088487,Avenida das Nações,1227,Cidade Nova,Manaus,AM
003418,KARINA FARIAS TEIXEIRA,82404864602,1997-04-09,F,17691764650,Montador de eletrônicos,731110,2024-11-10,2025-02-08,CLT,2680.00,16722761000197,MAO-01,Fábrica Distrito Industrial,69001967,Rua São Pedro,571,Parque Dez,Manaus,AM,(92) 99266-5367,karina.teixeira@jacamim.example,69088487,Avenida das Nações,1227,Cidade Nova,Manaus,AM
003419,DIEGO ANDRADE LIMA,95481089335,1997-12-05,M,10839731018,Inspetor de qualidade,391205,2026-02-15,2026-05-16,CLT,3400.00,16722761000278,MAO-02,Centro de Distribuição,69059308,Rua das Gaivotas,697,Distrito Industrial,Manaus,AM,(92) 99722-2005,diego.lima@jacamim.example,69074116,Avenida Beira Rio,169,Cidade Nova,Manaus,AM
003420,PAULO MACHADO VIEIRA,51900418240,1992-06-15,M,13361834946,Alimentador de linha de produção,784205,2024-08-16,2024-11-14,CLT,2570.00,16722761000197,MAO-01,Fábrica Distrito Industrial,69001640,Travessa da Paz,2538,Parque Dez,Manaus,AM,(92) 99176-2226,paulo.vieira@jacamim.example,69088487,Avenida das Nações,1227,Cidade Nova,Manaus,AM
003421,OLÍVIA LIMA,38272427460,1999-02-25,F,12656048394,Assistente administrativo,411010,2020-04-23,2020-07-22,CLT,2920.00,16722761000197,MAO-01,Fábrica Distrito Industrial,69005628,Rua do Sol Nascente,1248,Cidade Nova,Manaus,AM,(92) 98445-7271,olivia.lima@jacamim.example,69088487,Avenida das Nações,1227,Cidade Nova,Manaus,AM
003422,CAMILA BARBOSA,72286947830,1986-04-24,F,12374499895,Almoxarife,414105,2017-07-05,2017-10-03,CLT,2800.00,16722761000197,MAO-01,Fábrica Distrito Industrial,69061868,Rua das Acácias,1174,Japiim,Manaus,AM,(92) 98332-6775,camila.barbosa@jacamim.example,69088487,Avenida das Nações,1227,Cidade Nova,Manaus,AM
003423,EDUARDO MAGALHÃES,65396546263,1988-11-22,M,10351218354,Montador de eletrônicos,731110,2026-05-31,,CLT,2680.00,16722761000197,MAO-01,Fábrica Distrito Industrial,69069052,Rua dos Girassóis,835,Flores,Manaus,AM,(92) 99264-8616,eduardo.magalhaes@jacamim.example,69088487,Avenida das Nações,1227,Cidade Nova,Manaus,AM
003424,VALÉRIA MOREIRA MACEDO,35855805131,1993-07-31,F,14605022433,Técnico de manutenção eletrônica,313205,2023-03-15,2023-06-13,CLT,7220.00,16722761000197,MAO-01,Fábrica Distrito Industrial,69013680,Rua dos Girassóis,1274,Aleixo,Manaus,AM,(92) 99591-9035,valeria.macedo@jacamim.example,69088487,Avenida das Nações,1227,Cidade Nova,Manaus,AM
003425,SÉRGIO XAVIER CAMPOS,47922699620,2005-04-07,M,16660494557,Alimentador de linha de produção,784205,2026-03-19,2026-06-17,CLT,2570.00,16722761000197,MAO-01,Fábrica Distrito Industrial,69022447,Rua Santa Clara,312,Distrito Industrial,Manaus,AM,(92) 99450-6561,sergio.campos@jacamim.example,69088487,Avenida das Nações,1227,Cidade Nova,Manaus,AM
003426,SABRINA ROCHA MACEDO,86882267332,2001-04-11,F,17077787580,Técnico de manutenção eletrônica,313205,2024-05-21,2024-08-19,CLT,5090.00,16722761000197,MAO-01,Fábrica Distrito Industrial,69055783,Rua dos Cravos,455,Cidade Nova,Manaus,AM,(92) 99736-9126,sabrina.macedo@jacamim.example,69088487,Avenida das Nações,1227,Cidade Nova,Manaus,AM
003427,TIAGO MIRANDA,06766116480,1993-12-02,M,14640514752,Montador de eletrônicos,731110,2025-12-22,2026-03-22,CLT,2280.00,16722761000278,MAO-02,Centro de Distribuição,69044536,Rua da Esperança,1460,Parque Dez,Manaus,AM,(92) 99312-2453,tiago.miranda@jacamim.example,69074116,Avenida Beira Rio,169,Cidade Nova,Manaus,AM
003428,GIOVANA RIBEIRO,22601324139,1993-07-18,F,13760957670,Faxineiro,514320,2023-05-10,2023-08-08,CLT,1770.00,16722761000197,MAO-01,Fábrica Distrito Industrial,69009285,Rua dos Cravos,713,Flores,Manaus,AM,(92) 98304-5121,giovana.ribeiro@jacamim.example,69088487,Avenida das Nações,1227,Cidade Nova,Manaus,AM
003429,OTÁVIO MIRANDA,02788368607,1990-10-02,M,15571958044,Montador de eletrônicos,731110,2013-01-26,2013-04-26,CLT,2680.00,16722761000197,MAO-01,Fábrica Distrito Industrial,69080787,Rua da Esperança,1056,Distrito Industrial,Manaus,AM,(92) 98954-0758,otavio.miranda@jacamim.example,69088487,Avenida das Nações,1227,Cidade Nova,Manaus,AM
003430,TEREZA PINTO,52103996801,1990-12-07,F,12878538302,Técnico de manutenção eletrônica,313205,2021-10-21,2022-01-19,CLT,4030.00,16722761000197,MAO-01,Fábrica Distrito Industrial,69051496,Rua dos Pinheiros Altos,644,Aleixo,Manaus,AM,(92) 99312-6485,tereza.pinto@jacamim.example,69088487,Avenida das Nações,1227,Cidade Nova,Manaus,AM
003431,VINÍCIUS ARAÚJO,57224839078,1993-02-04,M,17413066360,Montador de eletrônicos,731110,2026-03-31,2026-06-29,CLT,2280.00,16722761000197,MAO-01,Fábrica Distrito Industrial,69096876,Rua do Horizonte,2608,Flores,Manaus,AM,(92) 98666-3115,vinicius.araujo@jacamim.example,69088487,Avenida das Nações,1227,Cidade Nova,Manaus,AM
003432,RAFAEL ROCHA,45580542119,1988-08-28,M,10201014378,Montador de eletrônicos,731110,2022-06-26,2022-09-24,CLT,2280.00,16722761000278,MAO-02,Centro de Distribuição,69057699,Rua do Sol Nascente,446,Aleixo,Manaus,AM,(92) 98812-8141,rafael.rocha@jacamim.example,69074116,Avenida Beira Rio,169,Cidade Nova,Manaus,AM
003433,VALÉRIA GUIMARÃES BRITO,73371186270,1984-05-28,F,16767878922,Faxineiro,514320,2026-03-04,2026-06-02,CLT,1910.00,16722761000278,MAO-02,Centro de Distribuição,69022682,Rua do Horizonte,1891,Distrito Industrial,Manaus,AM,(92) 98794-5998,valeria.brito@jacamim.example,69074116,Avenida Beira Rio,169,Cidade Nova,Manaus,AM
003434,HENRIQUE NASCIMENTO CARDOSO,92794842579,1991-07-08,M,15871815815,Técnico de manutenção eletrônica,313205,2025-05-19,2025-08-17,CLT,6160.00,16722761000197,MAO-01,Fábrica Distrito Industrial,69059364,Avenida das Nações,985,Parque Dez,Manaus,AM,(92) 98171-3783,henrique.cardoso@jacamim.example,69088487,Avenida das Nações,1227,Cidade Nova,Manaus,AM
003435,JÚLIO MENDES PINTO,15619259420,1987-03-21,M,17930350525,Montador de eletrônicos,731110,2023-01-05,2023-04-05,CLT,2080.00,16722761000197,MAO-01,Fábrica Distrito Industrial,69078505,Rua dos Cravos,366,Flores,Manaus,AM,(92) 99398-0908,julio.pinto@jacamim.example,69088487,Avenida das Nações,1227,Cidade Nova,Manaus,AM
003436,DIEGO MAGALHÃES COELHO,73747629334,1985-09-30,M,14072156514,Inspetor de qualidade,391205,2026-04-10,,CLT,4130.00,16722761000197,MAO-01,Fábrica Distrito Industrial,69070536,Rua das Acácias,520,Japiim,Manaus,AM,(92) 98795-7788,diego.coelho@jacamim.example,69088487,Avenida das Nações,1227,Cidade Nova,Manaus,AM
003437,VANESSA MACEDO RODRIGUES,36660817549,2001-03-17,F,19944761885,Gerente administrativo,142105,2024-12-17,2025-03-17,CLT,10370.00,16722761000278,MAO-02,Centro de Distribuição,69093267,Rua da Esperança,272,Parque Dez,Manaus,AM,(92) 98351-2421,vanessa.rodrigues@jacamim.example,69074116,Avenida Beira Rio,169,Cidade Nova,Manaus,AM
003438,ALINE CAVALCANTI MARQUES,43377039503,1998-01-18,F,13000886749,Alimentador de linha de produção,784205,2025-03-29,2025-06-27,CLT,2570.00,16722761000278,MAO-02,Centro de Distribuição,69050853,Rua da Liberdade,1355,Flores,Manaus,AM,(92) 98178-6934,aline.marques@jacamim.example,69074116,Avenida Beira Rio,169,Cidade Nova,Manaus,AM
003439,LETÍCIA CAVALCANTI RIBEIRO,02049894007,1994-01-16,F,17952252261,Montador de eletrônicos,731110,2018-10-13,2019-01-11,CLT,2080.00,16722761000197,MAO-01,Fábrica Distrito Industrial,69026478,Rua dos Girassóis,639,Distrito Industrial,Manaus,AM,(92) 99220-6285,leticia.ribeiro@jacamim.example,69088487,Avenida das Nações,1227,Cidade Nova,Manaus,AM
003440,NATÁLIA CASTRO MAGALHÃES,38837826613,1992-10-28,F,16041965705,Técnico de manutenção eletrônica,313205,2020-10-29,2021-01-27,CLT,5090.00,16722761000278,MAO-02,Centro de Distribuição,69042467,Rua do Mirante,476,Cidade Nova,Manaus,AM,(92) 99834-9720,natalia.magalhaes@jacamim.example,69074116,Avenida Beira Rio,169,Cidade Nova,Manaus,AM
003441,LETÍCIA QUEIROZ,40510747817,1999-05-15,F,17955777434,Técnico em segurança do trabalho,351605,2022-08-02,2022-10-31,CLT,5180.00,16722761000278,MAO-02,Centro de Distribuição,69064885,Rua Três Marias,318,Japiim,Manaus,AM,(92) 99624-1720,leticia.queiroz@jacamim.example,69074116,Avenida Beira Rio,169,Cidade Nova,Manaus,AM
003442,DÉBORA MOREIRA,65388214214,1997-11-08,F,11816968948,Montador de eletrônicos,731110,2017-12-14,2018-03-14,CLT,2480.00,16722761000197,MAO-01,Fábrica Distrito Industrial,69018554,Rua da Alvorada,1090,Parque Dez,Manaus,AM,(92) 99784-8043,debora.moreira@jacamim.example,69088487,Avenida das Nações,1227,Cidade Nova,Manaus,AM
003443,AMANDA BRITO RODRIGUES,21057945218,1985-03-27,F,12219860883,Montador de eletrônicos,731110,2023-08-04,2023-11-02,CLT,2080.00,16722761000197,MAO-01,Fábrica Distrito Industrial,69032268,Rua do Horizonte,270,Flores,Manaus,AM,(92) 98756-8331,amanda.rodrigues@jacamim.example,69088487,Avenida das Nações,1227,Cidade Nova,Manaus,AM
003444,PATRÍCIA LOPES CARVALHO,64141456020,1994-07-05,F,18110537422,Montador de eletrônicos,731110,2024-11-24,2025-02-22,CLT,2680.00,16722761000197,MAO-01,Fábrica Distrito Industrial,69046898,Rua Nova,202,Flores,Manaus,AM,(92) 99317-3385,patricia.carvalho@jacamim.example,69088487,Avenida das Nações,1227,Cidade Nova,Manaus,AM
003445,ROBERTO MACHADO SOARES,02442941864,1986-03-03,M,11215424409,Alimentador de linha de produção,784205,2022-09-30,2022-12-29,CLT,2570.00,16722761000278,MAO-02,Centro de Distribuição,69006853,Rua do Bosque,663,Japiim,Manaus,AM,(92) 99170-4188,roberto.soares@jacamim.example,69074116,Avenida Beira Rio,169,Cidade Nova,Manaus,AM
003446,PRISCILA BARROS SANTOS,89510274062,1980-09-11,F,16588376695,Montador de eletrônicos,731110,2014-01-21,2014-04-21,CLT,2280.00,16722761000278,MAO-02,Centro de Distribuição,69064272,Rua do Horizonte,463,Cidade Nova,Manaus,AM,(92) 99893-3180,priscila.santos@jacamim.example,69074116,Avenida Beira Rio,169,Cidade Nova,Manaus,AM
003447,DIEGO REZENDE,44837839711,1996-08-01,M,17039366749,Assistente administrativo,411010,2024-11-27,2025-02-25,CLT,3200.00,16722761000197,MAO-01,Fábrica Distrito Industrial,69077239,Rua do Comércio,212,Japiim,Manaus,AM,(92) 98320-2716,diego.rezende@jacamim.example,69088487,Avenida das Nações,1227,Cidade Nova,Manaus,AM
003448,ALINE MARQUES FERREIRA,40872337235,1999-09-06,F,11536088294,Assistente administrativo,411010,2024-02-13,2024-05-13,CLT,2650.00,16722761000197,MAO-01,Fábrica Distrito Industrial,69058130,Rua do Mirante,876,Japiim,Manaus,AM,(92) 99170-3631,aline.ferreira@jacamim.example,69088487,Avenida das Nações,1227,Cidade Nova,Manaus,AM
003449,NATÁLIA MONTEIRO REZENDE,94806524808,1999-11-06,F,10056653808,Montador de eletrônicos,731110,2026-02-02,2026-05-03,CLT,2480.00,16722761000197,MAO-01,Fábrica Distrito Industrial,69058662,Rua das Hortênsias,489,Japiim,Manaus,AM,(92) 98312-6108,natalia.rezende@jacamim.example,69088487,Avenida das Nações,1227,Cidade Nova,Manaus,AM
003450,EDUARDA GONÇALVES RODRIGUES,99268928760,1979-02-09,F,19794570280,Inspetor de qualidade,391205,2021-09-26,2021-12-25,CLT,3400.00,16722761000197,MAO-01,Fábrica Distrito Industrial,69045374,Rua dos Girassóis,2080,Cidade Nova,Manaus,AM,(92) 99247-5097,eduarda.rodrigues@jacamim.example,69088487,Avenida das Nações,1227,Cidade Nova,Manaus,AM
003451,WAGNER RAMOS MARTINS,72660640823,1990-10-30,M,10699557044,Técnico de manutenção eletrônica,313205,2025-11-17,2026-02-15,CLT,5090.00,16722761000197,MAO-01,Fábrica Distrito Industrial,69028247,Rua do Bosque,1305,Parque Dez,Manaus,AM,(92) 98386-5407,wagner.martins@jacamim.example,69088487,Avenida das Nações,1227,Cidade Nova,Manaus,AM
003452,TATIANE TAVARES,48563606980,1986-08-17,F,10781016191,Montador de eletrônicos,731110,2015-04-08,2015-07-07,CLT,2280.00,16722761000197,MAO-01,Fábrica Distrito Industrial,69004842,Rua do Cruzeiro,1092,Flores,Manaus,AM,(92) 99596-5907,tatiane.tavares@jacamim.example,69088487,Avenida das Nações,1227,Cidade Nova,Manaus,AM
003453,LÚCIA CASTRO,50600047750,1991-02-21,F,18196508744,Montador de eletrônicos,731110,2026-06-06,,CLT,2680.00,16722761000278,MAO-02,Centro de Distribuição,69082727,Rua das Andorinhas,675,Cidade Nova,Manaus,AM,(92) 98519-9604,lucia.castro@jacamim.example,69074116,Avenida Beira Rio,169,Cidade Nova,Manaus,AM
003454,FERNANDA CAVALCANTI FARIAS,95266339381,1989-07-18,F,18039687194,Alimentador de linha de produção,784205,2023-05-09,2023-08-07,CLT,2110.00,16722761000197,MAO-01,Fábrica Distrito Industrial,69037744,Rua Nova,1379,Parque Dez,Manaus,AM,(92) 99777-6329,fernanda.farias@jacamim.example,69088487,Avenida das Nações,1227,Cidade Nova,Manaus,AM
003455,CARLOS MARTINS,62455485781,1998-10-01,M,19193261678,Montador de eletrônicos,731110,2022-12-22,2023-03-22,CLT,2680.00,16722761000278,MAO-02,Centro de Distribuição,69039664,Avenida das Nações,2775,Japiim,Manaus,AM,(92) 99915-2170,carlos.martins@jacamim.example,69074116,Avenida Beira Rio,169,Cidade Nova,Manaus,AM
003456,TEREZA BRITO,57831247025,1994-02-28,F,10351552869,Montador de eletrônicos,731110,2024-04-12,2024-07-11,CLT,2280.00,16722761000278,MAO-02,Centro de Distribuição,69062523,Rua da Esperança,2474,Flores,Manaus,AM,(92) 98366-2159,tereza.brito@jacamim.example,69074116,Avenida Beira Rio,169,Cidade Nova,Manaus,AM
003457,ALINE PEREIRA,13358865754,2001-05-28,F,16685940035,Operador de empilhadeira,782220,2022-06-24,2022-09-22,CLT,3160.00,16722761000197,MAO-01,Fábrica Distrito Industrial,69009430,Rua das Mangueiras,2220,Parque Dez,Manaus,AM,(92) 98229-5060,aline.pereira@jacamim.example,69088487,Avenida das Nações,1227,Cidade Nova,Manaus,AM
003458,FRANCISCA ALVES LIMA,49343587651,1997-03-13,F,13666885197,Montador de eletrônicos,731110,2018-06-01,2018-08-30,CLT,2280.00,16722761000197,MAO-01,Fábrica Distrito Industrial,69004946,Rua São Pedro,1486,Distrito Industrial,Manaus,AM,(92) 98188-1120,francisca.lima@jacamim.example,69088487,Avenida das Nações,1227,Cidade Nova,Manaus,AM
003459,ROSANA BRITO,14761214864,1999-07-04,F,19269055556,Técnico de manutenção eletrônica,313205,2025-03-23,2025-06-21,CLT,4030.00,16722761000197,MAO-01,Fábrica Distrito Industrial,69034531,Rua dos Cravos,121,Distrito Industrial,Manaus,AM,(92) 99617-6610,rosana.brito@jacamim.example,69088487,Avenida das Nações,1227,Cidade Nova,Manaus,AM
003460,DIEGO MARQUES,05756722858,1999-08-26,M,17010288732,Montador de eletrônicos,731110,2020-12-12,2021-03-12,CLT,2080.00,16722761000197,MAO-01,Fábrica Distrito Industrial,69087269,Rua das Andorinhas,2738,Japiim,Manaus,AM,(92) 99523-9801,diego.marques@jacamim.example,69088487,Avenida das Nações,1227,Cidade Nova,Manaus,AM
003461,SAMUEL MIRANDA,12455763056,1989-11-21,M,13044689709,Montador de eletrônicos,731110,2024-08-28,2024-11-26,CLT,2080.00,16722761000197,MAO-01,Fábrica Distrito Industrial,69077416,Rua das Gaivotas,1487,Distrito Industrial,Manaus,AM,(92) 98783-9344,samuel.miranda@jacamim.example,69088487,Avenida das Nações,1227,Cidade Nova,Manaus,AM
003462,PAULO CAMPOS,38304752336,1971-09-11,M,18765607520,Operador de empilhadeira,782220,2016-04-20,2016-07-19,CLT,2500.00,16722761000197,MAO-01,Fábrica Distrito Industrial,69046604,Rua dos Ipês Amarelos,514,Aleixo,Manaus,AM,(92) 99430-2072,paulo.campos@jacamim.example,69088487,Avenida das Nações,1227,Cidade Nova,Manaus,AM
003463,IGOR AGUIAR,26980550144,1999-03-28,M,10833580200,Montador de eletrônicos,731110,2025-09-02,2025-12-01,CLT,2480.00,16722761000197,MAO-01,Fábrica Distrito Industrial,69007930,Rua das Orquídeas,1680,Aleixo,Manaus,AM,(92) 98471-5486,igor.aguiar@jacamim.example,69088487,Avenida das Nações,1227,Cidade Nova,Manaus,AM
003464,SANDRA DIAS SOUZA,96339003443,1991-12-05,F,16371704184,Montador de eletrônicos,731110,2024-06-20,2024-09-18,CLT,2080.00,16722761000197,MAO-01,Fábrica Distrito Industrial,69068848,Rua da Liberdade,163,Flores,Manaus,AM,(92) 98341-2194,sandra.souza@jacamim.example,69088487,Avenida das Nações,1227,Cidade Nova,Manaus,AM
003465,CAROLINA TEIXEIRA PEREIRA,21356333214,1998-11-12,F,17915423933,Operador de empilhadeira,782220,2022-06-30,2022-09-28,CLT,2500.00,16722761000197,MAO-01,Fábrica Distrito Industrial,69038140,Rua das Violetas,1244,Distrito Industrial,Manaus,AM,(92) 99118-2553,carolina.pereira@jacamim.example,69088487,Avenida das Nações,1227,Cidade Nova,Manaus,AM
003466,HELENA ALMEIDA GONÇALVES,35550576007,1987-05-03,F,11783658920,Montador de eletrônicos,731110,2014-09-11,2014-12-10,CLT,2080.00,16722761000197,MAO-01,Fábrica Distrito Industrial,69033692,Rua dos Girassóis,206,Aleixo,Manaus,AM,(92) 99946-9344,helena.goncalves@jacamim.example,69088487,Avenida das Nações,1227,Cidade Nova,Manaus,AM
003467,VANESSA LOPES,84136129343,1983-08-13,F,13078676093,Operador de empilhadeira,782220,2024-07-11,2024-10-09,CLT,2830.00,16722761000278,MAO-02,Centro de Distribuição,69074138,Avenida Beira Rio,1604,Cidade Nova,Manaus,AM,(92) 99986-5583,vanessa.lopes@jacamim.example,69074116,Avenida Beira Rio,169,Cidade Nova,Manaus,AM
003468,KELLY TEIXEIRA FARIAS,85055980753,1983-07-10,F,17012410921,Alimentador de linha de produção,784205,2022-04-15,2022-07-14,CLT,2570.00,16722761000278,MAO-02,Centro de Distribuição,69060894,Rua Três Marias,1752,Flores,Manaus,AM,(92) 99566-3872,kelly.farias@jacamim.example,69074116,Avenida Beira Rio,169,Cidade Nova,Manaus,AM
003469,PEDRO CARDOSO REZENDE,30971160520,2005-08-01,M,19573790532,Montador de eletrônicos,731110,2024-07-29,2024-10-27,CLT,2480.00,16722761000197,MAO-01,Fábrica Distrito Industrial,69011107,Rua das Orquídeas,220,Distrito Industrial,Manaus,AM,(92) 98276-1503,pedro.rezende@jacamim.example,69088487,Avenida das Nações,1227,Cidade Nova,Manaus,AM
003470,OTÁVIO SOARES,48073451336,1987-09-14,M,18204169327,Montador de eletrônicos,731110,2023-05-16,2023-08-14,CLT,2480.00,16722761000197,MAO-01,Fábrica Distrito Industrial,69006874,Rua das Hortênsias,1858,Cidade Nova,Manaus,AM,(92) 99014-1281,otavio.soares@jacamim.example,69088487,Avenida das Nações,1227,Cidade Nova,Manaus,AM
003471,ANTÔNIO MENDES,83149600391,1995-09-26,M,16770973096,Montador de eletrônicos,731110,2024-02-05,2024-05-05,CLT,2080.00,16722761000197,MAO-01,Fábrica Distrito Industrial,69032276,Rua São Pedro,1492,Cidade Nova,Manaus,AM,(92) 98157-9341,antonio.mendes@jacamim.example,69088487,Avenida das Nações,1227,Cidade Nova,Manaus,AM
003472,RICARDO NASCIMENTO MONTEIRO,21906337292,1997-10-12,M,11922515634,Montador de eletrônicos,731110,2025-05-24,2025-08-22,CLT,2080.00,16722761000197,MAO-01,Fábrica Distrito Industrial,69005042,Rua da Liberdade,341,Distrito Industrial,Manaus,AM,(92) 99573-3909,ricardo.monteiro@jacamim.example,69088487,Avenida das Nações,1227,Cidade Nova,Manaus,AM
003473,CARLOS OLIVEIRA GUIMARÃES,62803662868,1986-02-22,M,15713804492,Assistente administrativo,411010,2022-06-02,2022-08-31,CLT,2650.00,16722761000197,MAO-01,Fábrica Distrito Industrial,69084210,Rua do Mirante,2700,Japiim,Manaus,AM,(92) 98213-8192,carlos.guimaraes@jacamim.example,69088487,Avenida das Nações,1227,Cidade Nova,Manaus,AM
003474,KAIQUE MIRANDA PAIVA,95411616425,1991-11-27,M,19561098646,Operador de empilhadeira,782220,2025-08-03,2025-11-01,CLT,3160.00,16722761000197,MAO-01,Fábrica Distrito Industrial,69032401,Rua dos Ipês Amarelos,875,Cidade Nova,Manaus,AM,(92) 98908-8621,kaique.paiva@jacamim.example,69088487,Avenida das Nações,1227,Cidade Nova,Manaus,AM
003475,DÉBORA MARTINS XAVIER,16850524364,1995-04-18,F,12763009202,Técnico de manutenção eletrônica,313205,2020-10-14,2021-01-12,CLT,5090.00,16722761000278,MAO-02,Centro de Distribuição,69021651,Rua Nova,186,Parque Dez,Manaus,AM,(92) 98464-6078,debora.xavier@jacamim.example,69074116,Avenida Beira Rio,169,Cidade Nova,Manaus,AM
003476,SABRINA LIMA,45671603200,1978-09-15,F,10282056088,Técnico de manutenção eletrônica,313205,2006-06-11,2006-09-09,CLT,5090.00,16722761000197,MAO-01,Fábrica Distrito Industrial,69093645,Avenida Central,1226,Cidade Nova,Manaus,AM,(92) 99630-4041,sabrina.lima@jacamim.example,69088487,Avenida das Nações,1227,Cidade Nova,Manaus,AM
003477,WAGNER NEVES RODRIGUES,55475084467,1990-01-27,M,14530123018,Técnico de manutenção eletrônica,313205,2024-12-13,2025-03-13,CLT,6160.00,16722761000197,MAO-01,Fábrica Distrito Industrial,69036177,Rua das Orquídeas,2770,Distrito Industrial,Manaus,AM,(92) 98939-8489,wagner.rodrigues@jacamim.example,69088487,Avenida das Nações,1227,Cidade Nova,Manaus,AM
003478,LUIZ MENDES CARVALHO,50460303902,1982-08-30,M,12441648531,Montador de eletrônicos,731110,2025-12-02,2026-03-02,CLT,2480.00,16722761000197,MAO-01,Fábrica Distrito Industrial,69085552,Rua dos Pinheiros Altos,601,Cidade Nova,Manaus,AM,(92) 98181-6667,luiz.carvalho@jacamim.example,69088487,Avenida das Nações,1227,Cidade Nova,Manaus,AM
003479,WAGNER RODRIGUES AGUIAR,40601610806,1979-11-11,M,18997451834,Almoxarife,414105,2014-06-05,2014-09-03,CLT,2180.00,16722761000197,MAO-01,Fábrica Distrito Industrial,69072032,Rua das Flores do Campo,1165,Distrito Industrial,Manaus,AM,(92) 99664-6350,wagner.aguiar@jacamim.example,69088487,Avenida das Nações,1227,Cidade Nova,Manaus,AM
003480,FÁBIO RODRIGUES,50471145467,1997-03-20,M,10529854978,Faxineiro,514320,2019-04-04,2019-07-03,CLT,1630.00,16722761000197,MAO-01,Fábrica Distrito Industrial,69024058,Rua do Bosque,1523,Japiim,Manaus,AM,(92) 99885-5976,fabio.rodrigues@jacamim.example,69088487,Avenida das Nações,1227,Cidade Nova,Manaus,AM
003481,VINÍCIUS FREITAS FARIAS,00984757970,1996-08-31,M,12363385241,Montador de eletrônicos,731110,2022-02-26,2022-05-27,CLT,2080.00,16722761000197,MAO-01,Fábrica Distrito Industrial,69009422,Rua da Alvorada,468,Distrito Industrial,Manaus,AM,(92) 98270-0896,vinicius.farias@jacamim.example,69088487,Avenida das Nações,1227,Cidade Nova,Manaus,AM
003482,DÉBORA PAIVA,04316190938,1993-09-19,F,11562009114,Faxineiro,514320,2025-04-12,2025-07-11,CLT,1630.00,16722761000197,MAO-01,Fábrica Distrito Industrial,69046982,Rua das Flores do Campo,2420,Aleixo,Manaus,AM,(92) 99038-4225,debora.paiva@jacamim.example,69088487,Avenida das Nações,1227,Cidade Nova,Manaus,AM
003483,JÉSSICA CAVALCANTI,39112201898,1984-05-16,F,16465933243,Faxineiro,514320,2024-06-02,2024-08-31,CLT,1770.00,16722761000278,MAO-02,Centro de Distribuição,69044508,Rua das Hortênsias,2640,Distrito Industrial,Manaus,AM,(92) 99300-4708,jessica.cavalcanti@jacamim.example,69074116,Avenida Beira Rio,169,Cidade Nova,Manaus,AM
003484,FERNANDA CASTRO,24556001226,1994-09-08,F,19472296499,Operador de empilhadeira,782220,2026-05-18,,CLT,2830.00,16722761000197,MAO-01,Fábrica Distrito Industrial,69086302,Rua do Mirante,1805,Japiim,Manaus,AM,(92) 99908-2074,fernanda.castro@jacamim.example,69088487,Avenida das Nações,1227,Cidade Nova,Manaus,AM
003485,MARCELO TAVARES BRITO,10741033356,1984-08-14,M,17573435354,Assistente administrativo,411010,2018-03-17,2018-06-15,CLT,2920.00,16722761000197,MAO-01,Fábrica Distrito Industrial,69089568,Rua da Alvorada,2700,Flores,Manaus,AM,(92) 98429-0667,marcelo.brito@jacamim.example,69088487,Avenida das Nações,1227,Cidade Nova,Manaus,AM
003486,SANDRA VIANA SOARES,89873791329,1989-12-18,F,17615229858,Operador de empilhadeira,782220,2026-02-24,2026-05-25,CLT,2500.00,16722761000197,MAO-01,Fábrica Distrito Industrial,69021588,Rua da Liberdade,199,Distrito Industrial,Manaus,AM,(92) 99344-7681,sandra.soares@jacamim.example,69088487,Avenida das Nações,1227,Cidade Nova,Manaus,AM
003487,KARINA VIEIRA PACHECO,74774040371,1975-12-13,F,12413367582,Alimentador de linha de produção,784205,2022-02-22,2022-05-23,CLT,1880.00,16722761000278,MAO-02,Centro de Distribuição,69061474,Rua das Palmeiras,2539,Distrito Industrial,Manaus,AM,(92) 98570-7243,karina.pacheco@jacamim.example,69074116,Avenida Beira Rio,169,Cidade Nova,Manaus,AM
003488,JÉSSICA SANTOS TEIXEIRA,19240282122,1995-03-23,F,10786338531,Técnico de manutenção eletrônica,313205,2019-08-05,2019-11-03,CLT,5090.00,16722761000197,MAO-01,Fábrica Distrito Industrial,69044730,Rua do Sol Nascente,1082,Flores,Manaus,AM,(92) 99387-7972,jessica.teixeira@jacamim.example,69088487,Avenida das Nações,1227,Cidade Nova,Manaus,AM
003489,ALINE VIANA,21759768740,1984-01-15,F,15588155948,Assistente administrativo,411010,2024-08-10,2024-11-08,CLT,2920.00,16722761000278,MAO-02,Centro de Distribuição,69099533,Rua das Palmeiras,1668,Flores,Manaus,AM,(92) 98430-4044,aline.viana@jacamim.example,69074116,Avenida Beira Rio,169,Cidade Nova,Manaus,AM
003490,KELLY TEIXEIRA REZENDE,47476561970,1986-07-17,F,13296550260,Assistente administrativo,411010,2023-09-03,2023-12-02,CLT,2920.00,16722761000278,MAO-02,Centro de Distribuição,69068005,Rua do Cruzeiro,1733,Distrito Industrial,Manaus,AM,(92) 99926-9771,kelly.rezende@jacamim.example,69074116,Avenida Beira Rio,169,Cidade Nova,Manaus,AM
003491,TATIANE AGUIAR,89818995171,1989-10-03,F,14648627499,Montador de eletrônicos,731110,2016-04-14,2016-07-13,CLT,2080.00,16722761000197,MAO-01,Fábrica Distrito Industrial,69001398,Rua das Mangueiras,667,Flores,Manaus,AM,(92) 98641-1141,tatiane.aguiar@jacamim.example,69088487,Avenida das Nações,1227,Cidade Nova,Manaus,AM
