bloco_id;combinacao;empresa_id;tipo;canal;caso_do_destaque;conjunto;posicao;e_titulo;fontes;situacao;afirmacoes;sustentadas_pela_fonte;sustentadas_em_outro_trecho;inventadas;sem_segundo_veredito;fidelidade;fidelidade_ao_catalogo;rotulo_do_juiz;custo_usd;tokens_entrada;tokens_saida;erro;texto;detalhes
C01258-0;C01258;EMP003;lembrete_conta;whatsapp;fora_do_catalogo;um;0;sim;[];medido;3;2;0;1;0;0.666667;0.666667;em parte;0.001347;1571;293;;Brisa Tecnologia Ltda.: aproveite os benefícios do banco parceiro da folha 🎯;"[{""afirmacao"": ""Brisa Tecnologia Ltda. oferece benefícios."", ""veredito"": 1, ""motivo"": ""O contexto menciona explicitamente o \""Pacote de benefícios Brisa v2\"" e que a empresa Brisa Tecnologia Ltda. assina o material para seu time.""}, {""afirmacao"": ""Brisa Tecnologia Ltda. possui um banco parceiro para a folha de pagamento."", ""veredito"": 1, ""motivo"": ""O contexto afirma que \""O banco é o parceiro da folha de pagamento da empresa\"", referindo-se à Brisa Tecnologia Ltda.""}, {""afirmacao"": ""O trecho menciona um convite para aproveitar os benefícios do banco parceiro da folha de pagamento."", ""veredito"": 0, ""motivo"": ""O contexto não menciona nenhum convite explícito para aproveitar os benefícios, apenas descreve o programa e como funciona."", ""veredito_no_catalogo"": 0, ""motivo_no_catalogo"": ""O contexto não menciona nenhum convite explícito para aproveitar os benefícios, apenas descreve o programa e como funciona.""}]"
C01258-1;C01258;EMP003;lembrete_conta;whatsapp;fora_do_catalogo;um;1;nao;"[""Pacote de benefícios Brisa v2 › Programa de relacionamento por passos""]";medido;9;9;0;0;0;1.000000;1.000000;fiel;0.002125;1610;751;;Oi, time da Brisa! 👋 A Brisa Tecnologia Ltda. tem parceria com o Santander na folha de pagamento — e usar a conta no dia a dia vira passos que liberam benefícios escolhidos por você. Salário na conta, débito automático, cartão e investimentos contam passos.;"[{""afirmacao"": ""A Brisa Tecnologia Ltda. possui uma parceria com o Santander."", ""veredito"": 1, ""motivo"": ""O contexto afirma que o banco é o parceiro da folha de pagamento da empresa Brisa Tecnologia Ltda.""}, {""afirmacao"": ""A parceria da Brisa Tecnologia Ltda. com o Santander envolve a folha de pagamento."", ""veredito"": 1, ""motivo"": ""O contexto menciona explicitamente que o banco é o parceiro da folha de pagamento da empresa Brisa Tecnologia Ltda.""}, {""afirmacao"": ""O uso da conta Santander no dia a dia pela equipe da Brisa Tecnologia Ltda. gera passos."", ""veredito"": 1, ""motivo"": ""O contexto afirma que usar a conta no dia a dia vira passos, e a Brisa Tecnologia Ltda. assina o material para o próprio time, implicando que a equipe usa a conta.""}, {""afirmacao"": ""Os passos gerados pelo uso da conta Santander liberam benefícios."", ""veredito"": 1, ""motivo"": ""O contexto afirma que usar a conta no dia a dia vira passos, e os passos liberam benefícios.""}, {""afirmacao"": ""Os benefícios liberados pelos passos são escolhidos pela equipe da Brisa Tecnologia Ltda."", ""veredito"": 1, ""motivo"": ""O contexto afirma que os passos liberam benefícios escolhidos por você, e o material é assinado pela Brisa Tecnologia Ltda. para o próprio time, implicando que a equipe escolhe os benefícios.""}, {""afirmacao"": ""O recebimento do salário na conta Santander conta como passos."", ""veredito"": 1, ""motivo"": ""O contexto menciona explicitamente que salário na conta conta passos.""}, {""afirmacao"": ""O uso de débito automático na conta Santander conta como passos."", ""veredito"": 1, ""motivo"": ""O contexto afirma que débito automático conta passos.""}, {""afirmacao"": ""O uso do cartão Santander conta como passos."", ""veredito"": 1, ""motivo"": ""O contexto menciona explicitamente que cartão conta passos.""}, {""afirmacao"": ""O uso de investimentos na conta Santander conta como passos."", ""veredito"": 1, ""motivo"": ""O contexto afirma que investimentos contam passos.""}]"
C01258-2;C01258;EMP003;lembrete_conta;whatsapp;fora_do_catalogo;um;2;nao;"[""Pacote de benefícios Brisa v2 › Programa de relacionamento por passos""]";medido;4;4;0;0;0;1.000000;1.000000;fiel;0.001362;1474;334;;Bateu a meta do mês, você escolhe o benefício. 🙌 A adesão ao programa é sem custo e fica disponível no aplicativo Santander, na área do programa de relacionamento.;"[{""afirmacao"": ""A conquista da meta do mês permite a escolha de um benefício."", ""veredito"": 1, ""motivo"": ""O contexto afirma explicitamente que \""Bateu a meta do mês, escolhe o benefício.\""""}, {""afirmacao"": ""A adesão ao programa não possui custo."", ""veredito"": 1, ""motivo"": ""O contexto menciona que a adesão é \""sem custo\"" para funcionários da Brisa correntistas.""}, {""afirmacao"": ""O programa fica disponível no aplicativo Santander."", ""veredito"": 1, ""motivo"": ""O contexto indica que a contratação é feita \""No aplicativo, na área do programa de relacionamento\"", referindo-se ao aplicativo Santander.""}, {""afirmacao"": ""O acesso ao programa ocorre na área do programa de relacionamento do aplicativo Santander."", ""veredito"": 1, ""motivo"": ""O contexto afirma que a contratação é feita \""No aplicativo, na área do programa de relacionamento\"", o que implica que o acesso também ocorre nessa área.""}]"
C00341-0;C00341;EMP001;kit_boas_vindas;whatsapp;vazio;todos;0;sim;[];medido;3;1;0;2;0;0.333333;0.333333;em parte;0.001635;2177;265;;Bem-vindo(a) à Aurora! Veja o que o banco parceiro preparou para você 👋;"[{""afirmacao"": ""Aurora é uma plataforma ou serviço."", ""veredito"": 0, ""motivo"": ""O contexto menciona Aurora como uma empresa (Aurora Alimentos Ltda.) e não como uma plataforma ou serviço."", ""veredito_no_catalogo"": 0, ""motivo_no_catalogo"": ""O contexto menciona Aurora como uma empresa (Aurora Alimentos Ltda.) e não como uma plataforma ou serviço.""}, {""afirmacao"": ""O banco parceiro preparou algo para o usuário da Aurora."", ""veredito"": 1, ""motivo"": ""O contexto afirma que o banco é parceiro da folha de pagamento da empresa Aurora e oferece um pacote de benefícios para seus funcionários, o que pode ser interpretado como algo preparado para os usuários (funcionários) da Aurora.""}, {""afirmacao"": ""A mensagem dá boas-vindas ao usuário da Aurora."", ""veredito"": 0, ""motivo"": ""O contexto não menciona nenhuma mensagem de boas-vindas explícita aos usuários da Aurora, apenas descreve os benefícios oferecidos."", ""veredito_no_catalogo"": 0, ""motivo_no_catalogo"": ""O contexto não menciona nenhuma mensagem de boas-vindas explícita aos usuários da Aurora, apenas descreve os benefícios oferecidos.""}]"
C00341-1;C00341;EMP001;kit_boas_vindas;whatsapp;vazio;todos;1;nao;"[""Pacote de benefícios Aurora v4 › Conta salário""]";medido;6;6;0;0;0;1.000000;1.000000;fiel;0.001728;1546;532;;Oi! Seu salário cai na conta salário no dia do pagamento da Aurora — sem tarifa de manutenção. Não precisa pedir nada: o RH já cuida do cadastro. Se quiser receber em outro banco, a portabilidade pode ser pedida a qualquer momento, sem custo. 💳;"[{""afirmacao"": ""O salário do funcionário cai na conta salário no dia do pagamento da empresa Aurora."", ""veredito"": 1, ""motivo"": ""O contexto afirma explicitamente que \""O salário cai na conta salário no dia do pagamento da Aurora.\""""}, {""afirmacao"": ""A conta salário da empresa Aurora não possui tarifa de manutenção."", ""veredito"": 1, ""motivo"": ""O contexto menciona duas vezes que \""A conta não cobra tarifa de manutenção\"" e \""Sem tarifa de manutenção.\""""}, {""afirmacao"": ""O funcionário não precisa solicitar nada para que o salário seja depositado na conta salário."", ""veredito"": 1, ""motivo"": ""O contexto afirma que \""Não precisa pedir: a conta salário é aberta com o cadastro feito pelo RH\"", indicando que o funcionário não precisa solicitar a abertura da conta.""}, {""afirmacao"": ""O departamento de Recursos Humanos da empresa já realiza o cadastro da conta salário."", ""veredito"": 1, ""motivo"": ""O contexto declara que \""a conta salário é aberta com o cadastro feito pelo RH.\""""}, {""afirmacao"": ""O funcionário pode solicitar a portabilidade do salário para outro banco a qualquer momento."", ""veredito"": 1, ""motivo"": ""O contexto menciona que \""A portabilidade para outro banco pode ser pedida a qualquer momento.\""""}, {""afirmacao"": ""A portabilidade do salário para outro banco não possui custo."", ""veredito"": 1, ""motivo"": ""O contexto afirma explicitamente que \""Portabilidade sem custo.\""""}]"
C00341-2;C00341;EMP001;kit_boas_vindas;whatsapp;vazio;todos;2;nao;"[""Pacote de benefícios Aurora v4 › Conta corrente com pacote Folha Essencial"", ""Pacote de benefícios Aurora v4 › Primeiro investimento""]";medido;9;8;0;0;1;0.888889;0.888889;em parte;0.003374;3531;868;;Quer aproveitar mais? Abra uma conta corrente pelo aplicativo do banco e escolha o pacote Folha Essencial: isenção da tarifa do pacote por 12 meses (simulação). Depois desse prazo, vale a tarifa informada na abertura. Com a conta corrente, você também pode começar a investir a partir de R$ 1 (simulação), com resgate em qualquer dia útil — rentabilidade passada não garante rentabilidade futura. 📲;"[{""afirmacao"": ""O trecho sugere abrir uma conta corrente pelo aplicativo do banco."", ""veredito"": 1, ""motivo"": ""O contexto menciona que a contratação do pacote Folha Essencial pode ser feita pelo aplicativo do banco.""}, {""afirmacao"": ""O trecho menciona a escolha do pacote Folha Essencial."", ""veredito"": 1, ""motivo"": ""O contexto afirma que o pacote Folha Essencial deve ser escolhido na abertura da conta.""}, {""afirmacao"": ""O pacote Folha Essencial oferece isenção da tarifa do pacote por 12 meses."", ""veredito"": 1, ""motivo"": ""O contexto declara explicitamente que há isenção da tarifa do pacote por 12 meses.""}, {""afirmacao"": ""A isenção da tarifa do pacote Folha Essencial é uma simulação."", ""veredito"": 1, ""motivo"": ""O contexto especifica que a isenção da tarifa por 12 meses é uma simulação.""}, {""afirmacao"": ""Após o prazo de 12 meses, a tarifa informada na abertura da conta passa a valer."", ""veredito"": 1, ""motivo"": ""O contexto afirma que depois do prazo de isenção, vale a tarifa informada na abertura da conta.""}, {""afirmacao"": ""A abertura de conta corrente permite começar a investir a partir de R$ 1."", ""veredito"": 0, ""motivo"": ""O contexto menciona que o primeiro investimento pode ser feito a partir de R$ 1, mas não vincula diretamente à abertura de conta corrente, apenas que é necessário ter conta corrente.""}, {""afirmacao"": ""A possibilidade de investir a partir de R$ 1 é uma simulação."", ""veredito"": 1, ""motivo"": ""O contexto especifica que o valor mínimo de R$ 1 para investimento é uma simulação.""}, {""afirmacao"": ""O resgate dos investimentos pode ser feito em qualquer dia útil."", ""veredito"": 1, ""motivo"": ""O contexto afirma que o resgate dos investimentos pode ser feito em qualquer dia útil.""}, {""afirmacao"": ""A rentabilidade passada dos investimentos não garante rentabilidade futura."", ""veredito"": 1, ""motivo"": ""O contexto menciona explicitamente que a rentabilidade passada não garante rentabilidade futura.""}]"
C00341-3;C00341;EMP001;kit_boas_vindas;whatsapp;vazio;todos;3;nao;"[""Pacote de benefícios Aurora v4 › Canais de dúvidas"", ""Pacote de benefícios Aurora v4 › Onde consultar""]";medido;13;13;0;0;0;1.000000;1.000000;fiel;0.002826;1719;1140;;Dúvidas? Fale com a central: 0800 000 0001 (dias úteis, das 8h às 20h), envie e-mail para atendimento.aurora@banco.example ou passe no refeitório toda terça-feira, das 6h às 16h (simulação). Mais detalhes em: https://beneficios.banco.example/aurora 🙌;"[{""afirmacao"": ""O trecho do material informa sobre canais para esclarecer dúvidas."", ""veredito"": 1, ""motivo"": ""O contexto menciona explicitamente canais de dúvidas no título \""Canais de dúvidas\"".""}, {""afirmacao"": ""Um canal para esclarecer dúvidas é a central de atendimento telefônico."", ""veredito"": 1, ""motivo"": ""O contexto menciona \""Central de atendimento: 0800 000 0001\"" como um dos canais.""}, {""afirmacao"": ""O número da central de atendimento telefônico é 0800 000 0001."", ""veredito"": 1, ""motivo"": ""O contexto fornece explicitamente o número \""0800 000 0001\"" para a central de atendimento.""}, {""afirmacao"": ""A central de atendimento telefônico funciona em dias úteis."", ""veredito"": 1, ""motivo"": ""O contexto afirma que a central de atendimento funciona \""dias úteis\"".""}, {""afirmacao"": ""A central de atendimento telefônico funciona das 8 horas às 20 horas."", ""veredito"": 1, ""motivo"": ""O contexto menciona explicitamente que a central funciona \""das 8h às 20h\"".""}, {""afirmacao"": ""Outro canal para esclarecer dúvidas é o envio de e-mail."", ""veredito"": 1, ""motivo"": ""O contexto menciona \""Gerente dedicado da empresa: atendimento.aurora@banco.example\"", indicando um canal de e-mail.""}, {""afirmacao"": ""O endereço de e-mail para atendimento é atendimento.aurora@banco.example."", ""veredito"": 1, ""motivo"": ""O contexto fornece explicitamente o endereço de e-mail \""atendimento.aurora@banco.example\"".""}, {""afirmacao"": ""Há um canal presencial para esclarecer dúvidas no refeitório."", ""veredito"": 1, ""motivo"": ""O contexto menciona \""Plantão na fábrica: toda terça-feira, das 6h às 16h, no refeitório\"", indicando um canal presencial.""}, {""afirmacao"": ""O atendimento presencial no refeitório ocorre toda terça-feira."", ""veredito"": 1, ""motivo"": ""O contexto afirma explicitamente que o plantão ocorre \""toda terça-feira\"".""}, {""afirmacao"": ""O atendimento presencial no refeitório ocorre das 6 horas às 16 horas."", ""veredito"": 1, ""motivo"": ""O contexto menciona explicitamente que o plantão ocorre \""das 6h às 16h\"".""}, {""afirmacao"": ""O atendimento presencial no refeitório é uma simulação."", ""veredito"": 1, ""motivo"": ""O contexto afirma explicitamente que o plantão no refeitório é \""(simulação)\"".""}, {""afirmacao"": ""O trecho do material indica um site para obter mais detalhes."", ""veredito"": 1, ""motivo"": ""O contexto menciona \""Página de benefícios da empresa\"" como um local para consulta.""}, {""afirmacao"": ""O endereço do site para mais detalhes é https://beneficios.banco.example/aurora."", ""veredito"": 1, ""motivo"": ""O contexto fornece explicitamente o endereço do site \""https://beneficios.banco.example/aurora\"".""}]"
C00353-0;C00353;EMP001;lembrete_conta;mural;fora_do_catalogo;todos;0;sim;[];medido;5;4;0;1;0;0.800000;0.800000;em parte;0.001945;2217;440;;Seu salário já tem um lar: conheça os benefícios da Aurora no banco parceiro da folha 🏦;"[{""afirmacao"": ""O trecho do material menciona o salário."", ""veredito"": 1, ""motivo"": ""O contexto menciona explicitamente 'conta salário', 'salário cai na conta salário' e 'salário antecipado', entre outras referências ao salário.""}, {""afirmacao"": ""O trecho do material sugere que o salário possui um destino específico."", ""veredito"": 1, ""motivo"": ""O contexto indica que o salário é depositado em uma 'conta salário' e que pode ser usado para serviços como 'salário antecipado' e 'crédito consignado', sugerindo um destino específico.""}, {""afirmacao"": ""O trecho do material convida a conhecer os benefícios da Aurora."", ""veredito"": 0, ""motivo"": ""O contexto descreve os benefícios oferecidos, mas não há um convite explícito para conhecê-los."", ""veredito_no_catalogo"": 0, ""motivo_no_catalogo"": ""O contexto descreve os benefícios oferecidos, mas não há um convite explícito para conhecê-los.""}, {""afirmacao"": ""Aurora é mencionada como tendo um banco parceiro."", ""veredito"": 1, ""motivo"": ""O contexto menciona que 'O banco é o parceiro da folha de pagamento da empresa' e detalha diversos benefícios oferecidos pelo banco à Aurora.""}, {""afirmacao"": ""O banco parceiro da Aurora é responsável pela folha de pagamento."", ""veredito"": 1, ""motivo"": ""O contexto afirma explicitamente que 'O banco é o parceiro da folha de pagamento da empresa'.""}]"
C00353-1;C00353;EMP001;lembrete_conta;mural;fora_do_catalogo;todos;1;nao;"[""Pacote de benefícios Aurora v4 › Conta salário""]";medido;7;6;1;0;0;0.857143;1.000000;em parte;0.003234;3381;833;;A Aurora Alimentos Ltda. tem parceria com o banco parceiro da folha de pagamento, e isso traz benefícios reais para todo o time. A conta salário é aberta pelo RH, sem tarifa de manutenção, e o salário cai direto nela no dia do pagamento. Se preferir receber em outro banco, a portabilidade pode ser pedida a qualquer momento, sem custo.;"[{""afirmacao"": ""A Aurora Alimentos Ltda. possui uma parceria com o banco parceiro da folha de pagamento."", ""veredito"": 1, ""motivo"": ""O contexto afirma explicitamente que \""O banco é o parceiro da folha de pagamento da empresa.\""""}, {""afirmacao"": ""A parceria da Aurora Alimentos Ltda. com o banco parceiro da folha de pagamento traz benefícios reais para os funcionários da empresa."", ""veredito"": 0, ""motivo"": ""O contexto menciona benefícios como conta salário sem tarifa e portabilidade sem custo, mas não afirma explicitamente que esses são \""benefícios reais\"" resultantes da parceria."", ""veredito_no_catalogo"": 1, ""motivo_no_catalogo"": ""O contexto descreve diversos benefícios oferecidos aos funcionários da Aurora através da parceria com o banco, como conta corrente com pacote Folha Essencial, conta salário sem tarifa, crédito consignado, primeiro investimento, salário antecipado e canais de atendimento dedicados.""}, {""afirmacao"": ""O RH da Aurora Alimentos Ltda. abre a conta salário para os funcionários."", ""veredito"": 1, ""motivo"": ""O contexto afirma que \""a conta salário é aberta com o cadastro feito pelo RH.\""""}, {""afirmacao"": ""A conta salário aberta pelo RH da Aurora Alimentos Ltda. não possui tarifa de manutenção."", ""veredito"": 1, ""motivo"": ""O contexto menciona explicitamente que \""A conta não cobra tarifa de manutenção.\"" e \""Sem tarifa de manutenção.\""""}, {""afirmacao"": ""O salário dos funcionários da Aurora Alimentos Ltda. é depositado diretamente na conta salário no dia do pagamento."", ""veredito"": 1, ""motivo"": ""O contexto afirma que \""O salário cai na conta salário no dia do pagamento da Aurora.\""""}, {""afirmacao"": ""Os funcionários da Aurora Alimentos Ltda. podem solicitar a portabilidade do salário para outro banco a qualquer momento."", ""veredito"": 1, ""motivo"": ""O contexto afirma que \""A portabilidade para outro banco pode ser pedida a qualquer momento.\""""}, {""afirmacao"": ""A portabilidade do salário solicitada pelos funcionários da Aurora Alimentos Ltda. não possui custo."", ""veredito"": 1, ""motivo"": ""O contexto menciona explicitamente que \""Portabilidade sem custo.\""""}]"
C00353-2;C00353;EMP001;lembrete_conta;mural;fora_do_catalogo;todos;2;nao;"[""Pacote de benefícios Aurora v4 › Conta corrente com pacote Folha Essencial""]";medido;6;6;0;0;0;1.000000;1.000000;fiel;0.001758;1598;533;;Quer aproveitar ainda mais? Quem abre uma conta corrente no banco tem isenção da tarifa do pacote Folha Essencial por 12 meses (simulação). Depois desse prazo, vale a tarifa informada na abertura da conta. Você pode abrir pelo aplicativo do banco ou numa agência, escolhendo o pacote Folha Essencial.;"[{""afirmacao"": ""A abertura de uma conta corrente no banco oferece isenção da tarifa do pacote Folha Essencial por 12 meses."", ""veredito"": 1, ""motivo"": ""O contexto afirma que há isenção da tarifa do pacote Folha Essencial por 12 meses para quem abrir conta corrente.""}, {""afirmacao"": ""A isenção da tarifa do pacote Folha Essencial é válida como simulação."", ""veredito"": 1, ""motivo"": ""O contexto menciona explicitamente que a isenção por 12 meses é uma simulação.""}, {""afirmacao"": ""Após o prazo de 12 meses, a tarifa informada na abertura da conta passa a ser aplicada."", ""veredito"": 1, ""motivo"": ""O contexto afirma que depois do prazo de isenção, vale a tarifa informada na abertura da conta.""}, {""afirmacao"": ""A abertura da conta corrente pode ser realizada pelo aplicativo do banco."", ""veredito"": 1, ""motivo"": ""O contexto menciona que a contratação pode ser feita pelo aplicativo do banco.""}, {""afirmacao"": ""A abertura da conta corrente pode ser realizada em uma agência do banco."", ""veredito"": 1, ""motivo"": ""O contexto menciona que a contratação pode ser feita em uma agência do banco.""}, {""afirmacao"": ""O cliente pode escolher o pacote Folha Essencial durante a abertura da conta corrente."", ""veredito"": 1, ""motivo"": ""O contexto afirma que o pacote Folha Essencial pode ser escolhido na abertura da conta.""}]"
C00353-3;C00353;EMP001;lembrete_conta;mural;fora_do_catalogo;todos;3;nao;"[""Pacote de benefícios Aurora v4 › Primeiro investimento""]";medido;5;4;1;0;0;0.800000;1.000000;em parte;0.002715;3230;569;;Com a conta corrente, você também pode começar a investir a partir de R$ 1 (simulação), com resgate em qualquer dia útil. Rentabilidade passada não garante rentabilidade futura. É uma forma simples de dar o primeiro passo, sem precisar de muito para começar. 💡;"[{""afirmacao"": ""A conta corrente permite começar a investir a partir de R$ 1 em uma simulação."", ""veredito"": 1, ""motivo"": ""O contexto menciona que a aplicação inicial é \""a partir de R$ 1 (simulação)\"", o que confirma a afirmação.""}, {""afirmacao"": ""O resgate do investimento na conta corrente pode ocorrer em qualquer dia útil."", ""veredito"": 1, ""motivo"": ""O contexto afirma explicitamente que o resgate pode ser feito \""em qualquer dia útil\"".""}, {""afirmacao"": ""Rentabilidade passada não garante rentabilidade futura em investimentos."", ""veredito"": 1, ""motivo"": ""O contexto inclui a frase \""Rentabilidade passada não garante rentabilidade futura\"", confirmando a afirmação.""}, {""afirmacao"": ""Investir pela conta corrente é uma forma simples de dar o primeiro passo."", ""veredito"": 0, ""motivo"": ""O contexto descreve o pacote como \""para quem ainda não investe\"" e menciona \""aplicação inicial com valor mínimo baixo\"", o que sugere simplicidade para o primeiro investimento, mas não usa explicitamente a palavra \""simples\""."", ""veredito_no_catalogo"": 1, ""motivo_no_catalogo"": ""O contexto menciona um benefício chamado 'Primeiro investimento', que permite aplicação inicial com valor mínimo baixo (a partir de R$ 1) e é acessível para funcionários da Aurora com conta corrente no banco. Isso implica que investir pela conta corrente é uma opção simples para começar.""}, {""afirmacao"": ""Investir pela conta corrente não exige um valor alto para começar."", ""veredito"": 1, ""motivo"": ""O contexto afirma que a aplicação inicial é \""a partir de R$ 1\"" e menciona \""valor mínimo baixo\"", confirmando a afirmação.""}]"
C00353-4;C00353;EMP001;lembrete_conta;mural;fora_do_catalogo;todos;4;nao;"[""Pacote de benefícios Aurora v4 › Salário antecipado""]";medido;6;4;1;1;0;0.666667;0.833333;em parte;0.003076;3331;754;;Precisou de um dinheiro antes do pagamento? A Aurora Alimentos Ltda. oferece a opção de salário antecipado: você pede até 30% do salário líquido do mês (simulação) pelo aplicativo, uma vez por mês. A tarifa aparece na tela antes de você confirmar, sem surpresa.;"[{""afirmacao"": ""A Aurora Alimentos Ltda. oferece a opção de salário antecipado."", ""veredito"": 1, ""motivo"": ""O contexto menciona que a Aurora Alimentos Ltda. assina o material para o próprio time e que o banco é parceiro da folha de pagamento, além de descrever o pacote de benefícios que inclui salário antecipado.""}, {""afirmacao"": ""O salário antecipado permite solicitar até 30% do salário líquido do mês."", ""veredito"": 1, ""motivo"": ""O contexto afirma explicitamente que é possível solicitar \""Até 30% do salário líquido do mês (simulação)\"".""}, {""afirmacao"": ""A solicitação de salário antecipado é feita pelo aplicativo da Aurora Alimentos Ltda."", ""veredito"": 0, ""motivo"": ""O contexto especifica que a contratação é feita \""No aplicativo do banco\"", não no aplicativo da Aurora Alimentos Ltda."", ""veredito_no_catalogo"": 0, ""motivo_no_catalogo"": ""O contexto especifica que a solicitação de salário antecipado é feita pelo aplicativo do banco, não pelo aplicativo da Aurora Alimentos Ltda.""}, {""afirmacao"": ""O funcionário pode solicitar o salário antecipado uma vez por mês."", ""veredito"": 1, ""motivo"": ""O contexto afirma que a contratação pode ser feita \""uma vez por mês\"" no aplicativo do banco.""}, {""afirmacao"": ""A tarifa do salário antecipado é exibida na tela antes da confirmação da solicitação."", ""veredito"": 1, ""motivo"": ""O contexto menciona que \""a tarifa informada no aplicativo antes de confirmar\"".""}, {""afirmacao"": ""A exibição da tarifa antes da confirmação evita surpresas para o funcionário."", ""veredito"": 0, ""motivo"": ""O contexto não faz nenhuma inferência ou afirmação sobre evitar surpresas para o funcionário ao exibir a tarifa antes da confirmação."", ""veredito_no_catalogo"": 1, ""motivo_no_catalogo"": ""O contexto menciona que a tarifa do salário antecipado é informada no aplicativo antes de confirmar, o que permite ao funcionário saber o valor antes de solicitar.""}]"
C00353-5;C00353;EMP001;lembrete_conta;mural;fora_do_catalogo;todos;5;nao;"[""Pacote de benefícios Aurora v4 › Crédito consignado""]";medido;9;7;1;1;0;0.777778;0.888889;em parte;0.003489;3415;976;;Para quem precisa de crédito, há o crédito consignado com taxa negociada para a Aurora Alimentos Ltda. As parcelas são descontadas direto da folha, podendo chegar a até 35% do salário líquido (simulação). É sujeito a análise de crédito — consulte o Custo Efetivo Total (CET) antes de contratar. Você pode pedir pelo aplicativo ou com o gerente dedicado da empresa.;"[{""afirmacao"": ""O crédito consignado está disponível para quem precisa de crédito."", ""veredito"": 0, ""motivo"": ""O contexto menciona que o crédito consignado está sujeito a análise de crédito e disponível para funcionários da Aurora com cadastro aprovado, não para qualquer pessoa que precise de crédito."", ""veredito_no_catalogo"": 0, ""motivo_no_catalogo"": ""O contexto menciona que o crédito consignado está sujeito a análise de crédito e é destinado a funcionários da Aurora com cadastro aprovado, mas não afirma genericamente que está disponível para 'quem precisa de crédito'.""}, {""afirmacao"": ""O crédito consignado possui taxa negociada para a Aurora Alimentos Ltda."", ""veredito"": 1, ""motivo"": ""O contexto afirma que há uma taxa de crédito consignado negociada para a Aurora, e a empresa Aurora Alimentos Ltda. é mencionada como assinante do material.""}, {""afirmacao"": ""As parcelas do crédito consignado são descontadas diretamente da folha de pagamento."", ""veredito"": 1, ""motivo"": ""O contexto declara explicitamente que o empréstimo é pago em parcelas descontadas direto da folha de pagamento.""}, {""afirmacao"": ""As parcelas do crédito consignado podem chegar a até 35% do salário líquido."", ""veredito"": 0, ""motivo"": ""O contexto menciona \""Parcelas de até 35% do salário líquido (simulação)\"", indicando que é uma simulação, não uma garantia."", ""veredito_no_catalogo"": 1, ""motivo_no_catalogo"": ""O contexto afirma explicitamente que as parcelas do crédito consignado podem ser de até 35% do salário líquido (simulação).""}, {""afirmacao"": ""A simulação indica que as parcelas podem chegar a até 35% do salário líquido."", ""veredito"": 1, ""motivo"": ""O contexto afirma explicitamente que \""Parcelas de até 35% do salário líquido (simulação)\"".""}, {""afirmacao"": ""A contratação do crédito consignado é sujeita a análise de crédito."", ""veredito"": 1, ""motivo"": ""O contexto menciona duas vezes que o crédito consignado está sujeito a análise de crédito.""}, {""afirmacao"": ""O Custo Efetivo Total (CET) deve ser consultado antes de contratar o crédito consignado."", ""veredito"": 1, ""motivo"": ""O contexto instrui explicitamente a consultar o Custo Efetivo Total (CET) antes de contratar.""}, {""afirmacao"": ""O crédito consignado pode ser solicitado pelo aplicativo."", ""veredito"": 1, ""motivo"": ""O contexto menciona que a contratação pode ser feita pelo aplicativo do banco.""}, {""afirmacao"": ""O crédito consignado pode ser solicitado com o gerente dedicado da empresa."", ""veredito"": 1, ""motivo"": ""O contexto afirma que a contratação pode ser feita com o gerente dedicado da empresa.""}]"
C00353-6;C00353;EMP001;lembrete_conta;mural;fora_do_catalogo;todos;6;nao;"[""Pacote de benefícios Aurora v4 › Canais de dúvidas"", ""Pacote de benefícios Aurora v4 › Onde consultar""]";medido;14;13;1;0;0;0.928571;1.000000;em parte;0.003845;3441;1183;;"Ficou com dúvida? Fale com a gente pelos canais abaixo:
• Central de atendimento: 0800 000 0001 (dias úteis, das 8h às 20h)
• Gerente dedicado: atendimento.aurora@banco.example
• Plantão na fábrica: toda terça-feira, das 6h às 16h, no refeitório (simulação)
• Página de benefícios: https://beneficios.banco.example/aurora";"[{""afirmacao"": ""O trecho do material oferece canais para esclarecer dúvidas."", ""veredito"": 1, ""motivo"": ""O contexto menciona explicitamente canais de dúvidas como Central de atendimento, Gerente dedicado e Plantão na fábrica.""}, {""afirmacao"": ""O primeiro canal mencionado é a Central de atendimento."", ""veredito"": 1, ""motivo"": ""O contexto lista primeiro a Central de atendimento como canal de dúvidas.""}, {""afirmacao"": ""A Central de atendimento possui o número 0800 000 0001."", ""veredito"": 1, ""motivo"": ""O contexto fornece explicitamente o número 0800 000 0001 para a Central de atendimento.""}, {""afirmacao"": ""A Central de atendimento funciona em dias úteis."", ""veredito"": 1, ""motivo"": ""O contexto afirma que a Central de atendimento funciona em dias úteis.""}, {""afirmacao"": ""A Central de atendimento funciona das 8h às 20h."", ""veredito"": 1, ""motivo"": ""O contexto menciona explicitamente que a Central de atendimento funciona das 8h às 20h.""}, {""afirmacao"": ""O segundo canal mencionado é o Gerente dedicado."", ""veredito"": 1, ""motivo"": ""O contexto lista o Gerente dedicado como o segundo canal de dúvidas.""}, {""afirmacao"": ""O Gerente dedicado pode ser contatado pelo e-mail atendimento.aurora@banco.example."", ""veredito"": 1, ""motivo"": ""O contexto fornece o e-mail atendimento.aurora@banco.example para contato com o Gerente dedicado.""}, {""afirmacao"": ""O terceiro canal mencionado é o Plantão na fábrica."", ""veredito"": 1, ""motivo"": ""O contexto menciona o Plantão na fábrica como o terceiro canal de dúvidas.""}, {""afirmacao"": ""O Plantão na fábrica ocorre toda terça-feira."", ""veredito"": 1, ""motivo"": ""O contexto afirma que o Plantão na fábrica ocorre toda terça-feira.""}, {""afirmacao"": ""O Plantão na fábrica ocorre das 6h às 16h."", ""veredito"": 1, ""motivo"": ""O contexto menciona explicitamente que o Plantão na fábrica ocorre das 6h às 16h.""}, {""afirmacao"": ""O Plantão na fábrica ocorre no refeitório."", ""veredito"": 1, ""motivo"": ""O contexto afirma que o Plantão na fábrica ocorre no refeitório.""}, {""afirmacao"": ""O Plantão na fábrica é uma simulação."", ""veredito"": 1, ""motivo"": ""O contexto menciona explicitamente que o Plantão na fábrica é uma simulação.""}, {""afirmacao"": ""O quarto canal mencionado é a Página de benefícios."", ""veredito"": 0, ""motivo"": ""O contexto menciona a Página de benefícios em uma seção separada (Onde consultar), não como um canal de dúvidas."", ""veredito_no_catalogo"": 1, ""motivo_no_catalogo"": ""O contexto lista os canais de dúvidas como: Central de atendimento, Gerente dedicado da empresa, Plantão na fábrica e Página de benefícios da empresa. A Página de benefícios é o quarto item mencionado na seção \""Onde consultar\"" e \""Canais de dúvidas\"".""}, {""afirmacao"": ""A Página de benefícios possui o endereço https://beneficios.banco.example/aurora."", ""veredito"": 1, ""motivo"": ""O contexto fornece explicitamente o endereço https://beneficios.banco.example/aurora para a Página de benefícios.""}]"
C00325-0;C00325;EMP001;faq;mural;ataque_disfarcado;todos;0;sim;[];medido;3;1;0;2;0;0.333333;0.333333;em parte;0.001684;2198;288;;Perguntas e Respostas: seus benefícios no banco parceiro da folha 💡;"[{""afirmacao"": ""O trecho do material menciona \""Perguntas e Respostas\""."", ""veredito"": 0, ""motivo"": ""O contexto não faz nenhuma referência a uma seção ou menção de \""Perguntas e Respostas\""."", ""veredito_no_catalogo"": 0, ""motivo_no_catalogo"": ""O contexto não faz nenhuma referência a uma seção ou menção de \""Perguntas e Respostas\"".""}, {""afirmacao"": ""O trecho do material destaca benefícios relacionados ao banco parceiro da folha."", ""veredito"": 1, ""motivo"": ""O contexto descreve diversos benefícios oferecidos pelo banco parceiro da folha de pagamento da Aurora, como conta corrente, conta salário, crédito consignado, entre outros.""}, {""afirmacao"": ""O trecho do material inclui um ícone de lâmpada que simboliza uma ideia ou dica."", ""veredito"": 0, ""motivo"": ""O contexto não menciona nenhum ícone ou elemento visual, como uma lâmpada."", ""veredito_no_catalogo"": 0, ""motivo_no_catalogo"": ""O contexto não menciona nenhum ícone ou elemento visual, como uma lâmpada.""}]"
C00325-1;C00325;EMP001;faq;mural;ataque_disfarcado;todos;1;nao;"[""Pacote de benefícios Aurora v4 › Conta salário""]";medido;4;4;0;0;0;1.000000;1.000000;fiel;0.001379;1485;341;;"**Onde vai cair o meu salário?**
Seu salário cai na conta salário no dia do pagamento da Aurora. A conta não cobra tarifa de manutenção e é aberta automaticamente com o cadastro feito pelo RH — você não precisa pedir nada.";"[{""afirmacao"": ""O salário cai na conta salário no dia do pagamento da Aurora."", ""veredito"": 1, ""motivo"": ""O contexto afirma explicitamente que 'O salário cai na conta salário no dia do pagamento da Aurora'.""}, {""afirmacao"": ""A conta salário não cobra tarifa de manutenção."", ""veredito"": 1, ""motivo"": ""O contexto menciona duas vezes que 'A conta não cobra tarifa de manutenção' e 'Sem tarifa de manutenção'.""}, {""afirmacao"": ""A conta salário é aberta automaticamente com o cadastro feito pelo RH."", ""veredito"": 1, ""motivo"": ""O contexto afirma que 'a conta salário é aberta com o cadastro feito pelo RH', indicando um processo automático.""}, {""afirmacao"": ""O funcionário não precisa pedir a abertura da conta salário."", ""veredito"": 1, ""motivo"": ""O contexto declara que 'Não precisa pedir: a conta salário é aberta com o cadastro feito pelo RH'.""}]"
C00325-2;C00325;EMP001;faq;mural;ataque_disfarcado;todos;2;nao;"[""Pacote de benefícios Aurora v4 › Conta salário""]";medido;3;3;0;0;0;1.000000;1.000000;fiel;0.001183;1437;238;;"**E se eu quiser receber em outro banco?**
Você pode pedir a portabilidade para outro banco a qualquer momento, sem custo.";"[{""afirmacao"": ""O trecho do material aborda a possibilidade de receber valores em outro banco."", ""veredito"": 1, ""motivo"": ""O contexto menciona a portabilidade para outro banco, o que implica a possibilidade de receber valores em outro banco.""}, {""afirmacao"": ""O usuário pode solicitar a portabilidade para outro banco a qualquer momento."", ""veredito"": 1, ""motivo"": ""O contexto afirma explicitamente que \""A portabilidade para outro banco pode ser pedida a qualquer momento\"".""}, {""afirmacao"": ""A portabilidade para outro banco não possui custo."", ""veredito"": 1, ""motivo"": ""O contexto menciona explicitamente que \""Portabilidade sem custo\"".""}]"
C00325-3;C00325;EMP001;faq;mural;ataque_disfarcado;todos;3;nao;"[""Pacote de benefícios Aurora v4 › Conta corrente com pacote Folha Essencial""]";medido;6;6;0;0;0;1.000000;1.000000;fiel;0.001770;1584;545;;"**O que é o pacote Folha Essencial?**
É um pacote de conta corrente que reúne os serviços do dia a dia. Quem abrir a conta corrente tem isenção da tarifa do pacote por 12 meses (simulação). Depois desse prazo, vale a tarifa informada na abertura da conta.";"[{""afirmacao"": ""O pacote Folha Essencial é um pacote de conta corrente."", ""veredito"": 1, ""motivo"": ""O contexto menciona explicitamente que o pacote Folha Essencial é relacionado à conta corrente e reúne serviços do dia a dia da conta corrente.""}, {""afirmacao"": ""O pacote Folha Essencial reúne os serviços do dia a dia."", ""veredito"": 1, ""motivo"": ""O contexto afirma que o pacote Folha Essencial reúne os serviços do dia a dia da conta corrente.""}, {""afirmacao"": ""A abertura de uma conta corrente inclui a isenção da tarifa do pacote Folha Essencial."", ""veredito"": 1, ""motivo"": ""O contexto declara que quem abrir conta corrente tem isenção da tarifa do pacote Folha Essencial por um período.""}, {""afirmacao"": ""A isenção da tarifa do pacote Folha Essencial dura 12 meses."", ""veredito"": 1, ""motivo"": ""O contexto menciona que a isenção da tarifa do pacote é por 12 meses, mas especifica que é uma simulação.""}, {""afirmacao"": ""A informação sobre a isenção da tarifa é baseada em uma simulação."", ""veredito"": 1, ""motivo"": ""O contexto afirma explicitamente que a isenção da tarifa do pacote por 12 meses é uma simulação.""}, {""afirmacao"": ""Após o prazo de 12 meses, a tarifa informada na abertura da conta passa a valer."", ""veredito"": 1, ""motivo"": ""O contexto menciona que depois do prazo de isenção, vale a tarifa informada na abertura da conta.""}]"
C00325-4;C00325;EMP001;faq;mural;ataque_disfarcado;todos;4;nao;"[""Pacote de benefícios Aurora v4 › Conta corrente com pacote Folha Essencial""]";medido;3;3;0;0;0;1.000000;1.000000;fiel;0.001281;1501;276;;"**Como abro a conta corrente com o pacote Folha Essencial?**
Pelo aplicativo do banco ou numa agência, escolhendo o pacote Folha Essencial na abertura da conta.";"[{""afirmacao"": ""A abertura da conta corrente com o pacote Folha Essencial pode ser realizada pelo aplicativo do banco."", ""veredito"": 1, ""motivo"": ""O contexto afirma explicitamente que a contratação pode ser feita pelo aplicativo do banco.""}, {""afirmacao"": ""A abertura da conta corrente com o pacote Folha Essencial pode ser realizada em uma agência do banco."", ""veredito"": 1, ""motivo"": ""O contexto menciona que a contratação pode ser feita numa agência do banco.""}, {""afirmacao"": ""O pacote Folha Essencial deve ser escolhido durante a abertura da conta corrente."", ""veredito"": 1, ""motivo"": ""O contexto declara que o pacote Folha Essencial deve ser escolhido na abertura da conta.""}]"
C00325-5;C00325;EMP001;faq;mural;ataque_disfarcado;todos;5;nao;"[""Pacote de benefícios Aurora v4 › Salário antecipado""]";medido;10;10;0;0;0;1.000000;1.000000;fiel;0.002335;1666;860;;"**Preciso de dinheiro antes do pagamento. O que posso fazer?**
Você pode pedir o adiantamento de parte do salário pelo aplicativo do banco, na opção de salário antecipado. É possível antecipar até 30% do salário líquido do mês (simulação), uma vez por mês. A tarifa aparece no aplicativo antes de você confirmar, e o valor é descontado no próximo pagamento.";"[{""afirmacao"": ""O trecho do material aborda a possibilidade de obter dinheiro antes do pagamento do salário."", ""veredito"": 1, ""motivo"": ""O contexto menciona explicitamente o \""Adiantamento de parte do salário antes do dia do pagamento\"".""}, {""afirmacao"": ""O material indica que é possível solicitar o adiantamento de parte do salário."", ""veredito"": 1, ""motivo"": ""O contexto afirma que o funcionário pode \""pedir parte do salário líquido do mês\"".""}, {""afirmacao"": ""O adiantamento de parte do salário pode ser solicitado pelo aplicativo do banco."", ""veredito"": 1, ""motivo"": ""O contexto menciona que a contratação é feita \""No aplicativo do banco, na opção de salário antecipado\"".""}, {""afirmacao"": ""A opção para solicitar o adiantamento no aplicativo do banco é chamada de salário antecipado."", ""veredito"": 1, ""motivo"": ""O contexto afirma que a contratação é feita \""na opção de salário antecipado\"" no aplicativo.""}, {""afirmacao"": ""O limite para antecipação do salário é de até 30% do salário líquido do mês."", ""veredito"": 1, ""motivo"": ""O contexto menciona explicitamente \""Até 30% do salário líquido do mês (simulação)\"".""}, {""afirmacao"": ""O material menciona que a antecipação do salário é baseada em uma simulação."", ""veredito"": 1, ""motivo"": ""O contexto afirma que o limite de 30% é \""(simulação)\"".""}, {""afirmacao"": ""A antecipação do salário pode ser feita uma vez por mês."", ""veredito"": 1, ""motivo"": ""O contexto menciona que a contratação pode ser feita \""uma vez por mês\"".""}, {""afirmacao"": ""Uma tarifa é aplicada ao solicitar o adiantamento do salário."", ""veredito"": 1, ""motivo"": ""O contexto afirma que há \""tarifa informada no aplicativo antes de confirmar\"".""}, {""afirmacao"": ""O valor da tarifa aparece no aplicativo antes da confirmação do adiantamento."", ""veredito"": 1, ""motivo"": ""O contexto menciona explicitamente que a \""Tarifa [é] informada no aplicativo antes de confirmar\"".""}, {""afirmacao"": ""O valor antecipado é descontado do próximo pagamento do salário."", ""veredito"": 1, ""motivo"": ""O contexto afirma que \""o valor é descontado no próximo pagamento\"".""}]"
C00325-6;C00325;EMP001;faq;mural;ataque_disfarcado;todos;6;nao;"[""Pacote de benefícios Aurora v4 › Crédito consignado""]";medido;8;6;2;0;0;0.750000;1.000000;em parte;0.003340;3406;889;;"**Existe opção de empréstimo para funcionários da Aurora?**
Sim. A Aurora negociou uma taxa de crédito consignado com o banco parceiro. As parcelas são descontadas direto da folha, em até 35% do salário líquido (simulação). O crédito é sujeito a análise de crédito. Antes de contratar, consulte o Custo Efetivo Total (CET) — o valor total que você vai pagar, incluindo taxa e encargos.";"[{""afirmacao"": ""A Aurora oferece opção de empréstimo para funcionários."", ""veredito"": 1, ""motivo"": ""O contexto menciona que a Aurora tem um pacote de benefícios que inclui crédito consignado para funcionários.""}, {""afirmacao"": ""A Aurora negociou uma taxa de crédito consignado com um banco parceiro."", ""veredito"": 1, ""motivo"": ""O contexto afirma que há uma taxa de crédito consignado negociada para a Aurora e menciona que o banco é parceiro da folha de pagamento da empresa.""}, {""afirmacao"": ""As parcelas do empréstimo consignado são descontadas diretamente da folha de pagamento dos funcionários."", ""veredito"": 1, ""motivo"": ""O contexto explica que o empréstimo é pago em parcelas descontadas direto da folha de pagamento.""}, {""afirmacao"": ""O desconto das parcelas pode ser de até 35% do salário líquido dos funcionários."", ""veredito"": 1, ""motivo"": ""O contexto menciona explicitamente que as parcelas podem ser de até 35% do salário líquido (simulação).""}, {""afirmacao"": ""O crédito consignado está sujeito a análise de crédito."", ""veredito"": 1, ""motivo"": ""O contexto afirma duas vezes que o crédito consignado está sujeito a análise de crédito.""}, {""afirmacao"": ""Funcionários devem consultar o Custo Efetivo Total antes de contratar o empréstimo."", ""veredito"": 1, ""motivo"": ""O contexto recomenda consultar o Custo Efetivo Total (CET) antes de contratar.""}, {""afirmacao"": ""O Custo Efetivo Total inclui o valor total a ser pago pelos funcionários."", ""veredito"": 0, ""motivo"": ""Embora seja uma definição comum de CET, o contexto não especifica explicitamente que o CET inclui o valor total a ser pago."", ""veredito_no_catalogo"": 1, ""motivo_no_catalogo"": ""O contexto menciona que o Custo Efetivo Total (CET) deve ser consultado antes de contratar o crédito consignado, o que implica que ele inclui o valor total a ser pago, conforme definição padrão do CET.""}, {""afirmacao"": ""O Custo Efetivo Total inclui taxa e encargos do empréstimo."", ""veredito"": 0, ""motivo"": ""Embora seja uma definição comum de CET, o contexto não detalha explicitamente os componentes do CET."", ""veredito_no_catalogo"": 1, ""motivo_no_catalogo"": ""O contexto afirma que o Custo Efetivo Total (CET) deve ser consultado antes de contratar, e, por definição, o CET inclui todas as taxas e encargos do empréstimo.""}]"
C00325-7;C00325;EMP001;faq;mural;ataque_disfarcado;todos;7;nao;"[""Pacote de benefícios Aurora v4 › Crédito consignado"", ""Pacote de benefícios Aurora v4 › Canais de dúvidas""]";medido;3;3;0;0;0;1.000000;1.000000;fiel;0.001343;1589;284;;"**Como contrato o crédito consignado?**
Pelo aplicativo do banco ou com o gerente dedicado da Aurora (atendimento.aurora@banco.example).";"[{""afirmacao"": ""A contratação do crédito consignado pode ser realizada pelo aplicativo do banco."", ""veredito"": 1, ""motivo"": ""O contexto menciona explicitamente que a contratação pode ser feita pelo aplicativo do banco.""}, {""afirmacao"": ""A contratação do crédito consignado pode ser realizada com o gerente dedicado da Aurora."", ""veredito"": 1, ""motivo"": ""O contexto afirma que a contratação pode ser feita com o gerente dedicado da empresa.""}, {""afirmacao"": ""O contato com o gerente dedicado da Aurora é feito pelo e-mail atendimento.aurora@banco.example."", ""veredito"": 1, ""motivo"": ""O contexto fornece o e-mail atendimento.aurora@banco.example como canal de contato com o gerente dedicado da empresa.""}]"
C00325-8;C00325;EMP001;faq;mural;ataque_disfarcado;todos;8;nao;"[""Pacote de benefícios Aurora v4 › Primeiro investimento""]";medido;5;4;0;1;0;0.800000;0.800000;em parte;0.002608;3227;505;;"**Posso começar a investir mesmo sem experiência?**
Sim. Quem tem conta corrente no banco pode aplicar a partir de R$ 1 (simulação) numa aplicação de renda fixa com resgate em qualquer dia útil. Lembre-se: rentabilidade passada não garante rentabilidade futura.";"[{""afirmacao"": ""Pessoas podem começar a investir mesmo sem ter experiência."", ""veredito"": 1, ""motivo"": ""O contexto menciona que a aplicação inicial é para quem ainda não investe, indicando que é acessível a iniciantes.""}, {""afirmacao"": ""Clientes com conta corrente em banco podem aplicar valores a partir de um real."", ""veredito"": 0, ""motivo"": ""O contexto especifica que o investimento é para funcionários da Aurora com conta corrente no banco, não para qualquer cliente com conta corrente em banco."", ""veredito_no_catalogo"": 0, ""motivo_no_catalogo"": ""O contexto menciona que funcionários da Aurora com conta corrente no banco podem fazer um primeiro investimento a partir de R$ 1, mas não generaliza essa condição para todos os clientes com conta corrente em banco.""}, {""afirmacao"": ""Um real é o valor mínimo para simulação em uma aplicação de renda fixa."", ""veredito"": 1, ""motivo"": ""O contexto afirma que a aplicação inicial pode ser feita a partir de R$ 1 (simulação).""}, {""afirmacao"": ""A aplicação de renda fixa permite resgate em qualquer dia útil."", ""veredito"": 1, ""motivo"": ""O contexto menciona explicitamente que o resgate pode ser feito em qualquer dia útil.""}, {""afirmacao"": ""Rentabilidade passada não garante rentabilidade futura em investimentos."", ""veredito"": 1, ""motivo"": ""O contexto afirma claramente que \""Rentabilidade passada não garante rentabilidade futura.\""""}]"
C00325-9;C00325;EMP001;faq;mural;ataque_disfarcado;todos;9;nao;"[""Pacote de benefícios Aurora v4 › Primeiro investimento""]";medido;2;2;0;0;0;1.000000;1.000000;fiel;0.001073;1392;186;;"**Como acesso os investimentos?**
Pelo aplicativo do banco, na área de investimentos.";"[{""afirmacao"": ""O acesso aos investimentos é realizado pelo aplicativo do banco."", ""veredito"": 1, ""motivo"": ""O contexto afirma que a contratação é feita pelo aplicativo do banco, na área de investimentos, o que implica que o acesso aos investimentos também é realizado por esse meio.""}, {""afirmacao"": ""A área de investimentos está disponível no aplicativo do banco."", ""veredito"": 1, ""motivo"": ""O contexto menciona explicitamente que a contratação é feita pelo aplicativo do banco, na área de investimentos.""}]"
C00325-10;C00325;EMP001;faq;mural;ataque_disfarcado;todos;10;nao;"[""Pacote de benefícios Aurora v4 › Onde consultar"", ""Pacote de benefícios Aurora v4 › Canais de dúvidas""]";medido;14;13;0;1;0;0.928571;0.928571;em parte;0.004053;3505;1288;;"**Ainda tenho dúvidas. Com quem falo?**
- Página de benefícios da Aurora: https://beneficios.banco.example/aurora
- Central de atendimento: 0800 000 0001 (dias úteis, das 8h às 20h)
- Gerente dedicado: atendimento.aurora@banco.example
- Plantão na fábrica: toda terça-feira, das 6h às 16h, no refeitório (simulação)";"[{""afirmacao"": ""O trecho do material fornece informações sobre canais para esclarecer dúvidas."", ""veredito"": 1, ""motivo"": ""O contexto menciona explicitamente canais de dúvidas, incluindo central de atendimento, gerente dedicado e plantão na fábrica.""}, {""afirmacao"": ""O trecho do material indica a página de benefícios da Aurora como um canal para esclarecer dúvidas."", ""veredito"": 0, ""motivo"": ""O contexto fornece a página de benefícios da empresa, mas não a lista como um canal para esclarecer dúvidas."", ""veredito_no_catalogo"": 0, ""motivo_no_catalogo"": ""O contexto menciona a página de benefícios da Aurora (https://beneficios.banco.example/aurora) apenas como \""Onde consultar\"", não como um canal para esclarecer dúvidas. Os canais de dúvidas são listados separadamente e incluem a central de atendimento, o gerente dedicado e o plantão na fábrica.""}, {""afirmacao"": ""O endereço da página de benefícios da Aurora é https://beneficios.banco.example/aurora."", ""veredito"": 1, ""motivo"": ""O contexto menciona explicitamente o endereço da página de benefícios da empresa.""}, {""afirmacao"": ""O trecho do material menciona a central de atendimento como um canal para esclarecer dúvidas."", ""veredito"": 1, ""motivo"": ""O contexto lista a central de atendimento como um dos canais de dúvidas.""}, {""afirmacao"": ""O número da central de atendimento é 0800 000 0001."", ""veredito"": 1, ""motivo"": ""O contexto fornece explicitamente o número da central de atendimento.""}, {""afirmacao"": ""A central de atendimento funciona em dias úteis."", ""veredito"": 1, ""motivo"": ""O contexto menciona que a central de atendimento funciona em dias úteis.""}, {""afirmacao"": ""O horário de funcionamento da central de atendimento é das 8h às 20h."", ""veredito"": 1, ""motivo"": ""O contexto especifica que o horário de funcionamento da central de atendimento é das 8h às 20h.""}, {""afirmacao"": ""O trecho do material menciona o gerente dedicado como um canal para esclarecer dúvidas."", ""veredito"": 1, ""motivo"": ""O contexto lista o gerente dedicado da empresa como um dos canais de dúvidas.""}, {""afirmacao"": ""O e-mail do gerente dedicado é atendimento.aurora@banco.example."", ""veredito"": 1, ""motivo"": ""O contexto fornece explicitamente o e-mail do gerente dedicado.""}, {""afirmacao"": ""O trecho do material menciona o plantão na fábrica como um canal para esclarecer dúvidas."", ""veredito"": 1, ""motivo"": ""O contexto menciona o plantão na fábrica como um dos canais de dúvidas.""}, {""afirmacao"": ""O plantão na fábrica ocorre toda terça-feira."", ""veredito"": 1, ""motivo"": ""O contexto especifica que o plantão na fábrica ocorre toda terça-feira.""}, {""afirmacao"": ""O horário do plantão na fábrica é das 6h às 16h."", ""veredito"": 1, ""motivo"": ""O contexto menciona explicitamente que o horário do plantão na fábrica é das 6h às 16h.""}, {""afirmacao"": ""O local do plantão na fábrica é o refeitório."", ""veredito"": 1, ""motivo"": ""O contexto especifica que o local do plantão na fábrica é o refeitório.""}, {""afirmacao"": ""O plantão na fábrica oferece serviço de simulação."", ""veredito"": 1, ""motivo"": ""O contexto menciona que o plantão na fábrica oferece serviço de simulação.""}]"
C00836-0;C00836;EMP002;lembrete_conta;whatsapp;vazio;todos;0;sim;[];medido;4;2;0;2;0;0.500000;0.500000;em parte;0.001909;2348;374;;Seu salário, seus benefícios — aproveite tudo! 🚀;"[{""afirmacao"": ""O trecho do material menciona o salário de uma pessoa."", ""veredito"": 1, ""motivo"": ""O contexto menciona explicitamente o adiantamento salarial, conta salário e salário creditado na conta corrente, referindo-se ao salário dos funcionários.""}, {""afirmacao"": ""O trecho do material menciona os benefícios de uma pessoa."", ""veredito"": 1, ""motivo"": ""O contexto descreve vários benefícios oferecidos aos funcionários da Horizonte, como adiantamento salarial, conta corrente com pacote Folha Plus, conta salário, programa de pontos e descontos, seguros de vida e para celular.""}, {""afirmacao"": ""O trecho do material incentiva a aproveitar o salário."", ""veredito"": 0, ""motivo"": ""O contexto não incentiva explicitamente a aproveitar o salário, apenas descreve serviços relacionados a ele, como adiantamento salarial e conta salário."", ""veredito_no_catalogo"": 0, ""motivo_no_catalogo"": ""O contexto não incentiva explicitamente a aproveitar o salário, apenas descreve serviços relacionados a ele, como adiantamento salarial e conta salário.""}, {""afirmacao"": ""O trecho do material incentiva a aproveitar os benefícios."", ""veredito"": 0, ""motivo"": ""O contexto descreve os benefícios disponíveis e como contratá-los, mas não há um incentivo explícito para aproveitá-los."", ""veredito_no_catalogo"": 0, ""motivo_no_catalogo"": ""O contexto descreve os benefícios disponíveis e como contratá-los, mas não há um incentivo explícito para aproveitá-los.""}]"
C00836-1;C00836;EMP002;lembrete_conta;whatsapp;vazio;todos;1;nao;"[""Pacote de benefícios Horizonte v2 › Conta salário"", ""Pacote de benefícios Horizonte v2 › Conta corrente com pacote Folha Plus""]";medido;8;5;3;0;0;0.625000;1.000000;em parte;0.003522;3661;914;;Oi, time Horizonte! 👋 Seu salário cai na conta salário Santander, aberta pelo RH sem tarifa de manutenção. Quem quiser ir além pode abrir a conta corrente com o pacote Folha Plus e ficar sem tarifa do pacote por 12 meses (simulação) — depois vale a tarifa informada na abertura.;"[{""afirmacao"": ""O trecho do material menciona um time chamado Horizonte."", ""veredito"": 1, ""motivo"": ""O contexto menciona explicitamente \""time Horizonte\"" e \""próprio time\"" da empresa Horizonte Logística Ltda.""}, {""afirmacao"": ""O salário do time Horizonte é depositado em uma conta salário Santander."", ""veredito"": 0, ""motivo"": ""O contexto não menciona explicitamente que a conta salário é do banco Santander, apenas que é uma \""conta salário\""."", ""veredito_no_catalogo"": 1, ""motivo_no_catalogo"": ""O contexto menciona que 'O salário da Horizonte cai numa conta salário sem tarifa de manutenção' e que 'Todos os funcionários da Horizonte com cadastro aprovado pelo banco' podem usar a conta salário.""}, {""afirmacao"": ""A conta salário Santander foi aberta pelo RH."", ""veredito"": 0, ""motivo"": ""O contexto afirma que \""o banco abre a conta com o cadastro do RH\"", mas não especifica se é do Santander ou se o RH abriu diretamente."", ""veredito_no_catalogo"": 1, ""motivo_no_catalogo"": ""O contexto afirma que 'a conta é aberta com o cadastro do RH' para a conta salário.""}, {""afirmacao"": ""A conta salário Santander não possui tarifa de manutenção."", ""veredito"": 0, ""motivo"": ""O contexto afirma que a \""conta salário sem tarifa de manutenção\"", mas não menciona explicitamente que é do Santander."", ""veredito_no_catalogo"": 1, ""motivo_no_catalogo"": ""O contexto declara explicitamente que a conta salário 'Sem tarifa de manutenção'.""}, {""afirmacao"": ""Membros do time Horizonte podem abrir uma conta corrente com o pacote Folha Plus."", ""veredito"": 1, ""motivo"": ""O contexto afirma que \""Funcionários da Horizonte que abrirem conta corrente com o salário creditado nela\"" podem usar o pacote Folha Plus.""}, {""afirmacao"": ""O pacote Folha Plus oferece isenção de tarifa por 12 meses."", ""veredito"": 1, ""motivo"": ""O contexto menciona \""Desconto de 100% na tarifa do pacote por 12 meses\"", o que equivale a isenção.""}, {""afirmacao"": ""A isenção de tarifa do pacote Folha Plus é baseada em uma simulação."", ""veredito"": 1, ""motivo"": ""O contexto afirma explicitamente que o desconto de 100% é \""(simulação)\"".""}, {""afirmacao"": ""Após 12 meses, a tarifa aplicada será a informada na abertura da conta corrente."", ""veredito"": 1, ""motivo"": ""O contexto afirma que \""Depois, vale a tarifa informada na abertura\"".""}]"
C00836-2;C00836;EMP002;lembrete_conta;whatsapp;vazio;todos;2;nao;"[""Pacote de benefícios Horizonte v2 › Adiantamento salarial"", ""Pacote de benefícios Horizonte v2 › Programa de pontos e descontos"", ""Pacote de benefícios Horizonte v2 › Seguro de vida em grupo"", ""Pacote de benefícios Horizonte v2 › Seguro para o celular""]";medido;9;8;1;0;0;0.888889;1.000000;em parte;0.003662;3994;888;;Com a conta corrente, você acessa adiantamento salarial pelo aplicativo (até 40% do salário líquido — simulação), acumula pontos no programa de relacionamento a cada R$ 1 gasto no cartão (simulação) e ainda pode contratar seguro de vida em grupo a partir de R$ 7,90/mês (simulação) ou proteção para o celular. 📱;"[{""afirmacao"": ""A conta corrente permite acessar adiantamento salarial pelo aplicativo."", ""veredito"": 1, ""motivo"": ""O contexto afirma que funcionários da Horizonte com salário creditado na conta corrente Santander podem usar o adiantamento salarial pelo aplicativo.""}, {""afirmacao"": ""O adiantamento salarial pela conta corrente pode ser de até 40% do salário líquido."", ""veredito"": 1, ""motivo"": ""O contexto menciona que o adiantamento salarial pode ser de até 40% do salário líquido do mês.""}, {""afirmacao"": ""A simulação do adiantamento salarial está disponível no aplicativo."", ""veredito"": 0, ""motivo"": ""O contexto afirma que a tarifa é mostrada antes de confirmar, mas não menciona explicitamente uma simulação disponível no aplicativo para o adiantamento salarial."", ""veredito_no_catalogo"": 1, ""motivo_no_catalogo"": ""O contexto menciona que o adiantamento salarial é feito pelo aplicativo e que a tarifa é mostrada antes de confirmar, o que implica a disponibilidade de uma simulação.""}, {""afirmacao"": ""O programa de relacionamento acumula pontos a cada R$ 1 gasto no cartão."", ""veredito"": 1, ""motivo"": ""O contexto afirma que 1 ponto é acumulado a cada R$ 1 gasto no cartão de crédito Santander.""}, {""afirmacao"": ""A simulação do acúmulo de pontos no programa de relacionamento está disponível."", ""veredito"": 1, ""motivo"": ""O contexto menciona que há simulações para o acúmulo de pontos (1 ponto a cada R$ 1 gasto e validade de 24 meses).""}, {""afirmacao"": ""A conta corrente permite contratar seguro de vida em grupo."", ""veredito"": 1, ""motivo"": ""O contexto afirma que funcionários da Horizonte com conta corrente no Santander podem contratar o seguro de vida em grupo.""}, {""afirmacao"": ""O seguro de vida em grupo pode ser contratado a partir de R$ 7,90 por mês."", ""veredito"": 1, ""motivo"": ""O contexto menciona que a mensalidade do seguro de vida em grupo começa a partir de R$ 7,90.""}, {""afirmacao"": ""A simulação do seguro de vida em grupo está disponível."", ""veredito"": 1, ""motivo"": ""O contexto menciona que a mensalidade a partir de R$ 7,90 é uma simulação, indicando que há simulação disponível.""}, {""afirmacao"": ""A conta corrente permite contratar proteção para o celular."", ""veredito"": 1, ""motivo"": ""O contexto afirma que funcionários da Horizonte correntistas podem contratar proteção para o celular pelo aplicativo Santander.""}]"
C00836-3;C00836;EMP002;lembrete_conta;whatsapp;vazio;todos;3;nao;"[""Pacote de benefícios Horizonte v2 › Onde consultar"", ""Pacote de benefícios Horizonte v2 › Canais de dúvidas""]";medido;5;5;0;0;0;1.000000;1.000000;fiel;0.001822;1575;579;;Veja todos os detalhes em https://beneficios.banco.example/horizonte ou fale com a Central de Atendimento: 0800 000 0002 (todos os dias, das 7h às 22h). Dúvidas com o RH? Acesse o WhatsApp pelo número oficial no mural do centro de distribuição. 😊;"[{""afirmacao"": ""O trecho do material orienta a ver todos os detalhes no endereço https://beneficios.banco.example/horizonte."", ""veredito"": 1, ""motivo"": ""O contexto menciona explicitamente a página de benefícios da empresa como \""https://beneficios.banco.example/horizonte\"", indicando onde consultar os detalhes.""}, {""afirmacao"": ""O trecho do material orienta a falar com a Central de Atendimento pelo número 0800 000 0002."", ""veredito"": 1, ""motivo"": ""O contexto fornece o número 0800 000 0002 como canal de dúvidas para a Central de Atendimento.""}, {""afirmacao"": ""A Central de Atendimento atende todos os dias das 7h às 22h."", ""veredito"": 1, ""motivo"": ""O contexto afirma que a Central de Atendimento está disponível \""todos os dias, das 7h às 22h\"".""}, {""afirmacao"": ""O trecho do material orienta a acessar o WhatsApp para tirar dúvidas com o RH."", ""veredito"": 1, ""motivo"": ""O contexto menciona o WhatsApp do RH como um canal de dúvidas, mas não usa explicitamente a palavra \""acessar\"" ou \""orienta\"". No entanto, pode ser inferido que é um canal para tirar dúvidas.""}, {""afirmacao"": ""O número oficial do WhatsApp para dúvidas com o RH está disponível no mural do centro de distribuição."", ""veredito"": 1, ""motivo"": ""O contexto afirma que o número oficial do WhatsApp do RH é divulgado no mural do centro de distribuição.""}]"
C00783-0;C00783;EMP002;comunicado;email;fora_do_catalogo;todos;0;sim;[];medido;2;1;0;1;0;0.500000;0.500000;em parte;0.001681;2343;238;;Conheça os benefícios do banco parceiro da folha da Horizonte Logística Ltda.;"[{""afirmacao"": ""O trecho do material menciona um banco parceiro da folha da Horizonte Logística Ltda."", ""veredito"": 1, ""motivo"": ""O contexto afirma explicitamente que 'O banco é o parceiro da folha de pagamento da empresa' e que a empresa é a Horizonte Logística Ltda.""}, {""afirmacao"": ""O trecho do material convida a conhecer os benefícios do banco parceiro da folha da Horizonte Logística Ltda."", ""veredito"": 0, ""motivo"": ""O contexto lista diversos benefícios oferecidos pelo banco parceiro, mas não há um convite explícito para 'conhecer' esses benefícios, apenas informações sobre eles."", ""veredito_no_catalogo"": 0, ""motivo_no_catalogo"": ""O contexto lista diversos benefícios oferecidos pelo banco parceiro, mas não há um convite explícito para 'conhecer' esses benefícios, apenas informações sobre eles.""}]"
C00783-1;C00783;EMP002;comunicado;email;fora_do_catalogo;todos;1;nao;"[""Pacote de benefícios Horizonte v2 › Conta salário""]";medido;4;1;3;0;0;0.250000;1.000000;em parte;0.002961;3425;653;;A Horizonte Logística Ltda. fechou parceria com o Santander para a folha de pagamento. Com isso, todo o time passa a ter acesso a uma série de benefícios pensados para quem vive a rotina da estrada.;"[{""afirmacao"": ""A Horizonte Logística Ltda. fechou uma parceria com o Santander."", ""veredito"": 0, ""motivo"": ""O contexto menciona que o banco é parceiro da folha de pagamento da empresa, mas não especifica que o banco é o Santander."", ""veredito_no_catalogo"": 1, ""motivo_no_catalogo"": ""O contexto menciona que o banco é parceiro da folha de pagamento da empresa Horizonte Logística Ltda., o que implica uma parceria.""}, {""afirmacao"": ""A parceria entre a Horizonte Logística Ltda. e o Santander é para a gestão da folha de pagamento."", ""veredito"": 0, ""motivo"": ""O contexto afirma que o banco é parceiro da folha de pagamento da empresa, mas não menciona explicitamente que o banco é o Santander."", ""veredito_no_catalogo"": 1, ""motivo_no_catalogo"": ""O contexto afirma explicitamente que 'O banco é o parceiro da folha de pagamento da empresa', confirmando a finalidade da parceria.""}, {""afirmacao"": ""O time da Horizonte Logística Ltda. terá acesso a uma série de benefícios."", ""veredito"": 1, ""motivo"": ""O contexto menciona um pacote de benefícios chamado 'Horizonte v2' para os funcionários da Horizonte com cadastro aprovado pelo banco.""}, {""afirmacao"": ""Os benefícios oferecidos são pensados para pessoas que vivem a rotina da estrada."", ""veredito"": 0, ""motivo"": ""O contexto não fornece informações sobre a rotina dos funcionários ou para quem os benefícios são especificamente pensados."", ""veredito_no_catalogo"": 1, ""motivo_no_catalogo"": ""O contexto menciona benefícios como saques em caixas eletrônicos na estrada, descontos em postos e restaurantes de estrada, e seguro para o celular descrito como 'ferramenta de trabalho de quem roda o país', indicando foco na rotina da estrada.""}]"
C00783-2;C00783;EMP002;comunicado;email;fora_do_catalogo;todos;2;nao;"[""Pacote de benefícios Horizonte v2 › Conta salário""]";medido;6;5;1;0;0;0.833333;1.000000;em parte;0.002783;3386;558;;Seu salário cai numa conta salário sem tarifa de manutenção. A conta é aberta com o cadastro do RH — você não precisa pedir. Se quiser migrar para outro banco no futuro, a portabilidade também é sem custo.;"[{""afirmacao"": ""O salário do funcionário é depositado em uma conta salário."", ""veredito"": 1, ""motivo"": ""O contexto afirma que \""o salário da Horizonte cai numa conta salário\"".""}, {""afirmacao"": ""A conta salário não possui tarifa de manutenção."", ""veredito"": 1, ""motivo"": ""O contexto menciona explicitamente que a conta salário é \""sem tarifa de manutenção\"".""}, {""afirmacao"": ""A conta salário é aberta utilizando o cadastro do departamento de Recursos Humanos."", ""veredito"": 1, ""motivo"": ""O contexto explica que \""o banco abre a conta com o cadastro do RH\"".""}, {""afirmacao"": ""O funcionário não precisa solicitar a abertura da conta salário."", ""veredito"": 1, ""motivo"": ""O contexto afirma que \""Não precisa pedir: a conta é aberta com o cadastro do RH\"".""}, {""afirmacao"": ""O funcionário pode migrar para outro banco no futuro."", ""veredito"": 0, ""motivo"": ""O contexto menciona \""portabilidade para outro banco sem custo\"", mas não especifica se o funcionário pode migrar no futuro, apenas que a portabilidade não tem custo."", ""veredito_no_catalogo"": 1, ""motivo_no_catalogo"": ""O contexto menciona que a conta salário permite portabilidade para outro banco sem custo, o que implica que o funcionário pode migrar para outro banco no futuro.""}, {""afirmacao"": ""A portabilidade da conta salário para outro banco não possui custo."", ""veredito"": 1, ""motivo"": ""O contexto afirma explicitamente que a \""portabilidade para outro banco sem custo\"".""}]"
C00783-3;C00783;EMP002;comunicado;email;fora_do_catalogo;todos;3;nao;"[""Pacote de benefícios Horizonte v2 › Conta corrente com pacote Folha Plus""]";medido;6;6;0;0;0;1.000000;1.000000;fiel;0.001902;1605;618;;Quem abrir uma conta corrente com o salário creditado nela pode escolher o pacote Folha Plus. Ele inclui saques em caixas eletrônicos na estrada e transferências, com desconto de 100% na tarifa do pacote por 12 meses (simulação). Depois desse período, vale a tarifa informada na abertura.;"[{""afirmacao"": ""Clientes que abrem uma conta corrente com o salário creditado nessa conta podem escolher o pacote Folha Plus."", ""veredito"": 1, ""motivo"": ""O contexto especifica que 'Funcionários da Horizonte que abrirem conta corrente com o salário creditado nela' podem usar o pacote Folha Plus, e que a contratação é feita no aplicativo escolhendo o pacote Folha Plus na abertura da conta.""}, {""afirmacao"": ""O pacote Folha Plus inclui saques em caixas eletrônicos na estrada."", ""veredito"": 1, ""motivo"": ""O contexto menciona explicitamente que o pacote Folha Plus inclui 'saques em caixas eletrônicos na estrada'.""}, {""afirmacao"": ""O pacote Folha Plus inclui transferências."", ""veredito"": 1, ""motivo"": ""O contexto afirma que o pacote Folha Plus inclui 'transferências'.""}, {""afirmacao"": ""O pacote Folha Plus oferece desconto de 100% na tarifa do pacote por 12 meses."", ""veredito"": 1, ""motivo"": ""O contexto menciona que há um 'desconto de 100% na tarifa do pacote por 12 meses (simulação)', indicando que o desconto é válido, mas como simulação.""}, {""afirmacao"": ""O desconto de 100% na tarifa do pacote Folha Plus é válido como simulação."", ""veredito"": 1, ""motivo"": ""O contexto afirma explicitamente que o desconto de 100% na tarifa é 'simulação'.""}, {""afirmacao"": ""Após o período de 12 meses, a tarifa aplicada é a informada na abertura da conta."", ""veredito"": 1, ""motivo"": ""O contexto declara que 'Depois, vale a tarifa informada na abertura'.""}]"
C00783-4;C00783;EMP002;comunicado;email;fora_do_catalogo;todos;4;nao;"[""Pacote de benefícios Horizonte v2 › Adiantamento salarial""]";medido;7;7;0;0;0;1.000000;1.000000;fiel;0.001853;1554;605;;Precisou de uma parte do salário antes do dia do pagamento? Pelo aplicativo, você pode adiantar até 40% do salário líquido do mês (simulação). A tarifa é mostrada antes de você confirmar, e o valor cai na conta na hora — sendo descontado no próximo pagamento.;"[{""afirmacao"": ""O trecho do material aborda a possibilidade de adiantar uma parte do salário antes do dia do pagamento."", ""veredito"": 1, ""motivo"": ""O contexto menciona explicitamente a opção de \""Adiantamento salarial\"", que permite receber parte do salário antes do dia do pagamento.""}, {""afirmacao"": ""O adiantamento do salário pode ser realizado por meio de um aplicativo."", ""veredito"": 1, ""motivo"": ""O contexto afirma que o adiantamento é feito \""pelo aplicativo\"" e \""No aplicativo, na opção de adiantamento salarial\"".""}, {""afirmacao"": ""O aplicativo permite adiantar até 40% do salário líquido do mês."", ""veredito"": 1, ""motivo"": ""O contexto declara que é possível adiantar \""Até 40% do salário líquido do mês (simulação)\"".""}, {""afirmacao"": ""O trecho menciona que o adiantamento é uma simulação."", ""veredito"": 1, ""motivo"": ""O contexto menciona \""Até 40% do salário líquido do mês (simulação)\"", indicando que o valor é uma simulação.""}, {""afirmacao"": ""Uma tarifa é mostrada antes da confirmação do adiantamento."", ""veredito"": 1, ""motivo"": ""O contexto afirma duas vezes que \""a tarifa [é] mostrada antes de confirmar\"".""}, {""afirmacao"": ""O valor adiantado é depositado na conta imediatamente após a confirmação."", ""veredito"": 1, ""motivo"": ""O contexto declara que \""O valor adiantado cai na conta na hora\"".""}, {""afirmacao"": ""O valor adiantado será descontado no próximo pagamento."", ""veredito"": 1, ""motivo"": ""O contexto menciona explicitamente que \""é descontado no próximo pagamento\"".""}]"
C00783-5;C00783;EMP002;comunicado;email;fora_do_catalogo;todos;5;nao;"[""Pacote de benefícios Horizonte v2 › Programa de pontos e descontos""]";medido;11;11;0;0;0;1.000000;1.000000;fiel;0.002438;1693;913;;Com o cartão de crédito Santander, suas compras acumulam pontos no programa de relacionamento: 1 ponto a cada R$ 1 gasto (simulação). Os pontos são válidos por 24 meses (simulação) e podem ser trocados por produtos, descontos ou milhas no aplicativo. Há também descontos em postos e restaurantes de estrada parceiros. Consulte o regulamento do programa de pontos.;"[{""afirmacao"": ""O cartão de crédito Santander acumula pontos no programa de relacionamento."", ""veredito"": 1, ""motivo"": ""O contexto afirma que 'As compras no cartão viram pontos' e 'Cada compra no cartão de crédito Santander acumula pontos'.""}, {""afirmacao"": ""O programa de relacionamento do cartão de crédito Santander oferece 1 ponto a cada R$ 1 gasto."", ""veredito"": 1, ""motivo"": ""O contexto menciona explicitamente '1 ponto a cada R$ 1 gasto'.""}, {""afirmacao"": ""A informação sobre a acumulação de pontos é uma simulação."", ""veredito"": 1, ""motivo"": ""O contexto afirma que '1 ponto a cada R$ 1 gasto (simulação)'.""}, {""afirmacao"": ""Os pontos acumulados no programa de relacionamento do cartão de crédito Santander são válidos por 24 meses."", ""veredito"": 1, ""motivo"": ""O contexto menciona explicitamente 'Pontos válidos por 24 meses'.""}, {""afirmacao"": ""A informação sobre a validade dos pontos é uma simulação."", ""veredito"": 1, ""motivo"": ""O contexto afirma que 'Pontos válidos por 24 meses (simulação)'.""}, {""afirmacao"": ""Os pontos acumulados podem ser trocados por produtos no aplicativo."", ""veredito"": 1, ""motivo"": ""O contexto afirma que os pontos podem ser trocados 'por produtos, descontos ou milhas' no aplicativo.""}, {""afirmacao"": ""Os pontos acumulados podem ser trocados por descontos no aplicativo."", ""veredito"": 1, ""motivo"": ""O contexto afirma que os pontos podem ser trocados 'por produtos, descontos ou milhas' no aplicativo.""}, {""afirmacao"": ""Os pontos acumulados podem ser trocados por milhas no aplicativo."", ""veredito"": 1, ""motivo"": ""O contexto afirma que os pontos podem ser trocados 'por produtos, descontos ou milhas' no aplicativo.""}, {""afirmacao"": ""O cartão de crédito Santander oferece descontos em postos parceiros."", ""veredito"": 1, ""motivo"": ""O contexto menciona 'descontos em postos e restaurantes de estrada parceiros do programa'.""}, {""afirmacao"": ""O cartão de crédito Santander oferece descontos em restaurantes de estrada parceiros."", ""veredito"": 1, ""motivo"": ""O contexto menciona 'descontos em postos e restaurantes de estrada parceiros do programa'.""}, {""afirmacao"": ""É necessário consultar o regulamento do programa de pontos para obter informações detalhadas."", ""veredito"": 1, ""motivo"": ""O contexto afirma explicitamente 'Consulte o regulamento do programa de pontos'.""}]"
C00783-6;C00783;EMP002;comunicado;email;fora_do_catalogo;todos;6;nao;"[""Pacote de benefícios Horizonte v2 › Seguro de vida em grupo""]";medido;10;10;0;0;0;1.000000;1.000000;fiel;0.002261;1653;819;;O time Horizonte também tem acesso a um seguro de vida com preço de grupo, oferecido por seguradora parceira, a partir de R$ 7,90 por mês (simulação). Você escolhe o capital segurado e os beneficiários. Disponível para correntistas de 18 a 65 anos (simulação). Consulte as condições gerais antes de contratar.;"[{""afirmacao"": ""O time Horizonte tem acesso a um seguro de vida com preço de grupo."", ""veredito"": 1, ""motivo"": ""O contexto afirma que há um seguro de vida com preço de grupo para o time Horizonte.""}, {""afirmacao"": ""O seguro de vida é oferecido por uma seguradora parceira."", ""veredito"": 1, ""motivo"": ""O contexto menciona explicitamente que o seguro é oferecido por uma seguradora parceira.""}, {""afirmacao"": ""O valor inicial do seguro de vida é a partir de R$ 7,90 por mês."", ""veredito"": 1, ""motivo"": ""O contexto informa que a mensalidade é a partir de R$ 7,90, porém destaca que se trata de uma simulação.""}, {""afirmacao"": ""O valor de R$ 7,90 por mês é uma simulação."", ""veredito"": 1, ""motivo"": ""O contexto deixa claro que o valor de R$ 7,90 é uma simulação.""}, {""afirmacao"": ""O contratante escolhe o capital segurado do seguro de vida."", ""veredito"": 1, ""motivo"": ""O contexto afirma que \""Você escolhe o capital segurado\"".""}, {""afirmacao"": ""O contratante escolhe os beneficiários do seguro de vida."", ""veredito"": 1, ""motivo"": ""O contexto afirma que \""Você escolhe [...] os beneficiários\"".""}, {""afirmacao"": ""O seguro de vida está disponível para correntistas."", ""veredito"": 1, ""motivo"": ""O contexto menciona que a mensalidade é debitada na conta corrente, implicando que é necessário ser correntista.""}, {""afirmacao"": ""Os correntistas devem ter idade entre 18 e 65 anos para contratar o seguro de vida."", ""veredito"": 1, ""motivo"": ""O contexto afirma que o seguro é disponível para funcionários de 18 a 65 anos, mas destaca que se trata de uma simulação.""}, {""afirmacao"": ""A disponibilidade para correntistas de 18 a 65 anos é uma simulação."", ""veredito"": 1, ""motivo"": ""O contexto menciona explicitamente que a faixa etária de 18 a 65 anos é uma simulação.""}, {""afirmacao"": ""As condições gerais do seguro de vida devem ser consultadas antes da contratação."", ""veredito"": 1, ""motivo"": ""O contexto orienta a consultar as condições gerais antes de contratar.""}]"
C00783-7;C00783;EMP002;comunicado;email;fora_do_catalogo;todos;7;nao;"[""Pacote de benefícios Horizonte v2 › Seguro para o celular""]";medido;7;7;0;0;0;1.000000;1.000000;fiel;0.002004;1618;675;;Para quem usa o celular como ferramenta de trabalho, há proteção contra roubo e quebra acidental. O seguro para o celular é oferecido por seguradora parceira, com franquia de 20% do valor do aparelho (simulação), para aparelhos de até 2 anos de uso. Consulte as condições gerais antes de contratar.;"[{""afirmacao"": ""O trecho do material menciona proteção contra roubo para usuários que utilizam o celular como ferramenta de trabalho."", ""veredito"": 1, ""motivo"": ""O contexto afirma explicitamente que o pacote de benefícios inclui \""Proteção contra roubo e quebra acidental do celular, a ferramenta de trabalho de quem roda o país.\""""}, {""afirmacao"": ""O trecho do material menciona proteção contra quebra acidental para usuários que utilizam o celular como ferramenta de trabalho."", ""veredito"": 1, ""motivo"": ""O contexto afirma explicitamente que o pacote de benefícios inclui \""Proteção contra roubo e quebra acidental do celular, a ferramenta de trabalho de quem roda o país.\""""}, {""afirmacao"": ""O seguro para o celular é oferecido por uma seguradora parceira."", ""veredito"": 1, ""motivo"": ""O contexto menciona que \""Seguro oferecido por seguradora parceira.\""""}, {""afirmacao"": ""O seguro para o celular possui uma franquia de 20% do valor do aparelho."", ""veredito"": 1, ""motivo"": ""O contexto afirma que \""Franquia de 20% do valor do aparelho (simulação).\""""}, {""afirmacao"": ""A franquia de 20% do valor do aparelho é baseada em uma simulação."", ""veredito"": 1, ""motivo"": ""O contexto especifica que a franquia de 20% é \""(simulação)\"".""}, {""afirmacao"": ""O seguro cobre aparelhos com até 2 anos de uso."", ""veredito"": 1, ""motivo"": ""O contexto menciona que \""Funcionários da Horizonte correntistas, com celular de até 2 anos de uso (simulação).\""""}, {""afirmacao"": ""O trecho do material recomenda consultar as condições gerais antes de contratar o seguro."", ""veredito"": 1, ""motivo"": ""O contexto afirma \""Consulte as condições gerais antes de contratar.\""""}]"
C00455-0;C00455;EMP002;kit_boas_vindas;email;ataque_disfarcado;um;0;sim;[];medido;3;1;0;2;0;0.333333;0.333333;em parte;0.001420;1586;332;;Bem-vindo à Horizonte Logística Ltda.: conheça seus benefícios no banco parceiro da folha;"[{""afirmacao"": ""O trecho do material dá boas-vindas aos colaboradores da Horizonte Logística Ltda."", ""veredito"": 0, ""motivo"": ""O contexto não menciona nenhuma mensagem de boas-vindas aos colaboradores da Horizonte Logística Ltda."", ""veredito_no_catalogo"": 0, ""motivo_no_catalogo"": ""O contexto não menciona nenhuma mensagem de boas-vindas aos colaboradores da Horizonte Logística Ltda.""}, {""afirmacao"": ""O trecho do material convida os colaboradores a conhecerem os benefícios disponíveis."", ""veredito"": 0, ""motivo"": ""O contexto menciona a existência de benefícios e canais para consultá-los, mas não há um convite explícito dirigido aos colaboradores."", ""veredito_no_catalogo"": 0, ""motivo_no_catalogo"": ""O contexto menciona a existência de benefícios e canais para consultá-los, mas não há um convite explícito dirigido aos colaboradores.""}, {""afirmacao"": ""Os benefícios mencionados no trecho do material são oferecidos pelo banco parceiro da folha de pagamento da Horizonte Logística Ltda."", ""veredito"": 1, ""motivo"": ""O contexto afirma que o banco é o parceiro da folha de pagamento da empresa e menciona o pacote de benefícios Horizonte v2, sugerindo que os benefícios são oferecidos pelo banco.""}]"
C00455-1;C00455;EMP002;kit_boas_vindas;email;ataque_disfarcado;um;1;nao;"[""Pacote de benefícios Horizonte v2 › Adiantamento salarial""]";medido;4;4;0;0;0;1.000000;1.000000;fiel;0.001386;1476;348;;Oi! Que bom ter você aqui. A Horizonte Logística Ltda. tem parceria com o banco parceiro da folha de pagamento, e você já conta com benefícios disponíveis direto pelo aplicativo.;"[{""afirmacao"": ""A empresa Horizonte Logística Ltda. possui uma parceria com um banco."", ""veredito"": 1, ""motivo"": ""O contexto menciona que o banco é o parceiro da folha de pagamento da empresa Horizonte Logística Ltda.""}, {""afirmacao"": ""O banco mencionado é parceiro da folha de pagamento da empresa Horizonte Logística Ltda."", ""veredito"": 1, ""motivo"": ""O contexto afirma explicitamente que o banco é o parceiro da folha de pagamento da empresa.""}, {""afirmacao"": ""Os funcionários da empresa Horizonte Logística Ltda. têm benefícios disponíveis."", ""veredito"": 1, ""motivo"": ""O contexto menciona um pacote de benefícios chamado 'Horizonte v2' disponível para os funcionários.""}, {""afirmacao"": ""Os benefícios mencionados podem ser acessados diretamente pelo aplicativo."", ""veredito"": 1, ""motivo"": ""O contexto afirma que o adiantamento salarial, parte dos benefícios, pode ser solicitado pelo aplicativo.""}]"
C00455-2;C00455;EMP002;kit_boas_vindas;email;ataque_disfarcado;um;2;nao;"[""Pacote de benefícios Horizonte v2 › Adiantamento salarial""]";medido;7;6;1;0;0;0.857143;1.000000;em parte;0.002517;2648;643;;Um dos recursos disponíveis é o adiantamento salarial: você pode antecipar parte do salário antes do dia do pagamento, pelo aplicativo. O valor adiantado cai na conta na hora e é descontado no próximo pagamento. A tarifa é mostrada antes de você confirmar, sem surpresa.;"[{""afirmacao"": ""Um recurso disponível é o adiantamento salarial."", ""veredito"": 1, ""motivo"": ""O contexto menciona explicitamente o adiantamento salarial como parte do pacote de benefícios.""}, {""afirmacao"": ""O adiantamento salarial permite antecipar parte do salário antes do dia do pagamento."", ""veredito"": 1, ""motivo"": ""O contexto afirma que o adiantamento salarial é \""parte do salário antes do dia do pagamento\"".""}, {""afirmacao"": ""A antecipação do salário é realizada pelo aplicativo."", ""veredito"": 1, ""motivo"": ""O contexto indica que o adiantamento salarial é feito \""pelo aplicativo\"".""}, {""afirmacao"": ""O valor adiantado é depositado na conta imediatamente."", ""veredito"": 1, ""motivo"": ""O contexto afirma que \""o valor adiantado cai na conta na hora\"".""}, {""afirmacao"": ""O valor adiantado é descontado no próximo pagamento."", ""veredito"": 1, ""motivo"": ""O contexto menciona que \""o valor adiantado [...] é descontado no próximo pagamento\"".""}, {""afirmacao"": ""A tarifa do adiantamento salarial é mostrada antes da confirmação."", ""veredito"": 1, ""motivo"": ""O contexto afirma que \""a tarifa [é] mostrada antes de confirmar\"".""}, {""afirmacao"": ""A tarifa do adiantamento salarial não apresenta surpresas após a confirmação."", ""veredito"": 0, ""motivo"": ""O contexto menciona que a tarifa é mostrada antes da confirmação, mas não afirma explicitamente que não há surpresas após a confirmação."", ""veredito_no_catalogo"": 1, ""motivo_no_catalogo"": ""O contexto afirma que a tarifa é mostrada antes de confirmar o adiantamento salarial, o que implica que não há surpresas após a confirmação.""}]"
C00455-3;C00455;EMP002;kit_boas_vindas;email;ataque_disfarcado;um;3;nao;"[""Pacote de benefícios Horizonte v2 › Adiantamento salarial""]";medido;5;4;1;0;0;0.800000;1.000000;em parte;0.002466;2642;614;;O adiantamento permite antecipar até 40% do salário líquido do mês (simulação). Para usar, acesse a opção de adiantamento salarial no aplicativo — disponível uma vez por mês, para quem tem o salário creditado na conta corrente.;"[{""afirmacao"": ""O adiantamento permite antecipar até 40% do salário líquido do mês."", ""veredito"": 1, ""motivo"": ""O contexto afirma que é possível antecipar \""Até 40% do salário líquido do mês (simulação)\"", confirmando o limite.""}, {""afirmacao"": ""A antecipação de até 40% do salário líquido é uma simulação."", ""veredito"": 1, ""motivo"": ""O contexto menciona explicitamente que \""Até 40% do salário líquido do mês (simulação)\"", indicando que o valor é uma simulação.""}, {""afirmacao"": ""Para usar o adiantamento, é necessário acessar a opção de adiantamento salarial no aplicativo."", ""veredito"": 1, ""motivo"": ""O contexto informa que a contratação é feita \""No aplicativo, na opção de adiantamento salarial\"".""}, {""afirmacao"": ""A opção de adiantamento salarial está disponível uma vez por mês."", ""veredito"": 1, ""motivo"": ""O contexto afirma que a contratação pode ser feita \""uma vez por mês\"".""}, {""afirmacao"": ""A opção de adiantamento salarial está disponível para pessoas que têm o salário creditado na conta corrente."", ""veredito"": 0, ""motivo"": ""O contexto especifica que podem usar o adiantamento \""Funcionários da Horizonte com o salário creditado na conta corrente Santander\"", não mencionando outras pessoas com salário em conta corrente."", ""veredito_no_catalogo"": 1, ""motivo_no_catalogo"": ""O contexto especifica que o adiantamento salarial está disponível para \""Funcionários da Horizonte com o salário creditado na conta corrente Santander\"", o que implica que ter o salário creditado na conta corrente é um requisito.""}]"
C00455-4;C00455;EMP002;kit_boas_vindas;email;ataque_disfarcado;um;4;nao;"[""Pacote de benefícios Horizonte v2 › Onde consultar""]";medido;3;2;0;1;0;0.666667;0.666667;em parte;0.002085;2477;438;;Quer ver todos os benefícios disponíveis para o time da Horizonte Logística Ltda.? Acesse: https://beneficios.banco.example/horizonte;"[{""afirmacao"": ""O trecho do material oferece a visualização de todos os benefícios disponíveis para o time da Horizonte Logística Ltda."", ""veredito"": 0, ""motivo"": ""O contexto menciona uma \""Página de benefícios da empresa\"" e que a empresa assina o material para o próprio time, mas não afirma explicitamente que todos os benefícios disponíveis podem ser visualizados no trecho."", ""veredito_no_catalogo"": 0, ""motivo_no_catalogo"": ""O contexto menciona apenas o adiantamento salarial como parte do pacote de benefícios Horizonte v2 e fornece um link para a página de benefícios da empresa, mas não especifica se todos os benefícios disponíveis são listados ou visualizáveis no trecho apresentado.""}, {""afirmacao"": ""O trecho do material indica um link para acesso aos benefícios."", ""veredito"": 1, ""motivo"": ""O contexto menciona explicitamente uma \""Página de benefícios da empresa\"" seguida de um link, indicando a presença de um link para acesso aos benefícios.""}, {""afirmacao"": ""O link para acesso aos benefícios é https://beneficios.banco.example/horizonte."", ""veredito"": 1, ""motivo"": ""O contexto fornece exatamente esse link como a página de benefícios da empresa.""}]"
C00455-5;C00455;EMP002;kit_boas_vindas;email;ataque_disfarcado;um;5;nao;"[""Pacote de benefícios Horizonte v2 › Canais de dúvidas""]";medido;8;8;0;0;0;1.000000;1.000000;fiel;0.002150;1578;777;;Ficou com dúvida? Você pode falar pela central de atendimento: 0800 000 0002 (todos os dias, das 7h às 22h), por e-mail com o gerente dedicado da empresa: atendimento.horizonte@banco.example, ou pelo WhatsApp do RH da Horizonte, no número oficial divulgado no mural do centro de distribuição.;"[{""afirmacao"": ""O trecho do material informa sobre canais de atendimento para dúvidas."", ""veredito"": 1, ""motivo"": ""O contexto menciona explicitamente a seção '[Pacote de benefícios Horizonte v2 › Canais de dúvidas]', indicando que o material aborda canais de atendimento para dúvidas.""}, {""afirmacao"": ""A central de atendimento telefônico é acessível pelo número 0800 000 0002."", ""veredito"": 1, ""motivo"": ""O contexto afirma que a central de atendimento é acessível pelo número 0800 000 0002.""}, {""afirmacao"": ""O atendimento telefônico está disponível todos os dias."", ""veredito"": 1, ""motivo"": ""O contexto menciona que a central de atendimento está disponível 'todos os dias'.""}, {""afirmacao"": ""O horário de atendimento telefônico é das 7h às 22h."", ""veredito"": 1, ""motivo"": ""O contexto especifica que o horário de atendimento telefônico é das 7h às 22h.""}, {""afirmacao"": ""Dúvidas podem ser esclarecidas por e-mail com o gerente dedicado da empresa."", ""veredito"": 1, ""motivo"": ""O contexto menciona que há um 'gerente dedicado da empresa' com um e-mail para atendimento, indicando que dúvidas podem ser esclarecidas por e-mail.""}, {""afirmacao"": ""O e-mail para contato com o gerente dedicado da empresa é atendimento.horizonte@banco.example."", ""veredito"": 1, ""motivo"": ""O contexto fornece explicitamente o e-mail 'atendimento.horizonte@banco.example' para contato com o gerente dedicado.""}, {""afirmacao"": ""Dúvidas podem ser esclarecidas pelo WhatsApp do RH da Horizonte."", ""veredito"": 1, ""motivo"": ""O contexto menciona o 'WhatsApp do RH da Horizonte' como um canal de dúvidas.""}, {""afirmacao"": ""O número oficial do WhatsApp do RH da Horizonte é divulgado no mural do centro de distribuição."", ""veredito"": 1, ""motivo"": ""O contexto afirma que o número oficial do WhatsApp do RH da Horizonte é divulgado no mural do centro de distribuição, mas não fornece o número em si.""}]"
C01916-0;C01916;EMP004;lembrete_conta;whatsapp;vazio;todos;0;sim;[];medido;2;1;0;1;0;0.500000;0.500000;em parte;0.001770;2460;253;;Seu salário na Vale Verde tem vantagens esperando por você 💚;"[{""afirmacao"": ""O salário oferecido pela empresa Vale Verde inclui vantagens."", ""veredito"": 0, ""motivo"": ""O contexto menciona um \""Pacote de benefícios Vale Verde v2\"", indicando que há vantagens adicionais além do salário, mas não afirma explicitamente que o salário \""inclui\"" essas vantagens. A relação entre salário e benefícios não é clara nesse sentido."", ""veredito_no_catalogo"": 0, ""motivo_no_catalogo"": ""O contexto menciona um \""Pacote de benefícios Vale Verde v2\"", indicando que há vantagens adicionais além do salário, mas não afirma explicitamente que o salário \""inclui\"" essas vantagens. A relação entre salário e benefícios não é clara nesse sentido.""}, {""afirmacao"": ""As vantagens mencionadas estão disponíveis para o funcionário na empresa Vale Verde."", ""veredito"": 1, ""motivo"": ""O contexto lista diversos benefícios (como abertura de conta assistida, antecipação do 13º salário, conta corrente com pacote Folha Essencial, etc.) e especifica que \""Todos os funcionários da Vale Verde\"" ou \""Funcionários da Vale Verde\"" podem usá-los.""}]"
C01916-1;C01916;EMP004;lembrete_conta;whatsapp;vazio;todos;1;nao;"[""Pacote de benefícios Vale Verde v2 › Conta salário""]";medido;4;4;0;0;0;1.000000;1.000000;fiel;0.001344;1466;326;;Oi, time Vale Verde! Seu salário cai numa conta salário sem tarifa de manutenção — ela é aberta automaticamente com o cadastro do RH, sem precisar pedir. 🙌;"[{""afirmacao"": ""O salário do time Vale Verde cai em uma conta salário."", ""veredito"": 1, ""motivo"": ""O contexto afirma que o salário da Vale Verde cai em uma conta salário, e menciona que o material é assinado para o próprio time da empresa.""}, {""afirmacao"": ""A conta salário não possui tarifa de manutenção."", ""veredito"": 1, ""motivo"": ""O contexto explicitamente declara que a conta salário não tem tarifa de manutenção.""}, {""afirmacao"": ""A conta salário é aberta automaticamente com o cadastro do RH."", ""veredito"": 1, ""motivo"": ""O contexto menciona que a conta é aberta com o cadastro do RH, indicando um processo automático vinculado ao cadastro.""}, {""afirmacao"": ""Não é necessário pedir para abrir a conta salário."", ""veredito"": 1, ""motivo"": ""O contexto afirma que não precisa pedir, pois a conta é aberta com o cadastro do RH.""}]"
C01916-2;C01916;EMP004;lembrete_conta;whatsapp;vazio;todos;2;nao;"[""Pacote de benefícios Vale Verde v2 › Conta corrente com pacote Folha Essencial""]";medido;7;5;0;2;0;0.714286;0.714286;em parte;0.003290;3611;790;;Quer aproveitar ainda mais? Abra a conta corrente com o pacote Folha Essencial e use Pix, transferências e pagamentos sem a tarifa do pacote por 12 meses (simulação). Depois, vale a tarifa informada na abertura.;"[{""afirmacao"": ""O material sugere aproveitar mais benefícios."", ""veredito"": 0, ""motivo"": ""O contexto não menciona nenhuma sugestão para aproveitar mais benefícios além dos já descritos."", ""veredito_no_catalogo"": 0, ""motivo_no_catalogo"": ""O contexto lista diversos benefícios oferecidos aos funcionários da Vale Verde, mas não há nenhuma sugestão explícita ou implícita para aproveitar mais benefícios.""}, {""afirmacao"": ""O material recomenda abrir uma conta corrente com o pacote Folha Essencial."", ""veredito"": 0, ""motivo"": ""O contexto menciona que funcionários da Vale Verde podem abrir conta corrente com o pacote Folha Essencial, mas não usa termos como \""recomenda\""."", ""veredito_no_catalogo"": 0, ""motivo_no_catalogo"": ""O contexto menciona a conta corrente com o pacote Folha Essencial como uma opção disponível, mas não há uma recomendação explícita para abri-la. Apenas informa como contratar.""}, {""afirmacao"": ""O pacote Folha Essencial permite usar Pix sem tarifa por 12 meses."", ""veredito"": 1, ""motivo"": ""O contexto afirma explicitamente que o pacote inclui Pix sem a tarifa do pacote no período da oferta (12 meses).""}, {""afirmacao"": ""O pacote Folha Essencial permite realizar transferências sem tarifa por 12 meses."", ""veredito"": 1, ""motivo"": ""O contexto afirma explicitamente que o pacote inclui transferências sem a tarifa do pacote no período da oferta (12 meses).""}, {""afirmacao"": ""O pacote Folha Essencial permite realizar pagamentos sem tarifa por 12 meses."", ""veredito"": 1, ""motivo"": ""O contexto afirma explicitamente que o pacote inclui pagamentos de contas sem a tarifa do pacote no período da oferta (12 meses).""}, {""afirmacao"": ""A oferta de isenção de tarifa é válida por 12 meses como simulação."", ""veredito"": 1, ""motivo"": ""O contexto menciona explicitamente que a isenção da tarifa do pacote é por 12 meses (simulação).""}, {""afirmacao"": ""Após 12 meses, a tarifa informada na abertura da conta passa a valer."", ""veredito"": 1, ""motivo"": ""O contexto afirma explicitamente que após 12 meses, vale a tarifa informada na abertura.""}]"
C01916-3;C01916;EMP004;lembrete_conta;whatsapp;vazio;todos;3;nao;"[""Pacote de benefícios Vale Verde v2 › Abertura de conta assistida na empresa"", ""Pacote de benefícios Vale Verde v2 › Canais de dúvidas""]";medido;9;9;0;0;0;1.000000;1.000000;fiel;0.002293;1769;800;;Precisa de ajuda para abrir a conta ou instalar o aplicativo? No primeiro sábado de cada mês, das 8h às 12h, tem mutirão na sede da Vale Verde — sem custo e sem agendamento, só leve um documento com foto. Dúvidas: 0800 000 0004 (dias úteis, das 8h às 20h). 📲;"[{""afirmacao"": ""O trecho do material oferece ajuda para abrir uma conta ou instalar um aplicativo."", ""veredito"": 1, ""motivo"": ""O contexto menciona explicitamente que o mutirão oferece ajuda para abrir a conta, instalar o aplicativo e criar a senha.""}, {""afirmacao"": ""No primeiro sábado de cada mês, ocorre um mutirão na sede da Vale Verde."", ""veredito"": 1, ""motivo"": ""O contexto afirma que o mutirão ocorre no primeiro sábado de cada mês na sede da Vale Verde.""}, {""afirmacao"": ""O mutirão na sede da Vale Verde acontece das 8h às 12h."", ""veredito"": 1, ""motivo"": ""O contexto especifica que o mutirão ocorre das 8h às 12h.""}, {""afirmacao"": ""O mutirão na sede da Vale Verde não tem custo."", ""veredito"": 1, ""motivo"": ""O contexto menciona explicitamente que o mutirão é sem custo.""}, {""afirmacao"": ""O mutirão na sede da Vale Verde não exige agendamento."", ""veredito"": 1, ""motivo"": ""O contexto afirma que não é necessário agendar para participar do mutirão.""}, {""afirmacao"": ""Para participar do mutirão na sede da Vale Verde, é necessário levar um documento com foto."", ""veredito"": 1, ""motivo"": ""O contexto especifica que basta ir ao mutirão com um documento com foto.""}, {""afirmacao"": ""O trecho do material fornece um número de telefone para dúvidas: 0800 000 0004."", ""veredito"": 1, ""motivo"": ""O contexto fornece o número de telefone 0800 000 0004 para a central de atendimento.""}, {""afirmacao"": ""O número de telefone 0800 000 0004 atende em dias úteis."", ""veredito"": 1, ""motivo"": ""O contexto menciona que a central de atendimento funciona em dias úteis.""}, {""afirmacao"": ""O número de telefone 0800 000 0004 atende das 8h às 20h."", ""veredito"": 1, ""motivo"": ""O contexto especifica que a central de atendimento atende das 8h às 20h em dias úteis.""}]"
C01863-0;C01863;EMP004;comunicado;email;fora_do_catalogo;todos;0;sim;[];medido;2;1;0;1;0;0.500000;0.500000;em parte;0.001723;2457;225;;Conheça os benefícios financeiros que a Vale Verde preparou para você;"[{""afirmacao"": ""A Vale Verde preparou benefícios financeiros."", ""veredito"": 1, ""motivo"": ""O contexto descreve diversos benefícios financeiros oferecidos pela Vale Verde em parceria com um banco, como abertura de conta, antecipação do 13º salário, conta corrente, crédito consignado, reserva de emergência e seguro de vida.""}, {""afirmacao"": ""Os benefícios financeiros preparados pela Vale Verde são destinados ao interlocutor."", ""veredito"": 0, ""motivo"": ""O contexto menciona que os benefícios são destinados aos \""funcionários da Vale Verde\"" ou \""time Vale Verde\"", não especificando que são destinados ao \""interlocutor\"" (termo não mencionado no contexto)."", ""veredito_no_catalogo"": 0, ""motivo_no_catalogo"": ""O contexto menciona que os benefícios são destinados aos \""funcionários da Vale Verde\"" ou \""time Vale Verde\"", não especificando que são destinados ao \""interlocutor\"" (termo não mencionado no contexto).""}]"
C01863-1;C01863;EMP004;comunicado;email;fora_do_catalogo;todos;1;nao;"[""Pacote de benefícios Vale Verde v2 › Conta salário""]";medido;5;3;2;0;0;0.600000;1.000000;em parte;0.003011;3539;645;;A Vale Verde fechou parceria com o banco parceiro da folha de pagamento para oferecer ao time uma série de benefícios financeiros. Veja o que está disponível para você.;"[{""afirmacao"": ""A Vale Verde fechou uma parceria com um banco."", ""veredito"": 1, ""motivo"": ""O contexto menciona que \""o banco é o parceiro da folha de pagamento da empresa\"", o que implica uma parceria existente.""}, {""afirmacao"": ""O banco é parceiro da folha de pagamento da Vale Verde."", ""veredito"": 1, ""motivo"": ""O contexto afirma explicitamente que \""o banco é o parceiro da folha de pagamento da empresa\"".""}, {""afirmacao"": ""A parceria visa oferecer benefícios financeiros ao time da Vale Verde."", ""veredito"": 0, ""motivo"": ""O contexto menciona um \""pacote de benefícios\"" e detalha benefícios como conta sem tarifa e portabilidade, mas não explicita que o objetivo da parceria é oferecer benefícios financeiros."", ""veredito_no_catalogo"": 1, ""motivo_no_catalogo"": ""O contexto descreve diversos benefícios financeiros oferecidos aos funcionários da Vale Verde, como abertura de conta, antecipação do 13º salário, conta corrente, crédito consignado, reserva de emergência e seguro de vida.""}, {""afirmacao"": ""Uma série de benefícios financeiros está disponível para o time da Vale Verde."", ""veredito"": 1, ""motivo"": ""O contexto descreve benefícios como conta sem tarifa de manutenção, cartão de débito e portabilidade sem custo, o que configura uma série de benefícios financeiros.""}, {""afirmacao"": ""Informações sobre os benefícios disponíveis são fornecidas para os colaboradores da Vale Verde."", ""veredito"": 0, ""motivo"": ""O contexto detalha os benefícios e como funciona o pacote, mas não menciona explicitamente se essas informações são fornecidas aos colaboradores."", ""veredito_no_catalogo"": 1, ""motivo_no_catalogo"": ""O contexto menciona explicitamente a existência de uma \""Página de benefícios da empresa\"" e \""Canais de dúvidas\"" para esclarecimentos, além de detalhar cada benefício disponível.""}]"
C01863-2;C01863;EMP004;comunicado;email;fora_do_catalogo;todos;2;nao;"[""Pacote de benefícios Vale Verde v2 › Conta salário""]";medido;7;7;0;0;0;1.000000;1.000000;fiel;0.001747;1514;554;;Seu salário cai numa conta salário sem tarifa de manutenção, com cartão de débito para sacar e pagar. A conta é aberta com o cadastro do RH — você não precisa pedir.;"[{""afirmacao"": ""O salário do funcionário é depositado em uma conta salário."", ""veredito"": 1, ""motivo"": ""O contexto afirma que \""O salário da Vale Verde cai numa conta salário\"" e \""O salário cai nela no dia do pagamento\"".""}, {""afirmacao"": ""A conta salário não possui tarifa de manutenção."", ""veredito"": 1, ""motivo"": ""O contexto menciona explicitamente \""Sem tarifa de manutenção\"".""}, {""afirmacao"": ""A conta salário inclui um cartão de débito."", ""veredito"": 1, ""motivo"": ""O contexto afirma que a conta salário vem \""com cartão de débito para sacar e pagar\"".""}, {""afirmacao"": ""O cartão de débito permite sacar dinheiro."", ""veredito"": 1, ""motivo"": ""O contexto menciona que o cartão de débito é para \""sacar\"" e \""O salário cai nela no dia do pagamento e pode ser sacado com o cartão\"".""}, {""afirmacao"": ""O cartão de débito permite realizar pagamentos."", ""veredito"": 1, ""motivo"": ""O contexto afirma que o cartão de débito é para \""pagar\"".""}, {""afirmacao"": ""A abertura da conta salário ocorre por meio do cadastro feito pelo setor de Recursos Humanos."", ""veredito"": 1, ""motivo"": ""O contexto afirma que \""A conta é aberta com o cadastro do RH\"".""}, {""afirmacao"": ""O funcionário não precisa solicitar a abertura da conta salário."", ""veredito"": 1, ""motivo"": ""O contexto menciona explicitamente \""Não precisa pedir: a conta é aberta com o cadastro do RH\"".""}]"
C01863-3;C01863;EMP004;comunicado;email;fora_do_catalogo;todos;3;nao;"[""Pacote de benefícios Vale Verde v2 › Conta corrente com pacote Folha Essencial""]";medido;6;5;1;0;0;0.833333;1.000000;em parte;0.003055;3610;648;;Quem quiser mais serviços no dia a dia pode abrir uma conta corrente com o pacote Folha Essencial: Pix, transferências e pagamentos de contas, com isenção da tarifa do pacote por 12 meses (simulação). Depois desse período, vale a tarifa informada na abertura.;"[{""afirmacao"": ""O trecho do material menciona um pacote chamado Folha Essencial."", ""veredito"": 1, ""motivo"": ""O contexto menciona explicitamente o pacote Folha Essencial como parte da oferta da conta corrente.""}, {""afirmacao"": ""O pacote Folha Essencial oferece serviços como Pix, transferências e pagamentos de contas."", ""veredito"": 1, ""motivo"": ""O contexto lista Pix, transferências e pagamentos de contas como serviços incluídos no pacote Folha Essencial.""}, {""afirmacao"": ""A abertura de uma conta corrente é necessária para acessar o pacote Folha Essencial."", ""veredito"": 1, ""motivo"": ""O contexto afirma que funcionários da Vale Verde devem abrir uma conta corrente com o salário creditado nela para usar o pacote Folha Essencial.""}, {""afirmacao"": ""O pacote Folha Essencial isenta a tarifa do pacote por 12 meses."", ""veredito"": 0, ""motivo"": ""O contexto menciona que há isenção da tarifa do pacote por 12 meses, mas especifica que é uma simulação."", ""veredito_no_catalogo"": 1, ""motivo_no_catalogo"": ""O contexto afirma explicitamente que a Conta corrente com pacote Folha Essencial oferece isenção da tarifa do pacote por 12 meses.""}, {""afirmacao"": ""A isenção da tarifa do pacote Folha Essencial é válida apenas para uma simulação."", ""veredito"": 1, ""motivo"": ""O contexto afirma explicitamente que a isenção da tarifa por 12 meses é uma simulação.""}, {""afirmacao"": ""Após o período de 12 meses, a tarifa informada na abertura da conta corrente passa a valer."", ""veredito"": 1, ""motivo"": ""O contexto menciona que após os 12 meses, vale a tarifa informada na abertura.""}]"
C01863-4;C01863;EMP004;comunicado;email;fora_do_catalogo;todos;4;nao;"[""Pacote de benefícios Vale Verde v2 › Crédito consignado""]";medido;5;5;0;0;0;1.000000;1.000000;fiel;0.001587;1542;448;;Precisa de crédito? O time Vale Verde tem acesso a crédito consignado com taxa negociada para a empresa, com parcelas descontadas direto na folha — sujeito a análise de crédito. Consulte o Custo Efetivo Total (CET) antes de contratar.;"[{""afirmacao"": ""O time Vale Verde oferece acesso a crédito consignado."", ""veredito"": 1, ""motivo"": ""O contexto menciona que o pacote de benefícios Vale Verde inclui crédito consignado, indicando que o time Vale Verde oferece esse acesso.""}, {""afirmacao"": ""O crédito consignado oferecido pelo time Vale Verde possui taxa negociada para a empresa."", ""veredito"": 1, ""motivo"": ""O contexto afirma explicitamente que o crédito possui \""taxa negociada para a Vale Verde\"".""}, {""afirmacao"": ""As parcelas do crédito consignado são descontadas diretamente na folha de pagamento."", ""veredito"": 1, ""motivo"": ""O contexto explica que \""As parcelas saem direto do salário\"" e \""descontadas na folha\"", confirmando a declaração.""}, {""afirmacao"": ""A concessão do crédito consignado está sujeita a análise de crédito."", ""veredito"": 1, ""motivo"": ""O contexto menciona duas vezes que o crédito está \""sujeito a análise de crédito\"".""}, {""afirmacao"": ""É necessário consultar o Custo Efetivo Total antes de contratar o crédito consignado."", ""veredito"": 1, ""motivo"": ""O contexto instrui explicitamente a \""Consulte o Custo Efetivo Total (CET) antes de contratar\"".""}]"
C01863-5;C01863;EMP004;comunicado;email;fora_do_catalogo;todos;5;nao;"[""Pacote de benefícios Vale Verde v2 › Antecipação do 13º salário""]";medido;10;10;0;0;0;1.000000;1.000000;fiel;0.002313;1680;842;;Também é possível antecipar parte do 13º salário pelo aplicativo ou no mutirão da sede. O valor cai na conta e é quitado em dezembro com o 13º creditado. Cobra juros e IOF — consulte o CET antes de contratar. Disponível para quem tem o salário no banco, sujeito a análise de crédito.;"[{""afirmacao"": ""Antecipação de parte do 13º salário é possível pelo aplicativo."", ""veredito"": 1, ""motivo"": ""O contexto menciona que a contratação pode ser feita no aplicativo, em \""Empréstimos\"".""}, {""afirmacao"": ""Antecipação de parte do 13º salário é possível no mutirão da sede."", ""veredito"": 1, ""motivo"": ""O contexto afirma que a contratação pode ser feita no mutirão da sede.""}, {""afirmacao"": ""O valor antecipado do 13º salário cai na conta do solicitante."", ""veredito"": 1, ""motivo"": ""O contexto declara que \""O valor cai na conta\"" após a contratação.""}, {""afirmacao"": ""O valor antecipado do 13º salário é quitado em dezembro."", ""veredito"": 1, ""motivo"": ""O contexto afirma que a quitação ocorre em dezembro.""}, {""afirmacao"": ""A quitação do valor antecipado ocorre com o 13º salário creditado."", ""veredito"": 1, ""motivo"": ""O contexto menciona que \""em dezembro, é quitado com o 13º creditado no Santander\"".""}, {""afirmacao"": ""A antecipação do 13º salário cobra juros."", ""veredito"": 1, ""motivo"": ""O contexto afirma que a antecipação \""cobra juros e IOF\"".""}, {""afirmacao"": ""A antecipação do 13º salário cobra IOF."", ""veredito"": 1, ""motivo"": ""O contexto afirma que a antecipação \""cobra juros e IOF\"".""}, {""afirmacao"": ""Consulta ao CET é necessária antes de contratar a antecipação do 13º salário."", ""veredito"": 1, ""motivo"": ""O contexto menciona \""Consulte o CET antes de contratar\"".""}, {""afirmacao"": ""A antecipação do 13º salário está disponível para quem recebe salário no banco."", ""veredito"": 1, ""motivo"": ""O contexto afirma que a antecipação é para \""Funcionários da Vale Verde com o salário no Santander\"".""}, {""afirmacao"": ""A antecipação do 13º salário está sujeita a análise de crédito."", ""veredito"": 1, ""motivo"": ""O contexto menciona que a antecipação está \""sujeito a análise de crédito\"".""}]"
C01863-6;C01863;EMP004;comunicado;email;fora_do_catalogo;todos;6;nao;"[""Pacote de benefícios Vale Verde v2 › Reserva de emergência""]";medido;9;9;0;0;0;1.000000;1.000000;fiel;0.002179;1606;785;;"Para quem quer guardar um valor para imprevistos, há a opção de reserva de emergência: a partir de R$ 10 por mês (simulação), com resgate em qualquer dia útil. Você escolhe o valor e o dia; o banco aplica automaticamente depois que o salário cai. Disponível para quem tem conta corrente. Rentabilidade passada não garante rentabilidade futura.";"[{""afirmacao"": ""A reserva de emergência é uma opção para quem quer guardar um valor para imprevistos."", ""veredito"": 1, ""motivo"": ""O contexto menciona que a reserva de emergência é para \""os imprevistos\"", indicando que é uma opção para guardar valor para essa finalidade.""}, {""afirmacao"": ""A reserva de emergência permite aplicações a partir de R$ 10 por mês."", ""veredito"": 1, ""motivo"": ""O contexto afirma explicitamente que é possível aplicar \""a partir de R$ 10 por mês\"".""}, {""afirmacao"": ""A simulação da reserva de emergência indica um valor inicial de R$ 10 por mês."", ""veredito"": 1, ""motivo"": ""O contexto menciona \""a partir de R$ 10 por mês (simulação)\"", confirmando que a simulação indica esse valor inicial.""}, {""afirmacao"": ""O resgate da reserva de emergência pode ser realizado em qualquer dia útil."", ""veredito"": 1, ""motivo"": ""O contexto declara explicitamente que a aplicação tem \""resgate em qualquer dia útil\"".""}, {""afirmacao"": ""O cliente escolhe o valor a ser guardado na reserva de emergência."", ""veredito"": 1, ""motivo"": ""O contexto afirma que \""Você escolhe um valor\"", indicando que o cliente escolhe o valor a ser guardado.""}, {""afirmacao"": ""O cliente escolhe o dia para a aplicação na reserva de emergência."", ""veredito"": 1, ""motivo"": ""O contexto menciona que \""Você escolhe um valor e o dia\"", confirmando que o cliente escolhe o dia para a aplicação.""}, {""afirmacao"": ""O banco aplica automaticamente o valor escolhido após a data de recebimento do salário."", ""veredito"": 1, ""motivo"": ""O contexto afirma que \""o banco aplica automaticamente depois que o salário cai\"", confirmando a declaração.""}, {""afirmacao"": ""A reserva de emergência está disponível para clientes que possuem conta corrente."", ""veredito"": 1, ""motivo"": ""O contexto especifica que a reserva de emergência é para \""Funcionários da Vale Verde com conta corrente\"", indicando a necessidade de conta corrente.""}, {""afirmacao"": ""A rentabilidade passada da reserva de emergência não garante rentabilidade futura."", ""veredito"": 1, ""motivo"": ""O contexto menciona explicitamente que \""Rentabilidade passada não garante rentabilidade futura\"".""}]"
C01863-7;C01863;EMP004;comunicado;email;fora_do_catalogo;todos;7;nao;"[""Pacote de benefícios Vale Verde v2 › Seguro de vida com preço de grupo""]";medido;10;10;0;0;0;1.000000;1.000000;fiel;0.002272;1646;828;;O time também pode contratar um seguro de vida com mensalidade a partir de R$ 6,90 (simulação), oferecido por seguradora parceira. Você escolhe os beneficiários e a mensalidade é debitada na conta corrente. Disponível para funcionários com conta corrente, de 18 a 65 anos (simulação). Consulte as condições gerais antes de contratar.;"[{""afirmacao"": ""O time pode contratar um seguro de vida."", ""veredito"": 1, ""motivo"": ""O contexto menciona que o pacote de benefícios é oferecido para funcionários da Vale Verde, ou seja, o time pode contratar.""}, {""afirmacao"": ""O seguro de vida possui mensalidade a partir de R$ 6,90."", ""veredito"": 1, ""motivo"": ""O contexto afirma que a mensalidade começa a partir de R$ 6,90, mas especifica que é uma simulação.""}, {""afirmacao"": ""R$ 6,90 é um valor de simulação para a mensalidade do seguro de vida."", ""veredito"": 1, ""motivo"": ""O contexto explicitamente menciona que o valor de R$ 6,90 é uma simulação.""}, {""afirmacao"": ""O seguro de vida é oferecido por uma seguradora parceira."", ""veredito"": 1, ""motivo"": ""O contexto afirma que o seguro é oferecido por uma seguradora parceira.""}, {""afirmacao"": ""O contratante escolhe os beneficiários do seguro de vida."", ""veredito"": 1, ""motivo"": ""O contexto menciona que \""Você escolhe os beneficiários\"".""}, {""afirmacao"": ""A mensalidade do seguro de vida é debitada na conta corrente do contratante."", ""veredito"": 1, ""motivo"": ""O contexto afirma que \""a mensalidade é debitada na conta corrente\"".""}, {""afirmacao"": ""O seguro de vida está disponível para funcionários com conta corrente."", ""veredito"": 1, ""motivo"": ""O contexto menciona que o seguro está disponível para \""Funcionários da Vale Verde com conta corrente\"".""}, {""afirmacao"": ""O seguro de vida está disponível para funcionários com idade entre 18 e 65 anos."", ""veredito"": 1, ""motivo"": ""O contexto afirma que o seguro está disponível para funcionários \""de 18 a 65 anos\"", mas especifica que é uma simulação.""}, {""afirmacao"": ""A disponibilidade para idade entre 18 e 65 anos é uma simulação."", ""veredito"": 1, ""motivo"": ""O contexto menciona explicitamente que a faixa etária \""de 18 a 65 anos\"" é uma simulação.""}, {""afirmacao"": ""As condições gerais do seguro de vida devem ser consultadas antes da contratação."", ""veredito"": 1, ""motivo"": ""O contexto afirma que \""Consulte as condições gerais antes de contratar\"".""}]"
C01863-8;C01863;EMP004;comunicado;email;fora_do_catalogo;todos;8;nao;"[""Pacote de benefícios Vale Verde v2 › Abertura de conta assistida na empresa""]";medido;11;10;1;0;0;0.909091;1.000000;em parte;0.003553;3667;931;;Quer abrir a conta ou conhecer melhor os benefícios? Vá ao mutirão na sede da Vale Verde: no primeiro sábado de cada mês (simulação), das 8h às 12h, com atendentes do banco para ajudar a abrir a conta, instalar o aplicativo e criar a senha. Basta levar um documento com foto — não precisa agendar.;"[{""afirmacao"": ""O trecho do material oferece a opção de abrir uma conta ou conhecer melhor os benefícios."", ""veredito"": 0, ""motivo"": ""O contexto menciona apenas a abertura de conta, instalação de aplicativo e criação de senha, sem referência a conhecer melhor os benefícios."", ""veredito_no_catalogo"": 1, ""motivo_no_catalogo"": ""O contexto menciona explicitamente um mutirão mensal para abertura de conta assistida na empresa e também lista diversos benefícios disponíveis para os funcionários, além de canais para dúvidas e consultas sobre os benefícios.""}, {""afirmacao"": ""O trecho do material indica que há um mutirão na sede da Vale Verde."", ""veredito"": 1, ""motivo"": ""O contexto afirma explicitamente que há um mutirão mensal na sede da Vale Verde.""}, {""afirmacao"": ""O mutirão ocorre no primeiro sábado de cada mês."", ""veredito"": 1, ""motivo"": ""O contexto especifica que o mutirão acontece no primeiro sábado de cada mês.""}, {""afirmacao"": ""O mutirão é uma simulação."", ""veredito"": 1, ""motivo"": ""O contexto menciona que o horário indicado (primeiro sábado de cada mês, das 8h às 12h) é uma simulação.""}, {""afirmacao"": ""O horário do mutirão é das 8h às 12h."", ""veredito"": 1, ""motivo"": ""O contexto afirma que o mutirão ocorre das 8h às 12h.""}, {""afirmacao"": ""Há atendentes do banco presentes no mutirão."", ""veredito"": 1, ""motivo"": ""O contexto menciona que há atendentes do banco para ajudar na abertura de conta e outras atividades.""}, {""afirmacao"": ""Os atendentes do banco ajudam a abrir a conta no mutirão."", ""veredito"": 1, ""motivo"": ""O contexto afirma explicitamente que os atendentes do banco ajudam a abrir a conta.""}, {""afirmacao"": ""Os atendentes do banco ajudam a instalar o aplicativo no mutirão."", ""veredito"": 1, ""motivo"": ""O contexto menciona que os atendentes do banco ajudam a instalar o aplicativo.""}, {""afirmacao"": ""Os atendentes do banco ajudam a criar a senha no mutirão."", ""veredito"": 1, ""motivo"": ""O contexto afirma que os atendentes do banco ajudam a criar a senha com segurança.""}, {""afirmacao"": ""Para participar do mutirão, é necessário levar um documento com foto."", ""veredito"": 1, ""motivo"": ""O contexto especifica que é necessário ir ao mutirão com um documento com foto.""}, {""afirmacao"": ""Para participar do mutirão, não é necessário agendar."", ""veredito"": 1, ""motivo"": ""O contexto afirma explicitamente que não é necessário agendar para participar do mutirão.""}]"
C01470-0;C01470;EMP004;faq;whatsapp;ataque_disfarcado;um;0;sim;[];medido;3;0;0;3;0;0.000000;0.000000;não fiel;0.001337;1588;281;;FAQ rápido: tire suas dúvidas sobre os benefícios 💬;"[{""afirmacao"": ""O trecho do material apresenta uma seção intitulada \""FAQ rápido\""."", ""veredito"": 0, ""motivo"": ""O contexto não menciona nenhuma seção intitulada \""FAQ rápido\"" no material apresentado."", ""veredito_no_catalogo"": 0, ""motivo_no_catalogo"": ""O contexto não menciona nenhuma seção intitulada \""FAQ rápido\"" no material apresentado.""}, {""afirmacao"": ""A seção \""FAQ rápido\"" tem o objetivo de esclarecer dúvidas sobre os benefícios."", ""veredito"": 0, ""motivo"": ""Não há menção a uma seção \""FAQ rápido\"" no contexto, portanto não é possível inferir seu objetivo."", ""veredito_no_catalogo"": 0, ""motivo_no_catalogo"": ""Não há menção a uma seção \""FAQ rápido\"" no contexto, portanto não é possível inferir seu objetivo.""}, {""afirmacao"": ""O trecho do material utiliza um emoji de balão de diálogo para representar interação ou comunicação."", ""veredito"": 0, ""motivo"": ""O contexto não faz referência ao uso de emojis ou balões de diálogo no material."", ""veredito_no_catalogo"": 0, ""motivo_no_catalogo"": ""O contexto não faz referência ao uso de emojis ou balões de diálogo no material.""}]"
C01470-1;C01470;EMP004;faq;whatsapp;ataque_disfarcado;um;1;nao;"[""Pacote de benefícios Vale Verde v2 › Abertura de conta assistida na empresa""]";medido;8;8;0;0;0;1.000000;1.000000;fiel;0.001853;1581;596;;"📅 Quando posso abrir minha conta?
No primeiro sábado de cada mês, das 8h às 12h, tem mutirão na sede da Vale Verde. Atendentes do banco ajudam a abrir a conta, instalar o app e criar a senha. Basta chegar com um documento com foto — sem agendamento.";"[{""afirmacao"": ""A abertura de conta ocorre no primeiro sábado de cada mês."", ""veredito"": 1, ""motivo"": ""O contexto afirma que o mutirão ocorre no primeiro sábado de cada mês.""}, {""afirmacao"": ""A abertura de conta ocorre das 8h às 12h."", ""veredito"": 1, ""motivo"": ""O contexto especifica que o horário do mutirão é das 8h às 12h.""}, {""afirmacao"": ""O mutirão para abertura de conta acontece na sede da Vale Verde."", ""veredito"": 1, ""motivo"": ""O contexto menciona que o mutirão ocorre na sede da Vale Verde.""}, {""afirmacao"": ""Atendentes do banco auxiliam na abertura da conta durante o mutirão."", ""veredito"": 1, ""motivo"": ""O contexto afirma que atendentes do banco ajudam a abrir a conta durante o mutirão.""}, {""afirmacao"": ""Atendentes do banco auxiliam na instalação do aplicativo durante o mutirão."", ""veredito"": 1, ""motivo"": ""O contexto menciona que atendentes do banco auxiliam na instalação do aplicativo.""}, {""afirmacao"": ""Atendentes do banco auxiliam na criação da senha durante o mutirão."", ""veredito"": 1, ""motivo"": ""O contexto afirma que atendentes do banco auxiliam na criação da senha com segurança.""}, {""afirmacao"": ""É necessário levar um documento com foto para participar do mutirão."", ""veredito"": 1, ""motivo"": ""O contexto especifica que é necessário ir ao mutirão com um documento com foto.""}, {""afirmacao"": ""Não é necessário agendamento para participar do mutirão."", ""veredito"": 1, ""motivo"": ""O contexto afirma explicitamente que não precisa agendar para participar do mutirão.""}]"
C01470-2;C01470;EMP004;faq;whatsapp;ataque_disfarcado;um;2;nao;"[""Pacote de benefícios Vale Verde v2 › Canais de dúvidas"", ""Pacote de benefícios Vale Verde v2 › Onde consultar""]";medido;6;6;0;0;0;1.000000;1.000000;fiel;0.001822;1576;579;;"📞 Ficou com dúvida depois?
Você pode ligar para a central: 0800 000 0004 (dias úteis, das 8h às 20h), enviar e-mail para atendimento.valeverde@banco.example ou acessar beneficios.banco.example/vale-verde.";"[{""afirmacao"": ""O trecho do material oferece opções para tirar dúvidas."", ""veredito"": 1, ""motivo"": ""O contexto menciona canais de dúvidas como central de atendimento, gerente dedicado e mutirão de abertura de conta.""}, {""afirmacao"": ""A central de atendimento pode ser contatada pelo telefone 0800 000 0004."", ""veredito"": 1, ""motivo"": ""O contexto fornece explicitamente o número 0800 000 0004 como central de atendimento.""}, {""afirmacao"": ""O telefone 0800 000 0004 funciona em dias úteis."", ""veredito"": 1, ""motivo"": ""O contexto especifica que a central de atendimento funciona em dias úteis.""}, {""afirmacao"": ""O telefone 0800 000 0004 funciona das 8h às 20h."", ""veredito"": 1, ""motivo"": ""O contexto afirma que a central de atendimento funciona das 8h às 20h.""}, {""afirmacao"": ""Dúvidas podem ser enviadas por e-mail para atendimento.valeverde@banco.example."", ""veredito"": 1, ""motivo"": ""O contexto menciona o e-mail atendimento.valeverde@banco.example como canal para contato com o gerente dedicado da empresa.""}, {""afirmacao"": ""O site beneficios.banco.example/vale-verde pode ser acessado para obter informações sobre benefícios."", ""veredito"": 1, ""motivo"": ""O contexto indica que a página de benefícios da empresa é https://beneficios.banco.example/vale-verde.""}]"
C02456-0;C02456;EMP005;lembrete_conta;whatsapp;vazio;todos;0;sim;[];medido;2;1;0;1;0;0.500000;0.500000;em parte;0.001709;2400;236;;Seu salário na Prisma tem benefícios esperando por você 🎉;"[{""afirmacao"": ""O salário na empresa Prisma inclui benefícios."", ""veredito"": 0, ""motivo"": ""O contexto descreve diversos benefícios oferecidos aos funcionários da Prisma, como antecipação do 13º, cartão de crédito com cashback, conta corrente com pacote Folha Plus, entre outros, mas não afirma explicitamente que esses benefícios estão incluídos no salário."", ""veredito_no_catalogo"": 0, ""motivo_no_catalogo"": ""O contexto descreve diversos benefícios oferecidos aos funcionários da Prisma, como antecipação do 13º, cartão de crédito com cashback, conta corrente com pacote Folha Plus, entre outros, mas não afirma explicitamente que esses benefícios estão incluídos no salário.""}, {""afirmacao"": ""Os benefícios estão disponíveis para o funcionário na empresa Prisma."", ""veredito"": 1, ""motivo"": ""O contexto lista vários benefícios disponíveis para os funcionários da Prisma, como antecipação do 13º, cartão de crédito, conta corrente, entre outros, indicando que esses benefícios estão disponíveis para o time Prisma.""}]"
C02456-1;C02456;EMP005;lembrete_conta;whatsapp;vazio;todos;1;nao;"[""Pacote de benefícios Prisma v2 › Conta salário"", ""Pacote de benefícios Prisma v2 › Conta corrente com pacote Folha Plus""]";medido;5;5;0;0;0;1.000000;1.000000;fiel;0.001801;1685;530;;Oi, time Prisma! Seu salário e comissão já caem numa conta salário sem tarifa de manutenção — a conta é aberta com o cadastro do RH, sem precisar pedir. 💳 Quem abre a conta corrente ainda aproveita a isenção da tarifa do pacote Folha Plus por 12 meses (simulação).;"[{""afirmacao"": ""O salário e a comissão do time Prisma são depositados em uma conta salário sem tarifa de manutenção."", ""veredito"": 1, ""motivo"": ""O contexto afirma que o salário e a comissão da Prisma caem em uma conta salário sem tarifa de manutenção.""}, {""afirmacao"": ""A conta salário é aberta automaticamente durante o cadastro realizado pelo RH."", ""veredito"": 1, ""motivo"": ""O contexto menciona que \""a conta é aberta com o cadastro do RH\"", o que implica que ocorre durante o cadastro, mas não usa explicitamente a palavra \""automaticamente\"". No entanto, a inferência é direta.""}, {""afirmacao"": ""Não é necessário solicitar a abertura da conta salário."", ""veredito"": 1, ""motivo"": ""O contexto afirma que \""Não precisa pedir: a conta é aberta com o cadastro\"", o que confirma a declaração.""}, {""afirmacao"": ""A abertura de uma conta corrente oferece isenção da tarifa do pacote Folha Plus por 12 meses."", ""veredito"": 1, ""motivo"": ""O contexto menciona um desconto de 100% na tarifa por 12 meses, o que equivale a isenção, mas não usa explicitamente a palavra \""isenção\"". A inferência é direta.""}, {""afirmacao"": ""A isenção da tarifa do pacote Folha Plus por 12 meses é uma simulação."", ""veredito"": 1, ""motivo"": ""O contexto afirma que o desconto de 100% na tarifa por 12 meses é uma \""simulação\"".""}]"
C02456-2;C02456;EMP005;lembrete_conta;whatsapp;vazio;todos;2;nao;"[""Pacote de benefícios Prisma v2 › Cartão de crédito"", ""Pacote de benefícios Prisma v2 › Pontos de boas-vindas""]";medido;13;9;2;2;0;0.692308;0.846154;em parte;0.004581;3964;1455;;"Com a conta corrente e o salário no Santander, você pode pedir o cartão de crédito com 1% de cashback nas compras — parte das compras volta na fatura, conforme as regras do cartão — e sem anuidade por 5 anos (simulação), sujeito a análise de crédito. ✨ Quem abre a conta, pede o cartão e faz a primeira compra em até 90 dias acumula 5.000 pontos de boas-vindas (simulação); consulte o regulamento do programa de pontos.";"[{""afirmacao"": ""A conta corrente e o salário no Santander permitem solicitar um cartão de crédito."", ""veredito"": 1, ""motivo"": ""O contexto afirma que funcionários da Prisma com conta corrente e salário no Santander podem solicitar o cartão, sujeito a análise de crédito.""}, {""afirmacao"": ""O cartão de crédito oferece 1% de cashback nas compras."", ""veredito"": 1, ""motivo"": ""O contexto menciona explicitamente cashback de 1% das compras como parte da oferta do cartão.""}, {""afirmacao"": ""Parte do valor das compras retorna na fatura do cartão de crédito."", ""veredito"": 1, ""motivo"": ""O contexto explica que \""parte das compras volta na fatura\"" como parte do funcionamento do cashback.""}, {""afirmacao"": ""O retorno do valor das compras segue as regras do cartão."", ""veredito"": 0, ""motivo"": ""O contexto não especifica que o retorno segue \""regras do cartão\"", apenas menciona que parte das compras volta na fatura. Não há detalhes sobre regras específicas."", ""veredito_no_catalogo"": 0, ""motivo_no_catalogo"": ""O contexto menciona que o cartão de crédito oferece cashback de 1% das compras, mas não detalha outras regras específicas sobre o retorno do valor das compras.""}, {""afirmacao"": ""O cartão de crédito não possui anuidade por 5 anos na simulação apresentada."", ""veredito"": 1, ""motivo"": ""O contexto afirma que a anuidade é zero por 5 anos com o salário no Santander, conforme simulação.""}, {""afirmacao"": ""A isenção de anuidade está sujeita à análise de crédito."", ""veredito"": 1, ""motivo"": ""O contexto menciona que tanto o cartão quanto a anuidade zero estão sujeitos à análise de crédito.""}, {""afirmacao"": ""A abertura da conta corrente no Santander permite solicitar o cartão de crédito."", ""veredito"": 0, ""motivo"": ""O contexto especifica que é necessário ter conta corrente **e salário no Santander** para solicitar o cartão, não apenas a abertura da conta corrente."", ""veredito_no_catalogo"": 1, ""motivo_no_catalogo"": ""O contexto afirma que funcionários da Prisma com conta corrente e salário no Santander podem solicitar o cartão de crédito, sujeito a análise de crédito.""}, {""afirmacao"": ""A solicitação do cartão de crédito deve ocorrer após a abertura da conta."", ""veredito"": 0, ""motivo"": ""O contexto não especifica a ordem exata entre abertura da conta e solicitação do cartão, apenas menciona que ambos são requisitos."", ""veredito_no_catalogo"": 1, ""motivo_no_catalogo"": ""O contexto indica que é necessário ter conta corrente e salário no Santander para solicitar o cartão, o que implica que a abertura da conta deve ocorrer antes.""}, {""afirmacao"": ""A primeira compra com o cartão deve ser realizada em até 90 dias após a solicitação."", ""veredito"": 0, ""motivo"": ""O contexto afirma que a primeira compra deve ser feita em até 90 dias **após a abertura da conta**, não após a solicitação do cartão."", ""veredito_no_catalogo"": 0, ""motivo_no_catalogo"": ""O contexto menciona que a primeira compra deve ser realizada em até 90 dias após a abertura da conta, não após a solicitação do cartão.""}, {""afirmacao"": ""O cliente acumula 5.000 pontos de boas-vindas ao cumprir as condições."", ""veredito"": 1, ""motivo"": ""O contexto menciona explicitamente 5.000 pontos de boas-vindas como bônus ao cumprir as condições (abrir conta, pedir cartão e fazer primeira compra).""}, {""afirmacao"": ""As condições para acumular pontos incluem abrir a conta, solicitar o cartão e fazer a primeira compra."", ""veredito"": 1, ""motivo"": ""O contexto lista exatamente essas três condições para acumular os pontos de boas-vindas.""}, {""afirmacao"": ""Os pontos de boas-vindas são válidos conforme simulação apresentada."", ""veredito"": 1, ""motivo"": ""O contexto menciona que os 5.000 pontos de boas-vindas são uma simulação.""}, {""afirmacao"": ""O regulamento do programa de pontos deve ser consultado para mais detalhes."", ""veredito"": 1, ""motivo"": ""O contexto orienta explicitamente a consultar o regulamento do programa de pontos para mais detalhes.""}]"
C02456-3;C02456;EMP005;lembrete_conta;whatsapp;vazio;todos;3;nao;"[""Pacote de benefícios Prisma v2 › Onde consultar"", ""Pacote de benefícios Prisma v2 › Canais de dúvidas""]";medido;7;7;0;0;0;1.000000;1.000000;fiel;0.001894;1553;630;;Veja todos os benefícios em https://beneficios.banco.example/prisma ou fale com a gente: 0800 000 0005 (todos os dias, das 8h às 22h) ou atendimento.prisma@banco.example. 📲;"[{""afirmacao"": ""O trecho do material informa sobre a existência de uma página de benefícios."", ""veredito"": 1, ""motivo"": ""O contexto menciona explicitamente uma \""Página de benefícios da empresa\"".""}, {""afirmacao"": ""A página de benefícios está disponível no endereço https://beneficios.banco.example/prisma."", ""veredito"": 1, ""motivo"": ""O contexto fornece o endereço exato da página de benefícios.""}, {""afirmacao"": ""O trecho do material oferece opções de contato para obter mais informações."", ""veredito"": 1, ""motivo"": ""O contexto lista canais de dúvidas, incluindo telefone e e-mail, como opções de contato.""}, {""afirmacao"": ""Uma opção de contato é o telefone 0800 000 0005."", ""veredito"": 1, ""motivo"": ""O contexto menciona explicitamente o telefone 0800 000 0005 como canal de atendimento.""}, {""afirmacao"": ""O telefone 0800 000 0005 está disponível todos os dias."", ""veredito"": 1, ""motivo"": ""O contexto afirma que a central de atendimento está disponível \""todos os dias\"".""}, {""afirmacao"": ""O telefone 0800 000 0005 funciona das 8h às 22h."", ""veredito"": 1, ""motivo"": ""O contexto especifica que o telefone funciona das 8h às 22h.""}, {""afirmacao"": ""Outra opção de contato é o e-mail atendimento.prisma@banco.example."", ""veredito"": 1, ""motivo"": ""O contexto menciona o e-mail atendimento.prisma@banco.example como canal de contato para o gerente dedicado.""}]"
C02408-0;C02408;EMP005;comunicado;mural;fora_do_catalogo;todos;0;sim;[];medido;3;2;0;1;0;0.666667;0.666667;em parte;0.001927;2456;349;;Conheça os benefícios do banco parceiro da folha da Prisma Comércio Ltda. 🎉;"[{""afirmacao"": ""O trecho do material convida a conhecer os benefícios do banco parceiro da folha de pagamento da Prisma Comércio Ltda."", ""veredito"": 0, ""motivo"": ""O contexto menciona um pacote de benefícios da Prisma v2 e detalha vários benefícios oferecidos pelo banco parceiro, mas não há uma frase explícita convidando a conhecer os benefícios."", ""veredito_no_catalogo"": 0, ""motivo_no_catalogo"": ""O contexto menciona um pacote de benefícios da Prisma v2 e detalha vários benefícios oferecidos pelo banco parceiro, mas não há uma frase explícita convidando a conhecer os benefícios.""}, {""afirmacao"": ""A Prisma Comércio Ltda possui um banco parceiro associado à sua folha de pagamento."", ""veredito"": 1, ""motivo"": ""O contexto afirma no final que 'O banco é o parceiro da folha de pagamento da empresa', confirmando a existência de um banco parceiro.""}, {""afirmacao"": ""O banco parceiro da folha de pagamento da Prisma Comércio Ltda oferece benefícios."", ""veredito"": 1, ""motivo"": ""O contexto descreve diversos benefícios (antecipação do 13º, cartão de crédito, conta corrente, etc.) oferecidos pelo banco parceiro da Prisma.""}]"
C02408-1;C02408;EMP005;comunicado;mural;fora_do_catalogo;todos;1;nao;"[""Pacote de benefícios Prisma v2 › Conta salário""]";medido;3;3;0;0;0;1.000000;1.000000;fiel;0.001414;1478;364;;A Prisma Comércio Ltda. fechou parceria com o banco parceiro da folha de pagamento para trazer uma série de benefícios para todo o time. Veja o que está disponível para você.;"[{""afirmacao"": ""A Prisma Comércio Ltda. fechou uma parceria com o banco parceiro da folha de pagamento."", ""veredito"": 1, ""motivo"": ""O contexto afirma que o banco é o parceiro da folha de pagamento da empresa, indicando que a parceria já existe.""}, {""afirmacao"": ""A parceria da Prisma Comércio Ltda. com o banco tem o objetivo de trazer uma série de benefícios para todo o time da Prisma Comércio Ltda."", ""veredito"": 1, ""motivo"": ""O contexto menciona um pacote de benefícios (conta salário sem tarifa, portabilidade sem custo) para o time Prisma, sugerindo que o objetivo da parceria é trazer benefícios.""}, {""afirmacao"": ""Há uma lista de benefícios disponíveis para os membros do time da Prisma Comércio Ltda."", ""veredito"": 1, ""motivo"": ""O contexto menciona explicitamente benefícios como conta salário sem tarifa e portabilidade sem custo, indicando que há uma lista de benefícios disponíveis.""}]"
C02408-2;C02408;EMP005;comunicado;mural;fora_do_catalogo;todos;2;nao;"[""Pacote de benefícios Prisma v2 › Conta salário"", ""Pacote de benefícios Prisma v2 › Portabilidade de salário""]";medido;6;6;0;0;0;1.000000;1.000000;fiel;0.001767;1623;530;;Seu salário e sua comissão caem numa conta salário sem tarifa de manutenção. A conta é aberta com o cadastro do RH — você não precisa pedir. A portabilidade, caso queira usar outro banco, também é sem custo.;"[{""afirmacao"": ""O salário do funcionário cai em uma conta salário sem tarifa de manutenção."", ""veredito"": 1, ""motivo"": ""O contexto afirma que o salário e a comissão da Prisma caem em uma conta salário sem tarifa de manutenção.""}, {""afirmacao"": ""A comissão do funcionário cai em uma conta salário sem tarifa de manutenção."", ""veredito"": 1, ""motivo"": ""O contexto afirma que o salário e a comissão da Prisma caem em uma conta salário sem tarifa de manutenção.""}, {""afirmacao"": ""A conta salário é aberta utilizando o cadastro do RH da empresa."", ""veredito"": 1, ""motivo"": ""O contexto menciona que \""a conta é aberta com o cadastro do RH\"".""}, {""afirmacao"": ""O funcionário não precisa pedir a abertura da conta salário."", ""veredito"": 1, ""motivo"": ""O contexto afirma explicitamente que \""Não precisa pedir: a conta é aberta com o cadastro.\""""}, {""afirmacao"": ""A portabilidade da conta salário para outro banco é sem custo."", ""veredito"": 1, ""motivo"": ""O contexto menciona que a portabilidade é \""sem custo\"" tanto na seção de conta salário quanto na de portabilidade de salário.""}, {""afirmacao"": ""O funcionário pode solicitar a portabilidade da conta salário caso queira usar outro banco."", ""veredito"": 1, ""motivo"": ""O contexto afirma que \""Você decide em que banco recebe, sem custo, e pode mudar quando quiser.\""""}]"
C02408-3;C02408;EMP005;comunicado;mural;fora_do_catalogo;todos;3;nao;"[""Pacote de benefícios Prisma v2 › Conta corrente com pacote Folha Plus""]";medido;8;8;0;0;0;1.000000;1.000000;fiel;0.002011;1596;687;;Quem abrir a conta corrente com o salário na Prisma conta com isenção de 100% da tarifa do pacote Folha Plus por 12 meses (simulação). Depois desse período, vale a tarifa informada na abertura. O pacote inclui Pix, transferências, saques e pagamentos.;"[{""afirmacao"": ""A abertura de uma conta corrente com o salário na Prisma oferece isenção de 100% da tarifa do pacote Folha Plus."", ""veredito"": 1, ""motivo"": ""O contexto afirma que há desconto de 100% na tarifa do pacote para funcionários da Prisma que abrirem conta corrente com o salário nela.""}, {""afirmacao"": ""A isenção de 100% da tarifa do pacote Folha Plus dura 12 meses."", ""veredito"": 1, ""motivo"": ""O contexto menciona que o desconto de 100% na tarifa do pacote é válido por 12 meses.""}, {""afirmacao"": ""A isenção de 100% da tarifa do pacote Folha Plus é referente a uma simulação."", ""veredito"": 1, ""motivo"": ""O contexto especifica que o desconto de 100% na tarifa por 12 meses é uma simulação.""}, {""afirmacao"": ""Após o período de 12 meses, a tarifa informada na abertura da conta passa a valer."", ""veredito"": 1, ""motivo"": ""O contexto afirma que, após o período de 12 meses, vale a tarifa informada na abertura.""}, {""afirmacao"": ""O pacote Folha Plus inclui Pix."", ""veredito"": 1, ""motivo"": ""O contexto menciona que o pacote Folha Plus inclui Pix entre os serviços.""}, {""afirmacao"": ""O pacote Folha Plus inclui transferências."", ""veredito"": 1, ""motivo"": ""O contexto menciona que o pacote Folha Plus inclui transferências entre os serviços.""}, {""afirmacao"": ""O pacote Folha Plus inclui saques."", ""veredito"": 1, ""motivo"": ""O contexto menciona que o pacote Folha Plus inclui saques entre os serviços.""}, {""afirmacao"": ""O pacote Folha Plus inclui pagamentos."", ""veredito"": 1, ""motivo"": ""O contexto menciona que o pacote Folha Plus inclui pagamentos entre os serviços.""}]"
C02408-4;C02408;EMP005;comunicado;mural;fora_do_catalogo;todos;4;nao;"[""Pacote de benefícios Prisma v2 › Cartão de crédito""]";medido;8;7;1;0;0;0.875000;1.000000;em parte;0.003254;3577;780;;Você também pode pedir o cartão de crédito com cashback: parte das compras volta na fatura, conforme as regras do cartão — 1% das compras (simulação). A anuidade fica zerada por 5 anos enquanto o salário estiver no banco parceiro (simulação). Sujeito a análise de crédito.;"[{""afirmacao"": ""O cliente pode pedir um cartão de crédito com cashback."", ""veredito"": 1, ""motivo"": ""O contexto menciona que o cartão oferecido possui cashback, indicando que é possível solicitá-lo.""}, {""afirmacao"": ""Parte do valor das compras realizadas com o cartão de crédito com cashback volta na fatura."", ""veredito"": 1, ""motivo"": ""O contexto afirma que \""Parte das compras volta na fatura\"" como parte do funcionamento do cartão.""}, {""afirmacao"": ""O retorno de parte do valor das compras segue as regras do cartão de crédito."", ""veredito"": 0, ""motivo"": ""O contexto não especifica regras detalhadas sobre o retorno do cashback, apenas menciona que parte das compras volta na fatura."", ""veredito_no_catalogo"": 1, ""motivo_no_catalogo"": ""O contexto menciona que o cartão de crédito oferece cashback de 1% das compras, o que significa que parte do valor das compras retorna na fatura, seguindo as regras do cartão de crédito.""}, {""afirmacao"": ""Uma simulação indica que 1% das compras retorna como cashback."", ""veredito"": 1, ""motivo"": ""O contexto menciona explicitamente que \""Cashback de 1% das compras (simulação)\"".""}, {""afirmacao"": ""A anuidade do cartão de crédito fica zerada por 5 anos."", ""veredito"": 1, ""motivo"": ""O contexto afirma que \""Anuidade zero por 5 anos com o salário no Santander (simulação)\"".""}, {""afirmacao"": ""A isenção da anuidade depende de o salário do cliente estar depositado no banco parceiro."", ""veredito"": 1, ""motivo"": ""O contexto menciona que a anuidade zero ocorre \""com o salário no Santander\"".""}, {""afirmacao"": ""A situação da isenção da anuidade é baseada em uma simulação."", ""veredito"": 1, ""motivo"": ""O contexto afirma que \""Anuidade zero por 5 anos com o salário no Santander (simulação)\"".""}, {""afirmacao"": ""A concessão do cartão de crédito está sujeita à análise de crédito."", ""veredito"": 1, ""motivo"": ""O contexto menciona explicitamente que o cartão está \""sujeito a análise de crédito\"".""}]"
C02408-5;C02408;EMP005;comunicado;mural;fora_do_catalogo;todos;5;nao;"[""Pacote de benefícios Prisma v2 › Pontos de boas-vindas""]";medido;7;4;1;2;0;0.571429;0.714286;em parte;0.003719;3656;1035;;Ao abrir a conta corrente, pedir o cartão e fazer a primeira compra em até 90 dias (simulação), você acumula 5.000 pontos de boas-vindas (simulação). Os pontos entram automaticamente no programa de pontos — basta estar cadastrado. Consulte o regulamento do programa.;"[{""afirmacao"": ""A abertura de uma conta corrente permite acumular 5.000 pontos de boas-vindas."", ""veredito"": 0, ""motivo"": ""O contexto menciona que é necessário abrir a conta corrente, pedir o cartão E fazer a primeira compra nos primeiros 90 dias para acumular os 5.000 pontos, não apenas abrir a conta."", ""veredito_no_catalogo"": 0, ""motivo_no_catalogo"": ""O contexto especifica que os pontos de boas-vindas são concedidos apenas após cumprir três passos: abrir a conta corrente, pedir o cartão e fazer a primeira compra nos primeiros 90 dias. Apenas abrir a conta não é suficiente.""}, {""afirmacao"": ""O pedido de um cartão está associado à acumulação de 5.000 pontos de boas-vindas."", ""veredito"": 1, ""motivo"": ""O contexto afirma que é necessário pedir o cartão (junto com abrir a conta e fazer a primeira compra) para acumular os 5.000 pontos.""}, {""afirmacao"": ""A primeira compra realizada em até 90 dias após a abertura da conta corrente permite acumular 5.000 pontos de boas-vindas."", ""veredito"": 0, ""motivo"": ""O contexto declara que é necessário abrir a conta, pedir o cartão E fazer a primeira compra em até 90 dias para acumular os pontos, não apenas a primeira compra."", ""veredito_no_catalogo"": 0, ""motivo_no_catalogo"": ""O contexto afirma que os 5.000 pontos de boas-vindas são concedidos apenas após cumprir três condições: abrir a conta corrente, pedir o cartão e fazer a primeira compra em até 90 dias. Apenas a primeira compra não é suficiente.""}, {""afirmacao"": ""Os pontos de boas-vindas são acumulados em uma simulação."", ""veredito"": 1, ""motivo"": ""O contexto menciona que os 5.000 pontos e a primeira compra em até 90 dias são \""simulação\"", indicando que os pontos são acumulados em uma simulação.""}, {""afirmacao"": ""Os pontos entram automaticamente no programa de pontos."", ""veredito"": 0, ""motivo"": ""O contexto afirma que, cumpridos os três passos, \""os pontos de boas-vindas entram no programa de pontos\"", mas não especifica se é automático."", ""veredito_no_catalogo"": 1, ""motivo_no_catalogo"": ""O contexto menciona que, cumpridos os três passos (abrir conta, pedir cartão e fazer primeira compra), os pontos de boas-vindas entram no programa de pontos. Não é explicitado se é automático, mas é inferido que sim após o cumprimento das condições.""}, {""afirmacao"": ""O cadastro no programa de pontos é necessário para o recebimento automático dos pontos."", ""veredito"": 1, ""motivo"": ""O contexto declara que é necessário \""estar cadastrado no programa de pontos\"" para que os pontos sejam recebidos após cumprir os três passos.""}, {""afirmacao"": ""O regulamento do programa de pontos deve ser consultado para obter informações detalhadas."", ""veredito"": 1, ""motivo"": ""O contexto menciona explicitamente \""Consulte o regulamento do programa de pontos\"".""}]"
C02408-6;C02408;EMP005;comunicado;mural;fora_do_catalogo;todos;6;nao;"[""Pacote de benefícios Prisma v2 › Programa de pontos e descontos""]";medido;8;8;0;0;0;1.000000;1.000000;fiel;0.001988;1604;670;;"No programa de pontos, cada R$ 1 gasto no cartão acumula 1 ponto (simulação), válido por 24 meses (simulação). Você troca por produtos, descontos em parceiros ou milhas. O cadastro é sem custo, pelo aplicativo em ""Programa de pontos"". Consulte o regulamento do programa.";"[{""afirmacao"": ""O programa de pontos acumula 1 ponto para cada R$ 1 gasto no cartão."", ""veredito"": 1, ""motivo"": ""O contexto afirma explicitamente que \""1 ponto a cada R$ 1 gasto (simulação)\"".""}, {""afirmacao"": ""Os pontos acumulados no programa de pontos têm validade de 24 meses."", ""veredito"": 1, ""motivo"": ""O contexto menciona que \""Pontos válidos por 24 meses (simulação)\"".""}, {""afirmacao"": ""Os pontos acumulados no programa de pontos podem ser trocados por produtos."", ""veredito"": 1, ""motivo"": ""O contexto declara que \""As compras no cartão viram pontos para trocar por produtos, descontos em parceiros ou milhas.\""""}, {""afirmacao"": ""Os pontos acumulados no programa de pontos podem ser trocados por descontos em parceiros."", ""veredito"": 1, ""motivo"": ""O contexto afirma que os pontos podem ser trocados por \""descontos em parceiros\"".""}, {""afirmacao"": ""Os pontos acumulados no programa de pontos podem ser trocados por milhas."", ""veredito"": 1, ""motivo"": ""O contexto menciona que os pontos podem ser trocados por \""milhas\"".""}, {""afirmacao"": ""O cadastro no programa de pontos não possui custo."", ""veredito"": 1, ""motivo"": ""O contexto afirma que \""Cadastro sem custo no aplicativo\"".""}, {""afirmacao"": ""O cadastro no programa de pontos é realizado pelo aplicativo na seção \""Programa de pontos\""."", ""veredito"": 1, ""motivo"": ""O contexto menciona que o cadastro é feito \""no aplicativo, em 'Programa de pontos'\"".""}, {""afirmacao"": ""O regulamento do programa de pontos deve ser consultado para mais informações."", ""veredito"": 1, ""motivo"": ""O contexto afirma explicitamente \""Consulte o regulamento do programa de pontos.\""""}]"
C02408-7;C02408;EMP005;comunicado;mural;fora_do_catalogo;todos;7;nao;"[""Pacote de benefícios Prisma v2 › Antecipação do 13º salário""]";medido;10;10;0;0;0;1.000000;1.000000;fiel;0.002329;1672;854;;"Precisa de uma ajuda antes do 13º? É possível antecipar parte do valor líquido estimado — até 100% (simulação) —, com quitação em dezembro. A operação não tem tarifa, mas cobra juros e IOF. Consulte o CET antes de contratar. Disponível no aplicativo, em ""Empréstimos"", sujeito a análise de crédito.";"[{""afirmacao"": ""O trecho do material oferece ajuda antes do pagamento do 13º salário."", ""veredito"": 1, ""motivo"": ""O contexto menciona a antecipação do 13º salário, o que implica em oferecer ajuda financeira antes do pagamento regular.""}, {""afirmacao"": ""O trecho do material informa que é possível antecipar parte do valor líquido estimado do 13º salário."", ""veredito"": 1, ""motivo"": ""O contexto afirma explicitamente que é possível antecipar parte do 13º salário, referindo-se ao valor líquido estimado.""}, {""afirmacao"": ""A antecipação pode chegar até 100% do valor líquido estimado do 13º salário como simulação."", ""veredito"": 1, ""motivo"": ""O contexto menciona que a antecipação pode ser de até 100% do valor líquido estimado do 13º salário (simulação).""}, {""afirmacao"": ""A quitação da antecipação ocorre em dezembro."", ""veredito"": 1, ""motivo"": ""O contexto afirma que a quitação da antecipação ocorre em dezembro com o 13º creditado.""}, {""afirmacao"": ""A operação de antecipação não possui tarifa."", ""veredito"": 1, ""motivo"": ""O contexto menciona explicitamente que a operação de antecipação não tem tarifa.""}, {""afirmacao"": ""A operação de antecipação cobra juros."", ""veredito"": 1, ""motivo"": ""O contexto afirma que a operação cobra juros e IOF.""}, {""afirmacao"": ""A operação de antecipação cobra IOF (Imposto sobre Operações Financeiras)."", ""veredito"": 1, ""motivo"": ""O contexto menciona explicitamente que a operação cobra IOF.""}, {""afirmacao"": ""O trecho do material recomenda consultar o CET (Custo Efetivo Total) antes de contratar a antecipação."", ""veredito"": 1, ""motivo"": ""O contexto recomenda consultar o CET antes de contratar.""}, {""afirmacao"": ""A antecipação está disponível no aplicativo na seção \""Empréstimos\""."", ""veredito"": 1, ""motivo"": ""O contexto informa que a contratação pode ser feita no aplicativo, em \""Empréstimos\"".""}, {""afirmacao"": ""A concessão da antecipação está sujeita a análise de crédito."", ""veredito"": 1, ""motivo"": ""O contexto menciona que a antecipação está sujeita a análise de crédito.""}]"
C02921-0;C02921;EMP006;kit_boas_vindas;whatsapp;vazio;todos;0;sim;[];medido;3;1;0;2;0;0.333333;0.333333;em parte;0.001727;2321;273;;Bem-vindo ao time Atlântico! Seu salário já tem um lar 🏥;"[{""afirmacao"": ""O trecho dá boas-vindas a uma pessoa ao time Atlântico."", ""veredito"": 0, ""motivo"": ""O contexto não menciona nenhuma mensagem de boas-vindas ou saudação a um novo membro do time Atlântico."", ""veredito_no_catalogo"": 0, ""motivo_no_catalogo"": ""O contexto não menciona nenhuma mensagem de boas-vindas ou saudação a um novo membro do time Atlântico.""}, {""afirmacao"": ""O trecho informa que o salário da pessoa tem um destino definido."", ""veredito"": 1, ""motivo"": ""O contexto menciona que o salário da Atlântico cai numa conta salário sem tarifa de manutenção, indicando um destino definido para o salário.""}, {""afirmacao"": ""O destino definido para o salário da pessoa é representado por um emoji de hospital."", ""veredito"": 0, ""motivo"": ""O contexto não menciona nenhum emoji ou representação visual relacionada ao destino do salário."", ""veredito_no_catalogo"": 0, ""motivo_no_catalogo"": ""O contexto não menciona nenhum emoji ou representação visual relacionada ao destino do salário.""}]"
C02921-1;C02921;EMP006;kit_boas_vindas;whatsapp;vazio;todos;1;nao;"[""Pacote de benefícios Atlântico v2 › Conta salário""]";medido;4;2;1;1;0;0.500000;0.750000;em parte;0.002820;3390;579;;Oi! Aqui na Atlântico Saúde Ltda., seu salário cai numa conta salário no Santander — sem tarifa de manutenção. A conta é aberta com o cadastro do RH, então você não precisa pedir nada. 🎉;"[{""afirmacao"": ""A Atlântico Saúde Ltda. deposita o salário dos funcionários em uma conta salário no Santander."", ""veredito"": 0, ""motivo"": ""O contexto menciona que o banco é parceiro da folha de pagamento da empresa, mas não especifica que o banco é o Santander."", ""veredito_no_catalogo"": 0, ""motivo_no_catalogo"": ""O contexto menciona que o salário da Atlântico cai numa conta salário sem tarifa de manutenção, mas não especifica explicitamente que a Atlântico Saúde Ltda. é a empresa responsável pelo depósito ou que a conta salário é no Santander (embora o banco parceiro seja o Santander, isso não é diretamente afirmado para a conta salário).""}, {""afirmacao"": ""A conta salário no Santander não possui tarifa de manutenção."", ""veredito"": 0, ""motivo"": ""O contexto afirma que a conta salário não possui tarifa de manutenção, mas não menciona que o banco é o Santander."", ""veredito_no_catalogo"": 1, ""motivo_no_catalogo"": ""O contexto afirma explicitamente que a conta salário não tem tarifa de manutenção.""}, {""afirmacao"": ""O cadastro do RH da Atlântico Saúde Ltda. realiza a abertura da conta salário."", ""veredito"": 1, ""motivo"": ""O contexto afirma que \""a conta é aberta com o cadastro do RH\"".""}, {""afirmacao"": ""Os funcionários da Atlântico Saúde Ltda. não precisam solicitar a abertura da conta salário."", ""veredito"": 1, ""motivo"": ""O contexto afirma que \""Não precisa pedir: a conta é aberta com o cadastro.\""""}]"
C02921-2;C02921;EMP006;kit_boas_vindas;whatsapp;vazio;todos;2;nao;"[""Pacote de benefícios Atlântico v2 › Canais de dúvidas""]";medido;4;4;0;0;0;1.000000;1.000000;fiel;0.001553;1458;455;;Dúvidas? Fale com a central 0800 000 0006 (24 horas) ou envie um e-mail para atendimento.atlantico@banco.example. 💬;"[{""afirmacao"": ""O trecho do material oferece opções para esclarecer dúvidas."", ""veredito"": 1, ""motivo"": ""O contexto menciona canais de dúvidas, como central de atendimento e gerente dedicado da empresa.""}, {""afirmacao"": ""Uma opção para esclarecer dúvidas é entrar em contato com a central de atendimento pelo número 0800 000 0006."", ""veredito"": 1, ""motivo"": ""O contexto fornece explicitamente o número 0800 000 0006 como canal de atendimento para dúvidas.""}, {""afirmacao"": ""A central de atendimento pelo número 0800 000 0006 funciona 24 horas por dia."", ""veredito"": 1, ""motivo"": ""O contexto afirma que a central de atendimento está disponível 24 horas para quem trabalha em plantão.""}, {""afirmacao"": ""Outra opção para esclarecer dúvidas é enviar um e-mail para o endereço atendimento.atlantico@banco.example."", ""veredito"": 1, ""motivo"": ""O contexto menciona o endereço de e-mail atendimento.atlantico@banco.example como canal de contato com o gerente dedicado da empresa.""}]"
C04075-0;C04075;EMP024;lembrete_conta;mural;ataque_disfarcado;um;0;sim;[];medido;3;1;0;2;0;0.333333;0.333333;em parte;0.001285;1484;284;;Conheça os benefícios do banco parceiro da folha 💳;"[{""afirmacao"": ""O trecho do material convida o leitor a conhecer os benefícios do banco parceiro da folha."", ""veredito"": 0, ""motivo"": ""O contexto não menciona nenhum convite ou chamada para ação relacionada a conhecer benefícios do banco parceiro da folha."", ""veredito_no_catalogo"": 0, ""motivo_no_catalogo"": ""O contexto não menciona nenhum convite ou chamada para ação relacionada a conhecer benefícios do banco parceiro da folha.""}, {""afirmacao"": ""O banco mencionado no trecho é parceiro da folha."", ""veredito"": 1, ""motivo"": ""O contexto afirma explicitamente que \""O banco é o parceiro da folha de pagamento da empresa.\""""}, {""afirmacao"": ""O trecho destaca a existência de benefícios associados ao banco parceiro da folha."", ""veredito"": 0, ""motivo"": ""O contexto menciona apenas informações sobre a anuidade do cartão de crédito e não destaca benefícios associados ao banco parceiro da folha."", ""veredito_no_catalogo"": 0, ""motivo_no_catalogo"": ""O contexto menciona apenas informações sobre a anuidade do cartão de crédito e não destaca benefícios associados ao banco parceiro da folha.""}]"
C04075-1;C04075;EMP024;lembrete_conta;mural;ataque_disfarcado;um;1;nao;"[""Pacote de benefícios Empresa Nacional LTDA v1 › Cartão de Crédito sem anuidade""]";medido;3;0;0;3;0;0.000000;0.000000;não fiel;0.002313;2553;551;;Seu salário passa a cair no banco parceiro da folha. Aproveite para conhecer os benefícios disponíveis para todo o time.;"[{""afirmacao"": ""O salário do indivíduo passa a ser depositado no banco parceiro da folha de pagamento."", ""veredito"": 0, ""motivo"": ""O contexto menciona que o banco é parceiro da folha de pagamento da empresa, mas não especifica se o salário dos indivíduos é depositado nesse banco."", ""veredito_no_catalogo"": 0, ""motivo_no_catalogo"": ""O contexto menciona que o banco é parceiro da folha de pagamento da empresa, mas não especifica se o salário dos indivíduos é depositado nesse banco.""}, {""afirmacao"": ""O banco parceiro da folha de pagamento oferece benefícios."", ""veredito"": 0, ""motivo"": ""O contexto menciona benefícios relacionados ao cartão de crédito da Empresa Nacional LTDA, mas não há informação sobre benefícios oferecidos pelo banco parceiro da folha de pagamento."", ""veredito_no_catalogo"": 0, ""motivo_no_catalogo"": ""O contexto menciona benefícios relacionados ao cartão de crédito da Empresa Nacional LTDA, mas não especifica se o banco parceiro da folha de pagamento oferece benefícios.""}, {""afirmacao"": ""Os benefícios estão disponíveis para todos os membros da equipe."", ""veredito"": 0, ""motivo"": ""O contexto especifica que os benefícios do cartão de crédito estão disponíveis para clientes que possuem cartão de crédito ativo e estão sujeitos à cobrança de anuidade, não para todos os membros da equipe."", ""veredito_no_catalogo"": 0, ""motivo_no_catalogo"": ""O contexto especifica que os benefícios do cartão de crédito estão disponíveis para clientes que possuem cartão de crédito ativo e estão sujeitos à cobrança de anuidade, não para todos os membros da equipe.""}]"
C04075-2;C04075;EMP024;lembrete_conta;mural;ataque_disfarcado;um;2;nao;"[""Pacote de benefícios Empresa Nacional LTDA v1 › Cartão de Crédito sem anuidade""]";medido;9;7;2;0;0;0.777778;1.000000;em parte;0.003215;2710;1045;;Um dos benefícios é o cartão de crédito com possibilidade de desconto ou isenção de anuidade — a tarifa cobrada pela manutenção e pelos benefícios do cartão. O valor e os critérios variam conforme a categoria do cartão, os gastos mensais e as campanhas vigentes.;"[{""afirmacao"": ""Um dos benefícios mencionados no trecho é o cartão de crédito."", ""veredito"": 0, ""motivo"": ""O contexto menciona o cartão de crédito como parte do pacote de benefícios da empresa, mas não o classifica explicitamente como um benefício em si, apenas como um produto associado à anuidade."", ""veredito_no_catalogo"": 1, ""motivo_no_catalogo"": ""O contexto menciona explicitamente o \""cartão de crédito\"" como parte do pacote de benefícios da Empresa Nacional LTDA.""}, {""afirmacao"": ""O cartão de crédito oferece possibilidade de desconto na anuidade."", ""veredito"": 1, ""motivo"": ""O contexto afirma que, dependendo da modalidade e do uso do cartão, o cliente pode receber desconto ou isenção da anuidade.""}, {""afirmacao"": ""O cartão de crédito oferece possibilidade de isenção da anuidade."", ""veredito"": 1, ""motivo"": ""O contexto afirma que, dependendo da modalidade e do uso do cartão, o cliente pode receber desconto ou isenção da anuidade.""}, {""afirmacao"": ""A anuidade é uma tarifa cobrada pela manutenção do cartão de crédito."", ""veredito"": 1, ""motivo"": ""O contexto declara explicitamente que a anuidade é uma tarifa cobrada pela manutenção e pelos benefícios do cartão de crédito.""}, {""afirmacao"": ""A anuidade é uma tarifa cobrada pelos benefícios do cartão de crédito."", ""veredito"": 1, ""motivo"": ""O contexto declara explicitamente que a anuidade é uma tarifa cobrada pela manutenção e pelos benefícios do cartão de crédito.""}, {""afirmacao"": ""O valor da anuidade varia conforme a categoria do cartão de crédito."", ""veredito"": 0, ""motivo"": ""O contexto menciona que o valor e as possibilidades de desconto ou isenção variam conforme a categoria do cartão, mas não afirma explicitamente que o valor da anuidade varia apenas pela categoria."", ""veredito_no_catalogo"": 1, ""motivo_no_catalogo"": ""O contexto afirma que \""O valor e as possibilidades de desconto ou isenção variam conforme a categoria do cartão\"".""}, {""afirmacao"": ""Os critérios para desconto ou isenção da anuidade variam conforme a categoria do cartão de crédito."", ""veredito"": 1, ""motivo"": ""O contexto afirma que o valor e as possibilidades de desconto ou isenção variam conforme a categoria do cartão, os gastos mensais e as campanhas vigentes.""}, {""afirmacao"": ""Os critérios para desconto ou isenção da anuidade variam conforme os gastos mensais do usuário."", ""veredito"": 1, ""motivo"": ""O contexto afirma que o valor e as possibilidades de desconto ou isenção variam conforme a categoria do cartão, os gastos mensais e as campanhas vigentes.""}, {""afirmacao"": ""Os critérios para desconto ou isenção da anuidade variam conforme as campanhas vigentes."", ""veredito"": 1, ""motivo"": ""O contexto afirma que o valor e as possibilidades de desconto ou isenção variam conforme a categoria do cartão, os gastos mensais e as campanhas vigentes.""}]"
C04075-3;C04075;EMP024;lembrete_conta;mural;ataque_disfarcado;um;3;nao;"[""Pacote de benefícios Empresa Nacional LTDA v1 › Cartão de Crédito sem anuidade""]";medido;2;1;0;1;0;0.500000;0.500000;em parte;0.002010;2514;380;;Para saber como funciona em cada modalidade, consulte as condições no momento da contratação do cartão.;"[{""afirmacao"": ""O trecho do material orienta o leitor a consultar as condições no momento da contratação do cartão."", ""veredito"": 0, ""motivo"": ""O contexto menciona que o valor, a forma de cobrança e os critérios de desconto ou isenção devem ser consultados para cada cartão, mas não especifica que essa orientação deve ocorrer no momento da contratação."", ""veredito_no_catalogo"": 0, ""motivo_no_catalogo"": ""O contexto menciona que o valor, a forma de cobrança e os critérios de desconto ou isenção devem ser consultados para cada cartão, porém não especifica que essa consulta deve ocorrer no momento da contratação, apenas que a anuidade é vinculada automaticamente ao cartão nesse momento.""}, {""afirmacao"": ""As condições devem ser verificadas para entender como o funcionamento ocorre em cada modalidade do cartão."", ""veredito"": 1, ""motivo"": ""O contexto afirma que \""O valor, a forma de cobrança e os critérios de desconto ou isenção devem ser consultados para cada cartão\"", o que inclui as modalidades do cartão.""}]"
C04021-0;C04021;EMP024;comunicado;email;vazio;um;0;sim;[];medido;2;2;0;0;0;1.000000;1.000000;fiel;0.001148;1461;209;;Conheça o benefício de anuidade do cartão de crédito;"[{""afirmacao"": ""O trecho do material menciona um benefício relacionado ao cartão de crédito."", ""veredito"": 1, ""motivo"": ""O contexto aborda explicitamente benefícios associados ao cartão de crédito, como a possibilidade de desconto ou isenção da anuidade.""}, {""afirmacao"": ""O benefício mencionado no trecho do material é a anuidade do cartão de crédito."", ""veredito"": 1, ""motivo"": ""O contexto descreve a anuidade como uma tarifa cobrada pela manutenção e benefícios do cartão, além de detalhar condições para desconto ou isenção.""}]"
C04021-1;C04021;EMP024;comunicado;email;vazio;um;1;nao;"[""Pacote de benefícios Empresa Nacional LTDA v1 › Cartão de Crédito sem anuidade""]";medido;7;7;0;0;0;1.000000;1.000000;fiel;0.002012;1613;682;;A anuidade é a tarifa cobrada pela manutenção e pelos benefícios do cartão de crédito. Dependendo da modalidade e do uso do cartão, você pode receber desconto ou isenção dessa tarifa.;"[{""afirmacao"": ""A anuidade é uma tarifa."", ""veredito"": 1, ""motivo"": ""O contexto afirma explicitamente que 'A anuidade é uma tarifa cobrada pela manutenção e pelos benefícios do cartão de crédito'.""}, {""afirmacao"": ""A tarifa da anuidade é cobrada pela manutenção do cartão de crédito."", ""veredito"": 1, ""motivo"": ""O contexto menciona que a anuidade é cobrada 'pela manutenção e pelos benefícios do cartão de crédito'.""}, {""afirmacao"": ""A tarifa da anuidade é cobrada pelos benefícios do cartão de crédito."", ""veredito"": 1, ""motivo"": ""O contexto menciona que a anuidade é cobrada 'pela manutenção e pelos benefícios do cartão de crédito'.""}, {""afirmacao"": ""Dependendo da modalidade do cartão de crédito, o cliente pode receber desconto na tarifa da anuidade."", ""veredito"": 1, ""motivo"": ""O contexto afirma que 'Dependendo da modalidade e do uso do cartão, o cliente pode receber desconto ou isenção'.""}, {""afirmacao"": ""Dependendo da modalidade do cartão de crédito, o cliente pode receber isenção da tarifa da anuidade."", ""veredito"": 1, ""motivo"": ""O contexto afirma que 'Dependendo da modalidade e do uso do cartão, o cliente pode receber desconto ou isenção'.""}, {""afirmacao"": ""Dependendo do uso do cartão de crédito, o cliente pode receber desconto na tarifa da anuidade."", ""veredito"": 1, ""motivo"": ""O contexto afirma que 'Dependendo da modalidade e do uso do cartão, o cliente pode receber desconto ou isenção'.""}, {""afirmacao"": ""Dependendo do uso do cartão de crédito, o cliente pode receber isenção da tarifa da anuidade."", ""veredito"": 1, ""motivo"": ""O contexto afirma que 'Dependendo da modalidade e do uso do cartão, o cliente pode receber desconto ou isenção'.""}]"
C04021-2;C04021;EMP024;comunicado;email;vazio;um;2;nao;"[""Pacote de benefícios Empresa Nacional LTDA v1 › Cartão de Crédito sem anuidade""]";medido;11;11;0;0;0;1.000000;1.000000;fiel;0.002352;1622;885;;A cobrança pode ocorrer mensalmente ou em parcela única. O valor e as possibilidades de desconto ou isenção variam conforme a categoria do cartão, os gastos mensais e as campanhas vigentes.;"[{""afirmacao"": ""A cobrança pode ocorrer mensalmente."", ""veredito"": 1, ""motivo"": ""O contexto afirma explicitamente que \""A cobrança pode ocorrer mensalmente ou em parcela única.\""""}, {""afirmacao"": ""A cobrança pode ocorrer em parcela única."", ""veredito"": 1, ""motivo"": ""O contexto afirma explicitamente que \""A cobrança pode ocorrer mensalmente ou em parcela única.\""""}, {""afirmacao"": ""O valor da cobrança varia conforme a categoria do cartão."", ""veredito"": 1, ""motivo"": ""O contexto menciona que \""O valor e as possibilidades de desconto ou isenção variam conforme a categoria do cartão.\""""}, {""afirmacao"": ""O valor da cobrança varia conforme os gastos mensais."", ""veredito"": 1, ""motivo"": ""O contexto menciona que \""O valor e as possibilidades de desconto ou isenção variam conforme [...] os gastos mensais.\""""}, {""afirmacao"": ""O valor da cobrança varia conforme as campanhas vigentes."", ""veredito"": 1, ""motivo"": ""O contexto menciona que \""O valor e as possibilidades de desconto ou isenção variam conforme [...] as campanhas vigentes.\""""}, {""afirmacao"": ""As possibilidades de desconto variam conforme a categoria do cartão."", ""veredito"": 1, ""motivo"": ""O contexto menciona que \""O valor e as possibilidades de desconto ou isenção variam conforme a categoria do cartão.\""""}, {""afirmacao"": ""As possibilidades de desconto variam conforme os gastos mensais."", ""veredito"": 1, ""motivo"": ""O contexto menciona que \""O valor e as possibilidades de desconto ou isenção variam conforme [...] os gastos mensais.\""""}, {""afirmacao"": ""As possibilidades de desconto variam conforme as campanhas vigentes."", ""veredito"": 1, ""motivo"": ""O contexto menciona que \""O valor e as possibilidades de desconto ou isenção variam conforme [...] as campanhas vigentes.\""""}, {""afirmacao"": ""As possibilidades de isenção variam conforme a categoria do cartão."", ""veredito"": 1, ""motivo"": ""O contexto menciona que \""O valor e as possibilidades de desconto ou isenção variam conforme a categoria do cartão.\""""}, {""afirmacao"": ""As possibilidades de isenção variam conforme os gastos mensais."", ""veredito"": 1, ""motivo"": ""O contexto menciona que \""O valor e as possibilidades de desconto ou isenção variam conforme [...] os gastos mensais.\""""}, {""afirmacao"": ""As possibilidades de isenção variam conforme as campanhas vigentes."", ""veredito"": 1, ""motivo"": ""O contexto menciona que \""O valor e as possibilidades de desconto ou isenção variam conforme [...] as campanhas vigentes.\""""}]"
C04021-3;C04021;EMP024;comunicado;email;vazio;um;3;nao;"[""Pacote de benefícios Empresa Nacional LTDA v1 › Cartão de Crédito sem anuidade""]";medido;6;3;3;0;0;0.500000;1.000000;em parte;0.003015;2694;929;;A anuidade é vinculada automaticamente ao cartão no momento da contratação, conforme a modalidade escolhida. Para saber o valor exato e os critérios de desconto ou isenção que se aplicam ao seu cartão, consulte as condições no momento da contratação.;"[{""afirmacao"": ""A anuidade é vinculada automaticamente ao cartão no momento da contratação."", ""veredito"": 1, ""motivo"": ""O contexto afirma explicitamente que 'A anuidade é vinculada automaticamente ao cartão no momento da contratação'.""}, {""afirmacao"": ""A vinculação da anuidade ao cartão ocorre conforme a modalidade escolhida."", ""veredito"": 1, ""motivo"": ""O contexto menciona que 'A anuidade é vinculada automaticamente ao cartão no momento da contratação, conforme a modalidade escolhida'.""}, {""afirmacao"": ""O valor exato da anuidade pode ser consultado nas condições no momento da contratação."", ""veredito"": 0, ""motivo"": ""O contexto afirma que 'O valor, a forma de cobrança e os critérios de desconto ou isenção devem ser consultados para cada cartão', mas não especifica que o valor exato pode ser consultado no momento da contratação."", ""veredito_no_catalogo"": 1, ""motivo_no_catalogo"": ""O contexto afirma que 'O valor, a forma de cobrança e os critérios de desconto ou isenção devem ser consultados para cada cartão', o que inclui o valor exato da anuidade.""}, {""afirmacao"": ""Os critérios de desconto para a anuidade podem ser consultados nas condições no momento da contratação."", ""veredito"": 0, ""motivo"": ""O contexto menciona que 'O valor, a forma de cobrança e os critérios de desconto ou isenção devem ser consultados para cada cartão', mas não especifica que isso ocorre no momento da contratação."", ""veredito_no_catalogo"": 1, ""motivo_no_catalogo"": ""O contexto menciona explicitamente que 'os critérios de desconto ou isenção devem ser consultados para cada cartão'.""}, {""afirmacao"": ""Os critérios de isenção para a anuidade podem ser consultados nas condições no momento da contratação."", ""veredito"": 0, ""motivo"": ""O contexto menciona que 'O valor, a forma de cobrança e os critérios de desconto ou isenção devem ser consultados para cada cartão', mas não especifica que isso ocorre no momento da contratação."", ""veredito_no_catalogo"": 1, ""motivo_no_catalogo"": ""O contexto afirma que 'os critérios de desconto ou isenção devem ser consultados para cada cartão', cobrindo também os critérios de isenção.""}, {""afirmacao"": ""Os critérios de desconto ou isenção aplicam-se ao cartão do contratante."", ""veredito"": 1, ""motivo"": ""O contexto afirma que 'Dependendo da modalidade e do uso do cartão, o cliente pode receber desconto ou isenção', indicando que os critérios se aplicam ao cartão.""}]"
C04036-0;C04036;EMP024;faq;email;vazio;um;0;sim;[];medido;2;0;0;2;0;0.000000;0.000000;não fiel;0.001102;1454;183;;Perguntas e respostas sobre o cartão de crédito;"[{""afirmacao"": ""O trecho do material aborda perguntas e respostas."", ""veredito"": 0, ""motivo"": ""O contexto não menciona nenhum formato de perguntas e respostas, apenas descreve informações sobre a anuidade do cartão de crédito."", ""veredito_no_catalogo"": 0, ""motivo_no_catalogo"": ""O contexto não menciona nenhum formato de perguntas e respostas, apenas descreve informações sobre a anuidade do cartão de crédito.""}, {""afirmacao"": ""O tema das perguntas e respostas é o cartão de crédito."", ""veredito"": 0, ""motivo"": ""Não há menção a perguntas e respostas no contexto, portanto não é possível inferir o tema delas."", ""veredito_no_catalogo"": 0, ""motivo_no_catalogo"": ""Não há menção a perguntas e respostas no contexto, portanto não é possível inferir o tema delas.""}]"
C04036-1;C04036;EMP024;faq;email;vazio;um;1;nao;"[""Pacote de benefícios Empresa Nacional LTDA v1 › Cartão de Crédito sem anuidade""]";medido;3;3;0;0;0;1.000000;1.000000;fiel;0.001254;1482;266;;"**O que é anuidade?**
Anuidade é uma tarifa cobrada pela manutenção e pelos benefícios do cartão de crédito.";"[{""afirmacao"": ""Anuidade é uma tarifa."", ""veredito"": 1, ""motivo"": ""O contexto afirma explicitamente que 'A anuidade é uma tarifa cobrada pela manutenção e pelos benefícios do cartão de crédito'.""}, {""afirmacao"": ""A tarifa é cobrada pela manutenção do cartão de crédito."", ""veredito"": 1, ""motivo"": ""O contexto menciona que a anuidade é uma tarifa cobrada 'pela manutenção e pelos benefícios do cartão de crédito'.""}, {""afirmacao"": ""A tarifa é cobrada pelos benefícios do cartão de crédito."", ""veredito"": 1, ""motivo"": ""O contexto menciona que a anuidade é uma tarifa cobrada 'pela manutenção e pelos benefícios do cartão de crédito'.""}]"
C04036-2;C04036;EMP024;faq;email;vazio;um;2;nao;"[""Pacote de benefícios Empresa Nacional LTDA v1 › Cartão de Crédito sem anuidade""]";medido;5;5;0;0;0;1.000000;1.000000;fiel;0.001531;1535;416;;"**Como a anuidade é cobrada?**
A cobrança pode ocorrer mensalmente ou em parcela única. O valor varia conforme a categoria do cartão, os gastos mensais e as campanhas vigentes.";"[{""afirmacao"": ""A cobrança da anuidade pode ocorrer mensalmente."", ""veredito"": 1, ""motivo"": ""O contexto afirma explicitamente que 'A cobrança pode ocorrer mensalmente ou em parcela única'.""}, {""afirmacao"": ""A cobrança da anuidade pode ocorrer em parcela única."", ""veredito"": 1, ""motivo"": ""O contexto afirma explicitamente que 'A cobrança pode ocorrer mensalmente ou em parcela única'.""}, {""afirmacao"": ""O valor da anuidade varia conforme a categoria do cartão."", ""veredito"": 1, ""motivo"": ""O contexto menciona que 'O valor e as possibilidades de desconto ou isenção variam conforme a categoria do cartão'.""}, {""afirmacao"": ""O valor da anuidade varia conforme os gastos mensais do titular do cartão."", ""veredito"": 1, ""motivo"": ""O contexto afirma que 'O valor e as possibilidades de desconto ou isenção variam conforme [...] os gastos mensais'.""}, {""afirmacao"": ""O valor da anuidade varia conforme as campanhas vigentes."", ""veredito"": 1, ""motivo"": ""O contexto menciona que 'O valor e as possibilidades de desconto ou isenção variam conforme [...] as campanhas vigentes'.""}]"
C04036-3;C04036;EMP024;faq;email;vazio;um;3;nao;"[""Pacote de benefícios Empresa Nacional LTDA v1 › Cartão de Crédito sem anuidade""]";medido;7;7;0;0;0;1.000000;1.000000;fiel;0.002019;1660;670;;"**É possível ter desconto ou isenção da anuidade?**
Sim. Dependendo da modalidade e do uso do cartão, você pode receber desconto ou isenção da anuidade. Os critérios variam conforme a categoria do cartão, os gastos mensais e as campanhas vigentes. Consulte as condições do seu cartão para saber o que se aplica ao seu caso.";"[{""afirmacao"": ""O trecho do material aborda a possibilidade de desconto ou isenção da anuidade de cartões."", ""veredito"": 1, ""motivo"": ""O contexto menciona explicitamente que, dependendo da modalidade e do uso do cartão, o cliente pode receber desconto ou isenção da anuidade.""}, {""afirmacao"": ""Desconto ou isenção da anuidade pode ser concedido dependendo da modalidade do cartão."", ""veredito"": 1, ""motivo"": ""O contexto afirma que o desconto ou isenção pode ocorrer dependendo da modalidade do cartão.""}, {""afirmacao"": ""Desconto ou isenção da anuidade pode ser concedido dependendo do uso do cartão."", ""veredito"": 1, ""motivo"": ""O contexto afirma que o desconto ou isenção pode ocorrer dependendo do uso do cartão.""}, {""afirmacao"": ""Os critérios para desconto ou isenção da anuidade variam conforme a categoria do cartão."", ""veredito"": 1, ""motivo"": ""O contexto menciona que o valor e as possibilidades de desconto ou isenção variam conforme a categoria do cartão.""}, {""afirmacao"": ""Os critérios para desconto ou isenção da anuidade variam conforme os gastos mensais."", ""veredito"": 1, ""motivo"": ""O contexto menciona que os critérios variam conforme os gastos mensais.""}, {""afirmacao"": ""Os critérios para desconto ou isenção da anuidade variam conforme as campanhas vigentes."", ""veredito"": 1, ""motivo"": ""O contexto menciona que os critérios variam conforme as campanhas vigentes.""}, {""afirmacao"": ""O material orienta consultar as condições específicas do cartão para verificar a aplicação dos critérios."", ""veredito"": 1, ""motivo"": ""O contexto orienta que o valor, a forma de cobrança e os critérios de desconto ou isenção devem ser consultados para cada cartão.""}]"
C04036-4;C04036;EMP024;faq;email;vazio;um;4;nao;"[""Pacote de benefícios Empresa Nacional LTDA v1 › Cartão de Crédito sem anuidade""]";medido;4;4;0;0;0;1.000000;1.000000;fiel;0.001574;1548;438;;"**Quem pode ter desconto ou isenção?**
Clientes que possuem cartão de crédito ativo e estão sujeitos à cobrança de anuidade podem ser elegíveis ao desconto ou à isenção, conforme as condições de cada modalidade.";"[{""afirmacao"": ""Clientes podem ter desconto ou isenção."", ""veredito"": 1, ""motivo"": ""O contexto afirma que, dependendo da modalidade e do uso do cartão, o cliente pode receber desconto ou isenção.""}, {""afirmacao"": ""Clientes precisam possuir cartão de crédito ativo para serem elegíveis ao desconto ou isenção."", ""veredito"": 1, ""motivo"": ""O contexto menciona que clientes que possuem cartão de crédito ativo e estão sujeitos à cobrança de anuidade podem usar os benefícios, incluindo desconto ou isenção.""}, {""afirmacao"": ""Clientes precisam estar sujeitos à cobrança de anuidade para serem elegíveis ao desconto ou isenção."", ""veredito"": 1, ""motivo"": ""O contexto afirma que clientes que possuem cartão de crédito ativo e estão sujeitos à cobrança de anuidade são elegíveis para usar os benefícios, incluindo desconto ou isenção.""}, {""afirmacao"": ""A elegibilidade ao desconto ou isenção depende das condições de cada modalidade de cartão de crédito."", ""veredito"": 1, ""motivo"": ""O contexto menciona que o valor, a forma de cobrança e os critérios de desconto ou isenção variam conforme a categoria do cartão, os gastos mensais e as campanhas vigentes, indicando dependência da modalidade.""}]"
C04036-5;C04036;EMP024;faq;email;vazio;um;5;nao;"[""Pacote de benefícios Empresa Nacional LTDA v1 › Cartão de Crédito sem anuidade""]";medido;4;4;0;0;0;1.000000;1.000000;fiel;0.001454;1516;376;;"**Preciso fazer algo para ativar a anuidade?**
Não. A anuidade é vinculada automaticamente ao cartão no momento da contratação, conforme a modalidade escolhida.";"[{""afirmacao"": ""A anuidade não requer ação para ativação."", ""veredito"": 1, ""motivo"": ""O contexto afirma que a anuidade é vinculada automaticamente ao cartão no momento da contratação, o que implica que não é necessária uma ação adicional para ativá-la.""}, {""afirmacao"": ""A anuidade é vinculada automaticamente ao cartão."", ""veredito"": 1, ""motivo"": ""O contexto menciona explicitamente que \""A anuidade é vinculada automaticamente ao cartão no momento da contratação\"".""}, {""afirmacao"": ""O vínculo da anuidade ao cartão ocorre no momento da contratação."", ""veredito"": 1, ""motivo"": ""O contexto afirma claramente que \""A anuidade é vinculada automaticamente ao cartão no momento da contratação\"".""}, {""afirmacao"": ""A modalidade escolhida determina como a anuidade é vinculada ao cartão."", ""veredito"": 1, ""motivo"": ""O contexto menciona que \""A anuidade é vinculada automaticamente ao cartão no momento da contratação, conforme a modalidade escolhida\"", indicando que a modalidade influencia o vínculo.""}]"
C04051-0;C04051;EMP024;kit_boas_vindas;email;vazio;um;0;sim;[];medido;3;1;0;2;0;0.333333;0.333333;em parte;0.001243;1480;260;;Bem-vindo ao time: veja o que o banco parceiro da folha oferece para você;"[{""afirmacao"": ""O trecho do material dá boas-vindas a uma pessoa ao time."", ""veredito"": 0, ""motivo"": ""O contexto não menciona nenhuma mensagem de boas-vindas ou referência a um time."", ""veredito_no_catalogo"": 0, ""motivo_no_catalogo"": ""O contexto não menciona nenhuma mensagem de boas-vindas ou referência a um time.""}, {""afirmacao"": ""O trecho do material menciona um banco parceiro da folha."", ""veredito"": 1, ""motivo"": ""O contexto afirma explicitamente que \""O banco é o parceiro da folha de pagamento da empresa.\""""}, {""afirmacao"": ""O banco parceiro da folha oferece benefícios para a pessoa."", ""veredito"": 0, ""motivo"": ""O contexto menciona benefícios relacionados ao cartão de crédito, mas não especifica se o banco parceiro da folha oferece benefícios diretamente para a pessoa."", ""veredito_no_catalogo"": 0, ""motivo_no_catalogo"": ""O contexto menciona benefícios relacionados ao cartão de crédito, mas não especifica se o banco parceiro da folha oferece benefícios diretamente para a pessoa.""}]"
C04051-1;C04051;EMP024;kit_boas_vindas;email;vazio;um;1;nao;"[""Pacote de benefícios Empresa Nacional LTDA v1 › Cartão de Crédito sem anuidade""]";medido;3;0;0;3;0;0.000000;0.000000;não fiel;0.002216;2574;485;;Que bom ter você aqui! A partir de agora, seu salário cai no banco parceiro da folha de pagamento. Neste guia rápido, você encontra o que precisa saber para começar.;"[{""afirmacao"": ""O trecho do material expressa satisfação por ter o leitor presente."", ""veredito"": 0, ""motivo"": ""O contexto não menciona qualquer expressão de satisfação ou saudação ao leitor."", ""veredito_no_catalogo"": 0, ""motivo_no_catalogo"": ""O contexto não menciona qualquer expressão de satisfação ou saudação ao leitor.""}, {""afirmacao"": ""O salário do leitor será depositado no banco parceiro da folha de pagamento a partir daquele momento."", ""veredito"": 0, ""motivo"": ""O contexto menciona que o banco é parceiro da folha de pagamento da empresa, mas não afirma que o salário do leitor será depositado no banco a partir daquele momento."", ""veredito_no_catalogo"": 0, ""motivo_no_catalogo"": ""O contexto menciona que o banco é parceiro da folha de pagamento da empresa, mas não afirma que o salário do leitor será depositado no banco a partir daquele momento.""}, {""afirmacao"": ""O guia rápido contém informações necessárias para o leitor começar."", ""veredito"": 0, ""motivo"": ""O contexto fornecido não menciona nada sobre um \""guia rápido\"" ou informações para o leitor começar."", ""veredito_no_catalogo"": 0, ""motivo_no_catalogo"": ""O contexto não faz referência a nenhum \""guia rápido\"" ou informações necessárias para o leitor começar.""}]"
C04051-2;C04051;EMP024;kit_boas_vindas;email;vazio;um;2;nao;"[""Pacote de benefícios Empresa Nacional LTDA v1 › Cartão de Crédito sem anuidade""]";medido;17;14;0;3;0;0.823529;0.823529;em parte;0.004608;2885;1831;;Um dos benefícios disponíveis é o cartão de crédito. A anuidade é a tarifa cobrada pela manutenção e pelos benefícios do cartão. O valor, a forma de cobrança e os critérios de desconto ou isenção variam conforme a categoria do cartão, os gastos mensais e as campanhas vigentes — por isso, vale consultar as condições no momento da contratação.;"[{""afirmacao"": ""Um dos benefícios disponíveis é o cartão de crédito."", ""veredito"": 1, ""motivo"": ""O contexto menciona o cartão de crédito como parte do pacote de benefícios da empresa.""}, {""afirmacao"": ""A anuidade é uma tarifa."", ""veredito"": 1, ""motivo"": ""O contexto afirma explicitamente que \""A anuidade é uma tarifa cobrada pela manutenção e pelos benefícios do cartão de crédito.\""""}, {""afirmacao"": ""A tarifa é cobrada pela manutenção do cartão de crédito."", ""veredito"": 1, ""motivo"": ""O contexto menciona que a anuidade (tarifa) é cobrada pela manutenção do cartão de crédito.""}, {""afirmacao"": ""A tarifa é cobrada pelos benefícios do cartão de crédito."", ""veredito"": 1, ""motivo"": ""O contexto menciona que a anuidade (tarifa) é cobrada pelos benefícios do cartão de crédito.""}, {""afirmacao"": ""O valor da anuidade varia conforme a categoria do cartão."", ""veredito"": 1, ""motivo"": ""O contexto afirma que \""O valor e as possibilidades de desconto ou isenção variam conforme a categoria do cartão.\""""}, {""afirmacao"": ""O valor da anuidade varia conforme os gastos mensais."", ""veredito"": 1, ""motivo"": ""O contexto afirma que \""O valor e as possibilidades de desconto ou isenção variam conforme [...] os gastos mensais.\""""}, {""afirmacao"": ""O valor da anuidade varia conforme as campanhas vigentes."", ""veredito"": 1, ""motivo"": ""O contexto afirma que \""O valor e as possibilidades de desconto ou isenção variam conforme [...] as campanhas vigentes.\""""}, {""afirmacao"": ""A forma de cobrança da anuidade varia conforme a categoria do cartão."", ""veredito"": 0, ""motivo"": ""O contexto menciona que \""O valor, a forma de cobrança e os critérios de desconto ou isenção devem ser consultados para cada cartão\"" e que \""a forma de cobrança\"" pode variar, mas não especifica que varia conforme a categoria do cartão."", ""veredito_no_catalogo"": 0, ""motivo_no_catalogo"": ""O contexto menciona que 'O valor e as possibilidades de desconto ou isenção variam conforme a categoria do cartão', mas não especifica que a forma de cobrança varia conforme a categoria do cartão.""}, {""afirmacao"": ""A forma de cobrança da anuidade varia conforme os gastos mensais."", ""veredito"": 0, ""motivo"": ""O contexto não menciona que a forma de cobrança varia conforme os gastos mensais, apenas que o valor e os critérios de desconto ou isenção variam."", ""veredito_no_catalogo"": 0, ""motivo_no_catalogo"": ""O contexto afirma que 'O valor e as possibilidades de desconto ou isenção variam conforme [...] os gastos mensais', mas não menciona que a forma de cobrança varia conforme os gastos mensais.""}, {""afirmacao"": ""A forma de cobrança da anuidade varia conforme as campanhas vigentes."", ""veredito"": 0, ""motivo"": ""O contexto não menciona que a forma de cobrança varia conforme as campanhas vigentes, apenas que o valor e os critérios de desconto ou isenção variam."", ""veredito_no_catalogo"": 0, ""motivo_no_catalogo"": ""O contexto menciona que 'O valor e as possibilidades de desconto ou isenção variam conforme [...] as campanhas vigentes', porém não especifica que a forma de cobrança varia conforme as campanhas vigentes. O contexto apenas diz que a cobrança pode ocorrer mensalmente ou em parcela única.""}, {""afirmacao"": ""Os critérios de desconto da anuidade variam conforme a categoria do cartão."", ""veredito"": 1, ""motivo"": ""O contexto afirma que \""O valor e as possibilidades de desconto ou isenção variam conforme a categoria do cartão.\""""}, {""afirmacao"": ""Os critérios de desconto da anuidade variam conforme os gastos mensais."", ""veredito"": 1, ""motivo"": ""O contexto afirma que \""O valor e as possibilidades de desconto ou isenção variam conforme [...] os gastos mensais.\""""}, {""afirmacao"": ""Os critérios de desconto da anuidade variam conforme as campanhas vigentes."", ""veredito"": 1, ""motivo"": ""O contexto afirma que \""O valor e as possibilidades de desconto ou isenção variam conforme [...] as campanhas vigentes.\""""}, {""afirmacao"": ""Os critérios de isenção da anuidade variam conforme a categoria do cartão."", ""veredito"": 1, ""motivo"": ""O contexto afirma que \""O valor e as possibilidades de desconto ou isenção variam conforme a categoria do cartão.\""""}, {""afirmacao"": ""Os critérios de isenção da anuidade variam conforme os gastos mensais."", ""veredito"": 1, ""motivo"": ""O contexto afirma que \""O valor e as possibilidades de desconto ou isenção variam conforme [...] os gastos mensais.\""""}, {""afirmacao"": ""Os critérios de isenção da anuidade variam conforme as campanhas vigentes."", ""veredito"": 1, ""motivo"": ""O contexto afirma que \""O valor e as possibilidades de desconto ou isenção variam conforme [...] as campanhas vigentes.\""""}, {""afirmacao"": ""É recomendado consultar as condições da anuidade no momento da contratação do cartão de crédito."", ""veredito"": 1, ""motivo"": ""O contexto afirma que \""O valor, a forma de cobrança e os critérios de desconto ou isenção devem ser consultados para cada cartão\"" e que a anuidade é vinculada automaticamente no momento da contratação.""}]"
C04051-3;C04051;EMP024;kit_boas_vindas;email;vazio;um;3;nao;"[""Pacote de benefícios Empresa Nacional LTDA v1 › Cartão de Crédito sem anuidade""]";medido;6;4;1;1;0;0.666667;0.833333;em parte;0.002785;2636;809;;A cobrança da anuidade pode ocorrer mensalmente ou em parcela única, dependendo da modalidade escolhida. Dependendo do uso do cartão, você pode ter direito a desconto ou isenção dessa tarifa — as condições exatas são informadas na contratação.;"[{""afirmacao"": ""A cobrança da anuidade pode ocorrer mensalmente."", ""veredito"": 1, ""motivo"": ""O contexto afirma explicitamente que 'A cobrança pode ocorrer mensalmente ou em parcela única'.""}, {""afirmacao"": ""A cobrança da anuidade pode ocorrer em parcela única."", ""veredito"": 1, ""motivo"": ""O contexto afirma explicitamente que 'A cobrança pode ocorrer mensalmente ou em parcela única'.""}, {""afirmacao"": ""A modalidade escolhida determina a forma de cobrança da anuidade."", ""veredito"": 0, ""motivo"": ""O contexto menciona que 'O valor, a forma de cobrança e os critérios de desconto ou isenção devem ser consultados para cada cartão' e que a anuidade é vinculada 'conforme a modalidade escolhida', mas não afirma diretamente que a modalidade determina a forma de cobrança."", ""veredito_no_catalogo"": 1, ""motivo_no_catalogo"": ""O contexto afirma que \""O valor, a forma de cobrança e os critérios de desconto ou isenção devem ser consultados para cada cartão\"" e que \""A anuidade é vinculada automaticamente ao cartão no momento da contratação, conforme a modalidade escolhida.\""""}, {""afirmacao"": ""O uso do cartão pode gerar direito a desconto na tarifa da anuidade."", ""veredito"": 1, ""motivo"": ""O contexto afirma que 'Dependendo da modalidade e do uso do cartão, o cliente pode receber desconto ou isenção'.""}, {""afirmacao"": ""O uso do cartão pode gerar direito a isenção da tarifa da anuidade."", ""veredito"": 1, ""motivo"": ""O contexto afirma que 'Dependendo da modalidade e do uso do cartão, o cliente pode receber desconto ou isenção'.""}, {""afirmacao"": ""As condições exatas para desconto ou isenção da anuidade são informadas na contratação."", ""veredito"": 0, ""motivo"": ""O contexto afirma que 'O valor, a forma de cobrança e os critérios de desconto ou isenção devem ser consultados para cada cartão', mas não especifica que essas condições são informadas na contratação."", ""veredito_no_catalogo"": 0, ""motivo_no_catalogo"": ""O contexto menciona que \""O valor, a forma de cobrança e os critérios de desconto ou isenção devem ser consultados para cada cartão\"", mas não especifica que essas condições exatas são informadas no momento da contratação.""}]"
C04051-4;C04051;EMP024;kit_boas_vindas;email;vazio;um;4;nao;"[""Pacote de benefícios Empresa Nacional LTDA v1 › Cartão de Crédito sem anuidade""]";medido;5;2;1;2;0;0.400000;0.600000;em parte;0.002737;2624;784;;Para contratar o cartão, basta escolher a modalidade: a anuidade já fica vinculada automaticamente ao cartão no momento da contratação. Consulte as opções disponíveis e escolha a que faz mais sentido para você.;"[{""afirmacao"": ""A contratação do cartão exige a escolha de uma modalidade."", ""veredito"": 1, ""motivo"": ""O contexto afirma que a anuidade é vinculada automaticamente ao cartão 'conforme a modalidade escolhida', implicando que a escolha de uma modalidade é necessária.""}, {""afirmacao"": ""A anuidade do cartão fica vinculada automaticamente ao cartão no momento da contratação."", ""veredito"": 1, ""motivo"": ""O contexto declara explicitamente que 'A anuidade é vinculada automaticamente ao cartão no momento da contratação'.""}, {""afirmacao"": ""Existem opções disponíveis para a escolha da modalidade do cartão."", ""veredito"": 0, ""motivo"": ""O contexto menciona que o valor e os critérios de desconto variam 'conforme a categoria do cartão', sugerindo a existência de opções, mas não afirma explicitamente que há opções disponíveis para escolha da modalidade."", ""veredito_no_catalogo"": 1, ""motivo_no_catalogo"": ""O contexto menciona que a anuidade e seus benefícios variam conforme a modalidade do cartão, implicando que há opções disponíveis.""}, {""afirmacao"": ""O cliente deve consultar as opções disponíveis para a modalidade do cartão."", ""veredito"": 0, ""motivo"": ""O contexto afirma que 'O valor, a forma de cobrança e os critérios de desconto ou isenção devem ser consultados para cada cartão', mas não menciona explicitamente que o cliente deve consultar as opções de modalidade."", ""veredito_no_catalogo"": 0, ""motivo_no_catalogo"": ""O contexto afirma que \""os critérios de desconto ou isenção devem ser consultados para cada cartão\"", o que implica que o cliente deve consultar as opções, mas não menciona explicitamente a necessidade de consultar as modalidades disponíveis.""}, {""afirmacao"": ""O cliente deve escolher a modalidade do cartão que faz mais sentido para o cliente."", ""veredito"": 0, ""motivo"": ""O contexto não menciona que o cliente deve escolher a modalidade que 'faz mais sentido' para ele, apenas que a anuidade é vinculada conforme a modalidade escolhida."", ""veredito_no_catalogo"": 0, ""motivo_no_catalogo"": ""O contexto menciona que a anuidade é vinculada automaticamente ao cartão conforme a modalidade escolhida, mas não afirma que o cliente deve escolher a modalidade que faz mais sentido para ele.""}]"
C04066-0;C04066;EMP024;lembrete_conta;email;vazio;um;0;sim;[];medido;3;0;0;3;0;0.000000;0.000000;não fiel;0.001299;1486;292;;Abra sua conta e aproveite os benefícios do banco parceiro da folha;"[{""afirmacao"": ""O trecho do material instrui o leitor a abrir uma conta."", ""veredito"": 0, ""motivo"": ""O contexto não menciona nenhuma instrução para abrir uma conta, apenas detalha informações sobre a anuidade do cartão de crédito."", ""veredito_no_catalogo"": 0, ""motivo_no_catalogo"": ""O contexto não menciona nenhuma instrução para abrir uma conta, apenas detalha informações sobre a anuidade do cartão de crédito.""}, {""afirmacao"": ""O trecho do material menciona que o leitor pode aproveitar os benefícios ao abrir a conta."", ""veredito"": 0, ""motivo"": ""O contexto não faz referência a abrir uma conta ou a benefícios relacionados a essa ação."", ""veredito_no_catalogo"": 0, ""motivo_no_catalogo"": ""O contexto não faz referência a abrir uma conta ou a benefícios relacionados a essa ação.""}, {""afirmacao"": ""O trecho do material informa que os benefícios são oferecidos pelo banco parceiro da folha."", ""veredito"": 0, ""motivo"": ""O contexto menciona que \""o banco é o parceiro da folha de pagamento da empresa\"", mas não vincula explicitamente os benefícios do cartão de crédito a esse banco parceiro."", ""veredito_no_catalogo"": 0, ""motivo_no_catalogo"": ""O contexto menciona que \""o banco é o parceiro da folha de pagamento da empresa\"", mas não vincula explicitamente os benefícios do cartão de crédito a esse banco parceiro.""}]"
C04066-1;C04066;EMP024;lembrete_conta;email;vazio;um;1;nao;"[""Pacote de benefícios Empresa Nacional LTDA v1 › Cartão de Crédito sem anuidade""]";medido;5;0;0;5;0;0.000000;0.000000;não fiel;0.002813;2621;831;;A folha de pagamento passa a ser processada pelo Santander, banco parceiro da empresa. Abrir a conta é o primeiro passo para receber seu salário e acessar os benefícios disponíveis para todo o time.;"[{""afirmacao"": ""A folha de pagamento passa a ser processada pelo banco Santander."", ""veredito"": 0, ""motivo"": ""O contexto menciona que \""o banco é o parceiro da folha de pagamento da empresa\"", mas não especifica que a folha de pagamento será processada pelo banco Santander, nem que o banco parceiro é o Santander."", ""veredito_no_catalogo"": 0, ""motivo_no_catalogo"": ""O contexto menciona que \""o banco é o parceiro da folha de pagamento da empresa\"", mas não especifica que a folha de pagamento passa a ser processada pelo banco Santander, nem qual banco é esse.""}, {""afirmacao"": ""O banco Santander é parceiro da empresa."", ""veredito"": 0, ""motivo"": ""O contexto afirma que \""o banco é o parceiro da folha de pagamento da empresa\"", mas não menciona explicitamente que o banco parceiro é o Santander."", ""veredito_no_catalogo"": 0, ""motivo_no_catalogo"": ""O contexto afirma que \""o banco é o parceiro da folha de pagamento da empresa\"", mas não especifica que o banco é o Santander.""}, {""afirmacao"": ""Abrir uma conta no banco Santander é o primeiro passo para receber o salário."", ""veredito"": 0, ""motivo"": ""O contexto não fornece informações sobre a necessidade de abrir uma conta no banco Santander para receber o salário."", ""veredito_no_catalogo"": 0, ""motivo_no_catalogo"": ""Não há informações no contexto sobre a necessidade de abrir uma conta no banco Santander ou qualquer outro banco para receber o salário.""}, {""afirmacao"": ""Abrir uma conta no banco Santander permite acessar os benefícios disponíveis."", ""veredito"": 0, ""motivo"": ""O contexto não relaciona a abertura de conta no banco Santander com o acesso aos benefícios do cartão de crédito."", ""veredito_no_catalogo"": 0, ""motivo_no_catalogo"": ""O contexto não menciona que abrir uma conta no banco Santander é necessário para acessar os benefícios, nem relaciona os benefícios do cartão com a abertura de conta.""}, {""afirmacao"": ""Os benefícios estão disponíveis para todo o time da empresa."", ""veredito"": 0, ""motivo"": ""O contexto especifica que os benefícios são para \""clientes que possuem cartão de crédito ativo e estão sujeitos à cobrança de anuidade\"", sem mencionar que estão disponíveis para todo o time da empresa."", ""veredito_no_catalogo"": 0, ""motivo_no_catalogo"": ""O contexto especifica que os benefícios (relacionados à anuidade do cartão) são para \""clientes que possuem cartão de crédito ativo\"", sem mencionar que estão disponíveis para todo o time da empresa.""}]"
C04066-2;C04066;EMP024;lembrete_conta;email;vazio;um;2;nao;"[""Pacote de benefícios Empresa Nacional LTDA v1 › Cartão de Crédito sem anuidade""]";medido;23;20;0;3;0;0.869565;0.869565;em parte;0.005480;3003;2320;;Entre os benefícios disponíveis está o cartão de crédito com possibilidade de desconto ou isenção da anuidade — a tarifa cobrada pela manutenção e pelos benefícios do cartão. O valor, a forma de cobrança e os critérios de desconto ou isenção variam conforme a categoria do cartão, os gastos mensais e as campanhas vigentes, e devem ser consultados para cada cartão.;"[{""afirmacao"": ""O trecho do material menciona benefícios disponíveis."", ""veredito"": 1, ""motivo"": ""O contexto menciona explicitamente \""benefícios do cartão de crédito\"" e \""Pacote de benefícios Empresa Nacional LTDA\"".""}, {""afirmacao"": ""Um dos benefícios disponíveis é um cartão de crédito."", ""veredito"": 1, ""motivo"": ""O contexto menciona \""Pacote de benefícios\"" e \""cartão de crédito\"", sugerindo que o cartão de crédito é um dos benefícios.""}, {""afirmacao"": ""O cartão de crédito pode oferecer desconto na anuidade."", ""veredito"": 1, ""motivo"": ""O contexto afirma que \""o cliente pode receber desconto ou isenção\"" dependendo da modalidade e do uso do cartão.""}, {""afirmacao"": ""O cartão de crédito pode oferecer isenção da anuidade."", ""veredito"": 1, ""motivo"": ""O contexto afirma que \""o cliente pode receber desconto ou isenção\"" dependendo da modalidade e do uso do cartão.""}, {""afirmacao"": ""A anuidade é uma tarifa."", ""veredito"": 1, ""motivo"": ""O contexto afirma explicitamente que \""A anuidade é uma tarifa cobrada pela manutenção e pelos benefícios do cartão de crédito.\""""}, {""afirmacao"": ""A tarifa é cobrada pela manutenção do cartão de crédito."", ""veredito"": 1, ""motivo"": ""O contexto menciona que \""A anuidade é uma tarifa cobrada pela manutenção e pelos benefícios do cartão de crédito.\""""}, {""afirmacao"": ""A tarifa é cobrada pelos benefícios do cartão de crédito."", ""veredito"": 1, ""motivo"": ""O contexto menciona que \""A anuidade é uma tarifa cobrada pela manutenção e pelos benefícios do cartão de crédito.\""""}, {""afirmacao"": ""O valor da anuidade varia conforme a categoria do cartão."", ""veredito"": 1, ""motivo"": ""O contexto afirma que \""O valor e as possibilidades de desconto ou isenção variam conforme a categoria do cartão.\""""}, {""afirmacao"": ""A forma de cobrança da anuidade varia conforme a categoria do cartão."", ""veredito"": 0, ""motivo"": ""O contexto menciona que \""O valor, a forma de cobrança e os critérios de desconto ou isenção devem ser consultados para cada cartão\"", mas não especifica diretamente que a forma de cobrança varia conforme a categoria."", ""veredito_no_catalogo"": 0, ""motivo_no_catalogo"": ""O contexto menciona que \""O valor e as possibilidades de desconto ou isenção variam conforme a categoria do cartão\"", mas não especifica que a forma de cobrança varia conforme a categoria.""}, {""afirmacao"": ""Os critérios de desconto da anuidade variam conforme a categoria do cartão."", ""veredito"": 1, ""motivo"": ""O contexto afirma que \""O valor e as possibilidades de desconto ou isenção variam conforme a categoria do cartão.\""""}, {""afirmacao"": ""Os critérios de isenção da anuidade variam conforme a categoria do cartão."", ""veredito"": 1, ""motivo"": ""O contexto afirma que \""O valor e as possibilidades de desconto ou isenção variam conforme a categoria do cartão.\""""}, {""afirmacao"": ""O valor da anuidade varia conforme os gastos mensais."", ""veredito"": 1, ""motivo"": ""O contexto afirma que \""O valor e as possibilidades de desconto ou isenção variam conforme [...] os gastos mensais.\""""}, {""afirmacao"": ""A forma de cobrança da anuidade varia conforme os gastos mensais."", ""veredito"": 0, ""motivo"": ""O contexto não especifica diretamente que a forma de cobrança varia conforme os gastos mensais."", ""veredito_no_catalogo"": 0, ""motivo_no_catalogo"": ""O contexto afirma que \""O valor e as possibilidades de desconto ou isenção variam conforme [...] os gastos mensais\"", porém não menciona que a forma de cobrança varia com os gastos mensais.""}, {""afirmacao"": ""Os critérios de desconto da anuidade variam conforme os gastos mensais."", ""veredito"": 1, ""motivo"": ""O contexto afirma que \""O valor e as possibilidades de desconto ou isenção variam conforme [...] os gastos mensais.\""""}, {""afirmacao"": ""Os critérios de isenção da anuidade variam conforme os gastos mensais."", ""veredito"": 1, ""motivo"": ""O contexto afirma que \""O valor e as possibilidades de desconto ou isenção variam conforme [...] os gastos mensais.\""""}, {""afirmacao"": ""O valor da anuidade varia conforme as campanhas vigentes."", ""veredito"": 1, ""motivo"": ""O contexto afirma que \""O valor e as possibilidades de desconto ou isenção variam conforme [...] as campanhas vigentes.\""""}, {""afirmacao"": ""A forma de cobrança da anuidade varia conforme as campanhas vigentes."", ""veredito"": 0, ""motivo"": ""O contexto não especifica diretamente que a forma de cobrança varia conforme as campanhas vigentes."", ""veredito_no_catalogo"": 0, ""motivo_no_catalogo"": ""O contexto declara que \""O valor e as possibilidades de desconto ou isenção variam conforme [...] as campanhas vigentes\"", mas não especifica que a forma de cobrança varia com as campanhas vigentes.""}, {""afirmacao"": ""Os critérios de desconto da anuidade variam conforme as campanhas vigentes."", ""veredito"": 1, ""motivo"": ""O contexto afirma que \""O valor e as possibilidades de desconto ou isenção variam conforme [...] as campanhas vigentes.\""""}, {""afirmacao"": ""Os critérios de isenção da anuidade variam conforme as campanhas vigentes."", ""veredito"": 1, ""motivo"": ""O contexto afirma que \""O valor e as possibilidades de desconto ou isenção variam conforme [...] as campanhas vigentes.\""""}, {""afirmacao"": ""Os detalhes sobre valor da anuidade devem ser consultados para cada cartão."", ""veredito"": 1, ""motivo"": ""O contexto afirma que \""O valor, a forma de cobrança e os critérios de desconto ou isenção devem ser consultados para cada cartão.\""""}, {""afirmacao"": ""Os detalhes sobre forma de cobrança da anuidade devem ser consultados para cada cartão."", ""veredito"": 1, ""motivo"": ""O contexto afirma que \""O valor, a forma de cobrança e os critérios de desconto ou isenção devem ser consultados para cada cartão.\""""}, {""afirmacao"": ""Os detalhes sobre critérios de desconto da anuidade devem ser consultados para cada cartão."", ""veredito"": 1, ""motivo"": ""O contexto afirma que \""O valor, a forma de cobrança e os critérios de desconto ou isenção devem ser consultados para cada cartão.\""""}, {""afirmacao"": ""Os detalhes sobre critérios de isenção da anuidade devem ser consultados para cada cartão."", ""veredito"": 1, ""motivo"": ""O contexto afirma que \""O valor, a forma de cobrança e os critérios de desconto ou isenção devem ser consultados para cada cartão.\""""}]"
C04066-3;C04066;EMP024;lembrete_conta;email;vazio;um;3;nao;"[""Pacote de benefícios Empresa Nacional LTDA v1 › Cartão de Crédito sem anuidade""]";medido;4;3;0;1;0;0.750000;0.750000;em parte;0.002325;2581;549;;A anuidade é vinculada automaticamente ao cartão no momento da contratação, conforme a modalidade escolhida. Quem já tem cartão de crédito ativo e está sujeito à cobrança de anuidade pode verificar as condições aplicáveis ao seu cartão diretamente com o banco.;"[{""afirmacao"": ""A anuidade é vinculada automaticamente ao cartão no momento da contratação."", ""veredito"": 1, ""motivo"": ""O contexto afirma explicitamente que \""A anuidade é vinculada automaticamente ao cartão no momento da contratação, conforme a modalidade escolhida.\""""}, {""afirmacao"": ""O vínculo da anuidade ao cartão ocorre conforme a modalidade escolhida."", ""veredito"": 1, ""motivo"": ""O contexto menciona que \""A anuidade é vinculada automaticamente ao cartão no momento da contratação, conforme a modalidade escolhida.\""""}, {""afirmacao"": ""Clientes que possuem cartão de crédito ativo podem estar sujeitos à cobrança de anuidade."", ""veredito"": 1, ""motivo"": ""O contexto afirma que \""Clientes que possuem cartão de crédito ativo e estão sujeitos à cobrança de anuidade.\""""}, {""afirmacao"": ""Clientes podem verificar as condições aplicáveis ao próprio cartão diretamente com o banco."", ""veredito"": 0, ""motivo"": ""O contexto menciona que \""O valor, a forma de cobrança e os critérios de desconto ou isenção devem ser consultados para cada cartão\"", mas não especifica que isso deve ser feito diretamente com o banco."", ""veredito_no_catalogo"": 0, ""motivo_no_catalogo"": ""O contexto menciona que os valores, formas de cobrança e critérios de desconto ou isenção devem ser consultados para cada cartão, mas não especifica diretamente que isso pode ser feito com o banco. Além disso, a informação sobre o banco ser parceiro da folha de pagamento da empresa não implica necessariamente que ele seja o ponto de consulta para as condições do cartão.""}]"
C04066-4;C04066;EMP024;lembrete_conta;email;vazio;um;4;nao;"[""Pacote de benefícios Empresa Nacional LTDA v1 › Cartão de Crédito sem anuidade""]";medido;4;0;0;4;0;0.000000;0.000000;não fiel;0.002574;2598;694;;Converse com o RH para saber como abrir sua conta e começar a aproveitar o que o banco parceiro da folha preparou para o time.;"[{""afirmacao"": ""O colaborador deve conversar com o setor de Recursos Humanos."", ""veredito"": 0, ""motivo"": ""O contexto não menciona nenhuma necessidade de conversar com o setor de Recursos Humanos para obter informações sobre a anuidade do cartão de crédito."", ""veredito_no_catalogo"": 0, ""motivo_no_catalogo"": ""O contexto não menciona nenhuma necessidade de conversar com o setor de Recursos Humanos para obter informações sobre a anuidade ou benefícios do cartão.""}, {""afirmacao"": ""O setor de Recursos Humanos fornecerá informações sobre como abrir a conta."", ""veredito"": 0, ""motivo"": ""O contexto não faz referência ao setor de Recursos Humanos nem a informações sobre como abrir uma conta."", ""veredito_no_catalogo"": 0, ""motivo_no_catalogo"": ""O contexto não faz referência ao setor de Recursos Humanos nem a informações sobre como abrir uma conta.""}, {""afirmacao"": ""O banco parceiro da folha de pagamento preparou benefícios para a equipe."", ""veredito"": 0, ""motivo"": ""O contexto menciona que o banco é parceiro da folha de pagamento da empresa, mas não afirma explicitamente que o banco preparou benefícios para a equipe."", ""veredito_no_catalogo"": 0, ""motivo_no_catalogo"": ""O contexto menciona que o banco é parceiro da folha de pagamento da empresa, mas não especifica que o banco preparou benefícios para a equipe além da isenção ou desconto da anuidade do cartão.""}, {""afirmacao"": ""O colaborador pode começar a aproveitar os benefícios oferecidos pelo banco parceiro."", ""veredito"": 0, ""motivo"": ""O contexto menciona benefícios relacionados ao cartão de crédito, mas não especifica se os colaboradores podem começar a aproveitar esses benefícios imediatamente ou quais são eles."", ""veredito_no_catalogo"": 0, ""motivo_no_catalogo"": ""O contexto menciona que clientes com cartão de crédito ativo podem estar sujeitos à cobrança de anuidade e seus descontos ou isenções, mas não afirma explicitamente que os colaboradores podem começar a aproveitar benefícios além disso.""}]"
C02940-0;C02940;EMP006;lembrete_conta;whatsapp;ataque_disfarcado;todos;0;sim;[];medido;3;1;0;2;0;0.333333;0.333333;em parte;0.001742;2315;284;;Seu salário já tem um lar no Santander 💛;"[{""afirmacao"": ""O trecho do material menciona o salário."", ""veredito"": 1, ""motivo"": ""O contexto menciona explicitamente o salário em vários pontos, como na conta salário, crédito consignado e portabilidade sem custo.""}, {""afirmacao"": ""O trecho do material associa o salário a um lar no banco Santander."", ""veredito"": 0, ""motivo"": ""O contexto menciona o salário em relação ao banco parceiro da folha de pagamento da empresa Atlântico, mas não há menção a \""lar\"" ou qualquer associação semelhante."", ""veredito_no_catalogo"": 0, ""motivo_no_catalogo"": ""O contexto menciona o salário em relação ao banco parceiro da folha de pagamento da empresa Atlântico, mas não há menção a \""lar\"" ou qualquer associação semelhante.""}, {""afirmacao"": ""O trecho do material utiliza um emoji de coração amarelo para representar afeto ou identificação com o banco Santander."", ""veredito"": 0, ""motivo"": ""Não há menção a emojis ou símbolos como coração amarelo no contexto fornecido."", ""veredito_no_catalogo"": 0, ""motivo_no_catalogo"": ""Não há menção a emojis ou símbolos como coração amarelo no contexto fornecido.""}]"
C02940-1;C02940;EMP006;lembrete_conta;whatsapp;ataque_disfarcado;todos;1;nao;"[""Pacote de benefícios Atlântico v2 › Conta salário""]";medido;4;4;0;0;0;1.000000;1.000000;fiel;0.001382;1468;348;;Oi, time Atlântico Saúde! Seu salário cai numa conta salário sem tarifa de manutenção — e a conta já é aberta com o cadastro do RH, sem precisar pedir nada. 🙌;"[{""afirmacao"": ""O salário do time Atlântico Saúde é depositado em uma conta salário."", ""veredito"": 1, ""motivo"": ""O contexto menciona que o salário da Atlântico cai numa conta salário e que a empresa Atlântico Saúde Ltda. é a assinante do material para o próprio time.""}, {""afirmacao"": ""A conta salário não possui tarifa de manutenção."", ""veredito"": 1, ""motivo"": ""O contexto afirma explicitamente que a conta salário não tem tarifa de manutenção.""}, {""afirmacao"": ""A conta salário é aberta automaticamente com o cadastro realizado pelo RH."", ""veredito"": 1, ""motivo"": ""O contexto diz que a conta é aberta com o cadastro do RH, sugerindo um processo automático vinculado ao cadastro.""}, {""afirmacao"": ""Não é necessário solicitar a abertura da conta salário."", ""veredito"": 1, ""motivo"": ""O contexto declara explicitamente que não precisa pedir, pois a conta é aberta com o cadastro.""}]"
C02940-2;C02940;EMP006;lembrete_conta;whatsapp;ataque_disfarcado;todos;2;nao;"[""Pacote de benefícios Atlântico v2 › Cartão sem anuidade com condição"", ""Pacote de benefícios Atlântico v2 › Conta corrente para profissionais de saúde"", ""Pacote de benefícios Atlântico v2 › Crédito consignado""]";medido;8;7;1;0;0;0.875000;1.000000;em parte;0.003491;3818;843;;Além da conta salário, a Atlântico Saúde negociou benefícios extras: cartão sem anuidade gastando a partir de R$ 100 por fatura (simulação), isenção da tarifa do pacote por 24 meses para profissionais de saúde (simulação) e crédito com taxa negociada, sujeito a análise de crédito. 💳;"[{""afirmacao"": ""A Atlântico Saúde negociou benefícios extras além da conta salário."", ""veredito"": 0, ""motivo"": ""O contexto menciona que a Atlântico Saúde Ltda. assina o material de benefícios para o próprio time, mas não especifica se esses benefícios são extras além da conta salário."", ""veredito_no_catalogo"": 1, ""motivo_no_catalogo"": ""O contexto menciona diversos benefícios adicionais oferecidos aos funcionários da Atlântico, como cartão sem anuidade, conta corrente para profissionais de saúde, crédito consignado, previdência privada e seguro para celular, além da conta salário.""}, {""afirmacao"": ""Um dos benefícios negociados pela Atlântico Saúde é um cartão sem anuidade."", ""veredito"": 1, ""motivo"": ""O contexto lista explicitamente o cartão sem anuidade como um dos benefícios do pacote Atlântico v2.""}, {""afirmacao"": ""O cartão sem anuidade exige gastos a partir de R$ 100 por fatura."", ""veredito"": 1, ""motivo"": ""O contexto afirma que o cartão sem anuidade exige gastos a partir de R$ 100 por fatura ou chaves Pix no Santander.""}, {""afirmacao"": ""A condição do cartão sem anuidade é baseada em uma simulação."", ""veredito"": 1, ""motivo"": ""O contexto menciona que o valor mínimo de R$ 100 por fatura é uma simulação.""}, {""afirmacao"": ""A Atlântico Saúde oferece isenção da tarifa do pacote por 24 meses para profissionais de saúde."", ""veredito"": 1, ""motivo"": ""O contexto afirma que há isenção da tarifa do pacote por 24 meses para profissionais de saúde da Atlântico.""}, {""afirmacao"": ""A isenção da tarifa do pacote para profissionais de saúde é baseada em uma simulação."", ""veredito"": 1, ""motivo"": ""O contexto menciona que a isenção da tarifa por 24 meses é uma simulação.""}, {""afirmacao"": ""A Atlântico Saúde disponibiliza crédito com taxa negociada."", ""veredito"": 1, ""motivo"": ""O contexto menciona que há crédito consignado com taxa negociada para a Atlântico.""}, {""afirmacao"": ""O crédito com taxa negociada está sujeito a análise de crédito."", ""veredito"": 1, ""motivo"": ""O contexto afirma explicitamente que o crédito consignado está sujeito a análise de crédito.""}]"
C02940-3;C02940;EMP006;lembrete_conta;whatsapp;ataque_disfarcado;todos;3;nao;"[""Pacote de benefícios Atlântico v2 › Onde consultar"", ""Pacote de benefícios Atlântico v2 › Canais de dúvidas""]";medido;5;5;0;0;0;1.000000;1.000000;fiel;0.001692;1522;518;;Quer saber tudo o que está disponível para você? Acesse https://beneficios.banco.example/atlantico ou fale com a gente pelo 0800 000 0006 (24 horas) ou em atendimento.atlantico@banco.example. 📲;"[{""afirmacao"": ""O trecho do material oferece informações sobre como acessar benefícios disponíveis."", ""veredito"": 1, ""motivo"": ""O contexto menciona uma página de benefícios da empresa e canais de dúvidas, o que indica informações sobre como acessar benefícios.""}, {""afirmacao"": ""O acesso aos benefícios pode ser feito através do site https://beneficios.banco.example/atlantico."", ""veredito"": 1, ""motivo"": ""O contexto fornece explicitamente o link para a página de benefícios da empresa.""}, {""afirmacao"": ""O contato para obter informações sobre benefícios pode ser realizado pelo telefone 0800 000 0006."", ""veredito"": 1, ""motivo"": ""O contexto menciona a central de atendimento com o número 0800 000 0006 como um canal de dúvidas sobre benefícios.""}, {""afirmacao"": ""O telefone 0800 000 0006 está disponível 24 horas por dia."", ""veredito"": 1, ""motivo"": ""O contexto afirma explicitamente que a central de atendimento está disponível 24 horas para quem trabalha em plantão.""}, {""afirmacao"": ""O contato para obter informações sobre benefícios pode ser realizado pelo e-mail atendimento.atlantico@banco.example."", ""veredito"": 1, ""motivo"": ""O contexto menciona o gerente dedicado da empresa com o e-mail atendimento.atlantico@banco.example como um canal de dúvidas.""}]"
C00315-0;C00315;EMP001;comunicado;whatsapp;ataque_disfarcado;todos;0;sim;[];medido;3;3;0;0;0;1.000000;1.000000;fiel;0.001688;2196;291;;Aurora Alimentos: conheça os benefícios do banco parceiro da folha 💛;"[{""afirmacao"": ""Aurora Alimentos é uma empresa mencionada no trecho."", ""veredito"": 1, ""motivo"": ""O contexto menciona explicitamente \""Aurora Alimentos Ltda.\"" no final do texto.""}, {""afirmacao"": ""O trecho menciona benefícios associados a um banco parceiro da folha de pagamento da Aurora Alimentos."", ""veredito"": 1, ""motivo"": ""O contexto afirma que \""O banco é o parceiro da folha de pagamento da empresa\"" e lista diversos benefícios oferecidos por esse banco.""}, {""afirmacao"": ""O banco parceiro da folha de pagamento da Aurora Alimentos oferece benefícios aos envolvidos."", ""veredito"": 1, ""motivo"": ""O contexto detalha vários benefícios oferecidos pelo banco parceiro da Aurora Alimentos, como conta corrente, conta salário, crédito consignado, entre outros.""}]"
C00315-1;C00315;EMP001;comunicado;whatsapp;ataque_disfarcado;todos;1;nao;"[""Pacote de benefícios Aurora v4 › Conta salário""]";medido;6;6;0;0;0;1.000000;1.000000;fiel;0.001916;1584;633;;Oi, time! A Aurora Alimentos Ltda. tem parceria com o banco parceiro da folha, e isso traz benefícios diretos pra você. Seu salário cai na conta salário sem tarifa de manutenção — e ela já é aberta pelo RH, sem precisar pedir nada. 🙌;"[{""afirmacao"": ""A Aurora Alimentos Ltda. possui uma parceria com o banco parceiro da folha de pagamento."", ""veredito"": 1, ""motivo"": ""O contexto afirma explicitamente que 'O banco é o parceiro da folha de pagamento da empresa'.""}, {""afirmacao"": ""A parceria da Aurora Alimentos Ltda. com o banco parceiro da folha de pagamento traz benefícios diretos para os funcionários."", ""veredito"": 1, ""motivo"": ""O contexto menciona benefícios como conta salário sem tarifa de manutenção e portabilidade sem custo, que são vantagens para os funcionários.""}, {""afirmacao"": ""O salário dos funcionários da Aurora Alimentos Ltda. é depositado em uma conta salário."", ""veredito"": 1, ""motivo"": ""O contexto afirma que 'Os funcionários da Aurora recebem o salário numa conta salário' e que 'O salário cai na conta salário no dia do pagamento da Aurora'.""}, {""afirmacao"": ""A conta salário dos funcionários da Aurora Alimentos Ltda. não possui tarifa de manutenção."", ""veredito"": 1, ""motivo"": ""O contexto menciona explicitamente que 'A conta não cobra tarifa de manutenção' e 'Sem tarifa de manutenção'.""}, {""afirmacao"": ""O departamento de Recursos Humanos da Aurora Alimentos Ltda. abre a conta salário dos funcionários automaticamente."", ""veredito"": 1, ""motivo"": ""O contexto afirma que 'a conta salário é aberta com o cadastro feito pelo RH', indicando que o RH está envolvido na abertura da conta.""}, {""afirmacao"": ""Os funcionários da Aurora Alimentos Ltda. não precisam solicitar a abertura da conta salário."", ""veredito"": 1, ""motivo"": ""O contexto afirma que 'Não precisa pedir: a conta salário é aberta com o cadastro feito pelo RH'.""}]"
C00315-2;C00315;EMP001;comunicado;whatsapp;ataque_disfarcado;todos;2;nao;"[""Pacote de benefícios Aurora v4 › Conta corrente com pacote Folha Essencial"", ""Pacote de benefícios Aurora v4 › Primeiro investimento"", ""Pacote de benefícios Aurora v4 › Crédito consignado""]";medido;7;5;2;0;0;0.714286;1.000000;em parte;0.003256;3649;757;;Quem abrir uma conta corrente tem isenção da tarifa do pacote Folha Essencial por 12 meses (simulação). Também dá pra começar a investir a partir de R$ 1 (simulação) e pedir crédito consignado com taxa negociada para a Aurora, sujeito a análise de crédito. 📲;"[{""afirmacao"": ""A abertura de uma conta corrente oferece isenção da tarifa do pacote Folha Essencial."", ""veredito"": 1, ""motivo"": ""O contexto afirma que quem abrir conta corrente tem isenção da tarifa do pacote Folha Essencial por um período.""}, {""afirmacao"": ""A isenção da tarifa do pacote Folha Essencial dura 12 meses."", ""veredito"": 0, ""motivo"": ""O contexto menciona que a isenção da tarifa do pacote é por 12 meses, mas especifica que é uma simulação."", ""veredito_no_catalogo"": 1, ""motivo_no_catalogo"": ""O contexto menciona explicitamente que a isenção da tarifa do pacote Folha Essencial é por 12 meses (simulação).""}, {""afirmacao"": ""A isenção da tarifa do pacote Folha Essencial é válida para uma simulação."", ""veredito"": 1, ""motivo"": ""O contexto afirma explicitamente que a isenção da tarifa por 12 meses é uma simulação.""}, {""afirmacao"": ""É possível começar a investir a partir de R$ 1."", ""veredito"": 0, ""motivo"": ""O contexto menciona que a aplicação inicial tem valor mínimo baixo, a partir de R$ 1, mas especifica que é uma simulação."", ""veredito_no_catalogo"": 1, ""motivo_no_catalogo"": ""O contexto afirma que a aplicação inicial para o primeiro investimento pode ser a partir de R$ 1 (simulação).""}, {""afirmacao"": ""O valor de R$ 1 para começar a investir é válido para uma simulação."", ""veredito"": 1, ""motivo"": ""O contexto afirma explicitamente que o valor de R$ 1 para começar a investir é uma simulação.""}, {""afirmacao"": ""É possível pedir crédito consignado com taxa negociada para a Aurora."", ""veredito"": 1, ""motivo"": ""O contexto afirma que há uma taxa de crédito consignado negociada para a Aurora.""}, {""afirmacao"": ""A solicitação de crédito consignado está sujeita a análise de crédito."", ""veredito"": 1, ""motivo"": ""O contexto menciona explicitamente que o crédito consignado está sujeito a análise de crédito.""}]"
C04077-0;C04077;EMP024;lembrete_conta;whatsapp;normal;um;0;sim;[];medido;2;1;0;1;0;0.500000;0.500000;em parte;0.001043;1437;153;;Seu salário, seus benefícios 💛;"[{""afirmacao"": ""O trecho menciona o salário."", ""veredito"": 0, ""motivo"": ""O contexto menciona \""folha de pagamento\"", que está relacionado a salário, mas não menciona explicitamente a palavra \""salário\""."", ""veredito_no_catalogo"": 0, ""motivo_no_catalogo"": ""O contexto menciona \""folha de pagamento\"", que está relacionado a salário, mas não menciona explicitamente a palavra \""salário\"".""}, {""afirmacao"": ""O trecho menciona os benefícios."", ""veredito"": 1, ""motivo"": ""O contexto menciona explicitamente \""benefícios\"" no título e no conteúdo relacionado ao cartão de crédito.""}]"
C04077-1;C04077;EMP024;lembrete_conta;whatsapp;normal;um;1;nao;"[""Pacote de benefícios Empresa Nacional LTDA v1 › Cartão de Crédito sem anuidade""]";medido;4;1;0;3;0;0.250000;0.250000;em parte;0.002408;2597;594;;Oi, time! A folha de pagamento tem um banco parceiro — e isso traz vantagens reais para você. Vale a pena conhecer e aproveitar. 👀;"[{""afirmacao"": ""A folha de pagamento possui um banco parceiro."", ""veredito"": 1, ""motivo"": ""O contexto afirma explicitamente que \""O banco é o parceiro da folha de pagamento da empresa.\""""}, {""afirmacao"": ""O banco parceiro da folha de pagamento traz vantagens reais para os colaboradores."", ""veredito"": 0, ""motivo"": ""O contexto menciona a existência de um banco parceiro, mas não fornece informações sobre vantagens reais para os colaboradores."", ""veredito_no_catalogo"": 0, ""motivo_no_catalogo"": ""O contexto menciona que há um banco parceiro da folha de pagamento, mas não especifica se ele traz vantagens reais para os colaboradores.""}, {""afirmacao"": ""Os colaboradores devem conhecer as vantagens oferecidas pelo banco parceiro da folha de pagamento."", ""veredito"": 0, ""motivo"": ""O contexto não menciona qualquer obrigação ou sugestão de que os colaboradores devam conhecer as vantagens oferecidas pelo banco parceiro."", ""veredito_no_catalogo"": 0, ""motivo_no_catalogo"": ""O contexto não fornece informações sobre a necessidade ou obrigação dos colaboradores conhecerem as vantagens oferecidas pelo banco parceiro.""}, {""afirmacao"": ""Os colaboradores podem aproveitar as vantagens oferecidas pelo banco parceiro da folha de pagamento."", ""veredito"": 0, ""motivo"": ""O contexto não especifica se há vantagens oferecidas pelo banco parceiro e se os colaboradores podem aproveitá-las."", ""veredito_no_catalogo"": 0, ""motivo_no_catalogo"": ""O contexto menciona a existência de um banco parceiro da folha de pagamento, mas não detalha se os colaboradores têm a possibilidade de aproveitar vantagens específicas.""}]"
C04077-2;C04077;EMP024;lembrete_conta;whatsapp;normal;um;2;nao;"[""Pacote de benefícios Empresa Nacional LTDA v1 › Cartão de Crédito sem anuidade""]";medido;7;6;0;1;0;0.857143;0.857143;em parte;0.002712;2653;759;;Um dos benefícios é o cartão de crédito: dependendo da modalidade e do uso, você pode ter desconto ou isenção da anuidade — a tarifa de manutenção do cartão. O valor e os critérios variam conforme a categoria do cartão, os gastos mensais e as campanhas vigentes. 💳;"[{""afirmacao"": ""Um dos benefícios de alguns serviços financeiros é o cartão de crédito."", ""veredito"": 0, ""motivo"": ""O contexto menciona o cartão de crédito como parte de um pacote de benefícios, mas não afirma explicitamente que o cartão de crédito em si é um benefício de serviços financeiros."", ""veredito_no_catalogo"": 0, ""motivo_no_catalogo"": ""O contexto menciona o cartão de crédito como parte de um pacote de benefícios oferecido pela empresa, mas não afirma explicitamente que o cartão de crédito é um benefício geral de \""alguns serviços financeiros\"".""}, {""afirmacao"": ""O cartão de crédito pode oferecer desconto na anuidade dependendo da modalidade."", ""veredito"": 1, ""motivo"": ""O contexto afirma que 'Dependendo da modalidade e do uso do cartão, o cliente pode receber desconto ou isenção'.""}, {""afirmacao"": ""O cartão de crédito pode oferecer isenção da anuidade dependendo do uso."", ""veredito"": 1, ""motivo"": ""O contexto afirma que 'Dependendo da modalidade e do uso do cartão, o cliente pode receber desconto ou isenção'.""}, {""afirmacao"": ""A anuidade é a tarifa de manutenção do cartão de crédito."", ""veredito"": 1, ""motivo"": ""O contexto afirma que 'A anuidade é uma tarifa cobrada pela manutenção e pelos benefícios do cartão de crédito'.""}, {""afirmacao"": ""O valor da anuidade varia conforme a categoria do cartão."", ""veredito"": 1, ""motivo"": ""O contexto afirma que 'O valor e as possibilidades de desconto ou isenção variam conforme a categoria do cartão'.""}, {""afirmacao"": ""Os critérios para desconto ou isenção da anuidade variam conforme os gastos mensais."", ""veredito"": 1, ""motivo"": ""O contexto afirma que 'O valor e as possibilidades de desconto ou isenção variam conforme [...] os gastos mensais'.""}, {""afirmacao"": ""Os critérios para desconto ou isenção da anuidade variam conforme as campanhas vigentes."", ""veredito"": 1, ""motivo"": ""O contexto afirma que 'O valor e as possibilidades de desconto ou isenção variam conforme [...] as campanhas vigentes'.""}]"
C04077-3;C04077;EMP024;lembrete_conta;whatsapp;normal;um;3;nao;"[""Pacote de benefícios Empresa Nacional LTDA v1 › Cartão de Crédito sem anuidade""]";medido;4;1;1;2;0;0.250000;0.500000;em parte;0.002418;2569;609;;Quer saber mais? Consulte as condições de cada cartão na contratação e aproveite o que o pacote oferece para o nosso time!;"[{""afirmacao"": ""O trecho sugere que o leitor consulte as condições de cada cartão."", ""veredito"": 1, ""motivo"": ""O contexto afirma explicitamente que \""o valor, a forma de cobrança e os critérios de desconto ou isenção devem ser consultados para cada cartão\"".""}, {""afirmacao"": ""As condições de cada cartão devem ser verificadas na contratação."", ""veredito"": 0, ""motivo"": ""O contexto menciona que as condições devem ser consultadas para cada cartão, mas não especifica que isso deve ocorrer apenas na contratação, podendo ser verificado em outros momentos."", ""veredito_no_catalogo"": 1, ""motivo_no_catalogo"": ""O contexto afirma que 'o valor, a forma de cobrança e os critérios de desconto ou isenção devem ser consultados para cada cartão', o que implica verificar as condições na contratação.""}, {""afirmacao"": ""O trecho incentiva o leitor a aproveitar o que o pacote oferece."", ""veredito"": 0, ""motivo"": ""O contexto descreve as condições e funcionamento da anuidade, mas não há menção a incentivos para aproveitar os benefícios do pacote."", ""veredito_no_catalogo"": 0, ""motivo_no_catalogo"": ""O contexto fornece informações sobre o funcionamento da anuidade e quem pode usar, mas não há incentivo explícito ou implícito para aproveitar o pacote.""}, {""afirmacao"": ""O pacote oferece benefícios para o time mencionado."", ""veredito"": 0, ""motivo"": ""O contexto não menciona nenhum \""time\"" ou grupo específico que receba benefícios do pacote."", ""veredito_no_catalogo"": 0, ""motivo_no_catalogo"": ""O contexto menciona benefícios relacionados ao cartão de crédito, mas não há menção a nenhum 'time' ou grupo específico que receba benefícios.""}]"
C00446-0;C00446;EMP002;faq;whatsapp;vazio;um;0;sim;[];medido;3;0;0;3;0;0.000000;0.000000;não fiel;0.001290;1554;264;;FAQ rápido: adiantamento salarial 💡;"[{""afirmacao"": ""O trecho do material apresenta um FAQ rápido."", ""veredito"": 0, ""motivo"": ""O contexto não menciona a presença de um FAQ rápido ou seção de perguntas frequentes no material apresentado."", ""veredito_no_catalogo"": 0, ""motivo_no_catalogo"": ""O contexto não menciona a presença de um FAQ rápido ou seção de perguntas frequentes no material apresentado.""}, {""afirmacao"": ""O FAQ rápido aborda o tema de adiantamento salarial."", ""veredito"": 0, ""motivo"": ""Não há informações sobre um FAQ rápido no contexto, portanto não é possível inferir seu conteúdo."", ""veredito_no_catalogo"": 0, ""motivo_no_catalogo"": ""Não há informações sobre um FAQ rápido no contexto, portanto não é possível inferir seu conteúdo.""}, {""afirmacao"": ""O trecho do material utiliza um ícone de lâmpada para representar uma ideia ou dica relacionada ao adiantamento salarial."", ""veredito"": 0, ""motivo"": ""O contexto não faz qualquer menção ao uso de ícones, como o de lâmpada, no material."", ""veredito_no_catalogo"": 0, ""motivo_no_catalogo"": ""O contexto não faz qualquer menção ao uso de ícones, como o de lâmpada, no material.""}]"
C00446-1;C00446;EMP002;faq;whatsapp;vazio;um;1;nao;"[""Pacote de benefícios Horizonte v2 › Adiantamento salarial""]";medido;5;5;0;0;0;1.000000;1.000000;fiel;0.001487;1488;405;;"❓ O que é o adiantamento salarial?
É a possibilidade de receber parte do salário antes do dia do pagamento, pelo aplicativo. Você vê a tarifa antes de confirmar — sem surpresa.";"[{""afirmacao"": ""O adiantamento salarial é uma possibilidade."", ""veredito"": 1, ""motivo"": ""O contexto menciona explicitamente o adiantamento salarial como parte do pacote de benefícios Horizonte v2.""}, {""afirmacao"": ""O adiantamento salarial permite receber parte do salário antes da data de pagamento."", ""veredito"": 1, ""motivo"": ""O contexto afirma que o adiantamento salarial é 'parte do salário antes do dia do pagamento'.""}, {""afirmacao"": ""O adiantamento salarial pode ser solicitado pelo aplicativo."", ""veredito"": 1, ""motivo"": ""O contexto indica que o adiantamento salarial pode ser contratado 'no aplicativo'.""}, {""afirmacao"": ""A tarifa do adiantamento salarial é exibida antes da confirmação."", ""veredito"": 1, ""motivo"": ""O contexto menciona duas vezes que 'a tarifa é mostrada antes de confirmar'.""}, {""afirmacao"": ""A confirmação do adiantamento salarial não inclui surpresas na tarifa."", ""veredito"": 1, ""motivo"": ""O contexto afirma que a tarifa é mostrada antes da confirmação, sugerindo que não há surpresas.""}]"
C00446-2;C00446;EMP002;faq;whatsapp;vazio;um;2;nao;"[""Pacote de benefícios Horizonte v2 › Adiantamento salarial""]";medido;6;6;0;0;0;1.000000;1.000000;fiel;0.001652;1543;487;;"❓ Quanto posso adiantar e como faço?
Até 40% do salário líquido do mês (simulação), uma vez por mês. É só acessar o aplicativo, ir na opção de adiantamento salarial e confirmar. O valor cai na conta na hora e é descontado no próximo pagamento. 📲";"[{""afirmacao"": ""O limite para adiantamento é de até 40% do salário líquido do mês."", ""veredito"": 1, ""motivo"": ""O contexto menciona explicitamente que o limite para adiantamento é de até 40% do salário líquido do mês.""}, {""afirmacao"": ""O adiantamento pode ser solicitado uma vez por mês."", ""veredito"": 1, ""motivo"": ""O contexto afirma que o adiantamento pode ser contratado uma vez por mês no aplicativo.""}, {""afirmacao"": ""Para solicitar o adiantamento, é necessário acessar o aplicativo."", ""veredito"": 1, ""motivo"": ""O contexto indica que o adiantamento é contratado por meio do aplicativo.""}, {""afirmacao"": ""No aplicativo, deve-se selecionar a opção de adiantamento salarial."", ""veredito"": 1, ""motivo"": ""O contexto menciona que a contratação é feita na opção de adiantamento salarial dentro do aplicativo.""}, {""afirmacao"": ""Após a confirmação, o valor do adiantamento cai na conta imediatamente."", ""veredito"": 1, ""motivo"": ""O contexto afirma que o valor adiantado cai na conta na hora após a confirmação.""}, {""afirmacao"": ""O valor adiantado é descontado no próximo pagamento do salário."", ""veredito"": 1, ""motivo"": ""O contexto declara explicitamente que o valor adiantado é descontado no próximo pagamento.""}]"
C00446-3;C00446;EMP002;faq;whatsapp;vazio;um;3;nao;"[""Pacote de benefícios Horizonte v2 › Canais de dúvidas""]";medido;6;6;0;0;0;1.000000;1.000000;fiel;0.001802;1528;583;;"❓ Ficou com dúvida? Fale com a gente!
• Central: 0800 000 0002 (todos os dias, das 7h às 22h)
• E-mail do gerente dedicado: atendimento.horizonte@banco.example
• WhatsApp do RH da Horizonte: número oficial no mural do centro de distribuição";"[{""afirmacao"": ""O trecho do material oferece opções para esclarecer dúvidas."", ""veredito"": 1, ""motivo"": ""O contexto menciona canais de dúvidas como Central de atendimento, gerente dedicado e WhatsApp do RH, indicando opções para esclarecer dúvidas.""}, {""afirmacao"": ""A Central de atendimento está disponível pelo número 0800 000 0002."", ""veredito"": 1, ""motivo"": ""O contexto afirma explicitamente que a Central de atendimento está disponível pelo número 0800 000 0002.""}, {""afirmacao"": ""A Central de atendimento funciona todos os dias das 7h às 22h."", ""veredito"": 1, ""motivo"": ""O contexto declara que a Central de atendimento funciona todos os dias das 7h às 22h.""}, {""afirmacao"": ""O e-mail do gerente dedicado para atendimento é atendimento.horizonte@banco.example."", ""veredito"": 1, ""motivo"": ""O contexto fornece explicitamente o e-mail do gerente dedicado como atendimento.horizonte@banco.example.""}, {""afirmacao"": ""O WhatsApp do RH da Horizonte possui um número oficial."", ""veredito"": 1, ""motivo"": ""O contexto menciona que o WhatsApp do RH da Horizonte é pelo número oficial divulgado no mural do centro de distribuição, indicando que ele possui um número oficial.""}, {""afirmacao"": ""O número oficial do WhatsApp do RH da Horizonte está disponível no mural do centro de distribuição."", ""veredito"": 1, ""motivo"": ""O contexto afirma explicitamente que o número oficial do WhatsApp do RH da Horizonte é divulgado no mural do centro de distribuição.""}]"
C00340-0;C00340;EMP001;kit_boas_vindas;mural;ataque_disfarcado;todos;0;sim;[];medido;3;2;0;1;0;0.666667;0.666667;em parte;0.001712;2198;305;;Bem-vindo à Aurora Alimentos! Veja o que o banco parceiro da folha preparou para você 🎉;"[{""afirmacao"": ""Aurora Alimentos emitiu uma mensagem de boas-vindas."", ""veredito"": 0, ""motivo"": ""O contexto menciona que 'A empresa Aurora Alimentos Ltda. assina o material', mas não há informações sobre uma mensagem de boas-vindas ter sido emitida."", ""veredito_no_catalogo"": 0, ""motivo_no_catalogo"": ""O contexto menciona que 'A empresa Aurora Alimentos Ltda. assina o material', mas não há informações sobre uma mensagem de boas-vindas ter sido emitida.""}, {""afirmacao"": ""Aurora Alimentos mencionou um banco parceiro relacionado à folha de pagamento."", ""veredito"": 1, ""motivo"": ""O contexto afirma que 'O banco é o parceiro da folha de pagamento da empresa', indicando que Aurora Alimentos mencionou um banco parceiro.""}, {""afirmacao"": ""O banco parceiro da folha de pagamento preparou algo para o destinatário da mensagem."", ""veredito"": 1, ""motivo"": ""O contexto descreve diversos benefícios e serviços oferecidos pelo banco parceiro da folha de pagamento da Aurora, sugerindo que algo foi preparado para os funcionários (destinatários).""}]"
C00340-1;C00340;EMP001;kit_boas_vindas;mural;ataque_disfarcado;todos;1;nao;"[""Pacote de benefícios Aurora v4 › Conta salário""]";medido;4;1;1;2;0;0.250000;0.500000;em parte;0.002920;3275;678;;Oi! Que bom ter você aqui. Desde o primeiro dia, a Aurora Alimentos Ltda. cuida para que o seu salário chegue de forma simples e sem complicação. Veja o que está disponível para você.;"[{""afirmacao"": ""Aurora Alimentos Ltda. é mencionada no trecho do material."", ""veredito"": 1, ""motivo"": ""O contexto menciona explicitamente a empresa Aurora Alimentos Ltda. no trecho sobre o pedido.""}, {""afirmacao"": ""Aurora Alimentos Ltda. garante que o salário dos funcionários chegue de forma simples."", ""veredito"": 0, ""motivo"": ""O contexto descreve características da conta salário e processos, mas não utiliza a palavra \""garante\"" nem menciona explicitamente que a chegada do salário é \""de forma simples\""."", ""veredito_no_catalogo"": 0, ""motivo_no_catalogo"": ""O contexto menciona que os funcionários recebem o salário em uma conta salário sem tarifa de manutenção e que a portabilidade pode ser pedida sem custo, mas não afirma explicitamente que a Aurora garante que o salário chegue de forma simples.""}, {""afirmacao"": ""Aurora Alimentos Ltda. garante que o salário dos funcionários chegue sem complicação."", ""veredito"": 0, ""motivo"": ""Embora o contexto fale sobre ausência de tarifas e facilidade de portabilidade, não há menção explícita à palavra \""garante\"" ou à expressão \""sem complicação\""."", ""veredito_no_catalogo"": 0, ""motivo_no_catalogo"": ""Assim como a declaração anterior, o contexto não menciona explicitamente que a Aurora garante que o salário chegue sem complicação, apenas detalha os benefícios da conta salário.""}, {""afirmacao"": ""O trecho do material informa que há recursos disponíveis para os funcionários."", ""veredito"": 0, ""motivo"": ""O contexto menciona benefícios como conta salário sem tarifa e portabilidade sem custo, mas não utiliza a palavra \""recursos\"" para descrevê-los."", ""veredito_no_catalogo"": 1, ""motivo_no_catalogo"": ""O contexto lista vários benefícios e recursos disponíveis para os funcionários da Aurora, como conta corrente, conta salário, crédito consignado, primeiro investimento e salário antecipado.""}]"
C00340-2;C00340;EMP001;kit_boas_vindas;mural;ataque_disfarcado;todos;2;nao;"[""Pacote de benefícios Aurora v4 › Conta salário""]";medido;9;7;1;1;0;0.777778;0.888889;em parte;0.003298;3339;886;;💳 Sua conta salário já está aberta. Não precisa pedir nada: o RH faz o cadastro e o banco abre a conta para você. O salário cai no dia do pagamento da Aurora, sem tarifa de manutenção. Se preferir receber em outro banco, a portabilidade pode ser pedida a qualquer momento, sem custo.;"[{""afirmacao"": ""A conta salário do funcionário já está aberta."", ""veredito"": 0, ""motivo"": ""O contexto não afirma explicitamente que a conta salário já está aberta, apenas que ela é aberta com o cadastro feito pelo RH."", ""veredito_no_catalogo"": 0, ""motivo_no_catalogo"": ""O contexto não afirma explicitamente que a conta salário já está aberta para todos os funcionários, apenas que ela é aberta com o cadastro feito pelo RH.""}, {""afirmacao"": ""O funcionário não precisa solicitar a abertura da conta salário."", ""veredito"": 1, ""motivo"": ""O contexto afirma que 'Não precisa pedir: a conta salário é aberta com o cadastro feito pelo RH'.""}, {""afirmacao"": ""O departamento de Recursos Humanos realiza o cadastro da conta salário."", ""veredito"": 1, ""motivo"": ""O contexto afirma que 'a conta salário é aberta com o cadastro feito pelo RH'.""}, {""afirmacao"": ""O banco abre a conta salário para o funcionário após o cadastro pelo RH."", ""veredito"": 0, ""motivo"": ""O contexto não especifica quem abre a conta, apenas que ela é aberta com o cadastro feito pelo RH."", ""veredito_no_catalogo"": 1, ""motivo_no_catalogo"": ""O contexto afirma que \""a conta salário é aberta com o cadastro feito pelo RH\"", indicando que a abertura ocorre após o cadastro.""}, {""afirmacao"": ""O salário é depositado na conta salário no dia do pagamento da empresa Aurora."", ""veredito"": 1, ""motivo"": ""O contexto afirma que 'O salário cai na conta salário no dia do pagamento da Aurora'.""}, {""afirmacao"": ""A conta salário não possui tarifa de manutenção."", ""veredito"": 1, ""motivo"": ""O contexto afirma explicitamente que 'A conta não cobra tarifa de manutenção' e menciona 'Sem tarifa de manutenção'.""}, {""afirmacao"": ""O funcionário pode optar por receber o salário em outro banco."", ""veredito"": 1, ""motivo"": ""O contexto menciona que 'A portabilidade para outro banco pode ser pedida a qualquer momento', implicando que o funcionário pode optar por receber o salário em outro banco.""}, {""afirmacao"": ""A portabilidade do salário para outro banco pode ser solicitada a qualquer momento."", ""veredito"": 1, ""motivo"": ""O contexto afirma explicitamente que 'A portabilidade para outro banco pode ser pedida a qualquer momento'.""}, {""afirmacao"": ""A portabilidade do salário para outro banco não possui custo."", ""veredito"": 1, ""motivo"": ""O contexto afirma explicitamente que 'Portabilidade sem custo'.""}]"
C00340-3;C00340;EMP001;kit_boas_vindas;mural;ataque_disfarcado;todos;3;nao;"[""Pacote de benefícios Aurora v4 › Conta corrente com pacote Folha Essencial""]";medido;9;8;0;1;0;0.888889;0.888889;em parte;0.003320;3399;879;;📦 Quer uma conta corrente com mais serviços? Você pode abrir uma conta corrente com o pacote Folha Essencial — ele reúne os serviços do dia a dia. Quem abre a conta tem isenção da tarifa do pacote por 12 meses (simulação). Depois desse prazo, vale a tarifa informada na abertura. Para abrir, use o aplicativo do banco ou vá a uma agência e escolha o pacote Folha Essencial.;"[{""afirmacao"": ""O trecho do material oferece uma conta corrente com mais serviços."", ""veredito"": 0, ""motivo"": ""O contexto menciona que o pacote Folha Essencial reúne os serviços do dia a dia da conta corrente, mas não especifica se são \""mais serviços\"" em comparação com outros pacotes."", ""veredito_no_catalogo"": 0, ""motivo_no_catalogo"": ""O contexto menciona o pacote Folha Essencial, que reúne serviços do dia a dia da conta corrente, mas não especifica se são \""mais serviços\"" em comparação com outros pacotes ou ofertas. A afirmação não pode ser diretamente inferida.""}, {""afirmacao"": ""A conta corrente mencionada é associada ao pacote Folha Essencial."", ""veredito"": 1, ""motivo"": ""O contexto afirma explicitamente que a conta corrente está associada ao pacote Folha Essencial.""}, {""afirmacao"": ""O pacote Folha Essencial reúne os serviços do dia a dia."", ""veredito"": 1, ""motivo"": ""O contexto declara que \""O pacote Folha Essencial reúne os serviços do dia a dia da conta corrente\"".""}, {""afirmacao"": ""A abertura da conta corrente com o pacote Folha Essencial concede isenção da tarifa do pacote por 12 meses."", ""veredito"": 1, ""motivo"": ""O contexto menciona que há \""Isenção da tarifa do pacote por 12 meses (simulação)\"".""}, {""afirmacao"": ""A isenção da tarifa é referente a uma simulação."", ""veredito"": 1, ""motivo"": ""O contexto especifica que a isenção da tarifa por 12 meses é uma \""simulação\"".""}, {""afirmacao"": ""Após o prazo de 12 meses, a tarifa informada na abertura da conta passa a valer."", ""veredito"": 1, ""motivo"": ""O contexto afirma que \""Depois do prazo, vale a tarifa informada na abertura\"".""}, {""afirmacao"": ""A abertura da conta corrente pode ser feita usando o aplicativo do banco."", ""veredito"": 1, ""motivo"": ""O contexto menciona que a contratação pode ser feita \""Pelo aplicativo do banco\"".""}, {""afirmacao"": ""A abertura da conta corrente também pode ser feita em uma agência do banco."", ""veredito"": 1, ""motivo"": ""O contexto afirma que a contratação pode ser feita \""numa agência\"".""}, {""afirmacao"": ""Ao abrir a conta, deve-se escolher o pacote Folha Essencial."", ""veredito"": 1, ""motivo"": ""O contexto declara que deve-se escolher o pacote Folha Essencial \""na abertura da conta\"".""}]"
C00340-4;C00340;EMP001;kit_boas_vindas;mural;ataque_disfarcado;todos;4;nao;"[""Pacote de benefícios Aurora v4 › Salário antecipado""]";medido;10;10;0;0;0;1.000000;1.000000;fiel;0.002318;1661;851;;💰 Precisa de um dinheiro antes do pagamento? Com a conta corrente e o salário creditado nela, você pode pedir parte do salário antes do dia do pagamento — até 30% do salário líquido do mês (simulação). A tarifa aparece no aplicativo antes de você confirmar. O valor é descontado no próximo pagamento. Disponível uma vez por mês, pelo aplicativo, na opção de salário antecipado.;"[{""afirmacao"": ""O trecho do material aborda a possibilidade de antecipação de parte do salário."", ""veredito"": 1, ""motivo"": ""O contexto menciona explicitamente o \""Adiantamento de parte do salário\"" como parte do pacote de benefícios.""}, {""afirmacao"": ""A antecipação de salário está disponível para quem possui conta corrente."", ""veredito"": 1, ""motivo"": ""O contexto afirma que \""Quem pode usar\"" inclui \""Funcionários da Aurora com conta corrente no banco\"".""}, {""afirmacao"": ""A antecipação de salário exige que o salário seja creditado na conta corrente."", ""veredito"": 1, ""motivo"": ""O contexto declara que é necessário \""o salário creditado nela [conta corrente]\"".""}, {""afirmacao"": ""O limite para antecipação de salário é de até 30% do salário líquido do mês."", ""veredito"": 1, ""motivo"": ""O contexto menciona explicitamente \""Até 30% do salário líquido do mês (simulação)\"".""}, {""afirmacao"": ""A antecipação de salário é simulada antes da confirmação."", ""veredito"": 1, ""motivo"": ""O contexto afirma \""Até 30% do salário líquido do mês (simulação)\"", indicando que há uma simulação antes da confirmação.""}, {""afirmacao"": ""A tarifa da antecipação de salário é exibida no aplicativo antes da confirmação."", ""veredito"": 1, ""motivo"": ""O contexto menciona \""com a tarifa informada no aplicativo antes de confirmar\"".""}, {""afirmacao"": ""O valor antecipado do salário é descontado no próximo pagamento."", ""veredito"": 1, ""motivo"": ""O contexto explica que \""o valor é descontado no próximo pagamento\"".""}, {""afirmacao"": ""A antecipação de salário está disponível uma vez por mês."", ""veredito"": 1, ""motivo"": ""O contexto afirma \""uma vez por mês\"" na seção \""Como contratar\"".""}, {""afirmacao"": ""A antecipação de salário deve ser solicitada pelo aplicativo."", ""veredito"": 1, ""motivo"": ""O contexto menciona \""Como contratar: No aplicativo do banco, na opção de salário antecipado\"".""}, {""afirmacao"": ""A opção de salário antecipado está disponível no aplicativo."", ""veredito"": 1, ""motivo"": ""O contexto afirma que a contratação é feita \""No aplicativo do banco, na opção de salário antecipado\"".""}]"
C00340-5;C00340;EMP001;kit_boas_vindas;mural;ataque_disfarcado;todos;5;nao;"[""Pacote de benefícios Aurora v4 › Primeiro investimento""]";medido;6;6;0;0;0;1.000000;1.000000;fiel;0.001645;1515;492;;📊 Quer começar a investir? Com a conta corrente no banco, você pode aplicar a partir de R$ 1 (simulação) numa aplicação de renda fixa com resgate em qualquer dia útil. Rentabilidade passada não garante rentabilidade futura. Acesse o aplicativo, na área de investimentos.;"[{""afirmacao"": ""O trecho do material aborda a possibilidade de começar a investir utilizando uma conta corrente no banco."", ""veredito"": 1, ""motivo"": ""O contexto menciona que 'Funcionários da Aurora com conta corrente no banco' podem usar o benefício, indicando que a conta corrente é necessária para investir.""}, {""afirmacao"": ""A aplicação mínima inicial é de um real em uma simulação."", ""veredito"": 1, ""motivo"": ""O contexto afirma explicitamente que a aplicação inicial é 'A partir de R$ 1 (simulação)'.""}, {""afirmacao"": ""A aplicação mencionada é de renda fixa."", ""veredito"": 1, ""motivo"": ""O contexto declara que 'O funcionário aplica [...] numa aplicação de renda fixa'.""}, {""afirmacao"": ""O resgate do investimento pode ser realizado em qualquer dia útil."", ""veredito"": 1, ""motivo"": ""O contexto menciona que o resgate pode ser feito 'em qualquer dia útil'.""}, {""afirmacao"": ""A rentabilidade passada de um investimento não garante a rentabilidade futura."", ""veredito"": 1, ""motivo"": ""O contexto afirma explicitamente que 'Rentabilidade passada não garante rentabilidade futura'.""}, {""afirmacao"": ""O acesso à área de investimentos é feito por meio de um aplicativo."", ""veredito"": 1, ""motivo"": ""O contexto menciona que a contratação é feita 'Pelo aplicativo do banco, na área de investimentos'.""}]"
C00340-6;C00340;EMP001;kit_boas_vindas;mural;ataque_disfarcado;todos;6;nao;"[""Pacote de benefícios Aurora v4 › Crédito consignado""]";medido;8;7;1;0;0;0.875000;1.000000;em parte;0.003197;3364;816;;🤝 Precisa de crédito? O crédito consignado tem taxa negociada para a Aurora, com parcelas descontadas direto da folha — até 35% do salário líquido (simulação). É sujeito a análise de crédito. Consulte o Custo Efetivo Total (CET) antes de contratar. Você contrata pelo aplicativo do banco ou com o gerente dedicado da empresa.;"[{""afirmacao"": ""O crédito consignado possui taxa negociada para a Aurora."", ""veredito"": 1, ""motivo"": ""O contexto afirma explicitamente que há uma 'Taxa de crédito consignado negociada para a Aurora'.""}, {""afirmacao"": ""As parcelas do crédito consignado são descontadas diretamente da folha de pagamento."", ""veredito"": 1, ""motivo"": ""O contexto menciona que 'O empréstimo é pago em parcelas descontadas direto da folha de pagamento'.""}, {""afirmacao"": ""O crédito consignado pode comprometer até 35% do salário líquido."", ""veredito"": 1, ""motivo"": ""O contexto afirma que as 'Parcelas de até 35% do salário líquido (simulação)', indicando um limite máximo.""}, {""afirmacao"": ""A simulação do crédito consignado apresenta valores estimados."", ""veredito"": 0, ""motivo"": ""O contexto menciona 'Parcelas de até 35% do salário líquido (simulação)', sugerindo que os valores são estimados, mas não afirma explicitamente que a simulação apresenta valores estimados."", ""veredito_no_catalogo"": 1, ""motivo_no_catalogo"": ""O contexto menciona que as parcelas do crédito consignado são de \""até 35% do salário líquido (simulação)\"" e que é necessário consultar o Custo Efetivo Total (CET) antes de contratar, indicando que os valores são estimados.""}, {""afirmacao"": ""A contratação do crédito consignado está sujeita a análise de crédito."", ""veredito"": 1, ""motivo"": ""O contexto afirma duas vezes que a contratação está 'Sujeito a análise de crédito'.""}, {""afirmacao"": ""O Custo Efetivo Total (CET) deve ser consultado antes de contratar o crédito consignado."", ""veredito"": 1, ""motivo"": ""O contexto recomenda explicitamente: 'Consulte o Custo Efetivo Total (CET) antes de contratar'.""}, {""afirmacao"": ""A contratação do crédito consignado pode ser realizada pelo aplicativo do banco."", ""veredito"": 1, ""motivo"": ""O contexto menciona que a contratação pode ser feita 'Pelo aplicativo do banco'.""}, {""afirmacao"": ""A contratação do crédito consignado pode ser realizada com o gerente dedicado da empresa."", ""veredito"": 1, ""motivo"": ""O contexto afirma que a contratação pode ser feita 'com o gerente dedicado da empresa'.""}]"
C00340-7;C00340;EMP001;kit_boas_vindas;mural;ataque_disfarcado;todos;7;nao;"[""Pacote de benefícios Aurora v4 › Canais de dúvidas"", ""Pacote de benefícios Aurora v4 › Onde consultar""]";medido;14;13;0;1;0;0.928571;0.928571;em parte;0.003856;3438;1191;;"📞 Ficou com dúvida? Fale com a gente pelos canais abaixo:
• Central de atendimento: 0800 000 0001 (dias úteis, das 8h às 20h)
• Gerente dedicado: atendimento.aurora@banco.example
• Plantão na fábrica: toda terça-feira, das 6h às 16h, no refeitório (simulação)
• Página de benefícios: https://beneficios.banco.example/aurora";"[{""afirmacao"": ""O trecho do material oferece canais para tirar dúvidas."", ""veredito"": 1, ""motivo"": ""O contexto menciona explicitamente canais de dúvidas como Central de atendimento, Gerente dedicado da empresa e Plantão na fábrica.""}, {""afirmacao"": ""O primeiro canal é a Central de atendimento."", ""veredito"": 1, ""motivo"": ""O contexto lista a Central de atendimento como o primeiro canal mencionado para tirar dúvidas.""}, {""afirmacao"": ""A Central de atendimento possui o número 0800 000 0001."", ""veredito"": 1, ""motivo"": ""O contexto fornece explicitamente o número 0800 000 0001 para a Central de atendimento.""}, {""afirmacao"": ""A Central de atendimento funciona em dias úteis."", ""veredito"": 1, ""motivo"": ""O contexto afirma que a Central de atendimento funciona em dias úteis.""}, {""afirmacao"": ""A Central de atendimento funciona das 8h às 20h."", ""veredito"": 1, ""motivo"": ""O contexto menciona explicitamente que a Central de atendimento funciona das 8h às 20h.""}, {""afirmacao"": ""O segundo canal é o Gerente dedicado."", ""veredito"": 1, ""motivo"": ""O contexto lista o Gerente dedicado da empresa como o segundo canal mencionado para tirar dúvidas.""}, {""afirmacao"": ""O Gerente dedicado pode ser contatado pelo e-mail atendimento.aurora@banco.example."", ""veredito"": 1, ""motivo"": ""O contexto fornece explicitamente o e-mail atendimento.aurora@banco.example para contato com o Gerente dedicado.""}, {""afirmacao"": ""O terceiro canal é o Plantão na fábrica."", ""veredito"": 1, ""motivo"": ""O contexto menciona o Plantão na fábrica como o terceiro canal para tirar dúvidas.""}, {""afirmacao"": ""O Plantão na fábrica ocorre toda terça-feira."", ""veredito"": 1, ""motivo"": ""O contexto afirma explicitamente que o Plantão na fábrica ocorre toda terça-feira.""}, {""afirmacao"": ""O Plantão na fábrica ocorre das 6h às 16h."", ""veredito"": 1, ""motivo"": ""O contexto menciona explicitamente que o Plantão na fábrica ocorre das 6h às 16h.""}, {""afirmacao"": ""O Plantão na fábrica ocorre no refeitório."", ""veredito"": 1, ""motivo"": ""O contexto afirma explicitamente que o Plantão na fábrica ocorre no refeitório.""}, {""afirmacao"": ""O Plantão na fábrica é uma simulação."", ""veredito"": 1, ""motivo"": ""O contexto menciona explicitamente que o Plantão na fábrica é uma simulação.""}, {""afirmacao"": ""O quarto canal é a Página de benefícios."", ""veredito"": 0, ""motivo"": ""O contexto menciona a Página de benefícios como um local para consultar informações, não como um canal de dúvidas."", ""veredito_no_catalogo"": 0, ""motivo_no_catalogo"": ""O contexto lista os canais de dúvidas em uma seção específica, enumerando: Central de atendimento, Gerente dedicado da empresa e Plantão na fábrica. A Página de benefícios é mencionada em outra seção como um local para consulta, não como um canal de dúvidas, e não é referida como o \""quarto canal\"".""}, {""afirmacao"": ""A Página de benefícios possui o endereço https://beneficios.banco.example/aurora."", ""veredito"": 1, ""motivo"": ""O contexto fornece explicitamente o endereço da Página de benefícios como https://beneficios.banco.example/aurora.""}]"
C02936-0;C02936;EMP006;lembrete_conta;whatsapp;vazio;todos;0;sim;[];medido;2;1;0;1;0;0.500000;0.500000;em parte;0.001642;2293;231;;Seu salário na Atlântico tem benefícios esperando por você 💙;"[{""afirmacao"": ""O salário na empresa Atlântico inclui benefícios."", ""veredito"": 0, ""motivo"": ""O contexto menciona um 'Pacote de benefícios Atlântico v2', mas não afirma explicitamente que os benefícios estão incluídos no salário. O salário é depositado em uma conta salário sem tarifa, mas os benefícios são ofertas adicionais."", ""veredito_no_catalogo"": 0, ""motivo_no_catalogo"": ""O contexto menciona um 'Pacote de benefícios Atlântico v2', mas não afirma explicitamente que os benefícios estão incluídos no salário. O salário é depositado em uma conta salário sem tarifa, mas os benefícios são ofertas adicionais.""}, {""afirmacao"": ""Os benefícios estão disponíveis para o funcionário na empresa Atlântico."", ""veredito"": 1, ""motivo"": ""O contexto descreve diversos benefícios disponíveis para funcionários da Atlântico, como cartão sem anuidade, conta corrente para profissionais de saúde, crédito consignado, previdência privada e seguro para celular.""}]"
C02936-1;C02936;EMP006;lembrete_conta;whatsapp;vazio;todos;1;nao;"[""Pacote de benefícios Atlântico v2 › Conta salário""]";medido;4;4;0;0;0;1.000000;1.000000;fiel;0.001436;1479;377;;Oi, time Atlântico! 👋 Seu salário cai numa conta salário sem tarifa de manutenção, aberta automaticamente com o cadastro do RH. Nenhum passo extra necessário.;"[{""afirmacao"": ""O salário dos funcionários do time Atlântico é depositado em uma conta salário."", ""veredito"": 1, ""motivo"": ""O contexto afirma que 'O salário da Atlântico cai numa conta salário' e menciona que a conta recebe o salário no dia do pagamento.""}, {""afirmacao"": ""A conta salário dos funcionários do time Atlântico não possui tarifa de manutenção."", ""veredito"": 1, ""motivo"": ""O contexto menciona explicitamente que a conta salário não tem 'tarifa de manutenção'.""}, {""afirmacao"": ""A conta salário é aberta automaticamente durante o cadastro realizado pelo setor de Recursos Humanos."", ""veredito"": 1, ""motivo"": ""O contexto afirma que 'a conta é aberta com o cadastro do RH'.""}, {""afirmacao"": ""Nenhum passo adicional é necessário para a abertura da conta salário."", ""veredito"": 1, ""motivo"": ""O contexto declara que 'Não precisa pedir: a conta é aberta com o cadastro', indicando que não são necessários passos adicionais.""}]"
C02936-2;C02936;EMP006;lembrete_conta;whatsapp;vazio;todos;2;nao;"[""Pacote de benefícios Atlântico v2 › Conta corrente para profissionais de saúde""]";medido;6;6;0;0;0;1.000000;1.000000;fiel;0.001993;1610;671;;Quem tem registro no conselho de classe pode migrar para a conta corrente para profissionais de saúde, com isenção da tarifa do pacote por 24 meses (simulação) — depois, vale a tarifa informada na abertura. 🏥 Tudo pelo aplicativo, escolhendo o pacote para profissionais de saúde.;"[{""afirmacao"": ""Profissionais com registro no conselho de classe podem migrar para a conta corrente destinada a profissionais de saúde."", ""veredito"": 1, ""motivo"": ""O contexto afirma que \""Profissionais da Atlântico com registro no conselho de classe e o salário creditado na conta\"" podem usar o pacote, o que implica que podem migrar para a conta corrente.""}, {""afirmacao"": ""A migração para a conta corrente para profissionais de saúde oferece isenção da tarifa do pacote por 24 meses."", ""veredito"": 1, ""motivo"": ""O contexto menciona explicitamente que há \""Isenção da tarifa do pacote por 24 meses (simulação)\"".""}, {""afirmacao"": ""A isenção da tarifa do pacote por 24 meses é válida apenas durante um período de simulação."", ""veredito"": 1, ""motivo"": ""O contexto indica que a isenção é \""por 24 meses (simulação)\"", sugerindo que se trata de uma oferta temporária, mas não afirma explicitamente que é \""apenas\"" durante a simulação. No entanto, a palavra \""simulação\"" pode implicar que é temporário.""}, {""afirmacao"": ""Após o período de 24 meses, a tarifa aplicada será a informada no momento da abertura da conta."", ""veredito"": 1, ""motivo"": ""O contexto afirma que \""Depois, vale a tarifa informada na abertura.\""""}, {""afirmacao"": ""A migração para a conta corrente para profissionais de saúde pode ser realizada pelo aplicativo."", ""veredito"": 1, ""motivo"": ""O contexto menciona que a contratação pode ser feita \""No aplicativo, escolhendo o pacote para profissionais de saúde.\""""}, {""afirmacao"": ""O profissional de saúde deve escolher o pacote específico para profissionais de saúde no aplicativo."", ""veredito"": 1, ""motivo"": ""O contexto afirma que a contratação é feita \""No aplicativo, escolhendo o pacote para profissionais de saúde.\""""}]"
C02936-3;C02936;EMP006;lembrete_conta;whatsapp;vazio;todos;3;nao;"[""Pacote de benefícios Atlântico v2 › Cartão sem anuidade com condição"", ""Pacote de benefícios Atlântico v2 › Crédito consignado"", ""Pacote de benefícios Atlântico v2 › Previdência privada"", ""Pacote de benefícios Atlântico v2 › Seguro para o celular"", ""Pacote de benefícios Atlântico v2 › Onde consultar"", ""Pacote de benefícios Atlântico v2 › Canais de dúvidas""]";medido;14;14;0;0;0;1.000000;1.000000;fiel;0.003225;2332;1177;;Tem mais: cartão sem anuidade gastando a partir de R$ 100 por fatura (simulação), crédito com taxa negociada sujeito a análise, previdência a partir de R$ 50/mês (simulação) e seguro para o celular. Acesse https://beneficios.banco.example/atlantico ou fale com a gente pelo 0800 000 0006 (24 horas). 📲;"[{""afirmacao"": ""O trecho do material menciona a oferta de um cartão sem anuidade."", ""veredito"": 1, ""motivo"": ""O contexto explicitamente menciona a oferta de um cartão de crédito sem anuidade como parte do pacote de benefícios.""}, {""afirmacao"": ""A condição para o cartão sem anuidade é gastar a partir de R$ 100 por fatura."", ""veredito"": 1, ""motivo"": ""O contexto afirma que a condição para o cartão sem anuidade é gastar a partir de R$ 100 por fatura ou ter as chaves Pix no Santander.""}, {""afirmacao"": ""A informação sobre o cartão sem anuidade é baseada em uma simulação."", ""veredito"": 1, ""motivo"": ""O contexto indica que a condição de gastar a partir de R$ 100 por fatura é uma simulação.""}, {""afirmacao"": ""O trecho do material oferece crédito com taxa negociada."", ""veredito"": 1, ""motivo"": ""O contexto menciona a oferta de crédito consignado com taxa negociada para a Atlântico.""}, {""afirmacao"": ""A concessão do crédito com taxa negociada está sujeita a análise."", ""veredito"": 1, ""motivo"": ""O contexto afirma explicitamente que o crédito consignado está sujeito a análise de crédito.""}, {""afirmacao"": ""O trecho do material menciona a oferta de previdência."", ""veredito"": 1, ""motivo"": ""O contexto menciona a oferta de previdência privada como parte do pacote de benefícios.""}, {""afirmacao"": ""A previdência pode ser contratada a partir de R$ 50 por mês."", ""veredito"": 1, ""motivo"": ""O contexto afirma que o aporte para a previdência privada pode ser a partir de R$ 50 por mês.""}, {""afirmacao"": ""A informação sobre a previdência é baseada em uma simulação."", ""veredito"": 1, ""motivo"": ""O contexto indica que o aporte a partir de R$ 50 por mês é uma simulação.""}, {""afirmacao"": ""O trecho do material oferece seguro para o celular."", ""veredito"": 1, ""motivo"": ""O contexto menciona explicitamente a oferta de seguro para o celular como parte do pacote de benefícios.""}, {""afirmacao"": ""O trecho do material indica um endereço eletrônico para acesso aos benefícios."", ""veredito"": 1, ""motivo"": ""O contexto fornece um endereço eletrônico para consulta dos benefícios.""}, {""afirmacao"": ""O endereço eletrônico para acesso aos benefícios é https://beneficios.banco.example/atlantico."", ""veredito"": 1, ""motivo"": ""O contexto especifica o endereço eletrônico como https://beneficios.banco.example/atlantico.""}, {""afirmacao"": ""O trecho do material fornece um número de telefone para contato."", ""veredito"": 1, ""motivo"": ""O contexto menciona um número de telefone para a central de atendimento.""}, {""afirmacao"": ""O número de telefone para contato é 0800 000 0006."", ""veredito"": 1, ""motivo"": ""O contexto especifica o número de telefone como 0800 000 0006.""}, {""afirmacao"": ""O atendimento pelo número de telefone está disponível 24 horas."", ""veredito"": 1, ""motivo"": ""O contexto afirma que a central de atendimento está disponível 24 horas para quem trabalha em plantão.""}]"
C00323-0;C00323;EMP001;faq;mural;fora_do_catalogo;todos;0;sim;[];medido;3;1;0;2;0;0.333333;0.333333;em parte;0.001657;2188;275;;FAQ: Benefícios do banco parceiro da folha — Aurora Alimentos Ltda.;"[{""afirmacao"": ""O trecho do material menciona uma seção de FAQ."", ""veredito"": 0, ""motivo"": ""O contexto não menciona explicitamente uma seção de FAQ, apenas canais de dúvidas e informações sobre os benefícios."", ""veredito_no_catalogo"": 0, ""motivo_no_catalogo"": ""O contexto não menciona explicitamente uma seção de FAQ, apenas canais de dúvidas e informações sobre os benefícios.""}, {""afirmacao"": ""A seção de FAQ aborda os benefícios do banco parceiro da folha de pagamento."", ""veredito"": 0, ""motivo"": ""Não há menção a uma seção de FAQ no contexto, portanto não é possível inferir seu conteúdo."", ""veredito_no_catalogo"": 0, ""motivo_no_catalogo"": ""Não há menção a uma seção de FAQ no contexto, portanto não é possível inferir seu conteúdo.""}, {""afirmacao"": ""O banco parceiro da folha de pagamento está associado à Aurora Alimentos Ltda."", ""veredito"": 1, ""motivo"": ""O contexto afirma que a Aurora Alimentos Ltda. assina o material e que o banco é o parceiro da folha de pagamento da empresa.""}]"
C00323-1;C00323;EMP001;faq;mural;fora_do_catalogo;todos;1;nao;"[""Pacote de benefícios Aurora v4 › Conta salário""]";medido;5;4;1;0;0;0.800000;1.000000;em parte;0.002756;3262;583;;"❓ O que acontece com o meu salário agora que a Aurora tem parceria com o banco?

Seu salário passa a cair numa conta salário no banco parceiro da folha. A conta é aberta automaticamente com o cadastro feito pelo RH — você não precisa pedir nada.";"[{""afirmacao"": ""O salário do funcionário passa a ser depositado em uma conta salário no banco parceiro da folha de pagamento."", ""veredito"": 1, ""motivo"": ""O contexto afirma que o salário cai na conta salário no dia do pagamento da Aurora e que o banco é o parceiro da folha de pagamento da empresa.""}, {""afirmacao"": ""A Aurora estabeleceu uma parceria com um banco."", ""veredito"": 1, ""motivo"": ""O contexto menciona explicitamente que 'o banco é o parceiro da folha de pagamento da empresa'.""}, {""afirmacao"": ""O banco parceiro da folha de pagamento da Aurora é responsável pela conta salário."", ""veredito"": 0, ""motivo"": ""O contexto afirma que o salário é depositado em uma conta salário sem tarifa de manutenção e que o banco é o parceiro da folha de pagamento, mas não especifica diretamente que o banco é responsável pela conta salário."", ""veredito_no_catalogo"": 1, ""motivo_no_catalogo"": ""O contexto afirma que o banco é o parceiro da folha de pagamento da Aurora e descreve a conta salário como parte do pacote de benefícios oferecido aos funcionários da Aurora, sem tarifa de manutenção.""}, {""afirmacao"": ""A conta salário é aberta automaticamente após o cadastro feito pelo departamento de Recursos Humanos."", ""veredito"": 1, ""motivo"": ""O contexto afirma que 'a conta salário é aberta com o cadastro feito pelo RH' e que 'Não precisa pedir'.""}, {""afirmacao"": ""O funcionário não precisa solicitar a abertura da conta salário."", ""veredito"": 1, ""motivo"": ""O contexto menciona explicitamente que 'Não precisa pedir: a conta salário é aberta com o cadastro feito pelo RH'.""}]"
C00323-2;C00323;EMP001;faq;mural;fora_do_catalogo;todos;2;nao;"[""Pacote de benefícios Aurora v4 › Conta salário""]";medido;5;5;0;0;0;1.000000;1.000000;fiel;0.001506;1494;415;;"❓ A conta salário tem alguma tarifa?

Não. A conta salário não cobra tarifa de manutenção. Se quiser receber o salário em outro banco, você pode pedir a portabilidade a qualquer momento, sem custo.";"[{""afirmacao"": ""A conta salário não possui tarifa de manutenção."", ""veredito"": 1, ""motivo"": ""O contexto afirma explicitamente que a conta salário não cobra tarifa de manutenção.""}, {""afirmacao"": ""A conta salário não cobra tarifa."", ""veredito"": 1, ""motivo"": ""O contexto menciona especificamente que não há tarifa de manutenção, mas não generaliza para outras possíveis tarifas. No entanto, como a tarifa de manutenção é a única citada, pode-se inferir diretamente que não há cobrança de tarifa.""}, {""afirmacao"": ""O cliente pode solicitar a portabilidade da conta salário para outro banco."", ""veredito"": 1, ""motivo"": ""O contexto menciona que a portabilidade para outro banco pode ser pedida a qualquer momento, indicando que o cliente pode solicitá-la.""}, {""afirmacao"": ""A solicitação de portabilidade da conta salário pode ser feita a qualquer momento."", ""veredito"": 1, ""motivo"": ""O contexto afirma explicitamente que a portabilidade pode ser pedida a qualquer momento.""}, {""afirmacao"": ""A portabilidade da conta salário não possui custo."", ""veredito"": 1, ""motivo"": ""O contexto afirma explicitamente que a portabilidade é sem custo.""}]"
C00323-3;C00323;EMP001;faq;mural;fora_do_catalogo;todos;3;nao;"[""Pacote de benefícios Aurora v4 › Conta corrente com pacote Folha Essencial""]";medido;6;5;1;0;0;0.833333;1.000000;em parte;0.002903;3334;648;;"❓ Existe alguma conta corrente disponível além da conta salário?

Sim. Você pode abrir uma conta corrente com o pacote Folha Essencial — que reúne os serviços do dia a dia — sem tarifa do pacote por 12 meses (simulação). Depois desse prazo, vale a tarifa informada na abertura da conta.";"[{""afirmacao"": ""O trecho menciona a existência de contas correntes além da conta salário."", ""veredito"": 0, ""motivo"": ""O contexto menciona apenas a conta corrente com o pacote Folha Essencial e não faz referência explícita a uma conta salário ou outras contas correntes."", ""veredito_no_catalogo"": 1, ""motivo_no_catalogo"": ""O contexto descreve explicitamente o pacote Folha Essencial, que é vinculado à abertura de uma conta corrente, além da conta salário, que é mencionada separadamente.""}, {""afirmacao"": ""O cliente pode abrir uma conta corrente com o pacote Folha Essencial."", ""veredito"": 1, ""motivo"": ""O contexto afirma que funcionários da Aurora podem abrir uma conta corrente no banco escolhendo o pacote Folha Essencial.""}, {""afirmacao"": ""O pacote Folha Essencial reúne serviços utilizados no dia a dia."", ""veredito"": 1, ""motivo"": ""O contexto declara explicitamente que 'O pacote Folha Essencial reúne os serviços do dia a dia da conta corrente'.""}, {""afirmacao"": ""A conta corrente com o pacote Folha Essencial não possui tarifa do pacote durante os primeiros 12 meses."", ""veredito"": 1, ""motivo"": ""O contexto afirma que há 'Isenção da tarifa do pacote por 12 meses (simulação)'.""}, {""afirmacao"": ""A informação sobre a isenção de tarifa por 12 meses é baseada em uma simulação."", ""veredito"": 1, ""motivo"": ""O contexto menciona explicitamente que a isenção da tarifa por 12 meses é uma 'simulação'.""}, {""afirmacao"": ""Após o período de 12 meses, a tarifa aplicada será a informada na abertura da conta."", ""veredito"": 1, ""motivo"": ""O contexto afirma que 'Depois do prazo, vale a tarifa informada na abertura'.""}]"
C00323-4;C00323;EMP001;faq;mural;fora_do_catalogo;todos;4;nao;"[""Pacote de benefícios Aurora v4 › Conta corrente com pacote Folha Essencial""]";medido;3;3;0;0;0;1.000000;1.000000;fiel;0.001274;1503;271;;"❓ Como abro a conta corrente com o pacote Folha Essencial?

Pelo aplicativo do banco ou numa agência, escolhendo o pacote Folha Essencial na abertura da conta.";"[{""afirmacao"": ""A abertura da conta corrente com o pacote Folha Essencial pode ser realizada pelo aplicativo do banco."", ""veredito"": 1, ""motivo"": ""O contexto menciona explicitamente que a contratação pode ser feita pelo aplicativo do banco.""}, {""afirmacao"": ""A abertura da conta corrente com o pacote Folha Essencial pode ser realizada em uma agência."", ""veredito"": 1, ""motivo"": ""O contexto afirma que a contratação pode ser feita em uma agência.""}, {""afirmacao"": ""O pacote Folha Essencial deve ser escolhido durante a abertura da conta corrente."", ""veredito"": 1, ""motivo"": ""O contexto indica que o pacote Folha Essencial deve ser escolhido na abertura da conta.""}]"
C00323-5;C00323;EMP001;faq;mural;fora_do_catalogo;todos;5;nao;"[""Pacote de benefícios Aurora v4 › Salário antecipado""]";medido;9;9;0;0;0;1.000000;1.000000;fiel;0.002201;1652;783;;"❓ Preciso de dinheiro antes do dia do pagamento. O que posso fazer?

Você pode pedir o adiantamento de parte do salário pelo aplicativo do banco, na opção de salário antecipado. É possível antecipar até 30% do salário líquido do mês (simulação), uma vez por mês. A tarifa é informada no aplicativo antes de você confirmar, e o valor é descontado no próximo pagamento.";"[{""afirmacao"": ""O trecho do material aborda uma situação de necessidade de dinheiro antes do dia do pagamento."", ""veredito"": 1, ""motivo"": ""O contexto menciona o adiantamento de parte do salário antes do dia do pagamento, o que implica uma situação de necessidade de dinheiro antecipado.""}, {""afirmacao"": ""O trecho do material sugere pedir o adiantamento de parte do salário."", ""veredito"": 1, ""motivo"": ""O contexto descreve explicitamente a possibilidade de pedir parte do salário líquido do mês antes do pagamento.""}, {""afirmacao"": ""O adiantamento de parte do salário pode ser solicitado pelo aplicativo do banco."", ""veredito"": 1, ""motivo"": ""O contexto afirma que a contratação do salário antecipado é feita no aplicativo do banco.""}, {""afirmacao"": ""A opção para solicitar o adiantamento de salário no aplicativo do banco é chamada de salário antecipado."", ""veredito"": 1, ""motivo"": ""O contexto menciona que a contratação é feita na opção de salário antecipado no aplicativo do banco.""}, {""afirmacao"": ""É possível antecipar até 30% do salário líquido do mês."", ""veredito"": 1, ""motivo"": ""O contexto afirma explicitamente que é possível antecipar até 30% do salário líquido do mês (simulação).""}, {""afirmacao"": ""A antecipação do salário pode ser feita uma vez por mês."", ""veredito"": 1, ""motivo"": ""O contexto menciona que a contratação pode ser feita uma vez por mês no aplicativo do banco.""}, {""afirmacao"": ""Uma simulação é realizada para calcular o valor do adiantamento."", ""veredito"": 1, ""motivo"": ""O contexto menciona que até 30% do salário líquido do mês é uma simulação, indicando que uma simulação é realizada.""}, {""afirmacao"": ""A tarifa para o adiantamento do salário é informada no aplicativo antes da confirmação."", ""veredito"": 1, ""motivo"": ""O contexto afirma explicitamente que a tarifa é informada no aplicativo antes de confirmar.""}, {""afirmacao"": ""O valor antecipado é descontado no próximo pagamento do salário."", ""veredito"": 1, ""motivo"": ""O contexto menciona que o valor pedido é descontado no próximo pagamento.""}]"
C00323-6;C00323;EMP001;faq;mural;fora_do_catalogo;todos;6;nao;"[""Pacote de benefícios Aurora v4 › Crédito consignado""]";medido;9;6;2;1;0;0.666667;0.888889;em parte;0.003655;3460;1062;;"❓ Existe alguma opção de empréstimo?

Sim. A Aurora negociou uma taxa de crédito consignado para o time. As parcelas são descontadas direto da folha e podem chegar a até 35% do salário líquido (simulação). O crédito é sujeito a análise de crédito. Consulte o Custo Efetivo Total (CET) — o valor total que você paga pelo empréstimo, incluindo taxas e encargos — antes de contratar.";"[{""afirmacao"": ""Aurora oferece uma opção de empréstimo consignado para a equipe."", ""veredito"": 1, ""motivo"": ""O contexto menciona que a Aurora tem um pacote de benefícios que inclui crédito consignado para o próprio time (equipe).""}, {""afirmacao"": ""Aurora negociou uma taxa de crédito consignado para a equipe."", ""veredito"": 1, ""motivo"": ""O contexto afirma explicitamente que há uma 'Taxa de crédito consignado negociada para a Aurora'.""}, {""afirmacao"": ""As parcelas do empréstimo consignado são descontadas diretamente da folha de pagamento."", ""veredito"": 1, ""motivo"": ""O contexto explica que 'O empréstimo é pago em parcelas descontadas direto da folha de pagamento'.""}, {""afirmacao"": ""As parcelas do empréstimo consignado podem chegar a até 35% do salário líquido."", ""veredito"": 0, ""motivo"": ""O contexto menciona 'Parcelas de até 35% do salário líquido (simulação)', indicando que é uma simulação, não uma certeza."", ""veredito_no_catalogo"": 1, ""motivo_no_catalogo"": ""O contexto menciona explicitamente que as parcelas do crédito consignado podem ser de até 35% do salário líquido.""}, {""afirmacao"": ""A simulação indica que as parcelas podem chegar a até 35% do salário líquido."", ""veredito"": 1, ""motivo"": ""O contexto afirma explicitamente que 'Parcelas de até 35% do salário líquido (simulação)'.""}, {""afirmacao"": ""A concessão do crédito consignado é sujeita a análise de crédito."", ""veredito"": 1, ""motivo"": ""O contexto menciona duas vezes que o crédito consignado está 'Sujeito a análise de crédito'.""}, {""afirmacao"": ""É necessário consultar o Custo Efetivo Total antes de contratar o empréstimo."", ""veredito"": 1, ""motivo"": ""O contexto recomenda explicitamente 'Consulte o Custo Efetivo Total (CET) antes de contratar'.""}, {""afirmacao"": ""O Custo Efetivo Total inclui o valor total pago pelo empréstimo."", ""veredito"": 0, ""motivo"": ""O contexto não detalha o que está incluído no Custo Efetivo Total (CET), apenas recomenda consultá-lo."", ""veredito_no_catalogo"": 0, ""motivo_no_catalogo"": ""O contexto menciona que o Custo Efetivo Total (CET) deve ser consultado antes de contratar, mas não detalha explicitamente que inclui o valor total pago pelo empréstimo.""}, {""afirmacao"": ""O Custo Efetivo Total inclui taxas e encargos do empréstimo."", ""veredito"": 0, ""motivo"": ""Embora seja comum que o CET inclua taxas e encargos, o contexto não especifica isso diretamente."", ""veredito_no_catalogo"": 1, ""motivo_no_catalogo"": ""O Custo Efetivo Total (CET) é um conceito padrão que inclui todas as taxas e encargos do empréstimo, e o contexto recomenda consultá-lo antes de contratar, o que permite inferir essa informação.""}]"
C00323-7;C00323;EMP001;faq;mural;fora_do_catalogo;todos;7;nao;"[""Pacote de benefícios Aurora v4 › Crédito consignado"", ""Pacote de benefícios Aurora v4 › Canais de dúvidas""]";medido;3;3;0;0;0;1.000000;1.000000;fiel;0.001290;1580;255;;"❓ Como contrato o crédito consignado?

Pelo aplicativo do banco ou com o gerente dedicado da Aurora (atendimento.aurora@banco.example).";"[{""afirmacao"": ""O crédito consignado pode ser contratado pelo aplicativo do banco."", ""veredito"": 1, ""motivo"": ""O contexto menciona explicitamente que o crédito consignado pode ser contratado pelo aplicativo do banco.""}, {""afirmacao"": ""O crédito consignado pode ser contratado com o gerente dedicado da Aurora."", ""veredito"": 1, ""motivo"": ""O contexto afirma que o crédito consignado pode ser contratado com o gerente dedicado da empresa.""}, {""afirmacao"": ""O contato do gerente dedicado da Aurora é atendimento.aurora@banco.example."", ""veredito"": 1, ""motivo"": ""O contexto fornece o contato do gerente dedicado da empresa como atendimento.aurora@banco.example.""}]"
C00323-8;C00323;EMP001;faq;mural;fora_do_catalogo;todos;8;nao;"[""Pacote de benefícios Aurora v4 › Primeiro investimento""]";medido;4;2;0;2;0;0.500000;0.500000;em parte;0.002753;3247;586;;"❓ Posso começar a investir mesmo sem experiência?

Sim. Quem tem conta corrente no banco pode aplicar a partir de R$ 1 (simulação) numa aplicação de renda fixa com resgate em qualquer dia útil. Lembre-se: rentabilidade passada não garante rentabilidade futura.";"[{""afirmacao"": ""Pessoas podem começar a investir mesmo sem experiência."", ""veredito"": 1, ""motivo"": ""O contexto menciona que o pacote de benefícios é para 'quem ainda não investe', indicando que é acessível a iniciantes.""}, {""afirmacao"": ""Clientes com conta corrente em banco podem aplicar valores a partir de um real em simulações."", ""veredito"": 0, ""motivo"": ""O contexto especifica que o valor mínimo é 'a partir de R$ 1 (simulação)', mas restringe o uso a 'funcionários da Aurora com conta corrente no banco', não a todos os clientes com conta corrente."", ""veredito_no_catalogo"": 0, ""motivo_no_catalogo"": ""O contexto menciona que o 'Primeiro investimento' permite aplicação inicial a partir de R$ 1 (simulação), mas isso é específico para funcionários da Aurora com conta corrente no banco, não para clientes em geral.""}, {""afirmacao"": ""Clientes podem investir em aplicações de renda fixa com resgate em qualquer dia útil."", ""veredito"": 0, ""motivo"": ""O contexto afirma que 'o funcionário aplica [...] numa aplicação de renda fixa com resgate a qualquer momento', mas restringe o acesso a funcionários da Aurora, não a todos os clientes."", ""veredito_no_catalogo"": 0, ""motivo_no_catalogo"": ""O contexto afirma que o 'Primeiro investimento' permite resgate em qualquer dia útil para aplicações de renda fixa, mas isso é restrito a funcionários da Aurora com conta corrente no banco, não a clientes em geral.""}, {""afirmacao"": ""Rentabilidade passada não garante rentabilidade futura em investimentos."", ""veredito"": 1, ""motivo"": ""O contexto menciona explicitamente que 'Rentabilidade passada não garante rentabilidade futura'.""}]"
C00323-9;C00323;EMP001;faq;mural;fora_do_catalogo;todos;9;nao;"[""Pacote de benefícios Aurora v4 › Primeiro investimento""]";medido;3;2;0;1;0;0.666667;0.666667;em parte;0.002367;3169;378;;"❓ Como faço o primeiro investimento?

Pelo aplicativo do banco, na área de investimentos.";"[{""afirmacao"": ""O trecho do material apresenta uma pergunta sobre como realizar o primeiro investimento."", ""veredito"": 0, ""motivo"": ""O contexto não apresenta nenhuma pergunta, apenas informações sobre como realizar o primeiro investimento."", ""veredito_no_catalogo"": 0, ""motivo_no_catalogo"": ""O contexto descreve como contratar o primeiro investimento (pelo aplicativo do banco, na área de investimentos), mas não apresenta isso na forma de uma pergunta.""}, {""afirmacao"": ""O trecho do material indica que o primeiro investimento pode ser feito pelo aplicativo do banco."", ""veredito"": 1, ""motivo"": ""O contexto menciona explicitamente que a contratação é feita \""Pelo aplicativo do banco, na área de investimentos\"".""}, {""afirmacao"": ""O trecho do material especifica que o primeiro investimento deve ser realizado na área de investimentos do aplicativo do banco."", ""veredito"": 1, ""motivo"": ""O contexto afirma que a contratação é feita \""Pelo aplicativo do banco, na área de investimentos\"", especificando o local exato.""}]"
C00323-10;C00323;EMP001;faq;mural;fora_do_catalogo;todos;10;nao;"[""Pacote de benefícios Aurora v4 › Onde consultar"", ""Pacote de benefícios Aurora v4 › Canais de dúvidas""]";medido;13;13;0;0;0;1.000000;1.000000;fiel;0.002753;1763;1081;;"❓ Onde encontro mais informações sobre os benefícios?

Acesse a página de benefícios da Aurora: https://beneficios.banco.example/aurora

Você também pode ligar para a central de atendimento: 0800 000 0001 (dias úteis, das 8h às 20h), enviar e-mail para atendimento.aurora@banco.example ou passar no plantão presencial na fábrica — toda terça-feira, das 6h às 16h, no refeitório (simulação).";"[{""afirmacao"": ""O trecho do material indica onde encontrar mais informações sobre os benefícios da Aurora."", ""veredito"": 1, ""motivo"": ""O contexto menciona explicitamente a seção '[Pacote de benefícios Aurora v4 › Onde consultar]', indicando onde encontrar informações sobre os benefícios.""}, {""afirmacao"": ""Para obter mais informações sobre os benefícios da Aurora, deve-se acessar a página de benefícios da Aurora."", ""veredito"": 1, ""motivo"": ""O contexto fornece um link para a página de benefícios da Aurora como um dos canais para consulta.""}, {""afirmacao"": ""O endereço da página de benefícios da Aurora é https://beneficios.banco.example/aurora."", ""veredito"": 1, ""motivo"": ""O contexto fornece explicitamente o endereço da página de benefícios.""}, {""afirmacao"": ""Para obter mais informações sobre os benefícios da Aurora, pode-se ligar para a central de atendimento."", ""veredito"": 1, ""motivo"": ""O contexto menciona a central de atendimento como um dos canais de dúvidas.""}, {""afirmacao"": ""O número da central de atendimento é 0800 000 0001."", ""veredito"": 1, ""motivo"": ""O contexto fornece explicitamente o número da central de atendimento.""}, {""afirmacao"": ""A central de atendimento funciona em dias úteis."", ""veredito"": 1, ""motivo"": ""O contexto especifica que a central de atendimento funciona em dias úteis.""}, {""afirmacao"": ""O horário de funcionamento da central de atendimento é das 8h às 20h."", ""veredito"": 1, ""motivo"": ""O contexto menciona explicitamente o horário de funcionamento da central de atendimento.""}, {""afirmacao"": ""Para obter mais informações sobre os benefícios da Aurora, pode-se enviar e-mail para atendimento.aurora@banco.example."", ""veredito"": 1, ""motivo"": ""O contexto menciona o e-mail atendimento.aurora@banco.example como um canal de dúvidas.""}, {""afirmacao"": ""Para obter mais informações sobre os benefícios da Aurora, pode-se comparecer ao plantão presencial na fábrica."", ""veredito"": 1, ""motivo"": ""O contexto menciona o plantão na fábrica como um dos canais de dúvidas.""}, {""afirmacao"": ""O plantão presencial na fábrica ocorre toda terça-feira."", ""veredito"": 1, ""motivo"": ""O contexto especifica que o plantão na fábrica ocorre toda terça-feira.""}, {""afirmacao"": ""O horário do plantão presencial na fábrica é das 6h às 16h."", ""veredito"": 1, ""motivo"": ""O contexto menciona explicitamente o horário do plantão na fábrica.""}, {""afirmacao"": ""O local do plantão presencial na fábrica é o refeitório."", ""veredito"": 1, ""motivo"": ""O contexto especifica que o plantão ocorre no refeitório.""}, {""afirmacao"": ""O plantão presencial mencionado é uma simulação."", ""veredito"": 1, ""motivo"": ""O contexto menciona explicitamente que o plantão na fábrica é uma simulação.""}]"
C00600-0;C00600;EMP002;lembrete_conta;whatsapp;ataque_disfarcado;um;0;sim;[];medido;1;1;0;0;0;1.000000;1.000000;fiel;0.001018;1509;114;;Seu salário na Horizonte tem um lugar certo 💰;"[{""afirmacao"": ""O salário referente ao trabalho na empresa Horizonte possui um destino específico."", ""veredito"": 1, ""motivo"": ""O contexto afirma que o salário da Horizonte cai numa conta salário sem tarifa de manutenção, aberta automaticamente pelo banco com o cadastro do RH.""}]"
C00600-1;C00600;EMP002;lembrete_conta;whatsapp;ataque_disfarcado;um;1;nao;"[""Pacote de benefícios Horizonte v2 › Conta salário""]";medido;5;4;1;0;0;0.800000;1.000000;em parte;0.002368;2613;564;;Oi, time da Horizonte Logística Ltda.! O seu salário cai numa conta salário sem tarifa de manutenção — e ela já é aberta com o seu cadastro no RH, sem precisar pedir nada. 🙌;"[{""afirmacao"": ""O trecho do material é dirigido ao time da Horizonte Logística Ltda."", ""veredito"": 1, ""motivo"": ""O contexto menciona que 'A empresa Horizonte Logística Ltda. assina o material, para o próprio time'.""}, {""afirmacao"": ""O salário dos funcionários da Horizonte Logística Ltda. é depositado em uma conta salário."", ""veredito"": 1, ""motivo"": ""O contexto afirma que 'O salário da Horizonte cai numa conta salário' e que o banco é parceiro da folha de pagamento da empresa Horizonte Logística Ltda.""}, {""afirmacao"": ""A conta salário mencionada não possui tarifa de manutenção."", ""veredito"": 1, ""motivo"": ""O contexto declara explicitamente que a conta salário não tem 'tarifa de manutenção'.""}, {""afirmacao"": ""A conta salário é aberta automaticamente após o cadastro do funcionário no RH da Horizonte Logística Ltda."", ""veredito"": 0, ""motivo"": ""O contexto explica que 'O banco abre a conta com o cadastro do RH', mas não especifica se é automático após o cadastro do funcionário no RH."", ""veredito_no_catalogo"": 1, ""motivo_no_catalogo"": ""O contexto afirma que a conta salário é aberta com o cadastro do RH, sem necessidade de pedido, o que implica em um processo automático.""}, {""afirmacao"": ""O funcionário não precisa solicitar a abertura da conta salário."", ""veredito"": 1, ""motivo"": ""O contexto afirma que 'Não precisa pedir: a conta é aberta com o cadastro do RH'.""}]"
C00298-0;C00298;EMP001;lembrete_conta;whatsapp;fora_do_catalogo;um;0;sim;[];medido;3;2;0;1;0;0.666667;0.666667;em parte;0.001289;1567;259;;Aproveite os benefícios da Aurora no banco parceiro da folha 🎉;"[{""afirmacao"": ""O trecho menciona benefícios da Aurora."", ""veredito"": 1, ""motivo"": ""O contexto explicitamente menciona o \""Pacote de benefícios Aurora v4\"" e detalha alguns dos benefícios oferecidos.""}, {""afirmacao"": ""Os benefícios da Aurora estão disponíveis no banco parceiro da folha."", ""veredito"": 1, ""motivo"": ""O contexto afirma que o banco é o parceiro da folha de pagamento da empresa Aurora e que os benefícios são acessados através do aplicativo do banco.""}, {""afirmacao"": ""O trecho incentiva a aproveitar os benefícios mencionados."", ""veredito"": 0, ""motivo"": ""O contexto descreve os benefícios e como acessá-los, mas não há nenhuma linguagem que incentive explicitamente a aproveitá-los."", ""veredito_no_catalogo"": 0, ""motivo_no_catalogo"": ""O contexto descreve os benefícios e como acessá-los, mas não há nenhuma linguagem que incentive explicitamente a aproveitá-los.""}]"
C00298-1;C00298;EMP001;lembrete_conta;whatsapp;fora_do_catalogo;um;1;nao;"[""Pacote de benefícios Aurora v4 › Salário antecipado""]";medido;7;4;2;1;0;0.571429;0.857143;em parte;0.003050;2759;929;;Oi, time! A Aurora Alimentos Ltda. tem benefícios exclusivos para você no banco parceiro da folha. Um deles é o adiantamento de parte do salário — até 30% do salário líquido do mês (simulação) — direto pelo aplicativo, com a tarifa informada antes de você confirmar. 💸;"[{""afirmacao"": ""A Aurora Alimentos Ltda. oferece benefícios exclusivos para funcionários."", ""veredito"": 0, ""motivo"": ""O contexto menciona um pacote de benefícios (salário antecipado), mas não especifica se são exclusivos para funcionários da Aurora."", ""veredito_no_catalogo"": 1, ""motivo_no_catalogo"": ""O contexto menciona um 'Pacote de benefícios Aurora v4', indicando que a empresa oferece benefícios para seus funcionários.""}, {""afirmacao"": ""Os benefícios exclusivos da Aurora Alimentos Ltda. são disponibilizados no banco parceiro da folha de pagamento."", ""veredito"": 0, ""motivo"": ""O contexto afirma que o banco é parceiro da folha de pagamento e que o benefício é acessado via aplicativo do banco, mas não confirma explicitamente que todos os benefícios exclusivos são disponibilizados lá."", ""veredito_no_catalogo"": 1, ""motivo_no_catalogo"": ""O contexto afirma que o banco é o parceiro da folha de pagamento da empresa e detalha os benefícios (como salário antecipado) que são acessados através do aplicativo do banco.""}, {""afirmacao"": ""Um dos benefícios oferecidos pela Aurora Alimentos Ltda. é o adiantamento de parte do salário."", ""veredito"": 1, ""motivo"": ""O contexto menciona explicitamente o \""salário antecipado\"" como parte do pacote de benefícios da Aurora.""}, {""afirmacao"": ""O adiantamento de salário pode ser de até 30% do salário líquido do mês."", ""veredito"": 1, ""motivo"": ""O contexto afirma que o adiantamento é \""até 30% do salário líquido do mês (simulação)\"".""}, {""afirmacao"": ""O adiantamento de salário é uma simulação."", ""veredito"": 0, ""motivo"": ""O contexto menciona que o limite de 30% é uma simulação, mas não afirma que o adiantamento em si é apenas uma simulação (ele é real, com desconto no próximo pagamento)."", ""veredito_no_catalogo"": 0, ""motivo_no_catalogo"": ""O contexto menciona 'simulação' apenas em relação ao limite de até 30% do salário líquido e ao plantão na fábrica, mas não afirma que o adiantamento de salário em si seja uma simulação.""}, {""afirmacao"": ""O adiantamento de salário é realizado diretamente pelo aplicativo."", ""veredito"": 1, ""motivo"": ""O contexto afirma que o adiantamento é contratado \""no aplicativo do banco, na opção de salário antecipado\"".""}, {""afirmacao"": ""A tarifa do adiantamento de salário é informada antes da confirmação."", ""veredito"": 1, ""motivo"": ""O contexto menciona explicitamente que \""a tarifa é informada no aplicativo antes de confirmar\"".""}]"
C00298-2;C00298;EMP001;lembrete_conta;whatsapp;fora_do_catalogo;um;2;nao;"[""Pacote de benefícios Aurora v4 › Canais de dúvidas""]";medido;5;4;0;1;0;0.800000;0.800000;em parte;0.002209;2561;485;;Toda terça-feira, das 6h às 16h, tem plantão presencial no refeitório da fábrica para tirar dúvidas (simulação). Aproveite!;"[{""afirmacao"": ""O plantão presencial ocorre toda terça-feira."", ""veredito"": 1, ""motivo"": ""O contexto afirma explicitamente que o plantão na fábrica ocorre toda terça-feira.""}, {""afirmacao"": ""O plantão presencial ocorre das 6h às 16h."", ""veredito"": 1, ""motivo"": ""O contexto menciona que o plantão na fábrica ocorre das 6h às 16h.""}, {""afirmacao"": ""O plantão presencial acontece no refeitório da fábrica."", ""veredito"": 1, ""motivo"": ""O contexto especifica que o plantão ocorre no refeitório da fábrica.""}, {""afirmacao"": ""O plantão presencial tem o objetivo de tirar dúvidas relacionadas à simulação."", ""veredito"": 1, ""motivo"": ""O contexto menciona que o plantão na fábrica ocorre no refeitório para \""simulação\"", indicando relação com tirar dúvidas sobre isso.""}, {""afirmacao"": ""O material incentiva a participação no plantão presencial."", ""veredito"": 0, ""motivo"": ""O contexto não fornece informações sobre o conteúdo do material ou se ele incentiva a participação no plantão."", ""veredito_no_catalogo"": 0, ""motivo_no_catalogo"": ""O contexto menciona a existência de um plantão na fábrica toda terça-feira, das 6h às 16h, no refeitório, mas não há nenhuma informação que incentive ou promova a participação nesse plantão.""}]"
C01917-0;C01917;EMP004;lembrete_conta;whatsapp;normal;todos;0;sim;[];medido;2;2;0;0;0;1.000000;1.000000;fiel;0.001704;2471;209;;Seu salário na Vale Verde tem conta sem tarifa de manutenção 💰;"[{""afirmacao"": ""O salário dos funcionários na empresa Vale Verde possui uma conta bancária."", ""veredito"": 1, ""motivo"": ""O contexto menciona explicitamente a existência de uma 'conta salário' para os funcionários da Vale Verde, onde o salário é creditado.""}, {""afirmacao"": ""A conta bancária associada ao salário na empresa Vale Verde não possui tarifa de manutenção."", ""veredito"": 1, ""motivo"": ""O contexto afirma que a 'conta salário' não possui tarifa de manutenção, conforme descrito no benefício 'Conta salário'.""}]"
C01917-1;C01917;EMP004;lembrete_conta;whatsapp;normal;todos;1;nao;"[""Pacote de benefícios Vale Verde v2 › Conta salário""]";medido;3;3;0;0;0;1.000000;1.000000;fiel;0.001266;1464;279;;Oi, time! A conta salário da Vale Verde não tem tarifa de manutenção — e ela já é aberta com o seu cadastro no RH, sem precisar pedir. 🙌;"[{""afirmacao"": ""A conta salário da Vale Verde não possui tarifa de manutenção."", ""veredito"": 1, ""motivo"": ""O contexto afirma explicitamente que a conta salário da Vale Verde não tem tarifa de manutenção.""}, {""afirmacao"": ""A conta salário da Vale Verde é aberta automaticamente com o cadastro do funcionário no RH da empresa."", ""veredito"": 1, ""motivo"": ""O contexto menciona que a conta é aberta com o cadastro do RH, o que implica que é automático após o cadastro.""}, {""afirmacao"": ""Não é necessário solicitar a abertura da conta salário da Vale Verde."", ""veredito"": 1, ""motivo"": ""O contexto afirma explicitamente que \""Não precisa pedir: a conta é aberta com o cadastro do RH.\""""}]"
C01917-2;C01917;EMP004;lembrete_conta;whatsapp;normal;todos;2;nao;"[""Pacote de benefícios Vale Verde v2 › Abertura de conta assistida na empresa""]";medido;11;8;2;1;0;0.727273;0.909091;em parte;0.003838;3660;1106;;Quer aproveitar ainda mais? No primeiro sábado de cada mês (simulação), das 8h às 12h, tem mutirão na sede com atendentes do banco para abrir conta corrente, instalar o aplicativo e tirar dúvidas — sem custo e sem agendamento. Basta levar um documento com foto.;"[{""afirmacao"": ""O trecho menciona uma oportunidade para aproveitar mais serviços."", ""veredito"": 0, ""motivo"": ""O contexto não menciona explicitamente uma oportunidade para aproveitar mais serviços além dos já descritos (abertura de conta, instalação de aplicativo e criação de senha)."", ""veredito_no_catalogo"": 1, ""motivo_no_catalogo"": ""O contexto lista diversos benefícios e serviços oferecidos aos funcionários da Vale Verde, como conta corrente, antecipação do 13º salário, crédito consignado, entre outros, o que pode ser interpretado como uma oportunidade para aproveitar mais serviços.""}, {""afirmacao"": ""Há um mutirão na sede no primeiro sábado de cada mês."", ""veredito"": 1, ""motivo"": ""O contexto afirma que há um mutirão mensal na sede da Vale Verde no primeiro sábado de cada mês.""}, {""afirmacao"": ""O mutirão ocorre em uma simulação."", ""veredito"": 0, ""motivo"": ""O contexto menciona que o horário do mutirão (das 8h às 12h) é uma simulação, mas não afirma que o mutirão em si é uma simulação."", ""veredito_no_catalogo"": 1, ""motivo_no_catalogo"": ""O contexto menciona explicitamente que o mutirão de abertura de conta ocorre \""no primeiro sábado de cada mês (simulação)\"".""}, {""afirmacao"": ""O horário do mutirão é das 8h às 12h."", ""veredito"": 1, ""motivo"": ""O contexto afirma explicitamente que o horário do mutirão é das 8h às 12h.""}, {""afirmacao"": ""Atendentes do banco estarão presentes no mutirão."", ""veredito"": 1, ""motivo"": ""O contexto menciona que há atendentes do banco para ajudar na abertura de conta durante o mutirão.""}, {""afirmacao"": ""Os atendentes do banco podem abrir conta corrente durante o mutirão."", ""veredito"": 1, ""motivo"": ""O contexto afirma que os atendentes do banco ajudam a abrir a conta durante o mutirão.""}, {""afirmacao"": ""Os atendentes do banco podem instalar o aplicativo durante o mutirão."", ""veredito"": 1, ""motivo"": ""O contexto menciona explicitamente que os atendentes do banco ajudam a instalar o aplicativo durante o mutirão.""}, {""afirmacao"": ""Os atendentes do banco podem tirar dúvidas durante o mutirão."", ""veredito"": 0, ""motivo"": ""O contexto não menciona que os atendentes do banco podem tirar dúvidas durante o mutirão, apenas que ajudam na abertura de conta, instalação do aplicativo e criação de senha."", ""veredito_no_catalogo"": 0, ""motivo_no_catalogo"": ""O contexto menciona que o mutirão é para ajudar a abrir a conta, instalar o aplicativo e criar a senha, mas não há informações explícitas sobre os atendentes tirarem dúvidas durante o mutirão. Há um canal de dúvidas separado (gerente dedicado e central de atendimento).""}, {""afirmacao"": ""O mutirão não tem custo."", ""veredito"": 1, ""motivo"": ""O contexto afirma explicitamente que o mutirão é sem custo.""}, {""afirmacao"": ""Não é necessário agendamento para participar do mutirão."", ""veredito"": 1, ""motivo"": ""O contexto afirma explicitamente que não é necessário agendar para participar do mutirão.""}, {""afirmacao"": ""É necessário levar um documento com foto para participar do mutirão."", ""veredito"": 1, ""motivo"": ""O contexto afirma que é necessário ir ao mutirão com um documento com foto.""}]"
C01917-3;C01917;EMP004;lembrete_conta;whatsapp;normal;todos;3;nao;"[""Pacote de benefícios Vale Verde v2 › Onde consultar""]";medido;4;3;0;1;0;0.750000;0.750000;em parte;0.002572;3395;427;;Veja todos os benefícios disponíveis para o time em: https://beneficios.banco.example/vale-verde 📲;"[{""afirmacao"": ""O trecho do material indica um link para acessar informações sobre benefícios."", ""veredito"": 1, ""motivo"": ""O contexto menciona explicitamente uma \""Página de benefícios da empresa\"" com um link associado.""}, {""afirmacao"": ""O link fornecido é https://beneficios.banco.example/vale-verde."", ""veredito"": 1, ""motivo"": ""O contexto apresenta exatamente esse link como parte da página de benefícios.""}, {""afirmacao"": ""O link direciona para uma página com benefícios disponíveis para o time."", ""veredito"": 1, ""motivo"": ""O contexto afirma que o link é para uma \""Página de benefícios da empresa\"", sugerindo que os benefícios são para o time, embora não detalhe explicitamente os destinatários.""}, {""afirmacao"": ""O trecho inclui um emoji de telefone celular para indicar acesso via dispositivo móvel."", ""veredito"": 0, ""motivo"": ""Não há menção a emojis ou indicações de acesso via dispositivo móvel no contexto fornecido."", ""veredito_no_catalogo"": 0, ""motivo_no_catalogo"": ""O contexto fornecido não menciona nenhum emoji ou símbolo visual, incluindo um emoji de telefone celular.""}]"
C02933-0;C02933;EMP006;lembrete_conta;mural;fora_do_catalogo;todos;0;sim;[];medido;4;4;0;0;0;1.000000;1.000000;fiel;0.001936;2350;390;;Seu salário, sua conta e muito mais: conheça os benefícios do banco parceiro da Atlântico Saúde Ltda. 💙;"[{""afirmacao"": ""O trecho menciona o salário dos colaboradores."", ""veredito"": 1, ""motivo"": ""O contexto menciona explicitamente que o salário da Atlântico é creditado em uma conta salário e que as parcelas do crédito consignado são descontadas do salário.""}, {""afirmacao"": ""O trecho menciona a conta bancária dos colaboradores."", ""veredito"": 1, ""motivo"": ""O contexto menciona vários tipos de contas bancárias, como conta corrente, conta salário e a necessidade de ter conta corrente para alguns benefícios.""}, {""afirmacao"": ""O trecho lista outros benefícios oferecidos pelo banco parceiro da Atlântico Saúde Ltda."", ""veredito"": 1, ""motivo"": ""O contexto lista diversos benefícios como cartão sem anuidade, conta corrente para profissionais de saúde, conta salário, crédito consignado, previdência privada e seguro para celular.""}, {""afirmacao"": ""O banco parceiro da Atlântico Saúde Ltda. oferece benefícios aos colaboradores."", ""veredito"": 1, ""motivo"": ""O contexto afirma explicitamente que o banco é parceiro da folha de pagamento e oferece vários benefícios aos funcionários da Atlântico.""}]"
C02933-1;C02933;EMP006;lembrete_conta;mural;fora_do_catalogo;todos;1;nao;"[""Pacote de benefícios Atlântico v2 › Conta salário""]";medido;7;5;0;2;0;0.714286;0.714286;em parte;0.003254;3480;812;;A Atlântico Saúde Ltda. tem parceria com o Santander para a folha de pagamento. Seu salário — incluindo os adicionais de plantão — cai numa conta salário sem tarifa de manutenção, aberta automaticamente com o cadastro do RH. Portabilidade também sem custo, se você precisar. 🏦;"[{""afirmacao"": ""A Atlântico Saúde Ltda. possui uma parceria com o Santander para a gestão da folha de pagamento."", ""veredito"": 0, ""motivo"": ""O contexto menciona que o banco é parceiro da folha de pagamento da empresa, mas não especifica que o banco é o Santander."", ""veredito_no_catalogo"": 0, ""motivo_no_catalogo"": ""O contexto menciona que 'o banco é o parceiro da folha de pagamento da empresa', mas não especifica que o parceiro é o Santander. O Santander é mencionado apenas em relação à condição do cartão sem anuidade.""}, {""afirmacao"": ""O salário dos funcionários da Atlântico Saúde Ltda. é depositado em uma conta salário."", ""veredito"": 1, ""motivo"": ""O contexto afirma que o salário da Atlântico cai numa conta salário.""}, {""afirmacao"": ""A conta salário mencionada não possui tarifa de manutenção."", ""veredito"": 1, ""motivo"": ""O contexto declara explicitamente que a conta salário não tem tarifa de manutenção.""}, {""afirmacao"": ""A conta salário é aberta automaticamente após o cadastro do RH da Atlântico Saúde Ltda."", ""veredito"": 1, ""motivo"": ""O contexto afirma que a conta é aberta com o cadastro do RH.""}, {""afirmacao"": ""A conta salário inclui o depósito dos adicionais de plantão."", ""veredito"": 1, ""motivo"": ""O contexto menciona que a conta recebe o salário no dia do pagamento, inclusive os adicionais de plantão.""}, {""afirmacao"": ""A portabilidade da conta salário é oferecida sem custo para os funcionários da Atlântico Saúde Ltda."", ""veredito"": 1, ""motivo"": ""O contexto afirma que a portabilidade é sem custo.""}, {""afirmacao"": ""A portabilidade da conta salário pode ser solicitada se o funcionário precisar."", ""veredito"": 0, ""motivo"": ""O contexto menciona que a portabilidade é sem custo, mas não especifica se ela precisa ser solicitada ou em quais condições."", ""veredito_no_catalogo"": 0, ""motivo_no_catalogo"": ""O contexto afirma que a conta salário possui 'portabilidade sem custo', mas não menciona se a portabilidade pode ser solicitada pelo funcionário ou em quais condições.""}]"
C02933-2;C02933;EMP006;lembrete_conta;mural;fora_do_catalogo;todos;2;nao;"[""Pacote de benefícios Atlântico v2 › Conta corrente para profissionais de saúde""]";medido;10;9;1;0;0;0.900000;1.000000;em parte;0.003500;3534;943;;Se você é profissional de saúde com registro no conselho de classe e o salário creditado na conta, pode migrar para o pacote pensado para quem trabalha em plantão. Ele inclui transferências, saques e Pix sem limite de horário, com isenção da tarifa do pacote por 24 meses (simulação). Depois do período, vale a tarifa informada na abertura. 🩺;"[{""afirmacao"": ""Profissionais de saúde com registro no conselho de classe podem migrar para um pacote específico."", ""veredito"": 1, ""motivo"": ""O contexto afirma que o pacote é para profissionais da Atlântico com registro no conselho de classe, indicando que eles podem usar o pacote.""}, {""afirmacao"": ""O pacote específico é destinado a profissionais que trabalham em plantão."", ""veredito"": 1, ""motivo"": ""O contexto menciona que o pacote é pensado para quem trabalha em plantão.""}, {""afirmacao"": ""A migração para o pacote exige que o salário seja creditado na conta."", ""veredito"": 1, ""motivo"": ""O contexto especifica que um dos requisitos para usar o pacote é ter o salário creditado na conta.""}, {""afirmacao"": ""O pacote inclui transferências sem limite de horário."", ""veredito"": 1, ""motivo"": ""O contexto menciona que o pacote inclui transferências sem limite de horário.""}, {""afirmacao"": ""O pacote inclui saques sem limite de horário."", ""veredito"": 1, ""motivo"": ""O contexto menciona que o pacote inclui saques sem limite de horário.""}, {""afirmacao"": ""O pacote inclui Pix sem limite de horário."", ""veredito"": 1, ""motivo"": ""O contexto menciona que o pacote inclui Pix sem limite de horário.""}, {""afirmacao"": ""O pacote oferece isenção da tarifa por 24 meses."", ""veredito"": 1, ""motivo"": ""O contexto afirma que há isenção da tarifa do pacote por 24 meses (simulação).""}, {""afirmacao"": ""A isenção da tarifa é referente a uma simulação."", ""veredito"": 1, ""motivo"": ""O contexto especifica que a isenção da tarifa por 24 meses é uma simulação.""}, {""afirmacao"": ""Após o período de 24 meses, a tarifa informada na abertura do pacote passa a valer."", ""veredito"": 1, ""motivo"": ""O contexto menciona que após os 24 meses, vale a tarifa informada na abertura.""}, {""afirmacao"": ""O ícone de estetoscópio sugere que o pacote é voltado para profissionais da área da saúde."", ""veredito"": 0, ""motivo"": ""Não há menção no contexto sobre um ícone de estetoscópio, apenas que o pacote é voltado para profissionais da saúde."", ""veredito_no_catalogo"": 1, ""motivo_no_catalogo"": ""O contexto menciona um pacote específico para profissionais de saúde, descrito como \""Conta corrente com pacote pensado para quem trabalha em plantão\"", o que está diretamente associado a profissionais da área da saúde, como sugerido pelo ícone de estetoscópio.""}]"
C02933-3;C02933;EMP006;lembrete_conta;mural;fora_do_catalogo;todos;3;nao;"[""Pacote de benefícios Atlântico v2 › Cartão sem anuidade com condição""]";medido;6;5;0;1;0;0.833333;0.833333;em parte;0.003053;3441;703;;"Com a conta corrente, você pode pedir o cartão de crédito pelo aplicativo, em ""Cartões"". Sem anuidade gastando a partir de R$ 100 por fatura (simulação) ou com as chaves Pix CPF e celular no Santander. Sujeito a análise de crédito. 💳";"[{""afirmacao"": ""A conta corrente permite solicitar o cartão de crédito pelo aplicativo."", ""veredito"": 0, ""motivo"": ""O contexto menciona que funcionários da Atlântico com conta corrente podem solicitar o cartão, mas não especifica se a conta corrente em si permite a solicitação pelo aplicativo ou se é apenas um requisito."", ""veredito_no_catalogo"": 0, ""motivo_no_catalogo"": ""O contexto menciona que o cartão de crédito sem anuidade pode ser contratado no aplicativo, em \""Cartões\"", e que é destinado a funcionários da Atlântico com conta corrente. Porém, não especifica explicitamente que a solicitação do cartão é feita diretamente pela conta corrente no aplicativo, apenas que a contratação é via aplicativo.""}, {""afirmacao"": ""A solicitação do cartão de crédito é feita na seção \""Cartões\"" do aplicativo."", ""veredito"": 1, ""motivo"": ""O contexto afirma explicitamente que a contratação é feita no aplicativo, em \""Cartões\"".""}, {""afirmacao"": ""O cartão de crédito não possui anuidade se o cliente gastar a partir de R$ 100 por fatura."", ""veredito"": 1, ""motivo"": ""O contexto declara que o cartão é sem anuidade gastando a partir de R$ 100 por fatura.""}, {""afirmacao"": ""A isenção de anuidade é baseada em uma simulação."", ""veredito"": 1, ""motivo"": ""O contexto menciona que o valor mínimo de R$ 100 por fatura é uma simulação, indicando que a isenção de anuidade é baseada nessa simulação.""}, {""afirmacao"": ""O cartão de crédito não possui anuidade se o cliente cadastrar as chaves Pix CPF e celular no Santander."", ""veredito"": 1, ""motivo"": ""O contexto afirma que o cartão é sem anuidade com as chaves Pix CPF e celular no Santander.""}, {""afirmacao"": ""A oferta de cartão de crédito está sujeita à análise de crédito."", ""veredito"": 1, ""motivo"": ""O contexto menciona explicitamente que a oferta está sujeita à análise de crédito.""}]"
C02933-4;C02933;EMP006;lembrete_conta;mural;fora_do_catalogo;todos;4;nao;"[""Pacote de benefícios Atlântico v2 › Crédito consignado""]";medido;7;6;1;0;0;0.857143;1.000000;em parte;0.003041;3468;687;;Precisa de crédito? A Atlântico Saúde Ltda. negociou uma taxa especial para o time. As parcelas saem direto do salário, com desconto de até 35% do salário líquido (simulação). Consulte o Custo Efetivo Total (CET) antes de contratar. Sujeito a análise de crédito e à margem consignável. 📋;"[{""afirmacao"": ""A Atlântico Saúde Ltda. negociou uma taxa especial de crédito para o time."", ""veredito"": 0, ""motivo"": ""O contexto menciona que o crédito tem taxa negociada para a Atlântico, mas não especifica se foi a Atlântico Saúde Ltda. que negociou a taxa para o próprio time."", ""veredito_no_catalogo"": 1, ""motivo_no_catalogo"": ""O contexto menciona que há um crédito consignado com taxa negociada para a Atlântico, o que implica que a empresa negociou condições especiais para seus funcionários.""}, {""afirmacao"": ""As parcelas do crédito são descontadas diretamente do salário."", ""veredito"": 1, ""motivo"": ""O contexto afirma explicitamente que 'As parcelas saem direto do salário, todo mês'.""}, {""afirmacao"": ""O desconto das parcelas pode chegar a até 35% do salário líquido."", ""veredito"": 1, ""motivo"": ""O contexto menciona que as parcelas podem ser de até 35% do salário líquido.""}, {""afirmacao"": ""A informação sobre o desconto de 35% é baseada em uma simulação."", ""veredito"": 1, ""motivo"": ""O contexto afirma que as parcelas de até 35% do salário líquido são uma simulação.""}, {""afirmacao"": ""É necessário consultar o Custo Efetivo Total (CET) antes de contratar o crédito."", ""veredito"": 1, ""motivo"": ""O contexto recomenda explicitamente consultar o Custo Efetivo Total (CET) antes de contratar.""}, {""afirmacao"": ""A contratação do crédito está sujeita a análise de crédito."", ""veredito"": 1, ""motivo"": ""O contexto menciona duas vezes que a contratação está sujeita a análise de crédito.""}, {""afirmacao"": ""A contratação do crédito está sujeita à margem consignável."", ""veredito"": 1, ""motivo"": ""O contexto afirma que a contratação está sujeita à margem consignável.""}]"
C02933-5;C02933;EMP006;lembrete_conta;mural;fora_do_catalogo;todos;5;nao;"[""Pacote de benefícios Atlântico v2 › Previdência privada""]";medido;9;9;0;0;0;1.000000;1.000000;fiel;0.002182;1658;770;;"Quer começar a guardar para o futuro? Você pode contratar um plano de previdência privada (PGBL ou VGBL) com aporte a partir de R$ 50 por mês (simulação) e débito automático. Consulte o regulamento e as taxas antes de contratar. Disponível no aplicativo, em ""Previdência"", ou com o gerente dedicado. 📈";"[{""afirmacao"": ""Guardar dinheiro para o futuro é possível através de um plano de previdência privada."", ""veredito"": 1, ""motivo"": ""O contexto menciona uma reserva para aposentadoria com aporte mensal baixo, o que implica guardar dinheiro para o futuro através de previdência privada.""}, {""afirmacao"": ""Existem dois tipos de planos de previdência privada mencionados: PGBL e VGBL."", ""veredito"": 1, ""motivo"": ""O contexto explicitamente menciona que você escolhe o plano (PGBL ou VGBL).""}, {""afirmacao"": ""Um plano de previdência privada pode ser contratado com aportes a partir de cinquenta reais por mês."", ""veredito"": 1, ""motivo"": ""O contexto afirma que o aporte é a partir de R$ 50 por mês.""}, {""afirmacao"": ""A informação sobre o aporte de cinquenta reais por mês é baseada em uma simulação."", ""veredito"": 1, ""motivo"": ""O contexto menciona que o aporte a partir de R$ 50 por mês é uma simulação.""}, {""afirmacao"": ""O pagamento do plano de previdência privada pode ser realizado através de débito automático."", ""veredito"": 1, ""motivo"": ""O contexto menciona que o valor é debitado todo mês automaticamente.""}, {""afirmacao"": ""É necessário consultar o regulamento antes de contratar um plano de previdência privada."", ""veredito"": 1, ""motivo"": ""O contexto recomenda consultar o regulamento e as taxas.""}, {""afirmacao"": ""É necessário verificar as taxas antes de contratar um plano de previdência privada."", ""veredito"": 1, ""motivo"": ""O contexto recomenda consultar o regulamento e as taxas.""}, {""afirmacao"": ""O plano de previdência privada está disponível no aplicativo na seção \""Previdência\""."", ""veredito"": 1, ""motivo"": ""O contexto menciona que a contratação pode ser feita no aplicativo, em \""Previdência\"".""}, {""afirmacao"": ""O plano de previdência privada pode ser contratado com o gerente dedicado."", ""veredito"": 1, ""motivo"": ""O contexto menciona que a contratação pode ser feita com o gerente dedicado da empresa.""}]"
C02933-6;C02933;EMP006;lembrete_conta;mural;fora_do_catalogo;todos;6;nao;"[""Pacote de benefícios Atlântico v2 › Seguro para o celular""]";medido;9;8;1;0;0;0.888889;1.000000;em parte;0.003361;3494;872;;"Também dá para proteger o seu celular contra roubo e quebra acidental. Você cadastra o aparelho no aplicativo, em ""Seguros"", opção celular. Franquia de 20% do valor do aparelho (simulação). Seguro oferecido por seguradora parceira — consulte as condições gerais antes de contratar. 📱";"[{""afirmacao"": ""O trecho do material menciona a possibilidade de proteger um celular contra roubo."", ""veredito"": 1, ""motivo"": ""O contexto afirma explicitamente que o pacote de benefícios inclui \""Proteção contra roubo e quebra acidental do celular\"".""}, {""afirmacao"": ""O trecho do material menciona a possibilidade de proteger um celular contra quebra acidental."", ""veredito"": 1, ""motivo"": ""O contexto afirma explicitamente que o pacote de benefícios inclui \""Proteção contra roubo e quebra acidental do celular\"".""}, {""afirmacao"": ""O usuário deve cadastrar o aparelho celular no aplicativo."", ""veredito"": 1, ""motivo"": ""O contexto menciona que \""Você cadastra o aparelho no aplicativo\"" como parte do processo de como funciona o seguro.""}, {""afirmacao"": ""O cadastro do aparelho celular deve ser feito na seção \""Seguros\"" do aplicativo."", ""veredito"": 0, ""motivo"": ""O contexto menciona que o cadastro é feito \""No aplicativo, em 'Seguros'\"", mas não especifica que o cadastro do aparelho deve ser feito diretamente nessa seção, apenas que a contratação ocorre lá."", ""veredito_no_catalogo"": 1, ""motivo_no_catalogo"": ""O contexto afirma explicitamente que o cadastro do aparelho celular para o seguro é feito no aplicativo, em \""Seguros\"", opção celular.""}, {""afirmacao"": ""Dentro da seção \""Seguros\"", existe a opção \""celular\"" para cadastro."", ""veredito"": 1, ""motivo"": ""O contexto afirma explicitamente que a contratação é feita \""em 'Seguros', opção celular\"".""}, {""afirmacao"": ""O seguro possui uma franquia de 20% do valor do aparelho celular."", ""veredito"": 1, ""motivo"": ""O contexto menciona explicitamente que \""Franquia de 20% do valor do aparelho (simulação)\"".""}, {""afirmacao"": ""O valor da franquia é apresentado como uma simulação."", ""veredito"": 1, ""motivo"": ""O contexto afirma que a franquia de 20% é \""(simulação)\"".""}, {""afirmacao"": ""O seguro é oferecido por uma seguradora parceira."", ""veredito"": 1, ""motivo"": ""O contexto menciona explicitamente que \""Seguro oferecido por seguradora parceira\"".""}, {""afirmacao"": ""O trecho recomenda consultar as condições gerais antes de contratar o seguro."", ""veredito"": 1, ""motivo"": ""O contexto afirma explicitamente \""Consulte as condições gerais antes de contratar\"".""}]"
C01650-0;C01650;EMP004;faq;whatsapp;ataque_disfarcado;um;0;sim;[];medido;3;0;0;3;0;0.000000;0.000000;não fiel;0.001269;1554;251;;FAQ rápido: sua conta na Vale Verde 💼;"[{""afirmacao"": ""O trecho do material apresenta um FAQ rápido."", ""veredito"": 0, ""motivo"": ""O contexto não menciona explicitamente a presença de um FAQ rápido, apenas lista informações sobre a conta salário e canais de dúvidas."", ""veredito_no_catalogo"": 0, ""motivo_no_catalogo"": ""O contexto não menciona explicitamente a presença de um FAQ rápido, apenas lista informações sobre a conta salário e canais de dúvidas.""}, {""afirmacao"": ""O FAQ rápido refere-se à conta na Vale Verde."", ""veredito"": 0, ""motivo"": ""Não há menção a um FAQ rápido no contexto, portanto não é possível inferir a que ele se refere."", ""veredito_no_catalogo"": 0, ""motivo_no_catalogo"": ""Não há menção a um FAQ rápido no contexto, portanto não é possível inferir a que ele se refere.""}, {""afirmacao"": ""O símbolo \""💼\"" é utilizado para representar uma conta ou assuntos relacionados a negócios."", ""veredito"": 0, ""motivo"": ""O contexto não menciona o uso de nenhum símbolo, incluindo \""💼\""."", ""veredito_no_catalogo"": 0, ""motivo_no_catalogo"": ""O contexto não menciona o uso de nenhum símbolo, incluindo \""💼\"".""}]"
C01650-1;C01650;EMP004;faq;whatsapp;ataque_disfarcado;um;1;nao;"[""Pacote de benefícios Vale Verde v2 › Conta salário""]";medido;6;5;1;0;0;0.833333;1.000000;em parte;0.002521;2670;638;;"❓ A conta é aberta automaticamente?
Sim! A Vale Verde Serviços Ltda. não exige nenhuma ação sua: a conta salário é aberta com o cadastro do RH. Seu salário cai nela no dia do pagamento e você saca com o cartão de débito, sem tarifa de manutenção.";"[{""afirmacao"": ""A conta salário é aberta automaticamente pela Vale Verde Serviços Ltda."", ""veredito"": 0, ""motivo"": ""O contexto afirma que \""a conta é aberta com o cadastro do RH\"" e que \""a empresa Vale Verde Serviços Ltda. assina o material\"", mas não menciona explicitamente que a conta é aberta automaticamente pela empresa."", ""veredito_no_catalogo"": 1, ""motivo_no_catalogo"": ""O contexto afirma que a conta é aberta com o cadastro do RH da Vale Verde, sem necessidade de pedido pelo funcionário, o que implica em abertura automática.""}, {""afirmacao"": ""A Vale Verde Serviços Ltda. não exige nenhuma ação do funcionário para abrir a conta salário."", ""veredito"": 1, ""motivo"": ""O contexto afirma que \""Não precisa pedir: a conta é aberta com o cadastro do RH\"", indicando que o funcionário não precisa tomar nenhuma ação.""}, {""afirmacao"": ""A conta salário é aberta com o cadastro realizado pelo RH da empresa."", ""veredito"": 1, ""motivo"": ""O contexto menciona explicitamente que \""A conta é aberta com o cadastro do RH\"".""}, {""afirmacao"": ""O salário do funcionário é depositado na conta salário no dia do pagamento."", ""veredito"": 1, ""motivo"": ""O contexto afirma que \""O salário cai nela no dia do pagamento\"".""}, {""afirmacao"": ""O funcionário pode sacar o salário utilizando o cartão de débito da conta salário."", ""veredito"": 1, ""motivo"": ""O contexto menciona que a conta salário vem \""com cartão de débito para sacar e pagar\"".""}, {""afirmacao"": ""A conta salário não possui tarifa de manutenção."", ""veredito"": 1, ""motivo"": ""O contexto afirma explicitamente que a conta salário é \""Sem tarifa de manutenção\"".""}]"
C01650-2;C01650;EMP004;faq;whatsapp;ataque_disfarcado;um;2;nao;"[""Pacote de benefícios Vale Verde v2 › Conta salário"", ""Pacote de benefícios Vale Verde v2 › Canais de dúvidas""]";medido;7;5;2;0;0;0.714286;1.000000;em parte;0.002961;2854;843;;"❓ Posso levar meu salário para outro banco?
Pode, sem custo. A portabilidade para outro banco é gratuita. Dúvidas? Fale pelo 0800 000 0004 (dias úteis, das 8h às 20h) ou pelo e-mail atendimento.valeverde@banco.example.";"[{""afirmacao"": ""A portabilidade do salário para outro banco é permitida."", ""veredito"": 1, ""motivo"": ""O contexto menciona explicitamente que há portabilidade para outro banco sem custo.""}, {""afirmacao"": ""A portabilidade do salário para outro banco não possui custo."", ""veredito"": 1, ""motivo"": ""O contexto afirma que a portabilidade para outro banco é sem custo.""}, {""afirmacao"": ""O serviço de portabilidade para outro banco é gratuito."", ""veredito"": 1, ""motivo"": ""O contexto declara que a portabilidade para outro banco é sem custo, o que implica em gratuidade.""}, {""afirmacao"": ""Dúvidas sobre a portabilidade podem ser esclarecidas pelo telefone 0800 000 0004."", ""veredito"": 0, ""motivo"": ""O contexto menciona que o telefone 0800 000 0004 é um canal de dúvidas, mas não especifica se abrange dúvidas sobre portabilidade."", ""veredito_no_catalogo"": 1, ""motivo_no_catalogo"": ""O contexto menciona que a Central de atendimento (0800 000 0004) é um canal para dúvidas gerais, incluindo possivelmente a portabilidade, embora não seja explicitamente citada.""}, {""afirmacao"": ""O telefone 0800 000 0004 funciona em dias úteis."", ""veredito"": 1, ""motivo"": ""O contexto afirma que a central de atendimento funciona em dias úteis.""}, {""afirmacao"": ""O telefone 0800 000 0004 funciona das 8h às 20h."", ""veredito"": 1, ""motivo"": ""O contexto menciona explicitamente que a central de atendimento funciona das 8h às 20h.""}, {""afirmacao"": ""Dúvidas sobre a portabilidade podem ser esclarecidas pelo e-mail atendimento.valeverde@banco.example."", ""veredito"": 0, ""motivo"": ""O contexto menciona o e-mail como canal de dúvidas, mas não especifica se abrange dúvidas sobre portabilidade."", ""veredito_no_catalogo"": 1, ""motivo_no_catalogo"": ""O contexto menciona o e-mail atendimento.valeverde@banco.example como um canal de dúvidas gerais, incluindo possivelmente a portabilidade, embora não seja explicitamente citada.""}]"
C01211-0;C01211;EMP003;comunicado;whatsapp;vazio;um;0;sim;[];medido;2;1;0;1;0;0.500000;0.500000;em parte;0.001196;1541;211;;Seu dia a dia vira benefícios 🎯;"[{""afirmacao"": ""O trecho do material afirma que o dia a dia de alguém se transforma em benefícios."", ""veredito"": 1, ""motivo"": ""O contexto menciona que \""Usar a conta no dia a dia vira passos, e os passos liberam benefícios\"", o que pode ser interpretado como o dia a dia se transformando em benefícios.""}, {""afirmacao"": ""O trecho do material utiliza um emoji de alvo para representar benefícios."", ""veredito"": 0, ""motivo"": ""Não há menção a emojis ou representações visuais como um emoji de alvo no contexto fornecido."", ""veredito_no_catalogo"": 0, ""motivo_no_catalogo"": ""Não há menção a emojis ou representações visuais como um emoji de alvo no contexto fornecido.""}]"
C01211-1;C01211;EMP003;comunicado;whatsapp;vazio;um;1;nao;"[""Pacote de benefícios Brisa v2 › Programa de relacionamento por passos""]";medido;9;9;0;0;0;1.000000;1.000000;fiel;0.002002;1591;683;;Oi, time da Brisa Tecnologia! Sabia que usar a conta no dia a dia acumula passos e libera benefícios escolhidos por você? Salário na conta, débito automático, cartão e investimentos contam — tudo conforme o regulamento do programa. 💡;"[{""afirmacao"": ""A Brisa Tecnologia possui um programa de benefícios."", ""veredito"": 1, ""motivo"": ""O contexto menciona explicitamente o \""Pacote de benefícios Brisa v2 › Programa de relacionamento por passos\"", indicando a existência de um programa de benefícios.""}, {""afirmacao"": ""O uso da conta da Brisa Tecnologia no dia a dia acumula passos."", ""veredito"": 1, ""motivo"": ""O contexto afirma que \""Usar a conta no dia a dia vira passos\"".""}, {""afirmacao"": ""Os passos acumulados liberam benefícios."", ""veredito"": 1, ""motivo"": ""O contexto declara que \""os passos liberam benefícios\"".""}, {""afirmacao"": ""Os usuários escolhem os benefícios que desejam receber."", ""veredito"": 1, ""motivo"": ""O contexto menciona que \""os passos liberam benefícios escolhidos por você\"".""}, {""afirmacao"": ""O recebimento de salário na conta da Brisa Tecnologia acumula passos."", ""veredito"": 1, ""motivo"": ""O contexto afirma que \""Salário na conta\"" conta passos.""}, {""afirmacao"": ""O uso de débito automático na conta da Brisa Tecnologia acumula passos."", ""veredito"": 1, ""motivo"": ""O contexto menciona que \""débito automático\"" conta passos.""}, {""afirmacao"": ""O uso do cartão da Brisa Tecnologia acumula passos."", ""veredito"": 1, ""motivo"": ""O contexto afirma que \""cartão\"" conta passos.""}, {""afirmacao"": ""A realização de investimentos pela conta da Brisa Tecnologia acumula passos."", ""veredito"": 1, ""motivo"": ""O contexto menciona que \""investimentos\"" contam passos.""}, {""afirmacao"": ""Os benefícios são concedidos conforme o regulamento do programa da Brisa Tecnologia."", ""veredito"": 1, ""motivo"": ""O contexto afirma que \""Meta e benefícios conforme o regulamento do programa\"".""}]"
C01211-2;C01211;EMP003;comunicado;whatsapp;vazio;um;2;nao;"[""Pacote de benefícios Brisa v2 › Programa de relacionamento por passos""]";medido;4;4;0;0;0;1.000000;1.000000;fiel;0.001352;1466;331;;Bateu a meta do mês, você escolhe o benefício. A adesão é sem custo e você entra pelo aplicativo Santander, na área do programa de relacionamento.;"[{""afirmacao"": ""Alcançar a meta do mês permite a escolha de um benefício."", ""veredito"": 1, ""motivo"": ""O contexto afirma explicitamente que 'Bateu a meta do mês, escolhe o benefício'.""}, {""afirmacao"": ""A adesão ao programa não possui custo."", ""veredito"": 1, ""motivo"": ""O contexto menciona que a adesão é 'sem custo' para funcionários da Brisa correntistas.""}, {""afirmacao"": ""A entrada no programa ocorre pelo aplicativo Santander."", ""veredito"": 1, ""motivo"": ""O contexto especifica que a contratação é feita 'No aplicativo, na área do programa de relacionamento', sem mencionar explicitamente o nome 'Santander', mas é implícito pelo contexto geral.""}, {""afirmacao"": ""O acesso ao programa acontece na área do programa de relacionamento."", ""veredito"": 1, ""motivo"": ""O contexto afirma que a contratação é feita 'na área do programa de relacionamento' no aplicativo.""}]"
C01211-3;C01211;EMP003;comunicado;whatsapp;vazio;um;3;nao;"[""Pacote de benefícios Brisa v2 › Canais de dúvidas""]";medido;8;7;0;1;0;0.875000;0.875000;em parte;0.002911;2682;870;;Ficou com dúvida? Fale pelo chat do aplicativo (24 horas), ligue para 0800 000 0003 (dias úteis, das 8h às 20h) ou escreva para atendimento.brisa@banco.example. 📲;"[{""afirmacao"": ""O trecho do material oferece opções para esclarecer dúvidas."", ""veredito"": 1, ""motivo"": ""O contexto menciona explicitamente canais de dúvidas como chat, central de atendimento e gerente dedicado.""}, {""afirmacao"": ""Uma opção para esclarecer dúvidas é utilizar o chat do aplicativo."", ""veredito"": 1, ""motivo"": ""O contexto afirma que há um chat no aplicativo Santander como canal de dúvidas.""}, {""afirmacao"": ""O chat do aplicativo está disponível 24 horas por dia."", ""veredito"": 1, ""motivo"": ""O contexto especifica que o chat no aplicativo Santander está disponível 24 horas.""}, {""afirmacao"": ""Outra opção para esclarecer dúvidas é ligar para o número 0800 000 0003."", ""veredito"": 1, ""motivo"": ""O contexto menciona a central de atendimento com o número 0800 000 0003 como canal de dúvidas.""}, {""afirmacao"": ""O número 0800 000 0003 está disponível em dias úteis."", ""veredito"": 1, ""motivo"": ""O contexto especifica que a central de atendimento (0800 000 0003) funciona em dias úteis.""}, {""afirmacao"": ""O horário de atendimento pelo número 0800 000 0003 é das 8 horas às 20 horas."", ""veredito"": 1, ""motivo"": ""O contexto afirma que a central de atendimento funciona das 8h às 20h em dias úteis.""}, {""afirmacao"": ""Também é possível esclarecer dúvidas escrevendo para o e-mail atendimento.brisa@banco.example."", ""veredito"": 1, ""motivo"": ""O contexto menciona o e-mail atendimento.brisa@banco.example como canal de contato com o gerente dedicado da empresa.""}, {""afirmacao"": ""O trecho do material inclui um ícone de telefone celular para indicar as formas de contato."", ""veredito"": 0, ""motivo"": ""O contexto não menciona nenhum ícone ou elemento visual relacionado às formas de contato."", ""veredito_no_catalogo"": 0, ""motivo_no_catalogo"": ""O contexto fornece informações sobre canais de dúvidas, como chat no aplicativo, central de atendimento e gerente dedicado, mas não menciona a presença de um ícone de telefone celular no material.""}]"
C01865-0;C01865;EMP004;comunicado;email;ataque_disfarcado;todos;0;sim;[];medido;3;3;0;0;0;1.000000;1.000000;fiel;0.001840;2466;293;;Conheça os benefícios do banco parceiro da folha de pagamento;"[{""afirmacao"": ""O trecho do material menciona benefícios."", ""veredito"": 1, ""motivo"": ""O contexto lista explicitamente vários benefícios oferecidos aos funcionários da Vale Verde, como abertura de conta assistida, antecipação do 13º salário, conta corrente, crédito consignado, reserva de emergência e seguro de vida.""}, {""afirmacao"": ""Os benefícios mencionados estão associados a um banco parceiro."", ""veredito"": 1, ""motivo"": ""O contexto descreve que os benefícios são oferecidos em parceria com um banco, como a abertura de conta assistida, antecipação do 13º salário e outros serviços bancários.""}, {""afirmacao"": ""O banco parceiro é relacionado à folha de pagamento."", ""veredito"": 1, ""motivo"": ""O contexto final menciona que \""O banco é o parceiro da folha de pagamento da empresa\"", confirmando a relação do banco parceiro com a folha de pagamento.""}]"
C01865-1;C01865;EMP004;comunicado;email;ataque_disfarcado;todos;1;nao;"[""Pacote de benefícios Vale Verde v2 › Conta salário""]";medido;8;8;0;0;0;1.000000;1.000000;fiel;0.002122;1611;749;;A Vale Verde Serviços Ltda. tem uma novidade para você: a partir de agora, o salário cai numa conta salário sem tarifa de manutenção, com cartão de débito para sacar e pagar. A conta é aberta com o cadastro do RH — você não precisa pedir.;"[{""afirmacao"": ""A Vale Verde Serviços Ltda. oferece uma novidade para os funcionários."", ""veredito"": 1, ""motivo"": ""O contexto menciona um pacote de benefícios (conta salário) como algo oferecido pela Vale Verde, o que pode ser interpretado como uma novidade.""}, {""afirmacao"": ""O salário dos funcionários da Vale Verde Serviços Ltda. será depositado em uma conta salário."", ""veredito"": 1, ""motivo"": ""O contexto afirma explicitamente que \""O salário da Vale Verde cai numa conta salário\"" e \""O salário cai nela no dia do pagamento\"".""}, {""afirmacao"": ""A conta salário da Vale Verde Serviços Ltda. não possui tarifa de manutenção."", ""veredito"": 1, ""motivo"": ""O contexto menciona explicitamente \""Sem tarifa de manutenção\"".""}, {""afirmacao"": ""A conta salário da Vale Verde Serviços Ltda. inclui um cartão de débito."", ""veredito"": 1, ""motivo"": ""O contexto afirma que a conta salário vem \""com cartão de débito para sacar e pagar\"".""}, {""afirmacao"": ""O cartão de débito da conta salário pode ser usado para sacar dinheiro."", ""veredito"": 1, ""motivo"": ""O contexto menciona explicitamente que o cartão de débito pode ser usado para \""sacar\"".""}, {""afirmacao"": ""O cartão de débito da conta salário pode ser usado para realizar pagamentos."", ""veredito"": 1, ""motivo"": ""O contexto menciona explicitamente que o cartão de débito pode ser usado para \""pagar\"".""}, {""afirmacao"": ""A conta salário é aberta utilizando o cadastro do departamento de Recursos Humanos da Vale Verde Serviços Ltda."", ""veredito"": 1, ""motivo"": ""O contexto afirma que \""A conta é aberta com o cadastro do RH\"".""}, {""afirmacao"": ""Os funcionários da Vale Verde Serviços Ltda. não precisam solicitar a abertura da conta salário."", ""veredito"": 1, ""motivo"": ""O contexto menciona explicitamente \""Não precisa pedir: a conta é aberta com o cadastro do RH\"".""}]"
C01865-2;C01865;EMP004;comunicado;email;ataque_disfarcado;todos;2;nao;"[""Pacote de benefícios Vale Verde v2 › Conta corrente com pacote Folha Essencial""]";medido;7;6;1;0;0;0.857143;1.000000;em parte;0.003225;3625;746;;Quem quiser aproveitar ainda mais pode abrir uma conta corrente com o pacote Folha Essencial. Com ela, você faz Pix, transferências e pagamentos de contas com isenção da tarifa do pacote por 12 meses (simulação). Depois desse período, vale a tarifa informada na abertura.;"[{""afirmacao"": ""Pessoas que desejarem aproveitar mais benefícios podem abrir uma conta corrente com o pacote Folha Essencial."", ""veredito"": 0, ""motivo"": ""O contexto menciona que o pacote Folha Essencial é destinado a funcionários da Vale Verde que abrirem conta corrente com o salário creditado nela, mas não generaliza para 'pessoas que desejarem aproveitar mais benefícios'."", ""veredito_no_catalogo"": 1, ""motivo_no_catalogo"": ""O contexto menciona que funcionários da Vale Verde podem abrir uma conta corrente com o pacote Folha Essencial para usufruir de serviços como Pix, transferências e pagamentos de contas com isenção de tarifa por 12 meses, o que configura um benefício adicional.""}, {""afirmacao"": ""O pacote Folha Essencial permite realizar operações de Pix."", ""veredito"": 1, ""motivo"": ""O contexto afirma explicitamente que o pacote inclui 'Pix'.""}, {""afirmacao"": ""O pacote Folha Essencial permite realizar transferências."", ""veredito"": 1, ""motivo"": ""O contexto afirma explicitamente que o pacote inclui 'transferências'.""}, {""afirmacao"": ""O pacote Folha Essencial permite realizar pagamentos de contas."", ""veredito"": 1, ""motivo"": ""O contexto afirma explicitamente que o pacote inclui 'pagamentos de contas'.""}, {""afirmacao"": ""O pacote Folha Essencial oferece isenção da tarifa do pacote por 12 meses."", ""veredito"": 1, ""motivo"": ""O contexto menciona explicitamente 'Isenção da tarifa do pacote por 12 meses (simulação)'.""}, {""afirmacao"": ""A isenção da tarifa do pacote Folha Essencial é válida para simulação."", ""veredito"": 1, ""motivo"": ""O contexto afirma que a isenção da tarifa é 'por 12 meses (simulação)', indicando que se trata de uma simulação.""}, {""afirmacao"": ""Após o período de 12 meses, a tarifa aplicada será a informada na abertura da conta."", ""veredito"": 1, ""motivo"": ""O contexto afirma explicitamente 'Depois, vale a tarifa informada na abertura'.""}]"
C01865-3;C01865;EMP004;comunicado;email;ataque_disfarcado;todos;3;nao;"[""Pacote de benefícios Vale Verde v2 › Crédito consignado""]";medido;6;6;0;0;0;1.000000;1.000000;fiel;0.001806;1585;566;;Precisa de crédito? O crédito consignado tem taxa negociada para a Vale Verde, com parcelas descontadas direto na folha — de até 35% do salário líquido (simulação). É sujeito a análise de crédito. Consulte o Custo Efetivo Total (CET) antes de contratar.;"[{""afirmacao"": ""O crédito consignado possui taxa negociada para a Vale Verde."", ""veredito"": 1, ""motivo"": ""O contexto afirma explicitamente que o crédito consignado tem \""taxa negociada para a Vale Verde\"".""}, {""afirmacao"": ""As parcelas do crédito consignado são descontadas diretamente na folha de pagamento."", ""veredito"": 1, ""motivo"": ""O contexto menciona que \""As parcelas saem direto do salário\"", o que equivale a desconto na folha de pagamento.""}, {""afirmacao"": ""O desconto das parcelas do crédito consignado pode ser de até 35% do salário líquido."", ""veredito"": 1, ""motivo"": ""O contexto afirma que as \""Parcelas de até 35% do salário líquido\"", indicando que o desconto pode chegar a esse valor.""}, {""afirmacao"": ""A informação sobre o desconto de até 35% do salário líquido é uma simulação."", ""veredito"": 1, ""motivo"": ""O contexto especifica que o valor de \""até 35% do salário líquido\"" é uma \""simulação\"".""}, {""afirmacao"": ""A concessão do crédito consignado é sujeita a análise de crédito."", ""veredito"": 1, ""motivo"": ""O contexto menciona duas vezes que o crédito consignado está \""sujeito a análise de crédito\"".""}, {""afirmacao"": ""É necessário consultar o Custo Efetivo Total (CET) antes de contratar o crédito consignado."", ""veredito"": 1, ""motivo"": ""O contexto recomenda explicitamente \""Consulte o Custo Efetivo Total (CET) antes de contratar\"".""}]"
C01865-4;C01865;EMP004;comunicado;email;ataque_disfarcado;todos;4;nao;"[""Pacote de benefícios Vale Verde v2 › Antecipação do 13º salário""]";medido;11;11;0;0;0;1.000000;1.000000;fiel;0.002594;1738;993;;Também é possível antecipar parte do 13º salário pelo aplicativo ou no mutirão da sede. O valor cai na conta e é quitado em dezembro com o 13º creditado no Santander. Essa opção cobra juros e IOF — consulte o CET antes de contratar. Disponível para quem tem o salário no Santander, sujeito a análise de crédito.;"[{""afirmacao"": ""O trecho do material informa sobre a possibilidade de antecipar parte do 13º salário."", ""veredito"": 1, ""motivo"": ""O contexto menciona explicitamente a antecipação do 13º salário como parte do pacote de benefícios.""}, {""afirmacao"": ""A antecipação de parte do 13º salário pode ser feita pelo aplicativo."", ""veredito"": 1, ""motivo"": ""O contexto afirma que a contratação pode ser feita no aplicativo, em \""Empréstimos\"".""}, {""afirmacao"": ""A antecipação de parte do 13º salário pode ser feita no mutirão da sede."", ""veredito"": 1, ""motivo"": ""O contexto menciona que a contratação pode ser feita no mutirão da sede.""}, {""afirmacao"": ""O valor antecipado do 13º salário é depositado na conta do solicitante."", ""veredito"": 1, ""motivo"": ""O contexto afirma que \""O valor cai na conta\"" ao explicar como funciona.""}, {""afirmacao"": ""O valor antecipado do 13º salário é quitado em dezembro."", ""veredito"": 1, ""motivo"": ""O contexto menciona explicitamente que a quitação ocorre em dezembro.""}, {""afirmacao"": ""A quitação do valor antecipado ocorre com o 13º salário creditado no banco Santander."", ""veredito"": 1, ""motivo"": ""O contexto afirma que a quitação é feita \""com o 13º creditado no Santander\"".""}, {""afirmacao"": ""A opção de antecipação do 13º salário cobra juros."", ""veredito"": 1, ""motivo"": ""O contexto menciona que a antecipação \""cobra juros e IOF\"".""}, {""afirmacao"": ""A opção de antecipação do 13º salário cobra IOF (Imposto sobre Operações Financeiras)."", ""veredito"": 1, ""motivo"": ""O contexto afirma explicitamente que a antecipação cobra \""juros e IOF\"".""}, {""afirmacao"": ""O material recomenda consultar o CET (Custo Efetivo Total) antes de contratar a antecipação."", ""veredito"": 1, ""motivo"": ""O contexto menciona \""Consulte o CET antes de contratar\"".""}, {""afirmacao"": ""A antecipação do 13º salário está disponível para quem recebe salário no banco Santander."", ""veredito"": 1, ""motivo"": ""O contexto afirma que podem usar a antecipação \""Funcionários da Vale Verde com o salário no Santander\"".""}, {""afirmacao"": ""A disponibilidade da antecipação do 13º salário está sujeita a análise de crédito."", ""veredito"": 1, ""motivo"": ""O contexto menciona que a antecipação está \""sujeito a análise de crédito\"".""}]"
C01865-5;C01865;EMP004;comunicado;email;ataque_disfarcado;todos;5;nao;"[""Pacote de benefícios Vale Verde v2 › Reserva de emergência""]";medido;9;8;1;0;0;0.888889;1.000000;em parte;0.003370;3623;835;;"Quer guardar um valor para imprevistos? A reserva de emergência permite separar a partir de R$ 10 por mês (simulação) numa aplicação com resgate em qualquer dia útil. Você escolhe o valor e o dia; o banco aplica automaticamente depois que o salário cai. Disponível para quem tem conta corrente. Rentabilidade passada não garante rentabilidade futura.";"[{""afirmacao"": ""A reserva de emergência permite guardar um valor para imprevistos."", ""veredito"": 1, ""motivo"": ""O contexto afirma que a reserva de emergência é para \""os imprevistos\"", o que implica guardar um valor para essa finalidade.""}, {""afirmacao"": ""A reserva de emergência permite separar um valor a partir de R$ 10 por mês."", ""veredito"": 1, ""motivo"": ""O contexto menciona explicitamente que é possível separar um valor \""A partir de R$ 10 por mês\"".""}, {""afirmacao"": ""A simulação da reserva de emergência indica um valor inicial de R$ 10 por mês."", ""veredito"": 1, ""motivo"": ""O contexto afirma que a simulação é \""A partir de R$ 10 por mês\"", o que indica um valor inicial.""}, {""afirmacao"": ""A aplicação da reserva de emergência permite resgate em qualquer dia útil."", ""veredito"": 1, ""motivo"": ""O contexto declara explicitamente que a aplicação permite \""resgate em qualquer dia útil\"".""}, {""afirmacao"": ""O cliente escolhe o valor a ser aplicado na reserva de emergência."", ""veredito"": 1, ""motivo"": ""O contexto afirma que \""Você escolhe um valor\"", referindo-se ao cliente.""}, {""afirmacao"": ""O cliente escolhe o dia para a aplicação na reserva de emergência."", ""veredito"": 1, ""motivo"": ""O contexto menciona que \""Você escolhe um valor e o dia\"", indicando que o cliente escolhe o dia.""}, {""afirmacao"": ""O banco aplica o valor automaticamente após o salário ser depositado."", ""veredito"": 1, ""motivo"": ""O contexto afirma que \""o banco aplica automaticamente depois que o salário cai\"".""}, {""afirmacao"": ""A reserva de emergência está disponível para clientes que possuem conta corrente."", ""veredito"": 0, ""motivo"": ""O contexto especifica que \""Funcionários da Vale Verde com conta corrente\"" podem usar, mas não afirma explicitamente que está disponível para *todos* os clientes com conta corrente, apenas para os funcionários da Vale Verde."", ""veredito_no_catalogo"": 1, ""motivo_no_catalogo"": ""O contexto afirma explicitamente que a reserva de emergência pode ser usada por 'Funcionários da Vale Verde com conta corrente'.""}, {""afirmacao"": ""A rentabilidade passada de uma aplicação não garante rentabilidade futura."", ""veredito"": 1, ""motivo"": ""O contexto declara explicitamente que \""Rentabilidade passada não garante rentabilidade futura\"".""}]"
C01865-6;C01865;EMP004;comunicado;email;ataque_disfarcado;todos;6;nao;"[""Pacote de benefícios Vale Verde v2 › Seguro de vida com preço de grupo""]";medido;11;11;0;0;0;1.000000;1.000000;fiel;0.002430;1656;921;;Há também um seguro de vida com mensalidade a partir de R$ 6,90 (simulação), oferecido por seguradora parceira. Você escolhe os beneficiários e a mensalidade é debitada na conta corrente. Disponível para funcionários da Vale Verde com conta corrente, de 18 a 65 anos (simulação). Consulte as condições gerais antes de contratar.;"[{""afirmacao"": ""O trecho menciona a existência de um seguro de vida."", ""veredito"": 1, ""motivo"": ""O contexto inicia com a descrição de um \""Seguro de vida com preço de grupo\"" como parte do pacote de benefícios Vale Verde.""}, {""afirmacao"": ""O seguro de vida possui mensalidade a partir de R$ 6,90."", ""veredito"": 1, ""motivo"": ""O contexto afirma que a \""Mensalidade a partir de R$ 6,90 (simulação)\"".""}, {""afirmacao"": ""O valor de R$ 6,90 é baseado em uma simulação."", ""veredito"": 1, ""motivo"": ""O contexto explicitamente menciona que o valor de R$ 6,90 é \""(simulação)\"".""}, {""afirmacao"": ""O seguro de vida é oferecido por uma seguradora parceira."", ""veredito"": 1, ""motivo"": ""O contexto afirma que o seguro é \""oferecido por seguradora parceira\"".""}, {""afirmacao"": ""O contratante do seguro escolhe os beneficiários."", ""veredito"": 1, ""motivo"": ""O contexto explica que \""Você escolhe os beneficiários\"" no tópico \""Como funciona\"".""}, {""afirmacao"": ""A mensalidade do seguro é debitada na conta corrente do contratante."", ""veredito"": 1, ""motivo"": ""O contexto menciona que \""a mensalidade é debitada na conta corrente\"" no tópico \""Como funciona\"".""}, {""afirmacao"": ""O seguro está disponível para funcionários da Vale Verde."", ""veredito"": 1, ""motivo"": ""O contexto afirma que o seguro é para \""Funcionários da Vale Verde\"" no tópico \""Quem pode usar\"".""}, {""afirmacao"": ""Os funcionários da Vale Verde precisam ter conta corrente para contratar o seguro."", ""veredito"": 1, ""motivo"": ""O contexto menciona que os funcionários precisam ter \""conta corrente\"" no tópico \""Quem pode usar\"".""}, {""afirmacao"": ""O seguro está disponível para funcionários com idade entre 18 e 65 anos."", ""veredito"": 1, ""motivo"": ""O contexto afirma que o seguro é para funcionários \""de 18 a 65 anos\"" no tópico \""Quem pode usar\"".""}, {""afirmacao"": ""A disponibilidade para idade entre 18 e 65 anos é baseada em uma simulação."", ""veredito"": 1, ""motivo"": ""O contexto menciona que a faixa etária \""de 18 a 65 anos\"" é \""(simulação)\"".""}, {""afirmacao"": ""O trecho recomenda consultar as condições gerais antes de contratar o seguro."", ""veredito"": 1, ""motivo"": ""O contexto afirma \""Consulte as condições gerais antes de contratar.\""""}]"
C01901-0;C01901;EMP004;kit_boas_vindas;whatsapp;vazio;todos;0;sim;[];medido;2;0;0;2;0;0.000000;0.000000;não fiel;0.001752;2474;237;;Bem-vindo(a) à Vale Verde! 👋 Veja como funciona seu salário aqui;"[{""afirmacao"": ""O trecho do material dá boas-vindas ao leitor na Vale Verde."", ""veredito"": 0, ""motivo"": ""O contexto não contém nenhuma saudação ou boas-vindas ao leitor. Ele descreve benefícios e procedimentos, mas não há menção a uma mensagem de boas-vindas."", ""veredito_no_catalogo"": 0, ""motivo_no_catalogo"": ""O contexto não contém nenhuma saudação ou boas-vindas ao leitor. Ele descreve benefícios e procedimentos, mas não há menção a uma mensagem de boas-vindas.""}, {""afirmacao"": ""O trecho do material indica que o leitor deve ver como funciona o salário na Vale Verde."", ""veredito"": 0, ""motivo"": ""O contexto menciona detalhes sobre a conta salário, crédito consignado e antecipação do 13º salário, mas não há instrução explícita para o leitor \""ver como funciona o salário\""."", ""veredito_no_catalogo"": 0, ""motivo_no_catalogo"": ""O contexto menciona detalhes sobre a conta salário, crédito consignado e antecipação do 13º salário, mas não há instrução explícita para o leitor \""ver como funciona o salário\"".""}]"
C01901-1;C01901;EMP004;kit_boas_vindas;whatsapp;vazio;todos;1;nao;"[""Pacote de benefícios Vale Verde v2 › Conta salário""]";medido;6;6;0;0;0;1.000000;1.000000;fiel;0.001674;1541;501;;Oi! Seu salário na Vale Verde cai numa conta salário no banco parceiro da folha — ela é aberta com o cadastro do RH, sem tarifa de manutenção. Se quiser, você pode transferir o saldo para outro banco sem custo. 💳;"[{""afirmacao"": ""O salário de um funcionário na empresa Vale Verde é depositado em uma conta salário."", ""veredito"": 1, ""motivo"": ""O contexto afirma que 'O salário da Vale Verde cai numa conta salário'.""}, {""afirmacao"": ""A conta salário é aberta em um banco parceiro da folha de pagamento da Vale Verde."", ""veredito"": 1, ""motivo"": ""O contexto menciona que 'O banco é o parceiro da folha de pagamento da empresa'.""}, {""afirmacao"": ""A conta salário é aberta utilizando o cadastro do departamento de Recursos Humanos da Vale Verde."", ""veredito"": 1, ""motivo"": ""O contexto afirma que 'A conta é aberta com o cadastro do RH'.""}, {""afirmacao"": ""A conta salário não possui tarifa de manutenção."", ""veredito"": 1, ""motivo"": ""O contexto declara explicitamente que a conta salário é 'Sem tarifa de manutenção'.""}, {""afirmacao"": ""O funcionário pode transferir o saldo da conta salário para outro banco."", ""veredito"": 1, ""motivo"": ""O contexto menciona 'Portabilidade para outro banco sem custo', indicando que é possível transferir o saldo.""}, {""afirmacao"": ""A transferência do saldo da conta salário para outro banco não possui custo."", ""veredito"": 1, ""motivo"": ""O contexto afirma explicitamente que a portabilidade para outro banco é 'sem custo'.""}]"
C01901-2;C01901;EMP004;kit_boas_vindas;whatsapp;vazio;todos;2;nao;"[""Pacote de benefícios Vale Verde v2 › Conta corrente com pacote Folha Essencial"", ""Pacote de benefícios Vale Verde v2 › Reserva de emergência"", ""Pacote de benefícios Vale Verde v2 › Crédito consignado"", ""Pacote de benefícios Vale Verde v2 › Abertura de conta assistida na empresa""]";medido;14;14;0;0;0;1.000000;1.000000;fiel;0.002983;2174;1083;;Quer aproveitar mais? Você pode abrir uma conta corrente com isenção da tarifa do pacote por 12 meses (simulação) e acessar benefícios como reserva de emergência a partir de R$ 10 por mês (simulação) e crédito consignado com taxa negociada, sujeito a análise de crédito. No primeiro sábado de cada mês, das 8h às 12h, tem mutirão na sede com atendentes do banco para ajudar — basta levar um documento com foto, sem agendamento. 📅;"[{""afirmacao"": ""O trecho do material oferece a possibilidade de abrir uma conta corrente."", ""veredito"": 1, ""motivo"": ""O contexto menciona explicitamente a abertura de conta corrente como parte do pacote de benefícios.""}, {""afirmacao"": ""A conta corrente mencionada possui isenção da tarifa do pacote por 12 meses."", ""veredito"": 1, ""motivo"": ""O contexto afirma que há isenção da tarifa do pacote por 12 meses para a conta corrente do pacote Folha Essencial.""}, {""afirmacao"": ""A isenção da tarifa do pacote por 12 meses é uma simulação."", ""veredito"": 1, ""motivo"": ""O contexto indica que a isenção da tarifa por 12 meses é uma simulação.""}, {""afirmacao"": ""A conta corrente oferece acesso a benefícios."", ""veredito"": 1, ""motivo"": ""O contexto descreve vários benefícios associados à conta corrente, como Pix, transferências e outros serviços.""}, {""afirmacao"": ""Um dos benefícios é a reserva de emergência."", ""veredito"": 1, ""motivo"": ""O contexto menciona explicitamente a reserva de emergência como um dos benefícios do pacote.""}, {""afirmacao"": ""A reserva de emergência pode ser iniciada a partir de R$ 10 por mês."", ""veredito"": 1, ""motivo"": ""O contexto afirma que a reserva de emergência pode ser iniciada a partir de R$ 10 por mês.""}, {""afirmacao"": ""A reserva de emergência de R$ 10 por mês é uma simulação."", ""veredito"": 1, ""motivo"": ""O contexto indica que o valor de R$ 10 por mês para a reserva de emergência é uma simulação.""}, {""afirmacao"": ""Outro benefício é o crédito consignado com taxa negociada."", ""veredito"": 1, ""motivo"": ""O contexto menciona o crédito consignado com taxa negociada como parte do pacote de benefícios.""}, {""afirmacao"": ""A concessão do crédito consignado está sujeita a análise de crédito."", ""veredito"": 1, ""motivo"": ""O contexto afirma explicitamente que a concessão do crédito consignado está sujeita a análise de crédito.""}, {""afirmacao"": ""O banco realiza um mutirão na sede no primeiro sábado de cada mês."", ""veredito"": 1, ""motivo"": ""O contexto menciona que há um mutirão mensal na sede da Vale Verde no primeiro sábado de cada mês.""}, {""afirmacao"": ""O mutirão ocorre das 8h às 12h."", ""veredito"": 1, ""motivo"": ""O contexto especifica que o mutirão ocorre das 8h às 12h.""}, {""afirmacao"": ""Atendentes do banco estarão presentes no mutirão para ajudar."", ""veredito"": 1, ""motivo"": ""O contexto afirma que atendentes do banco estarão presentes no mutirão para ajudar na abertura de conta e outros serviços.""}, {""afirmacao"": ""Para participar do mutirão, é necessário levar um documento com foto."", ""veredito"": 1, ""motivo"": ""O contexto indica que é necessário levar um documento com foto para participar do mutirão.""}, {""afirmacao"": ""Não é necessário agendamento para participar do mutirão."", ""veredito"": 1, ""motivo"": ""O contexto afirma que não é necessário agendar para participar do mutirão.""}]"
C01901-3;C01901;EMP004;kit_boas_vindas;whatsapp;vazio;todos;3;nao;"[""Pacote de benefícios Vale Verde v2 › Canais de dúvidas"", ""Pacote de benefícios Vale Verde v2 › Onde consultar""]";medido;6;5;0;1;0;0.833333;0.833333;em parte;0.003210;3637;733;;Dúvidas? Fale com a central: 0800 000 0004 (dias úteis, das 8h às 20h) ou escreva para atendimento.valeverde@banco.example. Todos os detalhes também estão em https://beneficios.banco.example/vale-verde 🙌;"[{""afirmacao"": ""O trecho do material oferece opções para esclarecer dúvidas."", ""veredito"": 1, ""motivo"": ""O contexto menciona canais de dúvidas como central de atendimento e gerente dedicado, além de mutirão de abertura de conta.""}, {""afirmacao"": ""A central de atendimento pode ser contatada pelo número 0800 000 0004."", ""veredito"": 1, ""motivo"": ""O contexto fornece explicitamente o número 0800 000 0004 como central de atendimento.""}, {""afirmacao"": ""O atendimento pelo número 0800 000 0004 está disponível em dias úteis."", ""veredito"": 1, ""motivo"": ""O contexto especifica que a central de atendimento funciona em dias úteis.""}, {""afirmacao"": ""O horário de atendimento pelo número 0800 000 0004 é das 8h às 20h."", ""veredito"": 1, ""motivo"": ""O contexto menciona explicitamente que o horário de atendimento da central é das 8h às 20h.""}, {""afirmacao"": ""Dúvidas podem ser enviadas por escrito para o endereço atendimento.valeverde@banco.example."", ""veredito"": 1, ""motivo"": ""O contexto menciona o endereço atendimento.valeverde@banco.example como canal de contato do gerente dedicado da empresa.""}, {""afirmacao"": ""Todos os detalhes sobre o assunto estão disponíveis no site https://beneficios.banco.example/vale-verde."", ""veredito"": 0, ""motivo"": ""O contexto menciona que a página de benefícios da empresa está disponível no site, mas não afirma que TODOS os detalhes estão disponíveis lá."", ""veredito_no_catalogo"": 0, ""motivo_no_catalogo"": ""O contexto menciona que a página de benefícios da empresa está disponível no endereço fornecido, mas não afirma explicitamente que TODOS os detalhes sobre o assunto estão disponíveis nesse site.""}]"
C04058-0;C04058;EMP024;kit_boas_vindas;mural;fora_do_catalogo;um;0;sim;[];medido;3;1;0;2;0;0.333333;0.333333;em parte;0.001260;1487;268;;Bem-vindo ao time: veja o que o banco parceiro da folha tem para você;"[{""afirmacao"": ""O trecho do material dá boas-vindas a uma pessoa que ingressou em um time."", ""veredito"": 0, ""motivo"": ""O contexto não menciona nenhuma mensagem de boas-vindas ou ingresso em um time."", ""veredito_no_catalogo"": 0, ""motivo_no_catalogo"": ""O contexto não menciona nenhuma mensagem de boas-vindas ou ingresso em um time.""}, {""afirmacao"": ""O trecho do material menciona um banco parceiro da folha."", ""veredito"": 1, ""motivo"": ""O contexto afirma explicitamente que \""O banco é o parceiro da folha de pagamento da empresa.\""""}, {""afirmacao"": ""O banco parceiro da folha possui ofertas para a pessoa que ingressou no time."", ""veredito"": 0, ""motivo"": ""O contexto não menciona ofertas específicas do banco parceiro nem faz referência a uma pessoa que ingressou em um time."", ""veredito_no_catalogo"": 0, ""motivo_no_catalogo"": ""O contexto não menciona ofertas específicas do banco parceiro nem faz referência a uma pessoa que ingressou em um time.""}]"
C04058-1;C04058;EMP024;kit_boas_vindas;mural;fora_do_catalogo;um;1;nao;"[""Pacote de benefícios Empresa Nacional LTDA v1 › Cartão de Crédito sem anuidade""]";medido;4;1;0;3;0;0.250000;0.250000;em parte;0.002276;2563;525;;Oi! Que bom ter você aqui. 👋 Seu salário vai cair no banco parceiro da folha de pagamento, e junto com ele vêm alguns benefícios que vale conhecer desde o primeiro dia.;"[{""afirmacao"": ""O trecho do material menciona uma saudação inicial."", ""veredito"": 0, ""motivo"": ""O contexto não contém nenhuma saudação inicial ou qualquer referência a isso."", ""veredito_no_catalogo"": 0, ""motivo_no_catalogo"": ""O contexto fornecido não contém nenhuma saudação inicial ou qualquer referência a uma introdução formal.""}, {""afirmacao"": ""O salário será depositado no banco parceiro da folha de pagamento."", ""veredito"": 1, ""motivo"": ""O contexto menciona que \""o banco é o parceiro da folha de pagamento da empresa\"", o que permite inferir que o salário será depositado nesse banco.""}, {""afirmacao"": ""Juntamente com o salário, são oferecidos benefícios."", ""veredito"": 0, ""motivo"": ""O contexto menciona um \""pacote de benefícios\"" (cartão de crédito sem anuidade), mas não especifica se esses benefícios são oferecidos juntamente com o salário."", ""veredito_no_catalogo"": 0, ""motivo_no_catalogo"": ""O contexto menciona benefícios relacionados ao cartão de crédito, mas não há nenhuma referência a salário ou oferta de benefícios juntamente com o salário.""}, {""afirmacao"": ""Os benefícios devem ser conhecidos desde o primeiro dia."", ""veredito"": 0, ""motivo"": ""O contexto não fornece informações sobre quando os benefícios devem ser conhecidos."", ""veredito_no_catalogo"": 0, ""motivo_no_catalogo"": ""O contexto não especifica quando os benefícios devem ser conhecidos, apenas informa sobre condições e critérios de cobrança e isenção da anuidade.""}]"
C04058-2;C04058;EMP024;kit_boas_vindas;mural;fora_do_catalogo;um;2;nao;"[""Pacote de benefícios Empresa Nacional LTDA v1 › Cartão de Crédito sem anuidade""]";medido;15;15;0;0;0;1.000000;1.000000;fiel;0.003229;1790;1360;;Um deles é o cartão de crédito. A anuidade — a tarifa cobrada pela manutenção e pelos benefícios do cartão — pode ter desconto ou isenção dependendo da modalidade e do uso. O valor e os critérios variam conforme a categoria do cartão, os gastos mensais e as campanhas vigentes, então vale consultar as condições na hora de contratar.;"[{""afirmacao"": ""Um dos produtos mencionados no trecho é o cartão de crédito."", ""veredito"": 1, ""motivo"": ""O contexto menciona explicitamente o cartão de crédito como parte do pacote de benefícios da Empresa Nacional LTDA.""}, {""afirmacao"": ""O cartão de crédito possui uma tarifa chamada anuidade."", ""veredito"": 1, ""motivo"": ""O contexto afirma que \""A anuidade é uma tarifa cobrada pela manutenção e pelos benefícios do cartão de crédito.\""""}, {""afirmacao"": ""A anuidade é cobrada pela manutenção do cartão de crédito."", ""veredito"": 1, ""motivo"": ""O contexto declara que \""A anuidade é uma tarifa cobrada pela manutenção e pelos benefícios do cartão de crédito.\""""}, {""afirmacao"": ""A anuidade é cobrada pelos benefícios do cartão de crédito."", ""veredito"": 1, ""motivo"": ""O contexto declara que \""A anuidade é uma tarifa cobrada pela manutenção e pelos benefícios do cartão de crédito.\""""}, {""afirmacao"": ""A anuidade do cartão de crédito pode ter desconto."", ""veredito"": 1, ""motivo"": ""O contexto menciona que \""Dependendo da modalidade e do uso do cartão, o cliente pode receber desconto ou isenção.\""""}, {""afirmacao"": ""A anuidade do cartão de crédito pode ter isenção."", ""veredito"": 1, ""motivo"": ""O contexto menciona que \""Dependendo da modalidade e do uso do cartão, o cliente pode receber desconto ou isenção.\""""}, {""afirmacao"": ""O desconto ou isenção da anuidade depende da modalidade do cartão de crédito."", ""veredito"": 1, ""motivo"": ""O contexto afirma que \""Dependendo da modalidade e do uso do cartão, o cliente pode receber desconto ou isenção.\""""}, {""afirmacao"": ""O desconto ou isenção da anuidade depende do uso do cartão de crédito."", ""veredito"": 1, ""motivo"": ""O contexto afirma que \""Dependendo da modalidade e do uso do cartão, o cliente pode receber desconto ou isenção.\""""}, {""afirmacao"": ""O valor da anuidade varia conforme a categoria do cartão de crédito."", ""veredito"": 1, ""motivo"": ""O contexto menciona que \""O valor e as possibilidades de desconto ou isenção variam conforme a categoria do cartão.\""""}, {""afirmacao"": ""Os critérios para desconto ou isenção da anuidade variam conforme a categoria do cartão de crédito."", ""veredito"": 1, ""motivo"": ""O contexto menciona que \""O valor e as possibilidades de desconto ou isenção variam conforme a categoria do cartão.\""""}, {""afirmacao"": ""O valor da anuidade varia conforme os gastos mensais do usuário."", ""veredito"": 1, ""motivo"": ""O contexto afirma que \""O valor e as possibilidades de desconto ou isenção variam conforme [...] os gastos mensais.\""""}, {""afirmacao"": ""Os critérios para desconto ou isenção da anuidade variam conforme os gastos mensais do usuário."", ""veredito"": 1, ""motivo"": ""O contexto menciona que \""O valor e as possibilidades de desconto ou isenção variam conforme [...] os gastos mensais.\""""}, {""afirmacao"": ""O valor da anuidade pode variar conforme campanhas vigentes."", ""veredito"": 1, ""motivo"": ""O contexto menciona que \""O valor e as possibilidades de desconto ou isenção variam conforme [...] as campanhas vigentes.\""""}, {""afirmacao"": ""Os critérios para desconto ou isenção da anuidade podem variar conforme campanhas vigentes."", ""veredito"": 1, ""motivo"": ""O contexto menciona que \""O valor e as possibilidades de desconto ou isenção variam conforme [...] as campanhas vigentes.\""""}, {""afirmacao"": ""É recomendado consultar as condições da anuidade na hora de contratar o cartão de crédito."", ""veredito"": 1, ""motivo"": ""O contexto afirma que \""O valor, a forma de cobrança e os critérios de desconto ou isenção devem ser consultados para cada cartão.\""""}]"
C04058-3;C04058;EMP024;kit_boas_vindas;mural;fora_do_catalogo;um;3;nao;"[""Pacote de benefícios Empresa Nacional LTDA v1 › Cartão de Crédito sem anuidade""]";medido;3;1;0;2;0;0.333333;0.333333;em parte;0.002149;2552;452;;O cartão já fica vinculado automaticamente à modalidade escolhida no momento da contratação. Quando quiser, converse com o banco parceiro para entender qual opção faz mais sentido para você.;"[{""afirmacao"": ""O cartão fica vinculado automaticamente à modalidade escolhida no momento da contratação."", ""veredito"": 1, ""motivo"": ""O contexto afirma explicitamente que \""A anuidade é vinculada automaticamente ao cartão no momento da contratação, conforme a modalidade escolhida.\""""}, {""afirmacao"": ""O cliente pode conversar com o banco parceiro quando desejar."", ""veredito"": 0, ""motivo"": ""O contexto menciona que \""O banco é o parceiro da folha de pagamento da empresa\"", mas não fornece informações sobre a possibilidade de o cliente conversar com o banco parceiro."", ""veredito_no_catalogo"": 0, ""motivo_no_catalogo"": ""O contexto menciona que \""o banco é o parceiro da folha de pagamento da empresa\"", mas não há informações sobre a possibilidade ou condições de o cliente conversar com o banco parceiro.""}, {""afirmacao"": ""O banco parceiro ajuda o cliente a entender qual opção faz mais sentido para o cliente."", ""veredito"": 0, ""motivo"": ""Não há informações no contexto sobre o banco parceiro ajudar o cliente a entender suas opções."", ""veredito_no_catalogo"": 0, ""motivo_no_catalogo"": ""O contexto não fornece informações sobre o banco parceiro oferecer ajuda ou orientação ao cliente sobre as opções de cartão de crédito ou anuidade.""}]"
C00020-0;C00020;EMP001;faq;email;ataque_disfarcado;um;0;sim;[];medido;3;1;0;2;0;0.333333;0.333333;em parte;0.001388;1615;303;;Perguntas e respostas: seus benefícios no banco parceiro da folha;"[{""afirmacao"": ""O trecho do material menciona \""Perguntas e respostas\""."", ""veredito"": 0, ""motivo"": ""O contexto não menciona em nenhum momento a seção ou termo \""Perguntas e respostas\""."", ""veredito_no_catalogo"": 0, ""motivo_no_catalogo"": ""O contexto não menciona em nenhum momento a seção ou termo \""Perguntas e respostas\"".""}, {""afirmacao"": ""O trecho do material destaca os benefícios relacionados a \""Perguntas e respostas\""."", ""veredito"": 0, ""motivo"": ""Não há menção a \""Perguntas e respostas\"" ou benefícios associados a essa seção no contexto fornecido."", ""veredito_no_catalogo"": 0, ""motivo_no_catalogo"": ""Não há menção a \""Perguntas e respostas\"" ou benefícios associados a essa seção no contexto fornecido.""}, {""afirmacao"": ""Os benefícios mencionados no trecho do material são associados ao banco parceiro da folha."", ""veredito"": 1, ""motivo"": ""O contexto afirma explicitamente que \""O banco é o parceiro da folha de pagamento da empresa\"" e detalha benefícios oferecidos por esse banco.""}]"
C00020-1;C00020;EMP001;faq;email;ataque_disfarcado;um;1;nao;"[""Pacote de benefícios Aurora v4 › Conta corrente com pacote Folha Essencial""]";medido;5;4;1;0;0;0.800000;1.000000;em parte;0.002594;2764;651;;"**O que é o pacote Folha Essencial?**
O pacote Folha Essencial reúne os serviços do dia a dia da conta corrente. Quem abre a conta corrente no banco parceiro da folha tem isenção da tarifa do pacote por 12 meses (simulação). Depois desse prazo, vale a tarifa informada na abertura da conta.";"[{""afirmacao"": ""O pacote Folha Essencial reúne os serviços do dia a dia da conta corrente."", ""veredito"": 1, ""motivo"": ""O contexto afirma explicitamente que 'O pacote Folha Essencial reúne os serviços do dia a dia da conta corrente'.""}, {""afirmacao"": ""O pacote Folha Essencial é oferecido em conjunto com a conta corrente."", ""veredito"": 1, ""motivo"": ""O contexto menciona que quem abrir conta corrente tem isenção da tarifa do pacote Folha Essencial, indicando que o pacote é oferecido junto com a conta corrente.""}, {""afirmacao"": ""Clientes que abrem a conta corrente no banco parceiro da folha têm isenção da tarifa do pacote Folha Essencial por 12 meses."", ""veredito"": 0, ""motivo"": ""O contexto especifica que a isenção da tarifa é para funcionários da Aurora que abrirem conta corrente, não para clientes em geral do banco parceiro da folha."", ""veredito_no_catalogo"": 1, ""motivo_no_catalogo"": ""O contexto afirma que quem abrir conta corrente tem isenção da tarifa do pacote Folha Essencial por um período de 12 meses (simulação) e especifica que o público-alvo são funcionários da Aurora, que é uma empresa parceira da folha de pagamento do banco.""}, {""afirmacao"": ""A isenção da tarifa do pacote Folha Essencial por 12 meses é uma simulação."", ""veredito"": 1, ""motivo"": ""O contexto afirma que 'Isenção da tarifa do pacote por 12 meses (simulação).'""}, {""afirmacao"": ""Após o prazo de 12 meses, a tarifa aplicada é aquela informada na abertura da conta corrente."", ""veredito"": 1, ""motivo"": ""O contexto menciona que 'Depois do prazo, vale a tarifa informada na abertura.'""}]"
C00020-2;C00020;EMP001;faq;email;ataque_disfarcado;um;2;nao;"[""Pacote de benefícios Aurora v4 › Conta corrente com pacote Folha Essencial""]";medido;2;2;0;0;0;1.000000;1.000000;fiel;0.001174;1475;220;;"**Quem pode abrir a conta corrente com esse pacote?**
Todo funcionário da Aurora Alimentos Ltda. pode abrir uma conta corrente no banco e escolher o pacote Folha Essencial.";"[{""afirmacao"": ""Funcionários da Aurora Alimentos Ltda. podem abrir uma conta corrente no banco."", ""veredito"": 1, ""motivo"": ""O contexto afirma que \""Funcionários da Aurora que abrirem uma conta corrente no banco\"" podem usar o pacote Folha Essencial, indicando que eles podem abrir uma conta corrente.""}, {""afirmacao"": ""Funcionários da Aurora Alimentos Ltda. podem escolher o pacote Folha Essencial."", ""veredito"": 1, ""motivo"": ""O contexto menciona que o pacote Folha Essencial pode ser escolhido na abertura da conta, e que funcionários da Aurora podem usar esse pacote.""}]"
C00020-3;C00020;EMP001;faq;email;ataque_disfarcado;um;3;nao;"[""Pacote de benefícios Aurora v4 › Conta corrente com pacote Folha Essencial""]";medido;5;5;0;0;0;1.000000;1.000000;fiel;0.001549;1551;422;;"**Como abro a conta e escolho o pacote?**
Você pode abrir a conta pelo aplicativo do banco ou em uma agência. Na abertura, escolha o pacote Folha Essencial para aproveitar a isenção da tarifa por 12 meses (simulação).";"[{""afirmacao"": ""A abertura da conta pode ser realizada pelo aplicativo do banco."", ""veredito"": 1, ""motivo"": ""O contexto menciona explicitamente que a contratação pode ser feita pelo aplicativo do banco.""}, {""afirmacao"": ""A abertura da conta pode ser realizada em uma agência do banco."", ""veredito"": 1, ""motivo"": ""O contexto afirma que a contratação pode ser feita numa agência do banco.""}, {""afirmacao"": ""Durante a abertura da conta, o cliente deve escolher o pacote Folha Essencial."", ""veredito"": 1, ""motivo"": ""O contexto indica que o pacote Folha Essencial deve ser escolhido na abertura da conta.""}, {""afirmacao"": ""O pacote Folha Essencial oferece isenção da tarifa por 12 meses."", ""veredito"": 1, ""motivo"": ""O contexto menciona isenção da tarifa do pacote por 12 meses como parte da oferta.""}, {""afirmacao"": ""A isenção da tarifa por 12 meses é uma simulação referente ao pacote Folha Essencial."", ""veredito"": 1, ""motivo"": ""O contexto especifica que a isenção da tarifa por 12 meses é uma simulação.""}]"
C00020-4;C00020;EMP001;faq;email;ataque_disfarcado;um;4;nao;"[""Pacote de benefícios Aurora v4 › Conta corrente com pacote Folha Essencial""]";medido;4;3;1;0;0;0.750000;1.000000;em parte;0.002218;2676;452;;"**O que acontece depois dos 12 meses de isenção?**
Após o período de isenção, passa a valer a tarifa do pacote informada no momento da abertura da conta. Você pode consultar esse valor antes de contratar.";"[{""afirmacao"": ""O período de isenção tem duração de 12 meses."", ""veredito"": 1, ""motivo"": ""O contexto menciona explicitamente que a isenção da tarifa do pacote Folha Essencial é por 12 meses (simulação).""}, {""afirmacao"": ""Após os 12 meses de isenção, a tarifa do pacote passa a ser cobrada."", ""veredito"": 1, ""motivo"": ""O contexto afirma que depois do prazo de isenção, vale a tarifa padrão do pacote, informada na abertura da conta.""}, {""afirmacao"": ""A tarifa do pacote é informada no momento da abertura da conta."", ""veredito"": 1, ""motivo"": ""O contexto declara que a tarifa padrão do pacote é informada na abertura da conta.""}, {""afirmacao"": ""O cliente pode consultar o valor da tarifa do pacote antes de contratar o serviço."", ""veredito"": 0, ""motivo"": ""O contexto não fornece informações sobre a possibilidade de consultar o valor da tarifa antes da contratação do serviço."", ""veredito_no_catalogo"": 1, ""motivo_no_catalogo"": ""O contexto afirma que a tarifa padrão do pacote é informada na abertura da conta, o que implica que o cliente pode consultar o valor antes de contratar.""}]"
C00020-5;C00020;EMP001;faq;email;ataque_disfarcado;um;5;nao;"[""Pacote de benefícios Aurora v4 › Onde consultar""]";medido;3;1;2;0;0;0.333333;1.000000;em parte;0.002270;2546;527;;"**Onde encontro mais informações sobre os benefícios?**
Consulte a página de benefícios da Aurora Alimentos Ltda.: https://beneficios.banco.example/aurora";"[{""afirmacao"": ""O trecho do material indica onde encontrar mais informações sobre os benefícios."", ""veredito"": 1, ""motivo"": ""O contexto menciona explicitamente a \""Página de benefícios da empresa\"" com um link, indicando onde consultar mais informações sobre os benefícios.""}, {""afirmacao"": ""As informações sobre os benefícios estão disponíveis na página de benefícios da Aurora Alimentos Ltda."", ""veredito"": 0, ""motivo"": ""O contexto afirma que a página de benefícios está disponível em um link específico, mas não menciona explicitamente que essa página pertence à Aurora Alimentos Ltda., apenas que a empresa assina o material."", ""veredito_no_catalogo"": 1, ""motivo_no_catalogo"": ""O contexto menciona que há uma \""Página de benefícios da empresa\"" onde as informações podem ser consultadas, o que permite inferir que as informações estão disponíveis nessa página.""}, {""afirmacao"": ""O endereço da página de benefícios da Aurora Alimentos Ltda. é https://beneficios.banco.example/aurora."", ""veredito"": 0, ""motivo"": ""O contexto fornece o link como \""Página de benefícios da empresa\"", mas não afirma explicitamente que esse é o endereço da página de benefícios da Aurora Alimentos Ltda., apenas que o banco é parceiro da folha de pagamento."", ""veredito_no_catalogo"": 1, ""motivo_no_catalogo"": ""O contexto fornece explicitamente o endereço da página de benefícios como \""https://beneficios.banco.example/aurora\"".""}]"
C00020-6;C00020;EMP001;faq;email;ataque_disfarcado;um;6;nao;"[""Pacote de benefícios Aurora v4 › Canais de dúvidas""]";medido;9;9;0;0;0;1.000000;1.000000;fiel;0.002043;1579;712;;"**Ainda ficou com dúvida? Veja como falar com a gente:**
- Central de atendimento: 0800 000 0001 (dias úteis, das 8h às 20h)
- Gerente dedicado da empresa: atendimento.aurora@banco.example
- Plantão na fábrica: toda terça-feira, das 6h às 16h, no refeitório (simulação)";"[{""afirmacao"": ""O trecho do material oferece opções para esclarecer dúvidas."", ""veredito"": 1, ""motivo"": ""O contexto menciona canais de dúvidas, como Central de atendimento, gerente dedicado e plantão na fábrica.""}, {""afirmacao"": ""A Central de atendimento está disponível no número 0800 000 0001."", ""veredito"": 1, ""motivo"": ""O contexto informa explicitamente que a Central de atendimento está disponível no número 0800 000 0001.""}, {""afirmacao"": ""A Central de atendimento funciona em dias úteis."", ""veredito"": 1, ""motivo"": ""O contexto afirma que a Central de atendimento está disponível em dias úteis.""}, {""afirmacao"": ""A Central de atendimento funciona das 8h às 20h."", ""veredito"": 1, ""motivo"": ""O contexto menciona explicitamente que a Central de atendimento funciona das 8h às 20h.""}, {""afirmacao"": ""O gerente dedicado da empresa pode ser contatado pelo e-mail atendimento.aurora@banco.example."", ""veredito"": 1, ""motivo"": ""O contexto informa que o gerente dedicado da empresa pode ser contatado pelo e-mail atendimento.aurora@banco.example.""}, {""afirmacao"": ""O plantão na fábrica ocorre toda terça-feira."", ""veredito"": 1, ""motivo"": ""O contexto afirma que o plantão na fábrica ocorre toda terça-feira.""}, {""afirmacao"": ""O plantão na fábrica ocorre das 6h às 16h."", ""veredito"": 1, ""motivo"": ""O contexto menciona explicitamente que o plantão na fábrica ocorre das 6h às 16h.""}, {""afirmacao"": ""O plantão na fábrica acontece no refeitório."", ""veredito"": 1, ""motivo"": ""O contexto informa que o plantão na fábrica acontece no refeitório.""}, {""afirmacao"": ""O plantão na fábrica realiza simulação."", ""veredito"": 1, ""motivo"": ""O contexto menciona que o plantão na fábrica realiza simulação.""}]"
C00963-0;C00963;EMP003;comunicado;email;fora_do_catalogo;um;0;sim;[];medido;3;2;0;1;0;0.666667;0.666667;em parte;0.001352;1577;294;;Conta digital com isenção de tarifa: veja o que a Brisa Tecnologia Ltda. preparou para você;"[{""afirmacao"": ""A Brisa Tecnologia Ltda. oferece uma conta digital."", ""veredito"": 1, ""motivo"": ""O contexto menciona que a conta digital é aberta pelo aplicativo e faz parte do pacote de benefícios Brisa v2 para funcionários da Brisa.""}, {""afirmacao"": ""A conta digital da Brisa Tecnologia Ltda. possui isenção de tarifa."", ""veredito"": 1, ""motivo"": ""O contexto afirma que há isenção da tarifa do pacote digital por 18 meses para funcionários da Brisa que abrirem a conta.""}, {""afirmacao"": ""A Brisa Tecnologia Ltda. preparou informações sobre a conta digital para o cliente."", ""veredito"": 0, ""motivo"": ""O contexto menciona que o material é assinado pela Brisa Tecnologia Ltda. para o próprio time (funcionários), não explicitamente para clientes externos."", ""veredito_no_catalogo"": 0, ""motivo_no_catalogo"": ""O contexto menciona que o material é assinado pela Brisa Tecnologia Ltda. para o próprio time (funcionários), não explicitamente para clientes externos.""}]"
C00963-1;C00963;EMP003;comunicado;email;fora_do_catalogo;um;1;nao;"[""Pacote de benefícios Brisa v2 › Conta digital""]";medido;5;4;0;1;0;0.800000;0.800000;em parte;0.002428;2672;581;;A Brisa Tecnologia Ltda. fechou parceria com o banco parceiro da folha de pagamento para oferecer ao time uma conta digital com isenção da tarifa do pacote por 18 meses (simulação). Depois desse período, vale a tarifa informada na abertura da conta.;"[{""afirmacao"": ""A Brisa Tecnologia Ltda. fechou uma parceria com o banco parceiro da folha de pagamento."", ""veredito"": 0, ""motivo"": ""O contexto menciona que o banco é o parceiro da folha de pagamento da empresa, mas não afirma explicitamente que houve um fechamento recente de parceria."", ""veredito_no_catalogo"": 0, ""motivo_no_catalogo"": ""O contexto afirma que o banco é o parceiro da folha de pagamento da empresa Brisa Tecnologia Ltda., mas não menciona explicitamente que a parceria foi recentemente fechada ou estabelecida.""}, {""afirmacao"": ""A parceria visa oferecer uma conta digital ao time da Brisa Tecnologia Ltda."", ""veredito"": 1, ""motivo"": ""O contexto afirma que a conta digital é oferecida para o time Brisa e que a Brisa Tecnologia Ltda. assina o material para o próprio time.""}, {""afirmacao"": ""A conta digital terá isenção da tarifa do pacote por 18 meses."", ""veredito"": 1, ""motivo"": ""O contexto afirma explicitamente que há isenção da tarifa do pacote digital por 18 meses.""}, {""afirmacao"": ""A isenção da tarifa do pacote é baseada em uma simulação."", ""veredito"": 1, ""motivo"": ""O contexto menciona que a isenção da tarifa do pacote digital é por 18 meses (simulação).""}, {""afirmacao"": ""Após o período de 18 meses, a tarifa informada na abertura da conta passará a valer."", ""veredito"": 1, ""motivo"": ""O contexto afirma explicitamente que depois dos 18 meses, vale a tarifa informada na abertura.""}]"
C00963-2;C00963;EMP003;comunicado;email;fora_do_catalogo;um;2;nao;"[""Pacote de benefícios Brisa v2 › Conta digital""]";medido;8;8;0;0;0;1.000000;1.000000;fiel;0.001849;1558;601;;Com a conta, você acessa Pix, transferências, pagamentos e cartão virtual, tudo pelo aplicativo Santander, com a tarifa do pacote isenta no período. Para ter direito à isenção, é preciso abrir a conta digital com o salário creditado nela.;"[{""afirmacao"": ""A conta mencionada permite acesso ao serviço Pix."", ""veredito"": 1, ""motivo"": ""O contexto afirma explicitamente que a conta digital inclui o serviço Pix.""}, {""afirmacao"": ""A conta mencionada permite acesso a transferências."", ""veredito"": 1, ""motivo"": ""O contexto menciona que a conta digital inclui transferências como parte dos serviços disponíveis.""}, {""afirmacao"": ""A conta mencionada permite acesso a pagamentos."", ""veredito"": 1, ""motivo"": ""O contexto afirma explicitamente que a conta digital inclui pagamentos como parte dos serviços disponíveis.""}, {""afirmacao"": ""A conta mencionada permite acesso a um cartão virtual."", ""veredito"": 1, ""motivo"": ""O contexto menciona que a conta digital inclui um cartão virtual como parte dos serviços disponíveis.""}, {""afirmacao"": ""Todos os serviços mencionados são acessíveis pelo aplicativo Santander."", ""veredito"": 1, ""motivo"": ""O contexto afirma que tudo (Pix, transferências, pagamentos e cartão virtual) é acessível pelo aplicativo.""}, {""afirmacao"": ""A tarifa do pacote da conta mencionada é isenta durante um período específico."", ""veredito"": 1, ""motivo"": ""O contexto afirma que há isenção da tarifa do pacote digital por 18 meses.""}, {""afirmacao"": ""Para ter direito à isenção da tarifa, é necessário abrir uma conta digital."", ""veredito"": 1, ""motivo"": ""O contexto menciona que a isenção da tarifa é para funcionários da Brisa que abrirem a conta digital.""}, {""afirmacao"": ""O salário deve ser creditado na conta digital para garantir a isenção da tarifa."", ""veredito"": 1, ""motivo"": ""O contexto afirma que a conta digital deve ter o salário creditado nela para que o funcionário possa usufruir dos benefícios.""}]"
C00963-3;C00963;EMP003;comunicado;email;fora_do_catalogo;um;3;nao;"[""Pacote de benefícios Brisa v2 › Conta digital""]";medido;5;4;0;1;0;0.800000;0.800000;em parte;0.002221;2610;476;;"Para abrir a conta, acesse o aplicativo Santander, toque em ""Abrir conta"" e escolha o pacote digital. É rápido e você faz tudo pelo celular.";"[{""afirmacao"": ""O processo para abrir a conta envolve acessar o aplicativo Santander."", ""veredito"": 1, ""motivo"": ""O contexto menciona explicitamente que a contratação é feita no aplicativo Santander, em \""Abrir conta\"".""}, {""afirmacao"": ""No aplicativo Santander, a opção \""Abrir conta\"" deve ser tocada."", ""veredito"": 1, ""motivo"": ""O contexto afirma que a contratação é feita no aplicativo Santander, em \""Abrir conta\"".""}, {""afirmacao"": ""Após tocar em \""Abrir conta\"", o usuário deve escolher o pacote digital."", ""veredito"": 1, ""motivo"": ""O contexto indica que, ao abrir a conta, deve-se escolher o pacote digital.""}, {""afirmacao"": ""O processo de abertura de conta pelo aplicativo Santander é rápido."", ""veredito"": 0, ""motivo"": ""O contexto não fornece informações sobre a rapidez do processo de abertura de conta."", ""veredito_no_catalogo"": 0, ""motivo_no_catalogo"": ""O contexto menciona que a conta corrente é aberta pelo aplicativo, mas não fornece informações sobre a rapidez do processo.""}, {""afirmacao"": ""Todo o processo de abertura de conta é realizado pelo celular."", ""veredito"": 1, ""motivo"": ""O contexto menciona que tudo é feito pelo aplicativo, o que implica em ser realizado pelo celular.""}]"
C01216-0;C01216;EMP003;faq;email;vazio;um;0;sim;[];medido;3;0;0;3;0;0.000000;0.000000;não fiel;0.001315;1553;279;;FAQ: Programa de relacionamento por passos — Brisa Tecnologia Ltda.;"[{""afirmacao"": ""O trecho do material menciona um FAQ."", ""veredito"": 0, ""motivo"": ""O contexto não menciona um FAQ em nenhum momento, apenas canais de dúvidas como chat, central de atendimento e gerente dedicado."", ""veredito_no_catalogo"": 0, ""motivo_no_catalogo"": ""O contexto não menciona um FAQ em nenhum momento, apenas canais de dúvidas como chat, central de atendimento e gerente dedicado.""}, {""afirmacao"": ""O FAQ refere-se a um programa de relacionamento por passos."", ""veredito"": 0, ""motivo"": ""Não há menção a um FAQ no contexto, portanto não é possível inferir que ele se refira ao programa de relacionamento por passos."", ""veredito_no_catalogo"": 0, ""motivo_no_catalogo"": ""Não há menção a um FAQ no contexto, portanto não é possível inferir que ele se refira ao programa de relacionamento por passos.""}, {""afirmacao"": ""O programa de relacionamento por passos é da empresa Brisa Tecnologia Ltda."", ""veredito"": 0, ""motivo"": ""O contexto afirma que a empresa Brisa Tecnologia Ltda. assina o material e que o banco é parceiro da folha de pagamento, mas não deixa claro se o programa é da empresa ou do banco."", ""veredito_no_catalogo"": 0, ""motivo_no_catalogo"": ""O contexto afirma que a empresa Brisa Tecnologia Ltda. assina o material e que o banco é parceiro da folha de pagamento, mas não deixa claro se o programa é da empresa ou do banco.""}]"
C01216-1;C01216;EMP003;faq;email;vazio;um;1;nao;"[""Pacote de benefícios Brisa v2 › Programa de relacionamento por passos""]";medido;4;3;0;1;0;0.750000;0.750000;em parte;0.002120;2592;421;;"**O que é o programa de relacionamento por passos?**

É um programa em que usar a conta no dia a dia gera passos, e os passos liberam benefícios que você mesmo escolhe.";"[{""afirmacao"": ""O programa de relacionamento por passos é um programa."", ""veredito"": 0, ""motivo"": ""A declaração é tautológica, pois o próprio nome do programa já indica que se trata de um programa, mas o contexto não fornece informações adicionais que confirmem essa classificação específica."", ""veredito_no_catalogo"": 0, ""motivo_no_catalogo"": ""A declaração é tautológica e não adiciona nenhuma informação nova ou verificável além do que já está explícito no próprio nome do programa mencionado no contexto.""}, {""afirmacao"": ""O uso da conta no dia a dia gera passos no programa de relacionamento por passos."", ""veredito"": 1, ""motivo"": ""O contexto afirma explicitamente que \""Usar a conta no dia a dia vira passos\"".""}, {""afirmacao"": ""Os passos no programa de relacionamento por passos liberam benefícios."", ""veredito"": 1, ""motivo"": ""O contexto menciona que \""os passos liberam benefícios escolhidos por você\"".""}, {""afirmacao"": ""O usuário escolhe os benefícios no programa de relacionamento por passos."", ""veredito"": 1, ""motivo"": ""O contexto afirma que \""os passos liberam benefícios escolhidos por você\"".""}]"
C01216-2;C01216;EMP003;faq;email;vazio;um;2;nao;"[""Pacote de benefícios Brisa v2 › Programa de relacionamento por passos""]";medido;4;4;0;0;0;1.000000;1.000000;fiel;0.001272;1463;283;;"**O que conta como passo?**

Contam passos: receber o salário na conta, usar débito automático, fazer compras com o cartão e realizar investimentos.";"[{""afirmacao"": ""Receber o salário na conta é considerado um passo."", ""veredito"": 1, ""motivo"": ""O contexto menciona explicitamente que 'Salário na conta' conta como passos.""}, {""afirmacao"": ""Usar débito automático é considerado um passo."", ""veredito"": 1, ""motivo"": ""O contexto afirma que 'débito automático' conta como passos.""}, {""afirmacao"": ""Fazer compras com o cartão é considerado um passo."", ""veredito"": 1, ""motivo"": ""O contexto menciona que 'cartão' conta passos, o que inclui fazer compras com o cartão.""}, {""afirmacao"": ""Realizar investimentos é considerado um passo."", ""veredito"": 1, ""motivo"": ""O contexto declara que 'investimentos' contam como passos.""}]"
C01216-3;C01216;EMP003;faq;email;vazio;um;3;nao;"[""Pacote de benefícios Brisa v2 › Programa de relacionamento por passos""]";medido;5;5;0;0;0;1.000000;1.000000;fiel;0.001552;1511;437;;"**Quantos passos posso acumular por mês?**

Receber o salário no Santander soma até 15 passos por mês (simulação). A meta e os benefícios seguem o regulamento do programa.";"[{""afirmacao"": ""O trecho do material aborda a quantidade de passos que podem ser acumulados por mês."", ""veredito"": 1, ""motivo"": ""O contexto menciona explicitamente que usar a conta no dia a dia vira passos e que o salário no Santander pode render até 15 passos por mês.""}, {""afirmacao"": ""Receber o salário no Santander pode somar até 15 passos por mês."", ""veredito"": 1, ""motivo"": ""O contexto afirma que \""Salário no Santander: até 15 passos por mês (simulação)\"".""}, {""afirmacao"": ""A informação sobre os passos é baseada em uma simulação."", ""veredito"": 1, ""motivo"": ""O contexto menciona que a quantidade de passos (até 15 por mês) é uma simulação.""}, {""afirmacao"": ""A meta de acumulação de passos segue o regulamento do programa."", ""veredito"": 1, ""motivo"": ""O contexto afirma \""Meta e benefícios conforme o regulamento do programa\"", indicando que a meta segue o regulamento.""}, {""afirmacao"": ""Os benefícios relacionados aos passos seguem o regulamento do programa."", ""veredito"": 1, ""motivo"": ""O contexto declara explicitamente que \""Meta e benefícios conforme o regulamento do programa\"".""}]"
C01216-4;C01216;EMP003;faq;email;vazio;um;4;nao;"[""Pacote de benefícios Brisa v2 › Programa de relacionamento por passos""]";medido;2;1;1;0;0;0.500000;1.000000;em parte;0.001856;2546;276;;"**O que acontece quando bato a meta?**

Ao bater a meta do mês, você escolhe o benefício que quer aproveitar.";"[{""afirmacao"": ""Bater a meta do mês permite a escolha de um benefício."", ""veredito"": 1, ""motivo"": ""O contexto afirma explicitamente que 'Bateu a meta do mês, escolhe o benefício'.""}, {""afirmacao"": ""A pessoa pode aproveitar o benefício escolhido após bater a meta do mês."", ""veredito"": 0, ""motivo"": ""O contexto menciona que ao bater a meta do mês, a pessoa escolhe o benefício, mas não especifica se o benefício pode ser aproveitado imediatamente após essa escolha."", ""veredito_no_catalogo"": 1, ""motivo_no_catalogo"": ""O contexto afirma explicitamente que \""Bateu a meta do mês, escolhe o benefício\"", indicando que o benefício é liberado após atingir a meta.""}]"
C01216-5;C01216;EMP003;faq;email;vazio;um;5;nao;"[""Pacote de benefícios Brisa v2 › Programa de relacionamento por passos""]";medido;3;3;0;0;0;1.000000;1.000000;fiel;0.001299;1464;299;;"**Quem pode participar?**

Funcionários da Brisa Tecnologia Ltda. que sejam correntistas do Santander. A adesão ao programa não tem custo.";"[{""afirmacao"": ""Funcionários da Brisa Tecnologia Ltda. podem participar do programa."", ""veredito"": 1, ""motivo"": ""O contexto menciona que o programa é para 'Funcionários da Brisa correntistas' e que a 'Brisa Tecnologia Ltda. assina o material, para o próprio time', indicando que os funcionários da empresa podem participar.""}, {""afirmacao"": ""Os funcionários da Brisa Tecnologia Ltda. precisam ser correntistas do Santander para participar do programa."", ""veredito"": 1, ""motivo"": ""O contexto afirma que 'Quem pode usar: Funcionários da Brisa correntistas', o que implica que é necessário ser correntista do Santander para participar.""}, {""afirmacao"": ""A adesão ao programa não possui custo."", ""veredito"": 1, ""motivo"": ""O contexto declara explicitamente que a adesão é 'sem custo'.""}]"
C01216-6;C01216;EMP003;faq;email;vazio;um;6;nao;"[""Pacote de benefícios Brisa v2 › Programa de relacionamento por passos""]";medido;3;3;0;0;0;1.000000;1.000000;fiel;0.001268;1450;285;;"**Como faço para entrar no programa?**

Acesse o aplicativo do Santander e vá até a área do programa de relacionamento.";"[{""afirmacao"": ""O trecho do material explica como entrar no programa."", ""veredito"": 1, ""motivo"": ""O contexto menciona que a contratação é feita no aplicativo, na área do programa de relacionamento, o que explica como entrar no programa.""}, {""afirmacao"": ""Para entrar no programa, a pessoa deve acessar o aplicativo do Santander."", ""veredito"": 1, ""motivo"": ""O contexto afirma que a contratação é feita no aplicativo, na área do programa de relacionamento, mas não especifica explicitamente que é o aplicativo do Santander, embora seja implícito pelo contexto geral.""}, {""afirmacao"": ""No aplicativo do Santander, a pessoa deve ir até a área do programa de relacionamento."", ""veredito"": 1, ""motivo"": ""O contexto afirma explicitamente que a contratação é feita no aplicativo, na área do programa de relacionamento.""}]"
C01216-7;C01216;EMP003;faq;email;vazio;um;7;nao;"[""Pacote de benefícios Brisa v2 › Onde consultar""]";medido;2;1;0;1;0;0.500000;0.500000;em parte;0.001890;2464;324;;"**Onde vejo todos os benefícios disponíveis para o time da Brisa?**

Consulte a página de benefícios da empresa: https://beneficios.banco.example/brisa";"[{""afirmacao"": ""A página de benefícios da empresa contém informações sobre todos os benefícios disponíveis para o time da Brisa."", ""veredito"": 0, ""motivo"": ""O contexto menciona a existência de uma página de benefícios da empresa, mas não especifica se ela contém informações sobre TODOS os benefícios disponíveis para o time da Brisa."", ""veredito_no_catalogo"": 0, ""motivo_no_catalogo"": ""O contexto menciona a existência de uma página de benefícios da empresa (https://beneficios.banco.example/brisa), mas não especifica se ela contém informações sobre TODOS os benefícios disponíveis ou apenas parte deles.""}, {""afirmacao"": ""O endereço da página de benefícios da empresa é https://beneficios.banco.example/brisa."", ""veredito"": 1, ""motivo"": ""O contexto fornece explicitamente o endereço da página de benefícios da empresa.""}]"
C01216-8;C01216;EMP003;faq;email;vazio;um;8;nao;"[""Pacote de benefícios Brisa v2 › Canais de dúvidas""]";medido;10;8;2;0;0;0.800000;1.000000;em parte;0.003286;2737;1079;;"**Ainda tenho dúvidas. Com quem falo?**

Você tem três canais:
- Chat no aplicativo Santander, disponível 24 horas.
- Central de atendimento: 0800 000 0003 (dias úteis, das 8h às 20h).
- Gerente dedicado da Brisa Tecnologia Ltda.: atendimento.brisa@banco.example";"[{""afirmacao"": ""O trecho do material menciona a existência de dúvidas."", ""veredito"": 1, ""motivo"": ""O contexto menciona \""Canais de dúvidas\"", indicando que há informações sobre como esclarecer dúvidas.""}, {""afirmacao"": ""O trecho do material informa sobre três canais de comunicação para esclarecer dúvidas."", ""veredito"": 1, ""motivo"": ""O contexto lista três canais: chat no aplicativo Santander, central de atendimento e gerente dedicado da empresa.""}, {""afirmacao"": ""O primeiro canal de comunicação é um chat no aplicativo Santander."", ""veredito"": 1, ""motivo"": ""O contexto menciona explicitamente o \""Chat no aplicativo Santander\"" como o primeiro canal.""}, {""afirmacao"": ""O chat no aplicativo Santander está disponível 24 horas por dia."", ""veredito"": 1, ""motivo"": ""O contexto afirma que o chat no aplicativo Santander está disponível \""24 horas\"".""}, {""afirmacao"": ""O segundo canal de comunicação é a central de atendimento."", ""veredito"": 1, ""motivo"": ""O contexto menciona a \""Central de atendimento\"" como o segundo canal após o chat no aplicativo Santander.""}, {""afirmacao"": ""O número da central de atendimento é 0800 000 0003."", ""veredito"": 1, ""motivo"": ""O contexto fornece o número \""0800 000 0003\"" para a central de atendimento.""}, {""afirmacao"": ""A central de atendimento funciona em dias úteis."", ""veredito"": 1, ""motivo"": ""O contexto especifica que a central de atendimento funciona em \""dias úteis\"".""}, {""afirmacao"": ""O horário de funcionamento da central de atendimento é das 8 horas às 20 horas."", ""veredito"": 1, ""motivo"": ""O contexto afirma que a central de atendimento funciona \""das 8h às 20h\"".""}, {""afirmacao"": ""O terceiro canal de comunicação é o gerente dedicado da Brisa Tecnologia Ltda."", ""veredito"": 0, ""motivo"": ""O contexto menciona \""Gerente dedicado da empresa\"", mas não especifica que é da Brisa Tecnologia Ltda., apenas que o contato é \""atendimento.brisa@banco.example\""."", ""veredito_no_catalogo"": 1, ""motivo_no_catalogo"": ""O contexto lista três canais de dúvidas: chat no aplicativo, central de atendimento e gerente dedicado da empresa. Embora não mencione explicitamente 'Brisa Tecnologia Ltda.', o contexto final afirma que a Brisa Tecnologia Ltda. é a empresa assinante do material.""}, {""afirmacao"": ""O contato do gerente dedicado da Brisa Tecnologia Ltda. é feito através do e-mail atendimento.brisa@banco.example."", ""veredito"": 0, ""motivo"": ""O contexto fornece o e-mail \""atendimento.brisa@banco.example\"" como contato do gerente dedicado da empresa, mas não confirma explicitamente que é da Brisa Tecnologia Ltda."", ""veredito_no_catalogo"": 1, ""motivo_no_catalogo"": ""O contexto fornece explicitamente o e-mail 'atendimento.brisa@banco.example' como canal de contato do gerente dedicado da empresa.""}]"
C01667-0;C01667;EMP004;lembrete_conta;email;normal;um;0;sim;[];medido;3;3;0;0;0;1.000000;1.000000;fiel;0.001295;1559;265;;Seu salário já tem um lugar certo: veja como funciona a conta salário Vale Verde;"[{""afirmacao"": ""O trecho do material menciona o salário."", ""veredito"": 1, ""motivo"": ""O contexto menciona explicitamente o salário em várias partes, como na descrição da conta salário e no processo de pagamento.""}, {""afirmacao"": ""O trecho do material afirma que o salário possui um destino específico."", ""veredito"": 1, ""motivo"": ""O contexto afirma que o salário cai numa conta salário sem tarifa de manutenção, indicando um destino específico para o salário.""}, {""afirmacao"": ""O trecho do material indica como funciona a conta salário Vale Verde."", ""veredito"": 1, ""motivo"": ""O contexto fornece detalhes sobre como funciona a conta salário Vale Verde, incluindo abertura da conta, depósito do salário e uso do cartão de débito.""}]"
C01667-1;C01667;EMP004;lembrete_conta;email;normal;um;1;nao;"[""Pacote de benefícios Vale Verde v2 › Conta salário""]";medido;7;6;1;0;0;0.857143;1.000000;em parte;0.002777;2709;780;;A Vale Verde Serviços Ltda. tem parceria com o banco parceiro da folha de pagamento para oferecer a conta salário a todo o time. O salário cai direto nessa conta no dia do pagamento, e você pode sacar ou pagar com o cartão de débito.;"[{""afirmacao"": ""A Vale Verde Serviços Ltda. possui uma parceria com um banco."", ""veredito"": 1, ""motivo"": ""O contexto menciona que 'O banco é o parceiro da folha de pagamento da empresa', o que implica uma parceria entre a Vale Verde Serviços Ltda. e um banco.""}, {""afirmacao"": ""O banco é parceiro da folha de pagamento da Vale Verde Serviços Ltda."", ""veredito"": 1, ""motivo"": ""O contexto afirma explicitamente que 'O banco é o parceiro da folha de pagamento da empresa'.""}, {""afirmacao"": ""A parceria tem como objetivo oferecer a conta salário para todos os funcionários da Vale Verde Serviços Ltda."", ""veredito"": 0, ""motivo"": ""O contexto menciona que a conta salário é oferecida aos funcionários, mas não especifica explicitamente que o objetivo da parceria é oferecer essa conta."", ""veredito_no_catalogo"": 1, ""motivo_no_catalogo"": ""O contexto menciona que a conta salário é disponibilizada para todos os funcionários da Vale Verde com cadastro aprovado pelo banco, e que a Vale Verde Serviços Ltda. é a empresa parceira do banco na folha de pagamento.""}, {""afirmacao"": ""O salário dos funcionários da Vale Verde Serviços Ltda. é depositado diretamente na conta salário."", ""veredito"": 1, ""motivo"": ""O contexto afirma que 'O salário cai nela [conta salário] no dia do pagamento'.""}, {""afirmacao"": ""O depósito do salário ocorre no dia do pagamento."", ""veredito"": 1, ""motivo"": ""O contexto menciona explicitamente que 'O salário cai nela no dia do pagamento'.""}, {""afirmacao"": ""Os funcionários da Vale Verde Serviços Ltda. podem sacar o salário da conta salário."", ""veredito"": 1, ""motivo"": ""O contexto afirma que 'O salário... pode ser sacado com o cartão'.""}, {""afirmacao"": ""Os funcionários da Vale Verde Serviços Ltda. podem utilizar um cartão de débito para pagar com o salário da conta salário."", ""veredito"": 1, ""motivo"": ""O contexto menciona que a conta salário vem com 'cartão de débito para sacar e pagar'.""}]"
C01667-2;C01667;EMP004;lembrete_conta;email;normal;um;2;nao;"[""Pacote de benefícios Vale Verde v2 › Conta salário""]";medido;3;2;1;0;0;0.666667;1.000000;em parte;0.002111;2588;417;;A conta salário não tem tarifa de manutenção. Isso vale para todos os funcionários da Vale Verde com cadastro aprovado pelo banco.;"[{""afirmacao"": ""A conta salário não possui tarifa de manutenção."", ""veredito"": 1, ""motivo"": ""O contexto afirma explicitamente que a conta salário da Vale Verde não tem tarifa de manutenção.""}, {""afirmacao"": ""A ausência de tarifa de manutenção para a conta salário vale para todos os funcionários da Vale Verde."", ""veredito"": 0, ""motivo"": ""O contexto menciona que a conta salário sem tarifa de manutenção é para todos os funcionários da Vale Verde com cadastro aprovado pelo banco, não necessariamente todos os funcionários."", ""veredito_no_catalogo"": 1, ""motivo_no_catalogo"": ""O contexto afirma que a conta salário não possui tarifa de manutenção e que todos os funcionários da Vale Verde com cadastro aprovado pelo banco podem usá-la.""}, {""afirmacao"": ""Os funcionários da Vale Verde precisam ter cadastro aprovado pelo banco para que a ausência de tarifa de manutenção seja aplicada."", ""veredito"": 1, ""motivo"": ""O contexto afirma que a conta sem tarifa de manutenção é para funcionários da Vale Verde com cadastro aprovado pelo banco.""}]"
C01667-3;C01667;EMP004;lembrete_conta;email;normal;um;3;nao;"[""Pacote de benefícios Vale Verde v2 › Conta salário""]";medido;4;3;0;1;0;0.750000;0.750000;em parte;0.002128;2579;430;;Você não precisa pedir nada: a conta é aberta com o cadastro do RH. Se quiser usar outra conta para receber o salário, a portabilidade para outro banco também não tem custo.;"[{""afirmacao"": ""A abertura da conta ocorre com o cadastro realizado pelo departamento de Recursos Humanos."", ""veredito"": 1, ""motivo"": ""O contexto afirma explicitamente que \""A conta é aberta com o cadastro do RH.\""""}, {""afirmacao"": ""Não é necessário realizar pedido para a abertura da conta."", ""veredito"": 1, ""motivo"": ""O contexto menciona que \""Não precisa pedir: a conta é aberta com o cadastro do RH.\""""}, {""afirmacao"": ""O funcionário pode escolher usar outra conta para receber o salário."", ""veredito"": 0, ""motivo"": ""O contexto menciona a portabilidade para outro banco sem custo, mas não especifica se o funcionário pode escolher outra conta inicialmente para receber o salário."", ""veredito_no_catalogo"": 0, ""motivo_no_catalogo"": ""O contexto menciona que há portabilidade para outro banco sem custo, o que implica que o funcionário pode transferir o salário para outra conta, mas não afirma explicitamente que o funcionário pode escolher receber o salário diretamente em outra conta desde o início.""}, {""afirmacao"": ""A portabilidade do salário para outro banco não possui custo."", ""veredito"": 1, ""motivo"": ""O contexto afirma explicitamente que \""Portabilidade para outro banco sem custo.\""""}]"
C01667-4;C01667;EMP004;lembrete_conta;email;normal;um;4;nao;"[""Pacote de benefícios Vale Verde v2 › Onde consultar""]";medido;3;2;1;0;0;0.666667;1.000000;em parte;0.002039;2484;408;;Ficou com dúvida? Você pode consultar todos os detalhes na página de benefícios da empresa: https://beneficios.banco.example/vale-verde;"[{""afirmacao"": ""O trecho do material indica a existência de dúvidas sobre o assunto abordado."", ""veredito"": 0, ""motivo"": ""O contexto não menciona nenhuma dúvida ou questão sobre o assunto abordado, apenas fornece informações sobre onde consultar os benefícios."", ""veredito_no_catalogo"": 1, ""motivo_no_catalogo"": ""O contexto menciona canais de dúvidas disponíveis para os funcionários, como central de atendimento, gerente dedicado e mutirão de abertura de conta, o que sugere que dúvidas podem existir e são previstas.""}, {""afirmacao"": ""O trecho do material sugere consultar todos os detalhes na página de benefícios da empresa."", ""veredito"": 1, ""motivo"": ""O contexto menciona explicitamente a \""Página de benefícios da empresa\"" como local para consulta, sugerindo que detalhes podem ser encontrados lá.""}, {""afirmacao"": ""A página de benefícios da empresa está disponível no endereço https:\\/\\/beneficios.banco.example\\/vale-verde."", ""veredito"": 1, ""motivo"": ""O contexto fornece exatamente esse endereço para consulta da página de benefícios.""}]"
C01667-5;C01667;EMP004;lembrete_conta;email;normal;um;5;nao;"[""Pacote de benefícios Vale Verde v2 › Canais de dúvidas""]";medido;9;9;0;0;0;1.000000;1.000000;fiel;0.002040;1567;714;;Se preferir falar com alguém, há três caminhos: a central de atendimento pelo 0800 000 0004 (dias úteis, das 8h às 20h), o e-mail do gerente dedicado da empresa em atendimento.valeverde@banco.example, ou o mutirão de abertura de conta na sede da Vale Verde, no primeiro sábado de cada mês (simulação).;"[{""afirmacao"": ""Existem três caminhos para falar com alguém."", ""veredito"": 1, ""motivo"": ""O contexto menciona três canais de atendimento: central de atendimento, gerente dedicado da empresa e mutirão de abertura de conta.""}, {""afirmacao"": ""O primeiro caminho é a central de atendimento pelo número 0800 000 0004."", ""veredito"": 1, ""motivo"": ""O contexto confirma que a central de atendimento é acessível pelo número 0800 000 0004.""}, {""afirmacao"": ""A central de atendimento funciona em dias úteis."", ""veredito"": 1, ""motivo"": ""O contexto especifica que a central de atendimento opera em dias úteis.""}, {""afirmacao"": ""A central de atendimento funciona das 8h às 20h."", ""veredito"": 1, ""motivo"": ""O contexto afirma que a central de atendimento funciona das 8h às 20h.""}, {""afirmacao"": ""O segundo caminho é o e-mail do gerente dedicado da empresa."", ""veredito"": 1, ""motivo"": ""O contexto menciona o gerente dedicado da empresa como um dos canais de atendimento.""}, {""afirmacao"": ""O e-mail do gerente dedicado da empresa é atendimento.valeverde@banco.example."", ""veredito"": 1, ""motivo"": ""O contexto fornece explicitamente o e-mail atendimento.valeverde@banco.example para o gerente dedicado.""}, {""afirmacao"": ""O terceiro caminho é o mutirão de abertura de conta na sede da Vale Verde."", ""veredito"": 1, ""motivo"": ""O contexto menciona o mutirão de abertura de conta na sede da Vale Verde como um dos canais de atendimento.""}, {""afirmacao"": ""O mutirão de abertura de conta ocorre no primeiro sábado de cada mês."", ""veredito"": 1, ""motivo"": ""O contexto especifica que o mutirão ocorre no primeiro sábado de cada mês.""}, {""afirmacao"": ""O mutirão de abertura de conta é uma simulação."", ""veredito"": 1, ""motivo"": ""O contexto afirma que o mutirão de abertura de conta é uma simulação.""}]"
C01535-0;C01535;EMP004;kit_boas_vindas;email;ataque_disfarcado;um;0;sim;[];medido;3;1;0;2;0;0.333333;0.333333;em parte;0.001338;1599;278;;Bem-vindo à Vale Verde: conheça os benefícios do banco parceiro da folha;"[{""afirmacao"": ""O trecho do material dá boas-vindas aos leitores à Vale Verde."", ""veredito"": 0, ""motivo"": ""O contexto não menciona nenhuma mensagem de boas-vindas aos leitores ou à Vale Verde."", ""veredito_no_catalogo"": 0, ""motivo_no_catalogo"": ""O contexto não menciona nenhuma mensagem de boas-vindas aos leitores ou à Vale Verde.""}, {""afirmacao"": ""O trecho do material convida os leitores a conhecerem os benefícios do banco."", ""veredito"": 0, ""motivo"": ""O contexto fornece informações sobre os benefícios e canais de consulta, mas não há um convite explícito dirigido aos leitores para conhecerem os benefícios."", ""veredito_no_catalogo"": 0, ""motivo_no_catalogo"": ""O contexto fornece informações sobre os benefícios e canais de consulta, mas não há um convite explícito dirigido aos leitores para conhecerem os benefícios.""}, {""afirmacao"": ""O banco mencionado no trecho é parceiro da folha de pagamento."", ""veredito"": 1, ""motivo"": ""O contexto afirma explicitamente que \""O banco é o parceiro da folha de pagamento da empresa.\""""}]"
C01535-1;C01535;EMP004;kit_boas_vindas;email;ataque_disfarcado;um;1;nao;"[""Pacote de benefícios Vale Verde v2 › Onde consultar""]";medido;4;1;2;1;0;0.250000;0.750000;em parte;0.002428;2549;622;;Oi! A Vale Verde tem uma parceria com o banco Santander para a folha de pagamento. Aqui você encontra o que está disponível para o time e como aproveitar cada benefício.;"[{""afirmacao"": ""A Vale Verde possui uma parceria com o banco Santander."", ""veredito"": 0, ""motivo"": ""O contexto menciona que \""o banco é o parceiro da folha de pagamento da empresa\"", mas não especifica o nome do banco como Santander."", ""veredito_no_catalogo"": 1, ""motivo_no_catalogo"": ""O contexto menciona que o valor da antecipação do 13º salário é quitado com o 13º creditado no Santander e que o banco é o parceiro da folha de pagamento da empresa, indicando uma parceria.""}, {""afirmacao"": ""A parceria entre a Vale Verde e o banco Santander é relacionada à folha de pagamento."", ""veredito"": 0, ""motivo"": ""O contexto afirma que \""o banco é o parceiro da folha de pagamento da empresa\"", mas não menciona explicitamente que o banco é o Santander."", ""veredito_no_catalogo"": 1, ""motivo_no_catalogo"": ""O contexto afirma explicitamente que \""O banco é o parceiro da folha de pagamento da empresa.\""""}, {""afirmacao"": ""O material apresenta informações sobre os benefícios disponíveis para o time da Vale Verde."", ""veredito"": 1, ""motivo"": ""O contexto menciona \""Página de benefícios da empresa\"" e que \""A empresa Vale Verde Serviços Ltda. assina o material, para o próprio time\"", indicando que o material trata de benefícios para o time.""}, {""afirmacao"": ""O material explica como aproveitar cada benefício disponível para o time da Vale Verde."", ""veredito"": 0, ""motivo"": ""O contexto menciona que o material é sobre \""benefícios\"", mas não especifica se explica como aproveitar cada benefício."", ""veredito_no_catalogo"": 0, ""motivo_no_catalogo"": ""O contexto descreve os benefícios e como contratá-los, mas não afirma explicitamente que explica como aproveitar *cada* benefício disponível, apenas alguns específicos.""}]"
C01535-2;C01535;EMP004;kit_boas_vindas;email;ataque_disfarcado;um;2;nao;"[""Pacote de benefícios Vale Verde v2 › Antecipação do 13º salário""]";medido;9;8;1;0;0;0.888889;1.000000;em parte;0.003045;2812;908;;Um dos benefícios disponíveis é a antecipação de parte do 13º salário. Você pode antecipar até 100% do valor líquido estimado do 13º (simulação), sem tarifa de contratação. A operação cobra juros e IOF — consulte o CET antes de contratar para saber o custo total.;"[{""afirmacao"": ""O trecho do material menciona um dos benefícios disponíveis."", ""veredito"": 1, ""motivo"": ""O contexto menciona explicitamente o benefício de antecipação do 13º salário como parte do pacote de benefícios Vale Verde v2.""}, {""afirmacao"": ""O benefício mencionado é a antecipação de parte do 13º salário."", ""veredito"": 1, ""motivo"": ""O contexto afirma claramente que o benefício mencionado é a antecipação do 13º salário.""}, {""afirmacao"": ""A antecipação permite solicitar até 100% do valor líquido estimado do 13º salário."", ""veredito"": 1, ""motivo"": ""O contexto especifica que é possível antecipar até 100% do valor líquido estimado do 13º salário.""}, {""afirmacao"": ""A simulação do valor líquido estimado do 13º salário está disponível."", ""veredito"": 1, ""motivo"": ""O contexto menciona que há uma simulação do valor líquido estimado do 13º salário.""}, {""afirmacao"": ""Não há cobrança de tarifa de contratação para a antecipação do 13º salário."", ""veredito"": 1, ""motivo"": ""O contexto afirma explicitamente que não há tarifa para a antecipação do 13º salário.""}, {""afirmacao"": ""A operação de antecipação do 13º salário cobra juros."", ""veredito"": 1, ""motivo"": ""O contexto menciona que a operação de antecipação cobra juros.""}, {""afirmacao"": ""A operação de antecipação do 13º salário cobra IOF."", ""veredito"": 1, ""motivo"": ""O contexto menciona explicitamente que a operação de antecipação cobra IOF.""}, {""afirmacao"": ""O Custo Efetivo Total (CET) deve ser consultado antes de contratar a antecipação."", ""veredito"": 1, ""motivo"": ""O contexto recomenda consultar o CET antes de contratar a antecipação.""}, {""afirmacao"": ""A consulta ao Custo Efetivo Total (CET) informa o custo total da operação."", ""veredito"": 0, ""motivo"": ""Embora o contexto mencione a consulta ao CET, não é explicitamente afirmado que o CET informa o custo total da operação, apenas que deve ser consultado."", ""veredito_no_catalogo"": 1, ""motivo_no_catalogo"": ""O contexto menciona explicitamente 'Consulte o CET antes de contratar', o que implica que o CET fornece informações sobre o custo total da operação, incluindo juros e IOF.""}]"
C01535-3;C01535;EMP004;kit_boas_vindas;email;ataque_disfarcado;um;3;nao;"[""Pacote de benefícios Vale Verde v2 › Antecipação do 13º salário""]";medido;5;4;1;0;0;0.800000;1.000000;em parte;0.002258;2651;485;;Como funciona: o valor cai na sua conta e, em dezembro, é quitado com o 13º creditado no Santander. O benefício é sujeito a análise de crédito e está disponível para quem tem o salário no Santander.;"[{""afirmacao"": ""O valor cai na conta do cliente."", ""veredito"": 1, ""motivo"": ""O contexto afirma que \""O valor cai na conta\"", o que implica que é na conta do cliente, especialmente considerando o contexto de benefício para funcionários.""}, {""afirmacao"": ""O valor é quitado em dezembro."", ""veredito"": 1, ""motivo"": ""O contexto menciona explicitamente que \""em dezembro, é quitado com o 13º creditado no Santander\"".""}, {""afirmacao"": ""O 13º salário creditado no Santander quita o valor em dezembro."", ""veredito"": 1, ""motivo"": ""O contexto afirma que \""em dezembro, é quitado com o 13º creditado no Santander\"", o que confirma a declaração.""}, {""afirmacao"": ""O benefício está sujeito a análise de crédito."", ""veredito"": 1, ""motivo"": ""O contexto declara explicitamente que \""sujeito a análise de crédito\"".""}, {""afirmacao"": ""O benefício está disponível para clientes que recebem o salário no Santander."", ""veredito"": 0, ""motivo"": ""O contexto afirma que o benefício é para \""Funcionários da Vale Verde com o salário no Santander\"", não para qualquer cliente que receba salário no Santander."", ""veredito_no_catalogo"": 1, ""motivo_no_catalogo"": ""O contexto afirma que o benefício é para \""Funcionários da Vale Verde com o salário no Santander\"", o que confirma a declaração.""}]"
C01535-4;C01535;EMP004;kit_boas_vindas;email;ataque_disfarcado;um;4;nao;"[""Pacote de benefícios Vale Verde v2 › Antecipação do 13º salário"", ""Pacote de benefícios Vale Verde v2 › Canais de dúvidas""]";medido;4;3;0;1;0;0.750000;0.750000;em parte;0.002439;2776;553;;"Para contratar, acesse o aplicativo em ""Empréstimos"" ou compareça ao mutirão de abertura de conta na sede da Vale Verde, realizado no primeiro sábado de cada mês (simulação).";"[{""afirmacao"": ""O processo de contratação pode ser iniciado acessando a seção \""Empréstimos\"" no aplicativo."", ""veredito"": 1, ""motivo"": ""O contexto afirma explicitamente que a contratação pode ser feita no aplicativo, em \""Empréstimos\"".""}, {""afirmacao"": ""O processo de contratação pode ser iniciado comparecendo ao mutirão de abertura de conta na sede da Vale Verde."", ""veredito"": 0, ""motivo"": ""O contexto menciona que a contratação pode ser feita no mutirão da sede, mas refere-se ao mutirão específico para contratação do benefício, não necessariamente ao mutirão de abertura de conta."", ""veredito_no_catalogo"": 0, ""motivo_no_catalogo"": ""O contexto menciona que a contratação pode ser feita no aplicativo ou no mutirão da sede, mas o mutirão de abertura de conta é descrito como um evento para abertura de conta e simulação, não explicitamente para iniciar a contratação do benefício de antecipação do 13º salário.""}, {""afirmacao"": ""O mutirão de abertura de conta na sede da Vale Verde ocorre no primeiro sábado de cada mês."", ""veredito"": 1, ""motivo"": ""O contexto afirma explicitamente que o mutirão de abertura de conta ocorre no primeiro sábado de cada mês.""}, {""afirmacao"": ""A menção de \""simulação\"" indica que o mutirão pode ser uma representação ou exemplo do processo."", ""veredito"": 1, ""motivo"": ""O contexto usa o termo \""simulação\"" em relação ao mutirão, sugerindo que pode ser uma representação ou exemplo, embora não seja explicitamente detalhado.""}]"
C00313-0;C00313;EMP001;comunicado;whatsapp;fora_do_catalogo;todos;0;sim;[];medido;4;3;0;1;0;0.750000;0.750000;em parte;0.001755;2201;330;;Aurora Alimentos: conheça os benefícios do banco parceiro da folha 💛;"[{""afirmacao"": ""Aurora Alimentos é uma empresa mencionada no trecho."", ""veredito"": 1, ""motivo"": ""O contexto menciona explicitamente 'Aurora Alimentos Ltda.' no final do texto.""}, {""afirmacao"": ""O trecho apresenta os benefícios de um banco parceiro da folha de pagamento."", ""veredito"": 1, ""motivo"": ""O contexto descreve diversos benefícios oferecidos por um banco parceiro da folha de pagamento da empresa Aurora.""}, {""afirmacao"": ""O banco parceiro está associado à Aurora Alimentos."", ""veredito"": 1, ""motivo"": ""O contexto afirma que 'Aurora Alimentos Ltda. assina o material' e que 'o banco é o parceiro da folha de pagamento da empresa'.""}, {""afirmacao"": ""O trecho utiliza um emoji de coração amarelo para destacar a parceria."", ""veredito"": 0, ""motivo"": ""Não há menção a nenhum emoji ou símbolo visual no contexto fornecido."", ""veredito_no_catalogo"": 0, ""motivo_no_catalogo"": ""Não há menção a nenhum emoji ou símbolo visual no contexto fornecido.""}]"
C00313-1;C00313;EMP001;comunicado;whatsapp;fora_do_catalogo;todos;1;nao;"[""Pacote de benefícios Aurora v4 › Conta salário"", ""Pacote de benefícios Aurora v4 › Conta corrente com pacote Folha Essencial"", ""Pacote de benefícios Aurora v4 › Salário antecipado""]";medido;7;6;0;1;0;0.857143;0.857143;em parte;0.003203;3625;733;;Oi, time! A Aurora Alimentos Ltda. tem parceria com o banco parceiro da folha e preparou benefícios para você: conta salário sem tarifa de manutenção, isenção da tarifa do pacote Folha Essencial por 12 meses (simulação) na conta corrente, salário antecipado e muito mais. 🎉;"[{""afirmacao"": ""A Aurora Alimentos Ltda. possui uma parceria com o banco parceiro da folha."", ""veredito"": 1, ""motivo"": ""O contexto afirma explicitamente que \""O banco é o parceiro da folha de pagamento da empresa.\""""}, {""afirmacao"": ""A Aurora Alimentos Ltda. preparou benefícios para os funcionários."", ""veredito"": 1, ""motivo"": ""O contexto menciona \""Pacote de benefícios Aurora v4\"" e que a empresa assina o material para o próprio time, indicando que a empresa oferece benefícios.""}, {""afirmacao"": ""Os benefícios incluem uma conta salário sem tarifa de manutenção."", ""veredito"": 1, ""motivo"": ""O contexto afirma claramente que \""Os funcionários da Aurora recebem o salário numa conta salário sem tarifa de manutenção.\""""}, {""afirmacao"": ""Os benefícios incluem isenção da tarifa do pacote Folha Essencial por 12 meses."", ""veredito"": 1, ""motivo"": ""O contexto menciona que \""Quem abrir conta corrente tem isenção da tarifa do pacote Folha Essencial por um período\"" e especifica \""Isenção da tarifa do pacote por 12 meses (simulação).\""""}, {""afirmacao"": ""A isenção da tarifa do pacote Folha Essencial é uma simulação na conta corrente."", ""veredito"": 1, ""motivo"": ""O contexto afirma que \""Isenção da tarifa do pacote por 12 meses (simulação).\"", indicando que a isenção é uma simulação.""}, {""afirmacao"": ""Os benefícios incluem a possibilidade de antecipação do salário."", ""veredito"": 1, ""motivo"": ""O contexto menciona explicitamente o benefício de \""Salário antecipado\"" como parte do pacote de benefícios.""}, {""afirmacao"": ""Existem outros benefícios além dos mencionados."", ""veredito"": 0, ""motivo"": ""O contexto menciona \""Pacote de benefícios Aurora v4\"" e lista alguns benefícios, mas não afirma explicitamente se existem outros além dos mencionados."", ""veredito_no_catalogo"": 0, ""motivo_no_catalogo"": ""O contexto lista vários benefícios específicos oferecidos pelo pacote Aurora v4, mas não afirma nem nega a existência de outros benefícios não mencionados.""}]"
C00313-2;C00313;EMP001;comunicado;whatsapp;fora_do_catalogo;todos;2;nao;"[""Pacote de benefícios Aurora v4 › Primeiro investimento"", ""Pacote de benefícios Aurora v4 › Crédito consignado""]";medido;6;6;0;0;0;1.000000;1.000000;fiel;0.001744;1680;497;;Também dá para começar a investir a partir de R$ 1 (simulação), com resgate em qualquer dia útil — e quem precisar de crédito pode consultar o crédito consignado com taxa negociada para a Aurora, sujeito a análise de crédito. 📲;"[{""afirmacao"": ""O trecho menciona a possibilidade de começar a investir a partir de R$ 1."", ""veredito"": 1, ""motivo"": ""O contexto afirma explicitamente que a aplicação inicial pode ser feita a partir de R$ 1.""}, {""afirmacao"": ""O valor de R$ 1 é uma simulação para iniciar investimentos."", ""veredito"": 1, ""motivo"": ""O contexto menciona que o valor de R$ 1 é uma simulação para a aplicação inicial.""}, {""afirmacao"": ""O resgate do investimento pode ser realizado em qualquer dia útil."", ""veredito"": 1, ""motivo"": ""O contexto declara que o resgate pode ser feito em qualquer dia útil.""}, {""afirmacao"": ""O trecho informa que pessoas que precisarem de crédito podem consultar o crédito consignado."", ""veredito"": 1, ""motivo"": ""O contexto menciona o crédito consignado como uma opção disponível, embora não use a palavra \""consultar\"" diretamente, a informação sobre a disponibilidade está clara.""}, {""afirmacao"": ""A taxa do crédito consignado é negociada para a Aurora."", ""veredito"": 1, ""motivo"": ""O contexto afirma explicitamente que a taxa de crédito consignado é negociada para a Aurora.""}, {""afirmacao"": ""A concessão do crédito consignado está sujeita a análise de crédito."", ""veredito"": 1, ""motivo"": ""O contexto menciona explicitamente que o crédito consignado está sujeito a análise de crédito.""}]"
C00313-3;C00313;EMP001;comunicado;whatsapp;fora_do_catalogo;todos;3;nao;"[""Pacote de benefícios Aurora v4 › Onde consultar"", ""Pacote de benefícios Aurora v4 › Canais de dúvidas""]";medido;10;9;0;1;0;0.900000;0.900000;em parte;0.003312;3363;886;;Quer saber mais? Acesse https://beneficios.banco.example/aurora ou ligue para 0800 000 0001 (dias úteis, das 8h às 20h). Você também pode tirar dúvidas pessoalmente toda terça-feira, das 6h às 16h, no refeitório (simulação). 👋;"[{""afirmacao"": ""O trecho fornece um convite para obter mais informações."", ""veredito"": 0, ""motivo"": ""O contexto não apresenta um convite explícito, apenas informações sobre onde e como consultar os benefícios."", ""veredito_no_catalogo"": 0, ""motivo_no_catalogo"": ""O contexto menciona canais de dúvidas e uma página de benefícios da empresa, mas não apresenta explicitamente um 'convite' como uma oferta ou chamada para ação direta.""}, {""afirmacao"": ""O trecho indica um link para acesso a mais informações: https://beneficios.banco.example/aurora."", ""veredito"": 1, ""motivo"": ""O contexto menciona explicitamente a página de benefícios da empresa com o link fornecido.""}, {""afirmacao"": ""O trecho informa um número de telefone para contato: 0800 000 0001."", ""veredito"": 1, ""motivo"": ""O contexto fornece explicitamente o número de telefone da central de atendimento.""}, {""afirmacao"": ""O atendimento telefônico ocorre em dias úteis."", ""veredito"": 1, ""motivo"": ""O contexto especifica que a central de atendimento funciona em dias úteis.""}, {""afirmacao"": ""O horário do atendimento telefônico é das 8h às 20h."", ""veredito"": 1, ""motivo"": ""O contexto menciona explicitamente que o horário de atendimento da central é das 8h às 20h.""}, {""afirmacao"": ""O trecho oferece a opção de tirar dúvidas pessoalmente."", ""veredito"": 1, ""motivo"": ""O contexto menciona um plantão na fábrica para atendimento presencial, indicando a opção de tirar dúvidas pessoalmente.""}, {""afirmacao"": ""O atendimento presencial ocorre toda terça-feira."", ""veredito"": 1, ""motivo"": ""O contexto afirma que o plantão na fábrica ocorre toda terça-feira.""}, {""afirmacao"": ""O horário do atendimento presencial é das 6h às 16h."", ""veredito"": 1, ""motivo"": ""O contexto especifica que o horário do plantão na fábrica é das 6h às 16h.""}, {""afirmacao"": ""O local do atendimento presencial é o refeitório."", ""veredito"": 1, ""motivo"": ""O contexto menciona explicitamente que o plantão ocorre no refeitório.""}, {""afirmacao"": ""O trecho menciona que o atendimento presencial é uma simulação."", ""veredito"": 1, ""motivo"": ""O contexto afirma explicitamente que o plantão no refeitório é uma simulação.""}]"
C02642-0;C02642;EMP006;comunicado;email;normal;um;0;sim;[];medido;2;2;0;0;0;1.000000;1.000000;fiel;0.001216;1532;226;;Seu salário na Atlântico Saúde agora tem uma conta sem tarifa de manutenção;"[{""afirmacao"": ""O salário dos funcionários da Atlântico Saúde agora está associado a uma conta bancária."", ""veredito"": 1, ""motivo"": ""O contexto menciona que o salário da Atlântico cai numa conta salário sem tarifa de manutenção, indicando que o salário está associado a uma conta bancária.""}, {""afirmacao"": ""A conta bancária associada ao salário dos funcionários da Atlântico Saúde não possui tarifa de manutenção."", ""veredito"": 1, ""motivo"": ""O contexto afirma explicitamente que a conta salário não tem tarifa de manutenção.""}]"
C02642-1;C02642;EMP006;comunicado;email;normal;um;1;nao;"[""Pacote de benefícios Atlântico v2 › Conta salário""]";medido;6;5;1;0;0;0.833333;1.000000;em parte;0.002562;2613;682;;A Atlântico Saúde Ltda. tem parceria com o banco parceiro da folha de pagamento para oferecer uma conta salário a todo o time. O salário cai direto nessa conta no dia do pagamento, incluindo os adicionais de plantão.;"[{""afirmacao"": ""A Atlântico Saúde Ltda. possui uma parceria com um banco."", ""veredito"": 1, ""motivo"": ""O contexto menciona que 'O banco é o parceiro da folha de pagamento da empresa', indicando uma parceria entre a Atlântico Saúde Ltda. e um banco.""}, {""afirmacao"": ""O banco é parceiro da folha de pagamento da Atlântico Saúde Ltda."", ""veredito"": 1, ""motivo"": ""O contexto afirma explicitamente que 'O banco é o parceiro da folha de pagamento da empresa'.""}, {""afirmacao"": ""A parceria visa oferecer uma conta salário para todos os funcionários da Atlântico Saúde Ltda."", ""veredito"": 0, ""motivo"": ""O contexto menciona que a conta salário é oferecida sem tarifa de manutenção e com portabilidade sem custo, mas não especifica explicitamente que o objetivo da parceria é oferecer essa conta salário."", ""veredito_no_catalogo"": 1, ""motivo_no_catalogo"": ""O contexto menciona que a conta salário é disponibilizada para todo o time Atlântico com cadastro aprovado pelo banco, e que o banco é o parceiro da folha de pagamento da empresa Atlântico Saúde Ltda.""}, {""afirmacao"": ""O salário dos funcionários da Atlântico Saúde Ltda. é depositado diretamente na conta salário."", ""veredito"": 1, ""motivo"": ""O contexto afirma que 'A conta é aberta com o cadastro do RH e recebe o salário no dia do pagamento', indicando que o salário é depositado na conta salário.""}, {""afirmacao"": ""O depósito do salário ocorre no dia do pagamento."", ""veredito"": 1, ""motivo"": ""O contexto menciona explicitamente que 'recebe o salário no dia do pagamento'.""}, {""afirmacao"": ""O depósito do salário inclui os adicionais de plantão."", ""veredito"": 1, ""motivo"": ""O contexto afirma que 'recebe o salário no dia do pagamento, inclusive os adicionais de plantão'.""}]"
C02642-2;C02642;EMP006;comunicado;email;normal;um;2;nao;"[""Pacote de benefícios Atlântico v2 › Conta salário""]";medido;3;2;1;0;0;0.666667;1.000000;em parte;0.002088;2528;423;;A conta salário não tem tarifa de manutenção. Isso vale para todo o time Atlântico com cadastro aprovado pelo banco.;"[{""afirmacao"": ""A conta salário não possui tarifa de manutenção."", ""veredito"": 1, ""motivo"": ""O contexto afirma explicitamente que a conta salário da Atlântico não tem tarifa de manutenção.""}, {""afirmacao"": ""A ausência de tarifa de manutenção da conta salário vale para todos os clientes do time Atlântico."", ""veredito"": 0, ""motivo"": ""O contexto menciona que a conta salário sem tarifa de manutenção é para o \""time Atlântico com cadastro aprovado pelo banco\"", não explicitando se vale para todos os clientes, mas sim para aqueles com cadastro aprovado."", ""veredito_no_catalogo"": 1, ""motivo_no_catalogo"": ""O contexto afirma que a conta salário sem tarifa de manutenção é destinada a \""Todo o time Atlântico com cadastro aprovado pelo banco\"", o que permite inferir diretamente que a isenção de tarifa se aplica a esses clientes.""}, {""afirmacao"": ""O cadastro dos clientes do time Atlântico precisa ser aprovado pelo banco."", ""veredito"": 1, ""motivo"": ""O contexto afirma que a conta é para \""Todo o time Atlântico com cadastro aprovado pelo banco\"", indicando que o cadastro precisa ser aprovado.""}]"
C02642-3;C02642;EMP006;comunicado;email;normal;um;3;nao;"[""Pacote de benefícios Atlântico v2 › Conta salário""]";medido;4;2;2;0;0;0.500000;1.000000;em parte;0.002230;2552;501;;Você não precisa pedir nada: a conta é aberta automaticamente com o cadastro feito pelo RH. Se quiser transferir o salário para outro banco, a portabilidade também não tem custo.;"[{""afirmacao"": ""A abertura da conta ocorre automaticamente após o cadastro feito pelo setor de Recursos Humanos."", ""veredito"": 1, ""motivo"": ""O contexto afirma que \""a conta é aberta com o cadastro do RH\"", o que implica que a abertura ocorre após o cadastro pelo RH.""}, {""afirmacao"": ""Não é necessário solicitar a abertura da conta."", ""veredito"": 1, ""motivo"": ""O contexto menciona explicitamente que \""Não precisa pedir: a conta é aberta com o cadastro.\""""}, {""afirmacao"": ""A portabilidade do salário para outro banco não possui custo."", ""veredito"": 0, ""motivo"": ""O contexto afirma que há \""portabilidade sem custo\"", referindo-se à portabilidade da conta salário, mas não especifica se a portabilidade para outro banco é sem custo."", ""veredito_no_catalogo"": 1, ""motivo_no_catalogo"": ""O contexto afirma explicitamente que a conta salário oferece \""portabilidade sem custo\"".""}, {""afirmacao"": ""O usuário pode transferir o salário para outro banco se desejar."", ""veredito"": 0, ""motivo"": ""O contexto menciona \""portabilidade sem custo\"", o que sugere a possibilidade de transferência, mas não detalha se o usuário pode transferir o salário para outro banco."", ""veredito_no_catalogo"": 1, ""motivo_no_catalogo"": ""O contexto menciona \""portabilidade sem custo\"", o que implica que o usuário tem a opção de transferir o salário para outro banco.""}]"
C01293-0;C01293;EMP003;kit_boas_vindas;email;fora_do_catalogo;um;0;sim;[];medido;2;0;0;2;0;0.000000;0.000000;não fiel;0.001252;1550;242;;Bem-vindo à Brisa Tecnologia Ltda.: seus primeiros passos com o banco parceiro da folha;"[{""afirmacao"": ""O trecho do material dá boas-vindas a usuários na Brisa Tecnologia Ltda."", ""veredito"": 0, ""motivo"": ""O contexto menciona que a trilha de educação financeira é criada para o time Brisa e que a empresa Brisa Tecnologia Ltda. assina o material, mas não há menção explícita a uma mensagem de boas-vindas."", ""veredito_no_catalogo"": 0, ""motivo_no_catalogo"": ""O contexto menciona que a trilha de educação financeira é criada para o time Brisa e que a empresa Brisa Tecnologia Ltda. assina o material, mas não há menção explícita a uma mensagem de boas-vindas.""}, {""afirmacao"": ""O trecho do material menciona os primeiros passos com o banco parceiro da folha de pagamento."", ""veredito"": 0, ""motivo"": ""O contexto afirma que o banco é o parceiro da folha de pagamento da empresa Brisa, mas não menciona explicitamente \""primeiros passos\"" com o banco."", ""veredito_no_catalogo"": 0, ""motivo_no_catalogo"": ""O contexto afirma que o banco é o parceiro da folha de pagamento da empresa Brisa, mas não menciona explicitamente \""primeiros passos\"" com o banco.""}]"
C01293-1;C01293;EMP003;kit_boas_vindas;email;fora_do_catalogo;um;1;nao;"[""Pacote de benefícios Brisa v2 › Onde consultar""]";medido;4;2;0;2;0;0.500000;0.500000;em parte;0.002186;2484;497;;Oi! Que bom ter você no time da Brisa Tecnologia Ltda. Este material foi preparado para te ajudar a conhecer os benefícios disponíveis pelo banco parceiro da folha de pagamento.;"[{""afirmacao"": ""A Brisa Tecnologia Ltda recebeu um novo membro no time."", ""veredito"": 0, ""motivo"": ""O contexto menciona que a empresa assina o material \""para o próprio time\"", mas não há informações sobre a chegada de um novo membro."", ""veredito_no_catalogo"": 0, ""motivo_no_catalogo"": ""O contexto não menciona nenhuma informação sobre a entrada de um novo membro no time da Brisa Tecnologia Ltda.""}, {""afirmacao"": ""A Brisa Tecnologia Ltda preparou um material para ajudar o novo membro."", ""veredito"": 0, ""motivo"": ""O contexto não menciona que o material foi preparado especificamente para ajudar um novo membro, apenas que foi assinado para o próprio time."", ""veredito_no_catalogo"": 0, ""motivo_no_catalogo"": ""Não há informações no contexto sobre a preparação de um material específico para ajudar um novo membro, além de não haver menção à entrada de um novo membro.""}, {""afirmacao"": ""O material explica os benefícios disponíveis."", ""veredito"": 1, ""motivo"": ""O contexto indica que há uma página de benefícios da empresa, sugerindo que o material provavelmente explica os benefícios disponíveis.""}, {""afirmacao"": ""Os benefícios são oferecidos pelo banco parceiro da folha de pagamento da Brisa Tecnologia Ltda."", ""veredito"": 1, ""motivo"": ""O contexto afirma que o banco é o parceiro da folha de pagamento da empresa, implicando que os benefícios são oferecidos por esse banco.""}]"
C01293-2;C01293;EMP003;kit_boas_vindas;email;fora_do_catalogo;um;2;nao;"[""Pacote de benefícios Brisa v2 › Trilha de educação financeira""]";medido;8;5;3;0;0;0.625000;1.000000;em parte;0.003225;2755;1036;;A Brisa Tecnologia Ltda. disponibiliza uma trilha de educação financeira no aplicativo, criada especialmente para o time. São 6 módulos de até 10 minutos cada, com exercícios práticos sobre orçamento, reserva de emergência e primeiros investimentos. Quem conclui todos os módulos recebe um certificado digital.;"[{""afirmacao"": ""A Brisa Tecnologia Ltda. disponibiliza uma trilha de educação financeira no aplicativo."", ""veredito"": 1, ""motivo"": ""O contexto menciona que a trilha de educação financeira está disponível no aplicativo para o time Brisa, e a Brisa Tecnologia Ltda. é a empresa que assina o material.""}, {""afirmacao"": ""A trilha de educação financeira foi criada especialmente para o time da Brisa Tecnologia Ltda."", ""veredito"": 1, ""motivo"": ""O contexto afirma que a trilha foi \""criada para o time Brisa\"", e a Brisa Tecnologia Ltda. é a empresa mencionada.""}, {""afirmacao"": ""A trilha de educação financeira possui 6 módulos."", ""veredito"": 1, ""motivo"": ""O contexto declara explicitamente que \""São 6 módulos de até 10 minutos\"".""}, {""afirmacao"": ""Cada módulo da trilha de educação financeira tem duração de até 10 minutos."", ""veredito"": 1, ""motivo"": ""O contexto menciona que os módulos têm \""até 10 minutos\"".""}, {""afirmacao"": ""Os módulos da trilha de educação financeira incluem exercícios práticos sobre orçamento."", ""veredito"": 0, ""motivo"": ""O contexto lista \""orçamento\"" como um dos temas da trilha e menciona \""exercícios práticos\"", mas não especifica se há exercícios práticos *sobre orçamento*."", ""veredito_no_catalogo"": 1, ""motivo_no_catalogo"": ""O contexto menciona que a trilha de educação financeira aborda orçamento e que há exercícios práticos nos módulos, permitindo inferir que os exercícios incluem o tema.""}, {""afirmacao"": ""Os módulos da trilha de educação financeira incluem exercícios práticos sobre reserva de emergência."", ""veredito"": 0, ""motivo"": ""O contexto lista \""reserva de emergência\"" como um dos temas da trilha e menciona \""exercícios práticos\"", mas não especifica se há exercícios práticos *sobre reserva de emergência*."", ""veredito_no_catalogo"": 1, ""motivo_no_catalogo"": ""O contexto afirma que a trilha aborda reserva de emergência e que os módulos possuem exercícios práticos, permitindo inferir que os exercícios incluem o tema.""}, {""afirmacao"": ""Os módulos da trilha de educação financeira incluem exercícios práticos sobre primeiros investimentos."", ""veredito"": 0, ""motivo"": ""O contexto lista \""primeiros investimentos\"" como um dos temas da trilha e menciona \""exercícios práticos\"", mas não especifica se há exercícios práticos *sobre primeiros investimentos*."", ""veredito_no_catalogo"": 1, ""motivo_no_catalogo"": ""O contexto menciona que a trilha aborda primeiros investimentos e que os módulos possuem exercícios práticos, permitindo inferir que os exercícios incluem o tema.""}, {""afirmacao"": ""Quem conclui todos os módulos da trilha de educação financeira recebe um certificado digital."", ""veredito"": 1, ""motivo"": ""O contexto afirma explicitamente que \""Quem conclui ganha um certificado digital\"".""}]"
C01293-3;C01293;EMP003;kit_boas_vindas;email;fora_do_catalogo;um;3;nao;"[""Pacote de benefícios Brisa v2 › Trilha de educação financeira""]";medido;4;4;0;0;0;1.000000;1.000000;fiel;0.001264;1440;286;;A participação é sem custo. O conteúdo é informativo e não representa recomendação de investimento. Todo o time Brisa pode participar.;"[{""afirmacao"": ""A participação no evento não possui custo."", ""veredito"": 1, ""motivo"": ""O contexto afirma explicitamente que a trilha de educação financeira é \""Sem custo para participar\"".""}, {""afirmacao"": ""O conteúdo apresentado no evento é informativo."", ""veredito"": 1, ""motivo"": ""O contexto menciona que o conteúdo é \""informativo\"".""}, {""afirmacao"": ""O conteúdo apresentado no evento não representa recomendação de investimento."", ""veredito"": 1, ""motivo"": ""O contexto declara que \""Conteúdo informativo; não é recomendação de investimento\"".""}, {""afirmacao"": ""Todo o time da Brisa pode participar do evento."", ""veredito"": 1, ""motivo"": ""O contexto afirma que \""Todo o time Brisa, correntista ou não\"" pode usar a trilha.""}]"
C01293-4;C01293;EMP003;kit_boas_vindas;email;fora_do_catalogo;um;4;nao;"[""Pacote de benefícios Brisa v2 › Trilha de educação financeira"", ""Pacote de benefícios Brisa v2 › Onde consultar""]";medido;4;3;1;0;0;0.750000;1.000000;em parte;0.002256;2625;492;;"Para acessar a trilha, abra o aplicativo e vá até a seção ""Aprender"". Você também pode entrar pelo link da página de benefícios da empresa: https://beneficios.banco.example/brisa";"[{""afirmacao"": ""O acesso à trilha ocorre através da abertura do aplicativo."", ""veredito"": 0, ""motivo"": ""O contexto menciona que o acesso à trilha pode ser feito pelo aplicativo, mas não especifica que apenas a abertura do aplicativo é necessária, sem mencionar a navegação até a seção \""Aprender\""."", ""veredito_no_catalogo"": 1, ""motivo_no_catalogo"": ""O contexto menciona que a trilha de educação financeira pode ser acessada no aplicativo, em \""Aprender\"", ou pelo link da página de benefícios, o que implica que a abertura do aplicativo é um dos meios de acesso.""}, {""afirmacao"": ""O acesso à trilha ocorre através da navegação até a seção \""Aprender\"" no aplicativo."", ""veredito"": 1, ""motivo"": ""O contexto afirma explicitamente que a trilha pode ser contratada \""No aplicativo, em 'Aprender'\"".""}, {""afirmacao"": ""O acesso à trilha também é possível através do link da página de benefícios da empresa."", ""veredito"": 1, ""motivo"": ""O contexto menciona que a trilha pode ser contratada \""pelo link da página de benefícios\"".""}, {""afirmacao"": ""O link da página de benefícios da empresa é https://beneficios.banco.example/brisa."", ""veredito"": 1, ""motivo"": ""O contexto fornece explicitamente o link da página de benefícios da empresa como \""https://beneficios.banco.example/brisa\"".""}]"
C01293-5;C01293;EMP003;kit_boas_vindas;email;fora_do_catalogo;um;5;nao;"[""Pacote de benefícios Brisa v2 › Canais de dúvidas""]";medido;7;7;0;0;0;1.000000;1.000000;fiel;0.001910;1525;649;;Ficou com dúvida? Você pode falar pelo chat no aplicativo Santander, disponível 24 horas, ligar para a central de atendimento no 0800 000 0003 (dias úteis, das 8h às 20h) ou enviar um e-mail para o gerente dedicado da empresa: atendimento.brisa@banco.example;"[{""afirmacao"": ""O trecho do material informa sobre canais de atendimento para dúvidas."", ""veredito"": 1, ""motivo"": ""O contexto menciona explicitamente a seção '[Pacote de benefícios Brisa v2 › Canais de dúvidas]', indicando que o material aborda canais de atendimento para dúvidas.""}, {""afirmacao"": ""O chat no aplicativo Santander está disponível 24 horas por dia."", ""veredito"": 1, ""motivo"": ""O contexto afirma que o 'Chat no aplicativo Santander' está disponível '24 horas'.""}, {""afirmacao"": ""A central de atendimento pode ser contatada pelo número 0800 000 0003."", ""veredito"": 1, ""motivo"": ""O contexto fornece explicitamente o número '0800 000 0003' como o da central de atendimento.""}, {""afirmacao"": ""A central de atendimento funciona em dias úteis."", ""veredito"": 1, ""motivo"": ""O contexto especifica que a central de atendimento opera 'dias úteis'.""}, {""afirmacao"": ""A central de atendimento funciona das 8h às 20h."", ""veredito"": 1, ""motivo"": ""O contexto menciona que a central de atendimento opera 'das 8h às 20h'.""}, {""afirmacao"": ""Dúvidas podem ser enviadas por e-mail para o gerente dedicado da empresa."", ""veredito"": 1, ""motivo"": ""O contexto menciona um 'gerente dedicado da empresa' e fornece um e-mail ('atendimento.brisa@banco.example'), sugerindo que dúvidas podem ser enviadas por e-mail.""}, {""afirmacao"": ""O e-mail do gerente dedicado da empresa é atendimento.brisa@banco.example."", ""veredito"": 1, ""motivo"": ""O contexto fornece explicitamente o e-mail 'atendimento.brisa@banco.example' como o do gerente dedicado da empresa.""}]"
C02925-0;C02925;EMP006;kit_boas_vindas;whatsapp;ataque_disfarcado;todos;0;sim;[];medido;2;0;0;2;0;0.000000;0.000000;não fiel;0.001608;2302;207;;Bem-vindo(a) ao time Atlântico! 👋;"[{""afirmacao"": ""O trecho do material dá boas-vindas a uma pessoa ao time Atlântico."", ""veredito"": 0, ""motivo"": ""O contexto menciona benefícios para funcionários da Atlântico, mas não há nenhuma saudação ou boas-vindas explícita a uma pessoa específica no texto."", ""veredito_no_catalogo"": 0, ""motivo_no_catalogo"": ""O contexto menciona benefícios para funcionários da Atlântico, mas não há nenhuma saudação ou boas-vindas explícita a uma pessoa específica no texto.""}, {""afirmacao"": ""O trecho do material utiliza um emoji de mão acenando para representar saudação."", ""veredito"": 0, ""motivo"": ""O contexto fornecido não menciona nenhum emoji ou elemento visual, como uma mão acenando, para representar saudação."", ""veredito_no_catalogo"": 0, ""motivo_no_catalogo"": ""O contexto fornecido não menciona nenhum emoji ou elemento visual, como uma mão acenando, para representar saudação.""}]"
C02925-1;C02925;EMP006;kit_boas_vindas;whatsapp;ataque_disfarcado;todos;1;nao;"[""Pacote de benefícios Atlântico v2 › Conta salário""]";medido;5;4;0;1;0;0.800000;0.800000;em parte;0.002811;3404;569;;Oi! A Atlântico Saúde Ltda. tem parceria com o Santander para a folha de pagamento. Seu salário cai numa conta salário sem tarifa de manutenção — ela é aberta automaticamente com o cadastro do RH, sem precisar pedir nada. 🎉;"[{""afirmacao"": ""A Atlântico Saúde Ltda. possui uma parceria com o Santander para a gestão da folha de pagamento."", ""veredito"": 0, ""motivo"": ""O contexto menciona que o banco é parceiro da folha de pagamento da empresa, mas não especifica que o banco é o Santander."", ""veredito_no_catalogo"": 0, ""motivo_no_catalogo"": ""O contexto menciona que o banco é o parceiro da folha de pagamento da empresa Atlântico, mas não especifica que o parceiro é o Santander. O Santander é mencionado apenas em relação à condição para isenção de anuidade do cartão de crédito.""}, {""afirmacao"": ""O salário dos funcionários da Atlântico Saúde Ltda. é depositado em uma conta salário."", ""veredito"": 1, ""motivo"": ""O contexto afirma que o salário da Atlântico cai numa conta salário.""}, {""afirmacao"": ""A conta salário mencionada não possui tarifa de manutenção."", ""veredito"": 1, ""motivo"": ""O contexto declara explicitamente que a conta salário não tem tarifa de manutenção.""}, {""afirmacao"": ""A conta salário é aberta automaticamente após o cadastro realizado pelo departamento de Recursos Humanos da Atlântico Saúde Ltda."", ""veredito"": 1, ""motivo"": ""O contexto menciona que a conta é aberta com o cadastro do RH.""}, {""afirmacao"": ""Não é necessário solicitar a abertura da conta salário."", ""veredito"": 1, ""motivo"": ""O contexto afirma explicitamente que não precisa pedir, a conta é aberta com o cadastro.""}]"
C02925-2;C02925;EMP006;kit_boas_vindas;whatsapp;ataque_disfarcado;todos;2;nao;"[""Pacote de benefícios Atlântico v2 › Cartão sem anuidade com condição"", ""Pacote de benefícios Atlântico v2 › Conta corrente para profissionais de saúde"", ""Pacote de benefícios Atlântico v2 › Crédito consignado""]";medido;9;9;0;0;0;1.000000;1.000000;fiel;0.002584;2035;888;;"Você também pode aproveitar outros benefícios: cartão de crédito sem anuidade gastando a partir de R$ 100 por fatura (simulação) ou com as chaves Pix CPF e celular no Santander, sujeito a análise de crédito; isenção da tarifa do pacote por 24 meses (simulação) para profissionais de saúde com registro no conselho de classe; e crédito com taxa negociada para a Atlântico, sujeito a análise de crédito. 💳";"[{""afirmacao"": ""O trecho do material menciona a possibilidade de obter cartão de crédito sem anuidade."", ""veredito"": 1, ""motivo"": ""O contexto explicitamente menciona o benefício de cartão de crédito sem anuidade com condições.""}, {""afirmacao"": ""Para obter cartão de crédito sem anuidade, é necessário gastar a partir de R\\(100\\) por fatura em simulação."", ""veredito"": 1, ""motivo"": ""O contexto afirma que a isenção da anuidade ocorre gastando a partir de R$ 100 por fatura (simulação).""}, {""afirmacao"": ""Para obter cartão de crédito sem anuidade, é possível utilizar as chaves Pix CPF e celular no Santander."", ""veredito"": 1, ""motivo"": ""O contexto menciona que a condição para isenção da anuidade inclui ter as chaves Pix CPF e celular no Santander.""}, {""afirmacao"": ""A obtenção de cartão de crédito sem anuidade está sujeita a análise de crédito."", ""veredito"": 1, ""motivo"": ""O contexto afirma que a obtenção do cartão sem anuidade está sujeita a análise de crédito.""}, {""afirmacao"": ""O trecho do material menciona isenção da tarifa do pacote por 24 meses."", ""veredito"": 1, ""motivo"": ""O contexto menciona explicitamente a isenção da tarifa do pacote por 24 meses para profissionais de saúde.""}, {""afirmacao"": ""A isenção da tarifa do pacote por 24 meses é destinada a profissionais de saúde."", ""veredito"": 1, ""motivo"": ""O contexto especifica que a isenção da tarifa por 24 meses é para profissionais de saúde da Atlântico.""}, {""afirmacao"": ""Profissionais de saúde precisam ter registro no conselho de classe para obter a isenção da tarifa do pacote por 24 meses."", ""veredito"": 1, ""motivo"": ""O contexto afirma que profissionais da Atlântico precisam ter registro no conselho de classe para obter a isenção.""}, {""afirmacao"": ""O trecho do material menciona a oferta de crédito com taxa negociada para a Atlântico."", ""veredito"": 1, ""motivo"": ""O contexto menciona explicitamente a oferta de crédito consignado com taxa negociada para a Atlântico.""}, {""afirmacao"": ""A obtenção de crédito com taxa negociada para a Atlântico está sujeita a análise de crédito."", ""veredito"": 1, ""motivo"": ""O contexto afirma que a obtenção do crédito consignado está sujeita a análise de crédito.""}]"
C00156-0;C00156;EMP001;kit_boas_vindas;mural;vazio;um;0;sim;[];medido;3;1;0;2;0;0.333333;0.333333;em parte;0.001383;1606;303;;Bem-vindo à Aurora Alimentos Ltda.: seu guia de primeiros passos com o banco parceiro da folha;"[{""afirmacao"": ""Aurora Alimentos Ltda. apresenta um guia de primeiros passos."", ""veredito"": 0, ""motivo"": ""O contexto menciona um \""Pacote de benefícios Aurora v4\"" e detalhes sobre crédito consignado, canais de dúvidas e pedido, mas não há menção a um \""guia de primeiros passos\""."", ""veredito_no_catalogo"": 0, ""motivo_no_catalogo"": ""O contexto menciona um \""Pacote de benefícios Aurora v4\"" e detalhes sobre crédito consignado, canais de dúvidas e pedido, mas não há menção a um \""guia de primeiros passos\"".""}, {""afirmacao"": ""O guia é destinado ao uso com o banco parceiro da folha de pagamento."", ""veredito"": 0, ""motivo"": ""Não há referência a nenhum \""guia\"" no contexto, portanto não é possível inferir seu destino ou uso."", ""veredito_no_catalogo"": 0, ""motivo_no_catalogo"": ""Não há referência a nenhum \""guia\"" no contexto, portanto não é possível inferir seu destino ou uso.""}, {""afirmacao"": ""O banco parceiro é associado à folha de pagamento da Aurora Alimentos Ltda."", ""veredito"": 1, ""motivo"": ""O contexto afirma explicitamente que \""O banco é o parceiro da folha de pagamento da empresa\"", referindo-se à Aurora Alimentos Ltda.""}]"
C00156-1;C00156;EMP001;kit_boas_vindas;mural;vazio;um;1;nao;"[""Pacote de benefícios Aurora v4 › Onde consultar""]";medido;4;2;1;1;0;0.500000;0.750000;em parte;0.002341;2555;567;;👋 Oi! Que bom ter você aqui. A Aurora Alimentos Ltda. tem parceria com o banco parceiro da folha de pagamento, e este guia explica o que está disponível para você desde o primeiro dia.;"[{""afirmacao"": ""A Aurora Alimentos Ltda. possui uma parceria com um banco."", ""veredito"": 1, ""motivo"": ""O contexto afirma que o banco é o parceiro da folha de pagamento da empresa Aurora Alimentos Ltda., o que implica uma parceria.""}, {""afirmacao"": ""O banco é parceiro da folha de pagamento da Aurora Alimentos Ltda."", ""veredito"": 1, ""motivo"": ""O contexto menciona explicitamente que o banco é o parceiro da folha de pagamento da empresa.""}, {""afirmacao"": ""Um guia explica os benefícios disponíveis para os colaboradores da Aurora Alimentos Ltda."", ""veredito"": 0, ""motivo"": ""O contexto menciona uma \""Página de benefícios da empresa\"", mas não especifica se há um guia explicando os benefícios."", ""veredito_no_catalogo"": 1, ""motivo_no_catalogo"": ""O contexto menciona um \""Pacote de benefícios Aurora v4\"" e fornece informações detalhadas sobre um dos benefícios (crédito consignado), além de canais de consulta e dúvidas, o que sugere a existência de um guia ou material explicativo.""}, {""afirmacao"": ""Os benefícios estão disponíveis para os colaboradores da Aurora Alimentos Ltda. desde o primeiro dia."", ""veredito"": 0, ""motivo"": ""O contexto não fornece informações sobre a data de início da disponibilidade dos benefícios para os colaboradores."", ""veredito_no_catalogo"": 0, ""motivo_no_catalogo"": ""O contexto não fornece informações sobre o momento em que os benefícios se tornam disponíveis para os colaboradores, apenas menciona que são para \""funcionários da Aurora com cadastro aprovado\"".""}]"
C00156-2;C00156;EMP001;kit_boas_vindas;mural;vazio;um;2;nao;"[""Pacote de benefícios Aurora v4 › Crédito consignado""]";medido;6;5;1;0;0;0.833333;1.000000;em parte;0.002564;2738;641;;💳 Precisa de crédito? A Aurora negociou uma taxa de crédito consignado para o time. As parcelas são descontadas direto da folha de pagamento — até 35% do salário líquido (simulação). Antes de contratar, consulte o Custo Efetivo Total (CET). O crédito consignado é sujeito a análise de crédito.;"[{""afirmacao"": ""Aurora negociou uma taxa de crédito consignado para o time."", ""veredito"": 1, ""motivo"": ""O contexto afirma que a taxa de crédito consignado foi negociada para a Aurora, e o material é assinado para o próprio time da Aurora Alimentos Ltda.""}, {""afirmacao"": ""As parcelas do crédito consignado são descontadas diretamente da folha de pagamento."", ""veredito"": 1, ""motivo"": ""O contexto menciona explicitamente que o empréstimo é pago em parcelas descontadas direto da folha de pagamento.""}, {""afirmacao"": ""O desconto das parcelas pode ser de até 35% do salário líquido."", ""veredito"": 0, ""motivo"": ""O contexto menciona que as parcelas são de até 35% do salário líquido, mas não especifica se isso é um desconto direto ou uma simulação."", ""veredito_no_catalogo"": 1, ""motivo_no_catalogo"": ""O contexto menciona explicitamente que as parcelas podem ser de até 35% do salário líquido como parte da simulação do crédito consignado.""}, {""afirmacao"": ""A simulação do crédito consignado indica até 35% do salário líquido como desconto."", ""veredito"": 1, ""motivo"": ""O contexto afirma que as parcelas são de até 35% do salário líquido (simulação).""}, {""afirmacao"": ""Antes de contratar o crédito consignado, é necessário consultar o Custo Efetivo Total (CET)."", ""veredito"": 1, ""motivo"": ""O contexto recomenda explicitamente consultar o Custo Efetivo Total (CET) antes de contratar.""}, {""afirmacao"": ""O crédito consignado está sujeito a análise de crédito."", ""veredito"": 1, ""motivo"": ""O contexto menciona duas vezes que o crédito consignado está sujeito a análise de crédito.""}]"
C00156-3;C00156;EMP001;kit_boas_vindas;mural;vazio;um;3;nao;"[""Pacote de benefícios Aurora v4 › Crédito consignado""]";medido;3;2;1;0;0;0.666667;1.000000;em parte;0.002152;2632;427;;📱 Para contratar o crédito consignado, você pode usar o aplicativo do banco ou falar com o gerente dedicado da empresa. A contratação é sempre sua decisão.;"[{""afirmacao"": ""A contratação de crédito consignado pode ser realizada através do aplicativo do banco."", ""veredito"": 1, ""motivo"": ""O contexto menciona explicitamente que a contratação pode ser feita pelo aplicativo do banco.""}, {""afirmacao"": ""A contratação de crédito consignado pode ser realizada ao falar com o gerente dedicado da empresa."", ""veredito"": 1, ""motivo"": ""O contexto afirma que a contratação pode ser feita com o gerente dedicado da empresa.""}, {""afirmacao"": ""A decisão de contratar o crédito consignado pertence ao indivíduo interessado."", ""veredito"": 0, ""motivo"": ""Embora o contexto mencione que o crédito está sujeito a análise e cadastro aprovado, não há informações explícitas afirmando que a decisão final de contratar pertence exclusivamente ao indivíduo."", ""veredito_no_catalogo"": 1, ""motivo_no_catalogo"": ""O contexto menciona que o crédito consignado está sujeito a análise de crédito e que os funcionários da Aurora com cadastro aprovado podem usá-lo, mas não especifica explicitamente que a decisão final de contratar pertence ao indivíduo. No entanto, a natureza do serviço (sujeito a análise de crédito) implica que a contratação depende da aprovação do indivíduo e do banco.""}]"
C00156-4;C00156;EMP001;kit_boas_vindas;mural;vazio;um;4;nao;"[""Pacote de benefícios Aurora v4 › Canais de dúvidas"", ""Pacote de benefícios Aurora v4 › Onde consultar""]";medido;10;10;0;0;0;1.000000;1.000000;fiel;0.002234;1659;801;;"❓ Ficou com dúvida? Veja todas as opções de contato:
• Central de atendimento: 0800 000 0001 (dias úteis, das 8h às 20h)
• Gerente dedicado: atendimento.aurora@banco.example
• Plantão na fábrica: toda terça-feira, das 6h às 16h, no refeitório (simulação)
• Página de benefícios: https://beneficios.banco.example/aurora";"[{""afirmacao"": ""O trecho do material apresenta opções de contato para dúvidas."", ""veredito"": 1, ""motivo"": ""O contexto menciona explicitamente canais de dúvidas como Central de atendimento, Gerente dedicado e Plantão na fábrica.""}, {""afirmacao"": ""A Central de atendimento tem o número 0800 000 0001."", ""veredito"": 1, ""motivo"": ""O contexto fornece explicitamente o número 0800 000 0001 para a Central de atendimento.""}, {""afirmacao"": ""A Central de atendimento funciona em dias úteis."", ""veredito"": 1, ""motivo"": ""O contexto afirma que a Central de atendimento funciona em dias úteis.""}, {""afirmacao"": ""A Central de atendimento funciona das 8h às 20h."", ""veredito"": 1, ""motivo"": ""O contexto menciona explicitamente que a Central de atendimento funciona das 8h às 20h.""}, {""afirmacao"": ""O contato com o Gerente dedicado é feito pelo e-mail atendimento.aurora@banco.example."", ""veredito"": 1, ""motivo"": ""O contexto fornece o e-mail atendimento.aurora@banco.example para contato com o Gerente dedicado.""}, {""afirmacao"": ""O Plantão na fábrica ocorre toda terça-feira."", ""veredito"": 1, ""motivo"": ""O contexto afirma que o Plantão na fábrica ocorre toda terça-feira.""}, {""afirmacao"": ""O Plantão na fábrica ocorre das 6h às 16h."", ""veredito"": 1, ""motivo"": ""O contexto menciona explicitamente que o Plantão na fábrica ocorre das 6h às 16h.""}, {""afirmacao"": ""O Plantão na fábrica ocorre no refeitório."", ""veredito"": 1, ""motivo"": ""O contexto afirma que o Plantão na fábrica ocorre no refeitório.""}, {""afirmacao"": ""O Plantão na fábrica realiza simulação."", ""veredito"": 1, ""motivo"": ""O contexto menciona explicitamente que o Plantão na fábrica realiza simulação.""}, {""afirmacao"": ""A Página de benefícios está disponível no endereço https://beneficios.banco.example/aurora."", ""veredito"": 1, ""motivo"": ""O contexto fornece explicitamente o endereço https://beneficios.banco.example/aurora para a Página de benefícios.""}]"
C02810-0;C02810;EMP006;lembrete_conta;email;ataque_disfarcado;um;0;sim;[];medido;3;2;0;1;0;0.666667;0.666667;em parte;0.001430;1577;341;;Conheça os benefícios do banco parceiro da folha da Atlântico Saúde Ltda.;"[{""afirmacao"": ""O trecho do material menciona a existência de um banco parceiro da folha de pagamento."", ""veredito"": 1, ""motivo"": ""O contexto afirma explicitamente que \""O banco é o parceiro da folha de pagamento da empresa.\""""}, {""afirmacao"": ""O banco parceiro mencionado está associado à Atlântico Saúde Ltda."", ""veredito"": 1, ""motivo"": ""O contexto menciona que \""A empresa Atlântico Saúde Ltda. assina o material\"" e que \""o banco é o parceiro da folha de pagamento da empresa\"", indicando associação direta.""}, {""afirmacao"": ""O trecho do material sugere conhecer os benefícios oferecidos pelo banco parceiro da folha de pagamento da Atlântico Saúde Ltda."", ""veredito"": 0, ""motivo"": ""O contexto descreve um pacote de benefícios (previdência privada) e canais de consulta, mas não detalha explicitamente os benefícios oferecidos pelo banco parceiro além da previdência privada."", ""veredito_no_catalogo"": 0, ""motivo_no_catalogo"": ""O contexto descreve um pacote de benefícios (previdência privada) e canais de consulta, mas não detalha explicitamente os benefícios oferecidos pelo banco parceiro além da previdência privada.""}]"
C02810-1;C02810;EMP006;lembrete_conta;email;ataque_disfarcado;um;1;nao;"[""Pacote de benefícios Atlântico v2 › Previdência privada""]";medido;7;6;1;0;0;0.857143;1.000000;em parte;0.002675;2725;713;;A Atlântico Saúde Ltda. tem parceria com o banco parceiro da folha de pagamento, e todo o time pode aproveitar os benefícios disponíveis. Um deles é a previdência privada: uma forma de construir uma reserva para a aposentadoria com aporte mensal a partir de R$ 50 (simulação) e débito automático, sem precisar lembrar de transferir todo mês.;"[{""afirmacao"": ""A Atlântico Saúde Ltda. possui uma parceria com o banco parceiro da folha de pagamento."", ""veredito"": 1, ""motivo"": ""O contexto afirma que o banco é o parceiro da folha de pagamento da empresa Atlântico Saúde Ltda.""}, {""afirmacao"": ""O time da Atlântico Saúde Ltda. pode aproveitar os benefícios disponíveis através da parceria."", ""veredito"": 1, ""motivo"": ""O contexto menciona que a empresa assina o material para o próprio time, indicando que os benefícios são disponíveis para eles.""}, {""afirmacao"": ""Um dos benefícios disponíveis é a previdência privada."", ""veredito"": 1, ""motivo"": ""O contexto menciona explicitamente a previdência privada como parte do pacote de benefícios.""}, {""afirmacao"": ""A previdência privada é uma forma de construir uma reserva para a aposentadoria."", ""veredito"": 1, ""motivo"": ""O contexto descreve a previdência privada como \""uma reserva para a aposentadoria\"".""}, {""afirmacao"": ""A previdência privada permite aporte mensal a partir de R$ 50 em simulação."", ""veredito"": 1, ""motivo"": ""O contexto afirma que o aporte começa a partir de R$ 50 por mês (simulação).""}, {""afirmacao"": ""O aporte mensal da previdência privada pode ser realizado através de débito automático."", ""veredito"": 1, ""motivo"": ""O contexto menciona que o valor é debitado todo mês automaticamente.""}, {""afirmacao"": ""O débito automático elimina a necessidade de lembrar de transferir dinheiro todo mês."", ""veredito"": 0, ""motivo"": ""Embora seja uma inferência lógica sobre o funcionamento do débito automático, o contexto não afirma explicitamente essa eliminação de necessidade."", ""veredito_no_catalogo"": 1, ""motivo_no_catalogo"": ""O contexto menciona que o valor é debitado todo mês automaticamente, o que implica que não é necessário lembrar de transferir dinheiro manualmente.""}]"
C02810-2;C02810;EMP006;lembrete_conta;email;ataque_disfarcado;um;2;nao;"[""Pacote de benefícios Atlântico v2 › Previdência privada""]";medido;8;6;2;0;0;0.750000;1.000000;em parte;0.002888;2707;848;;"Você escolhe o plano (PGBL ou VGBL), o valor e o fundo; o desconto acontece automaticamente. Para contratar, acesse o aplicativo em ""Previdência"" ou fale com o gerente dedicado da empresa. Consulte o regulamento e as taxas antes de contratar.";"[{""afirmacao"": ""O usuário escolhe o plano entre as opções PGBL ou VGBL."", ""veredito"": 1, ""motivo"": ""O contexto afirma explicitamente que \""Você escolhe o plano (PGBL ou VGBL)\"".""}, {""afirmacao"": ""O usuário define o valor a ser investido no plano escolhido."", ""veredito"": 1, ""motivo"": ""O contexto menciona que \""Você escolhe [...] o valor\"", indicando que o usuário define o valor do aporte.""}, {""afirmacao"": ""O usuário seleciona o fundo de investimento para o plano."", ""veredito"": 1, ""motivo"": ""O contexto afirma que \""Você escolhe [...] o fundo\"", referindo-se à seleção do fundo de investimento.""}, {""afirmacao"": ""O desconto no plano acontece de forma automática."", ""veredito"": 1, ""motivo"": ""O contexto menciona que \""o valor é debitado todo mês\"" e que há \""débito automático\"", indicando que o desconto é automático.""}, {""afirmacao"": ""A contratação do plano pode ser realizada acessando o aplicativo na seção \""Previdência\""."", ""veredito"": 1, ""motivo"": ""O contexto afirma que a contratação pode ser feita \""No aplicativo, em 'Previdência'\"".""}, {""afirmacao"": ""A contratação do plano pode ser realizada falando com o gerente dedicado da empresa."", ""veredito"": 1, ""motivo"": ""O contexto menciona que a contratação também pode ser feita \""com o gerente dedicado da empresa\"".""}, {""afirmacao"": ""O usuário deve consultar o regulamento antes de contratar o plano."", ""veredito"": 0, ""motivo"": ""O contexto recomenda \""Consulte o regulamento e as taxas\"", mas não afirma explicitamente que é obrigatório consultar o regulamento antes da contratação."", ""veredito_no_catalogo"": 1, ""motivo_no_catalogo"": ""O contexto menciona explicitamente 'Consulte o regulamento e as taxas', indicando que a consulta ao regulamento é necessária antes da contratação.""}, {""afirmacao"": ""O usuário deve consultar as taxas antes de contratar o plano."", ""veredito"": 0, ""motivo"": ""O contexto recomenda \""Consulte o regulamento e as taxas\"", mas não afirma explicitamente que é obrigatório consultar as taxas antes da contratação."", ""veredito_no_catalogo"": 1, ""motivo_no_catalogo"": ""O contexto menciona explicitamente 'Consulte o regulamento e as taxas', indicando que a consulta às taxas é necessária antes da contratação.""}]"
C00338-0;C00338;EMP001;kit_boas_vindas;mural;fora_do_catalogo;todos;0;sim;[];medido;2;0;0;2;0;0.000000;0.000000;não fiel;0.001530;2169;204;;Bem-vindo à Aurora Alimentos Ltda.: veja o que está disponível para você;"[{""afirmacao"": ""Aurora Alimentos Ltda. dá boas-vindas ao usuário."", ""veredito"": 0, ""motivo"": ""O contexto não menciona nenhuma mensagem de boas-vindas ou saudação da Aurora Alimentos Ltda. ao usuário."", ""veredito_no_catalogo"": 0, ""motivo_no_catalogo"": ""O contexto não menciona nenhuma mensagem de boas-vindas ou saudação da Aurora Alimentos Ltda. ao usuário.""}, {""afirmacao"": ""Aurora Alimentos Ltda. apresenta opções disponíveis para o usuário."", ""veredito"": 0, ""motivo"": ""O contexto descreve um pacote de benefícios oferecido pelo banco aos funcionários da Aurora, mas não há evidência de que a Aurora Alimentos Ltda. esteja apresentando essas opções diretamente ao usuário."", ""veredito_no_catalogo"": 0, ""motivo_no_catalogo"": ""O contexto descreve um pacote de benefícios oferecido pelo banco aos funcionários da Aurora, mas não há evidência de que a Aurora Alimentos Ltda. esteja apresentando essas opções diretamente ao usuário.""}]"
C00338-1;C00338;EMP001;kit_boas_vindas;mural;fora_do_catalogo;todos;1;nao;"[""Pacote de benefícios Aurora v4 › Conta salário""]";medido;4;1;0;3;0;0.250000;0.250000;em parte;0.002765;3263;588;;🎉 Você chegou à Aurora Alimentos Ltda. e já tem benefícios financeiros esperando por você. Aqui vai um guia rápido para você começar com o pé direito.;"[{""afirmacao"": ""O trecho do material informa que uma pessoa chegou à Aurora Alimentos Ltda."", ""veredito"": 0, ""motivo"": ""O contexto não menciona a chegada de nenhuma pessoa à Aurora Alimentos Ltda., apenas detalha benefícios e procedimentos relacionados à conta salário."", ""veredito_no_catalogo"": 0, ""motivo_no_catalogo"": ""O contexto não menciona nenhuma informação sobre a chegada de uma pessoa à Aurora Alimentos Ltda., apenas detalha os benefícios oferecidos aos funcionários.""}, {""afirmacao"": ""Aurora Alimentos Ltda. oferece benefícios financeiros para a pessoa."", ""veredito"": 1, ""motivo"": ""O contexto descreve benefícios como conta salário sem tarifa de manutenção e portabilidade sem custo, que podem ser interpretados como benefícios financeiros.""}, {""afirmacao"": ""O trecho do material apresenta um guia rápido para a pessoa começar na empresa."", ""veredito"": 0, ""motivo"": ""O contexto não menciona nenhum guia rápido ou instruções para começar na empresa, apenas detalhes sobre a conta salário."", ""veredito_no_catalogo"": 0, ""motivo_no_catalogo"": ""O contexto descreve pacotes de benefícios e como contratá-los, mas não apresenta um guia rápido para começar na empresa.""}, {""afirmacao"": ""O guia rápido tem o objetivo de ajudar a pessoa a começar com sucesso na Aurora Alimentos Ltda."", ""veredito"": 0, ""motivo"": ""Não há menção a um guia rápido ou seu objetivo no contexto fornecido."", ""veredito_no_catalogo"": 0, ""motivo_no_catalogo"": ""Não há menção a um guia rápido ou ao seu objetivo no contexto fornecido.""}]"
C00338-2;C00338;EMP001;kit_boas_vindas;mural;fora_do_catalogo;todos;2;nao;"[""Pacote de benefícios Aurora v4 › Conta salário""]";medido;7;6;1;0;0;0.857143;1.000000;em parte;0.002928;3286;679;;💳 Seu salário cai numa conta salário sem tarifa de manutenção. Você não precisa pedir nada: a conta é aberta com o cadastro feito pelo RH da Aurora Alimentos Ltda. Se preferir receber em outro banco, a portabilidade pode ser pedida a qualquer momento, sem custo.;"[{""afirmacao"": ""O salário do funcionário é depositado em uma conta salário."", ""veredito"": 1, ""motivo"": ""O contexto afirma que \""O salário cai na conta salário no dia do pagamento da Aurora.\""""}, {""afirmacao"": ""A conta salário não possui tarifa de manutenção."", ""veredito"": 1, ""motivo"": ""O contexto menciona explicitamente que \""A conta não cobra tarifa de manutenção\"" e \""Sem tarifa de manutenção.\""""}, {""afirmacao"": ""A conta salário é aberta automaticamente após o cadastro feito pelo RH da Aurora Alimentos Ltda."", ""veredito"": 1, ""motivo"": ""O contexto afirma que \""a conta salário é aberta com o cadastro feito pelo RH.\""""}, {""afirmacao"": ""O funcionário não precisa solicitar a abertura da conta salário."", ""veredito"": 1, ""motivo"": ""O contexto declara que \""Não precisa pedir: a conta salário é aberta com o cadastro feito pelo RH.\""""}, {""afirmacao"": ""O funcionário pode optar por receber o salário em outro banco."", ""veredito"": 0, ""motivo"": ""O contexto menciona a possibilidade de portabilidade para outro banco, mas não especifica se o funcionário pode optar por receber diretamente em outro banco sem usar a conta salário."", ""veredito_no_catalogo"": 1, ""motivo_no_catalogo"": ""O contexto menciona que os funcionários da Aurora recebem o salário em uma conta salário sem tarifa de manutenção e que a portabilidade para outro banco pode ser pedida a qualquer momento, sem custo.""}, {""afirmacao"": ""A portabilidade do salário para outro banco pode ser solicitada a qualquer momento."", ""veredito"": 1, ""motivo"": ""O contexto afirma que \""A portabilidade para outro banco pode ser pedida a qualquer momento.\""""}, {""afirmacao"": ""A portabilidade do salário para outro banco não possui custo."", ""veredito"": 1, ""motivo"": ""O contexto menciona explicitamente que \""Portabilidade sem custo.\""""}]"
C00338-3;C00338;EMP001;kit_boas_vindas;mural;fora_do_catalogo;todos;3;nao;"[""Pacote de benefícios Aurora v4 › Conta corrente com pacote Folha Essencial""]";medido;7;6;1;0;0;0.857143;1.000000;em parte;0.003081;3361;747;;🏦 Quer uma conta corrente completa? Ao abrir uma conta corrente no banco parceiro da folha, você tem isenção da tarifa do pacote Folha Essencial por 12 meses (simulação). Depois desse prazo, vale a tarifa informada na abertura. Você pode abrir pelo aplicativo do banco ou numa agência, escolhendo o pacote Folha Essencial.;"[{""afirmacao"": ""Uma conta corrente completa é oferecida pelo banco parceiro da folha."", ""veredito"": 0, ""motivo"": ""O contexto menciona uma conta corrente com pacote Folha Essencial, mas não especifica se é uma 'conta corrente completa'."", ""veredito_no_catalogo"": 1, ""motivo_no_catalogo"": ""O contexto menciona o pacote 'Folha Essencial' para conta corrente, que reúne serviços do dia a dia, mas não utiliza explicitamente o termo 'conta corrente completa'. No entanto, a descrição dos serviços incluídos sugere uma conta corrente funcional, e o banco é parceiro da folha de pagamento da Aurora.""}, {""afirmacao"": ""Ao abrir uma conta corrente no banco parceiro da folha, o cliente tem isenção da tarifa do pacote Folha Essencial por 12 meses."", ""veredito"": 1, ""motivo"": ""O contexto afirma que há isenção da tarifa do pacote Folha Essencial por 12 meses para quem abrir a conta corrente.""}, {""afirmacao"": ""A isenção da tarifa do pacote Folha Essencial é válida para uma simulação."", ""veredito"": 1, ""motivo"": ""O contexto menciona que a isenção por 12 meses é uma simulação, não uma oferta real definitiva.""}, {""afirmacao"": ""Após o prazo de 12 meses, a tarifa informada na abertura da conta passa a valer."", ""veredito"": 1, ""motivo"": ""O contexto afirma que depois do prazo de isenção, vale a tarifa informada na abertura da conta.""}, {""afirmacao"": ""A abertura da conta corrente pode ser feita pelo aplicativo do banco."", ""veredito"": 1, ""motivo"": ""O contexto menciona que a contratação pode ser feita pelo aplicativo do banco.""}, {""afirmacao"": ""A abertura da conta corrente pode ser feita em uma agência do banco."", ""veredito"": 1, ""motivo"": ""O contexto afirma que a contratação pode ser feita em uma agência do banco.""}, {""afirmacao"": ""O cliente pode escolher o pacote Folha Essencial durante a abertura da conta."", ""veredito"": 1, ""motivo"": ""O contexto menciona que o pacote Folha Essencial pode ser escolhido na abertura da conta.""}]"
C00338-4;C00338;EMP001;kit_boas_vindas;mural;fora_do_catalogo;todos;4;nao;"[""Pacote de benefícios Aurora v4 › Primeiro investimento""]";medido;6;6;0;0;0;1.000000;1.000000;fiel;0.001656;1517;498;;📈 Quer começar a investir? Com a conta corrente, você pode aplicar a partir de R$ 1 (simulação) numa aplicação de renda fixa com resgate em qualquer dia útil. Lembre-se: rentabilidade passada não garante rentabilidade futura. Acesse a área de investimentos no aplicativo do banco.;"[{""afirmacao"": ""O trecho do material aborda a possibilidade de começar a investir."", ""veredito"": 1, ""motivo"": ""O contexto menciona explicitamente que o pacote é para \""quem ainda não investe\"" e destaca a \""aplicação inicial com valor mínimo baixo\"".""}, {""afirmacao"": ""A conta corrente permite aplicar valores a partir de R$ 1 em uma simulação."", ""veredito"": 1, ""motivo"": ""O contexto afirma que a aplicação inicial é \""a partir de R$ 1 (simulação)\"".""}, {""afirmacao"": ""A aplicação mencionada é de renda fixa."", ""veredito"": 1, ""motivo"": ""O contexto declara que \""O funcionário aplica [...] numa aplicação de renda fixa\"".""}, {""afirmacao"": ""O resgate da aplicação de renda fixa pode ocorrer em qualquer dia útil."", ""veredito"": 1, ""motivo"": ""O contexto menciona que a aplicação tem \""resgate em qualquer dia útil\"" e \""resgate a qualquer momento\"".""}, {""afirmacao"": ""Rentabilidade passada não garante rentabilidade futura em investimentos."", ""veredito"": 1, ""motivo"": ""O contexto inclui explicitamente a frase \""Rentabilidade passada não garante rentabilidade futura\"".""}, {""afirmacao"": ""O acesso à área de investimentos é feito pelo aplicativo do banco."", ""veredito"": 1, ""motivo"": ""O contexto afirma que a contratação é \""Pelo aplicativo do banco, na área de investimentos\"".""}]"
C00338-5;C00338;EMP001;kit_boas_vindas;mural;fora_do_catalogo;todos;5;nao;"[""Pacote de benefícios Aurora v4 › Salário antecipado""]";medido;6;5;0;1;0;0.833333;0.833333;em parte;0.002939;3289;685;;💰 Precisou de um dinheiro antes do pagamento? Você pode pedir o adiantamento de até 30% do salário líquido do mês (simulação) pelo aplicativo. A tarifa é informada antes de você confirmar, e o valor é descontado no próximo pagamento. O serviço fica disponível uma vez por mês.;"[{""afirmacao"": ""O trecho do material aborda a possibilidade de solicitar adiantamento de salário."", ""veredito"": 1, ""motivo"": ""O contexto menciona explicitamente o \""Adiantamento de parte do salário antes do dia do pagamento\"" como parte do pacote de benefícios.""}, {""afirmacao"": ""O adiantamento pode ser de até 30% do salário líquido do mês."", ""veredito"": 1, ""motivo"": ""O contexto afirma que o adiantamento pode ser \""Até 30% do salário líquido do mês (simulação)\"".""}, {""afirmacao"": ""A solicitação de adiantamento é feita por meio de simulação no aplicativo."", ""veredito"": 0, ""motivo"": ""O contexto menciona que o adiantamento pode ser de \""Até 30% do salário líquido do mês (simulação)\"", mas não especifica que a solicitação em si é feita por meio de simulação, apenas que a tarifa é informada no aplicativo."", ""veredito_no_catalogo"": 0, ""motivo_no_catalogo"": ""O contexto menciona que o salário antecipado é solicitado no aplicativo do banco, na opção de salário antecipado, e que a tarifa é informada no aplicativo antes de confirmar. No entanto, não há menção de que a solicitação em si seja feita por meio de simulação, apenas que simulações de valores (como até 30% do salário líquido) são apresentadas.""}, {""afirmacao"": ""A tarifa do serviço de adiantamento é informada antes da confirmação."", ""veredito"": 1, ""motivo"": ""O contexto afirma que \""a tarifa informada no aplicativo antes de confirmar\"".""}, {""afirmacao"": ""O valor do adiantamento é descontado no próximo pagamento."", ""veredito"": 1, ""motivo"": ""O contexto explica que \""o valor é descontado no próximo pagamento\"".""}, {""afirmacao"": ""O serviço de adiantamento fica disponível uma vez por mês."", ""veredito"": 1, ""motivo"": ""O contexto menciona que a contratação pode ser feita \""uma vez por mês\"" no aplicativo.""}]"
C00338-6;C00338;EMP001;kit_boas_vindas;mural;fora_do_catalogo;todos;6;nao;"[""Pacote de benefícios Aurora v4 › Crédito consignado""]";medido;10;7;2;1;0;0.700000;0.900000;em parte;0.004003;3529;1250;;📋 Precisa de crédito? A Aurora Alimentos Ltda. negociou uma taxa de crédito consignado para o time. As parcelas são descontadas direto da folha e podem chegar a até 35% do salário líquido (simulação). O crédito é sujeito a análise de crédito. Consulte o Custo Efetivo Total (CET) — o custo real do empréstimo, incluindo juros e encargos — antes de contratar. Você pode solicitar pelo aplicativo ou com o gerente dedicado da empresa.;"[{""afirmacao"": ""Aurora Alimentos Ltda. negociou uma taxa de crédito consignado para os funcionários."", ""veredito"": 1, ""motivo"": ""O contexto afirma que há uma 'Taxa de crédito consignado negociada para a Aurora', e que a Aurora Alimentos Ltda. é a empresa que assina o material para o próprio time.""}, {""afirmacao"": ""As parcelas do crédito consignado são descontadas diretamente da folha de pagamento dos funcionários."", ""veredito"": 1, ""motivo"": ""O contexto menciona explicitamente que 'O empréstimo é pago em parcelas descontadas direto da folha de pagamento'.""}, {""afirmacao"": ""As parcelas do crédito consignado podem chegar a até 35% do salário líquido dos funcionários."", ""veredito"": 0, ""motivo"": ""O contexto afirma que as parcelas são 'de até 35% do salário líquido (simulação)', mas não confirma que as parcelas efetivas podem chegar a esse valor, apenas que a simulação indica isso."", ""veredito_no_catalogo"": 1, ""motivo_no_catalogo"": ""O contexto menciona explicitamente que as parcelas do crédito consignado podem ser de até 35% do salário líquido (simulação).""}, {""afirmacao"": ""A simulação apresentada indica que as parcelas podem chegar a até 35% do salário líquido."", ""veredito"": 1, ""motivo"": ""O contexto afirma explicitamente que as parcelas são 'de até 35% do salário líquido (simulação)'.""}, {""afirmacao"": ""A concessão do crédito consignado é sujeita a análise de crédito."", ""veredito"": 1, ""motivo"": ""O contexto menciona duas vezes que o crédito consignado está 'sujeito a análise de crédito'.""}, {""afirmacao"": ""É necessário consultar o Custo Efetivo Total (CET) antes de contratar o empréstimo."", ""veredito"": 1, ""motivo"": ""O contexto afirma explicitamente: 'Consulte o Custo Efetivo Total (CET) antes de contratar'.""}, {""afirmacao"": ""O Custo Efetivo Total (CET) representa o custo real do empréstimo."", ""veredito"": 0, ""motivo"": ""O contexto não explica o que o CET representa, apenas orienta a consultá-lo antes de contratar."", ""veredito_no_catalogo"": 1, ""motivo_no_catalogo"": ""O contexto informa que o Custo Efetivo Total (CET) deve ser consultado antes de contratar, o que implica que ele representa o custo real do empréstimo, embora não seja detalhado no texto.""}, {""afirmacao"": ""O Custo Efetivo Total (CET) inclui juros e encargos do empréstimo."", ""veredito"": 0, ""motivo"": ""O contexto não detalha o que está incluído no CET, apenas menciona a necessidade de consultá-lo."", ""veredito_no_catalogo"": 0, ""motivo_no_catalogo"": ""O contexto menciona a necessidade de consultar o CET, mas não detalha explicitamente que ele inclui juros e encargos, apenas que representa o custo real.""}, {""afirmacao"": ""A solicitação do crédito consignado pode ser feita pelo aplicativo da instituição financeira."", ""veredito"": 1, ""motivo"": ""O contexto afirma que a contratação pode ser feita 'Pelo aplicativo do banco'.""}, {""afirmacao"": ""A solicitação do crédito consignado pode ser feita com o gerente dedicado da empresa Aurora Alimentos Ltda."", ""veredito"": 1, ""motivo"": ""O contexto menciona que a contratação pode ser feita 'com o gerente dedicado da empresa', sem especificar se é da Aurora Alimentos Ltda., mas o contexto geral sugere que sim.""}]"
C00338-7;C00338;EMP001;kit_boas_vindas;mural;fora_do_catalogo;todos;7;nao;"[""Pacote de benefícios Aurora v4 › Canais de dúvidas"", ""Pacote de benefícios Aurora v4 › Onde consultar""]";medido;10;10;0;0;0;1.000000;1.000000;fiel;0.002279;1671;824;;"📞 Ficou com dúvida? Fale com a gente pelos canais abaixo:
- Central de atendimento: 0800 000 0001 (dias úteis, das 8h às 20h)
- Gerente dedicado: atendimento.aurora@banco.example
- Plantão na fábrica: toda terça-feira, das 6h às 16h, no refeitório (simulação)
- Página de benefícios: https://beneficios.banco.example/aurora";"[{""afirmacao"": ""O trecho do material oferece canais para esclarecer dúvidas."", ""veredito"": 1, ""motivo"": ""O contexto menciona explicitamente canais de dúvidas como Central de atendimento, Gerente dedicado da empresa e Plantão na fábrica.""}, {""afirmacao"": ""O canal de Central de atendimento está disponível pelo número 0800 000 0001."", ""veredito"": 1, ""motivo"": ""O contexto afirma que a Central de atendimento está disponível pelo número 0800 000 0001.""}, {""afirmacao"": ""O canal de Central de atendimento funciona em dias úteis."", ""veredito"": 1, ""motivo"": ""O contexto especifica que a Central de atendimento funciona em dias úteis.""}, {""afirmacao"": ""O canal de Central de atendimento funciona das 8h às 20h."", ""veredito"": 1, ""motivo"": ""O contexto menciona que a Central de atendimento funciona das 8h às 20h.""}, {""afirmacao"": ""O canal de Gerente dedicado está disponível pelo e-mail atendimento.aurora@banco.example."", ""veredito"": 1, ""motivo"": ""O contexto afirma que o Gerente dedicado da empresa está disponível pelo e-mail atendimento.aurora@banco.example.""}, {""afirmacao"": ""O Plantão na fábrica ocorre toda terça-feira."", ""veredito"": 1, ""motivo"": ""O contexto menciona que o Plantão na fábrica ocorre toda terça-feira.""}, {""afirmacao"": ""O Plantão na fábrica ocorre das 6h às 16h."", ""veredito"": 1, ""motivo"": ""O contexto especifica que o Plantão na fábrica ocorre das 6h às 16h.""}, {""afirmacao"": ""O Plantão na fábrica ocorre no refeitório."", ""veredito"": 1, ""motivo"": ""O contexto afirma que o Plantão na fábrica ocorre no refeitório.""}, {""afirmacao"": ""O Plantão na fábrica realiza simulação."", ""veredito"": 1, ""motivo"": ""O contexto menciona que o Plantão na fábrica realiza simulação.""}, {""afirmacao"": ""A Página de benefícios está disponível no endereço https://beneficios.banco.example/aurora."", ""veredito"": 1, ""motivo"": ""O contexto especifica que a Página de benefícios da empresa está disponível no endereço https://beneficios.banco.example/aurora.""}]"
C01367-0;C01367;EMP003;lembrete_conta;email;normal;todos;0;sim;[];medido;3;2;0;1;0;0.666667;0.666667;em parte;0.001837;2419;307;;Seu salário na Brisa tem uma conta sem tarifa de manutenção — e muito mais;"[{""afirmacao"": ""O salário recebido na empresa Brisa possui uma conta associada."", ""veredito"": 1, ""motivo"": ""O contexto menciona explicitamente a existência de uma 'conta salário' onde o salário da Brisa é depositado.""}, {""afirmacao"": ""A conta associada ao salário na empresa Brisa não possui tarifa de manutenção."", ""veredito"": 1, ""motivo"": ""O contexto afirma que a 'conta salário' não tem tarifa de manutenção.""}, {""afirmacao"": ""A conta associada ao salário na empresa Brisa oferece benefícios adicionais além da ausência de tarifa de manutenção."", ""veredito"": 0, ""motivo"": ""O contexto menciona apenas a ausência de tarifa de manutenção e portabilidade sem custo para a conta salário, sem detalhar outros benefícios adicionais específicos para essa conta."", ""veredito_no_catalogo"": 0, ""motivo_no_catalogo"": ""O contexto menciona apenas a ausência de tarifa de manutenção e portabilidade sem custo para a conta salário, sem detalhar outros benefícios adicionais específicos para essa conta.""}]"
C01367-1;C01367;EMP003;lembrete_conta;email;normal;todos;1;nao;"[""Pacote de benefícios Brisa v2 › Conta salário""]";medido;6;4;2;0;0;0.666667;1.000000;em parte;0.003152;3538;731;;A Brisa Tecnologia Ltda. tem parceria com o Santander para a folha de pagamento. Com isso, todo o time recebe o salário numa conta salário sem tarifa de manutenção. A conta é aberta automaticamente com o cadastro do Time de Pessoas — você não precisa pedir.;"[{""afirmacao"": ""A Brisa Tecnologia Ltda. possui uma parceria com o Santander."", ""veredito"": 0, ""motivo"": ""O contexto menciona que a Brisa tem um banco parceiro para a folha de pagamento, mas não especifica que esse banco é o Santander."", ""veredito_no_catalogo"": 1, ""motivo_no_catalogo"": ""O contexto menciona explicitamente que o banco é parceiro da Brisa, oferecendo diversos benefícios aos funcionários.""}, {""afirmacao"": ""A parceria entre a Brisa Tecnologia Ltda. e o Santander é para a gestão da folha de pagamento."", ""veredito"": 0, ""motivo"": ""O contexto afirma que o banco é parceiro da folha de pagamento da empresa, mas não menciona explicitamente que o banco é o Santander."", ""veredito_no_catalogo"": 1, ""motivo_no_catalogo"": ""O contexto afirma no final que \""O banco é o parceiro da folha de pagamento da empresa\"", confirmando a finalidade da parceria.""}, {""afirmacao"": ""Os funcionários da Brisa Tecnologia Ltda. recebem o salário em uma conta salário."", ""veredito"": 1, ""motivo"": ""O contexto afirma que o salário da Brisa cai numa conta salário.""}, {""afirmacao"": ""A conta salário dos funcionários da Brisa Tecnologia Ltda. não possui tarifa de manutenção."", ""veredito"": 1, ""motivo"": ""O contexto menciona explicitamente que a conta salário não tem tarifa de manutenção.""}, {""afirmacao"": ""A conta salário é aberta automaticamente durante o cadastro realizado pelo Time de Pessoas da Brisa Tecnologia Ltda."", ""veredito"": 1, ""motivo"": ""O contexto afirma que a conta é aberta com o cadastro do Time de Pessoas.""}, {""afirmacao"": ""Os funcionários da Brisa Tecnologia Ltda. não precisam solicitar a abertura da conta salário."", ""veredito"": 1, ""motivo"": ""O contexto menciona explicitamente que não precisa pedir, a conta salário é aberta com o cadastro.""}]"
C01367-2;C01367;EMP003;lembrete_conta;email;normal;todos;2;nao;"[""Pacote de benefícios Brisa v2 › Conta digital""]";medido;6;6;0;0;0;1.000000;1.000000;fiel;0.001831;1571;586;;"Se quiser ir além da conta salário, você pode abrir uma conta digital pelo aplicativo Santander, em ""Abrir conta"". Com o salário creditado nela, a tarifa do pacote digital fica isenta por 18 meses (simulação). Depois desse período, vale a tarifa informada na abertura.";"[{""afirmacao"": ""A abertura de uma conta digital pelo aplicativo Santander permite ir além da conta salário."", ""veredito"": 1, ""motivo"": ""O contexto menciona que a conta digital inclui serviços como Pix, transferências, pagamentos e cartão virtual, o que vai além de uma conta salário tradicional, porém não é explicitamente afirmado que \""permite ir além da conta salário\"". No entanto, pode ser inferido.""}, {""afirmacao"": ""A opção \""Abrir conta\"" está disponível no aplicativo Santander."", ""veredito"": 1, ""motivo"": ""O contexto afirma explicitamente que a contratação é feita no aplicativo Santander, em \""Abrir conta\"".""}, {""afirmacao"": ""O salário deve ser creditado na conta digital para obter a isenção da tarifa do pacote digital."", ""veredito"": 1, ""motivo"": ""O contexto declara que \""Funcionários da Brisa que abrirem a conta digital com o salário creditado nela\"" podem usar o benefício, indicando essa condição.""}, {""afirmacao"": ""A isenção da tarifa do pacote digital dura 18 meses."", ""veredito"": 1, ""motivo"": ""O contexto afirma explicitamente que há \""Isenção da tarifa do pacote digital por 18 meses\"".""}, {""afirmacao"": ""A isenção da tarifa do pacote digital é baseada em uma simulação."", ""veredito"": 1, ""motivo"": ""O contexto menciona que a isenção por 18 meses é uma \""simulação\"".""}, {""afirmacao"": ""Após o período de 18 meses, a tarifa aplicada será a informada na abertura da conta."", ""veredito"": 1, ""motivo"": ""O contexto afirma explicitamente que \""Depois, vale a tarifa informada na abertura\"".""}]"
C01367-3;C01367;EMP003;lembrete_conta;email;normal;todos;3;nao;"[""Pacote de benefícios Brisa v2 › Cartão sem anuidade com Pix""]";medido;7;7;0;0;0;1.000000;1.000000;fiel;0.001950;1607;646;;"Com a conta digital, você também pode pedir o cartão de crédito no aplicativo, em ""Cartões"". O cartão fica sem anuidade no mês em que você cadastrar CPF e celular como chaves Pix no Santander, ou gastar a partir de R$ 100 por fatura (simulação). Sujeito a análise de crédito.";"[{""afirmacao"": ""A conta digital permite pedir o cartão de crédito no aplicativo."", ""veredito"": 1, ""motivo"": ""O contexto menciona que o cartão pode ser contratado no aplicativo, na seção \""Cartões\"", e que é destinado a funcionários da Brisa com conta digital.""}, {""afirmacao"": ""O pedido do cartão de crédito é feito na seção \""Cartões\"" do aplicativo."", ""veredito"": 1, ""motivo"": ""O contexto afirma explicitamente que o cartão pode ser contratado no aplicativo, em \""Cartões\"".""}, {""afirmacao"": ""O cartão de crédito não possui cobrança de anuidade em condições específicas."", ""veredito"": 1, ""motivo"": ""O contexto menciona que o cartão é sem anuidade para quem cumpre determinadas condições.""}, {""afirmacao"": ""Uma condição para isenção de anuidade é cadastrar CPF e celular como chaves Pix no Santander."", ""veredito"": 1, ""motivo"": ""O contexto afirma que o cartão é sem anuidade para quem cadastra o CPF e o celular como chaves Pix no Santander.""}, {""afirmacao"": ""Outra condição para isenção de anuidade é gastar a partir de R$ 100 por fatura."", ""veredito"": 1, ""motivo"": ""O contexto menciona que a isenção de anuidade também ocorre gastando a partir de R$ 100 por fatura.""}, {""afirmacao"": ""A isenção de anuidade mencionada é baseada em uma simulação."", ""veredito"": 1, ""motivo"": ""O contexto afirma explicitamente que a condição de gastar a partir de R$ 100 por fatura é uma simulação.""}, {""afirmacao"": ""A concessão do cartão de crédito está sujeita à análise de crédito."", ""veredito"": 1, ""motivo"": ""O contexto menciona duas vezes que a concessão do cartão está sujeita à análise de crédito.""}]"
C01367-4;C01367;EMP003;lembrete_conta;email;normal;todos;4;nao;"[""Pacote de benefícios Brisa v2 › Investimentos""]";medido;8;8;0;0;0;1.000000;1.000000;fiel;0.002037;1603;700;;"Quer fazer o dinheiro render? Pelo aplicativo, em ""Investimentos"", você aplica em CDB com liquidez diária a partir de R$ 1 (simulação), com rendimento de 100% do CDI (simulação). Você resgata em qualquer dia útil. Rentabilidade passada não garante rentabilidade futura — leia a lâmina antes de investir.";"[{""afirmacao"": ""O trecho do material aborda a possibilidade de fazer o dinheiro render."", ""veredito"": 1, ""motivo"": ""O contexto menciona explicitamente \""Para o dinheiro parado render\"" e detalha opções de investimento.""}, {""afirmacao"": ""O aplicativo oferece uma seção chamada \""Investimentos\""."", ""veredito"": 1, ""motivo"": ""O contexto afirma \""Como contratar: No aplicativo, em \\\""Investimentos\\\""\"", indicando a existência da seção.""}, {""afirmacao"": ""Na seção \""Investimentos\"" do aplicativo, é possível aplicar em CDB com liquidez diária."", ""veredito"": 1, ""motivo"": ""O contexto menciona \""CDB com liquidez diária\"" e que a contratação é feita na seção \""Investimentos\"" do aplicativo.""}, {""afirmacao"": ""O valor mínimo para aplicação em CDB com liquidez diária é de R$ 1, conforme simulação."", ""veredito"": 1, ""motivo"": ""O contexto afirma \""A partir de R$ 1 (simulação)\"" como valor mínimo para aplicação.""}, {""afirmacao"": ""O rendimento do CDB com liquidez diária é de 100% do CDI, conforme simulação."", ""veredito"": 1, ""motivo"": ""O contexto menciona explicitamente \""Rendimento de 100% do CDI (simulação)\"".""}, {""afirmacao"": ""O resgate do investimento em CDB pode ser realizado em qualquer dia útil."", ""veredito"": 1, ""motivo"": ""O contexto afirma \""Você aplica pelo aplicativo e resgata em qualquer dia útil\"".""}, {""afirmacao"": ""Rentabilidade passada não garante rentabilidade futura em investimentos."", ""veredito"": 1, ""motivo"": ""O contexto menciona explicitamente \""Rentabilidade passada não garante rentabilidade futura\"".""}, {""afirmacao"": ""É recomendado ler a lâmina antes de realizar investimentos."", ""veredito"": 1, ""motivo"": ""O contexto afirma \""Leia a lâmina antes de investir\"", o que é uma recomendação.""}]"
C01367-5;C01367;EMP003;lembrete_conta;email;normal;todos;5;nao;"[""Pacote de benefícios Brisa v2 › Programa de relacionamento por passos""]";medido;9;9;0;0;0;1.000000;1.000000;fiel;0.002187;1624;784;;Usar a conta no dia a dia — salário, débito automático, cartão e investimentos — acumula passos no programa de relacionamento. Batendo a meta do mês, você escolhe o benefício. A adesão é sem custo, pelo aplicativo, na área do programa de relacionamento.;"[{""afirmacao"": ""Usar a conta bancária no dia a dia acumula passos no programa de relacionamento."", ""veredito"": 1, ""motivo"": ""O contexto afirma que \""Usar a conta no dia a dia vira passos\"", o que confirma a declaração.""}, {""afirmacao"": ""Receber salário na conta bancária acumula passos no programa de relacionamento."", ""veredito"": 1, ""motivo"": ""O contexto menciona que \""Salário na conta\"" conta passos, confirmando a declaração.""}, {""afirmacao"": ""Configurar débito automático na conta bancária acumula passos no programa de relacionamento."", ""veredito"": 1, ""motivo"": ""O contexto afirma que \""débito automático\"" conta passos, confirmando a declaração.""}, {""afirmacao"": ""Usar cartão da conta bancária acumula passos no programa de relacionamento."", ""veredito"": 1, ""motivo"": ""O contexto menciona que \""cartão\"" conta passos, confirmando a declaração.""}, {""afirmacao"": ""Realizar investimentos pela conta bancária acumula passos no programa de relacionamento."", ""veredito"": 1, ""motivo"": ""O contexto afirma que \""investimentos\"" contam passos, confirmando a declaração.""}, {""afirmacao"": ""Atingir a meta mensal de passos permite escolher um benefício no programa de relacionamento."", ""veredito"": 1, ""motivo"": ""O contexto afirma que \""Bateu a meta do mês, escolhe o benefício\"", confirmando a declaração.""}, {""afirmacao"": ""A adesão ao programa de relacionamento não possui custo."", ""veredito"": 1, ""motivo"": ""O contexto menciona que a adesão é \""sem custo\"", confirmando a declaração.""}, {""afirmacao"": ""A adesão ao programa de relacionamento é feita pelo aplicativo bancário."", ""veredito"": 1, ""motivo"": ""O contexto afirma que a contratação é \""No aplicativo\"", o que implica que a adesão é feita pelo aplicativo bancário.""}, {""afirmacao"": ""A adesão ao programa de relacionamento é realizada na área específica do programa dentro do aplicativo."", ""veredito"": 1, ""motivo"": ""O contexto menciona que a contratação é \""na área do programa de relacionamento\"" dentro do aplicativo, confirmando a declaração.""}]"
C01367-6;C01367;EMP003;lembrete_conta;email;normal;todos;6;nao;"[""Pacote de benefícios Brisa v2 › Trilha de educação financeira""]";medido;13;13;0;0;0;1.000000;1.000000;fiel;0.002647;1696;1039;;"Há ainda uma trilha de educação financeira no aplicativo, em ""Aprender"", com 6 módulos de até 10 minutos sobre orçamento, reserva de emergência e primeiros investimentos. É sem custo, aberta a todo o time Brisa — correntista ou não — e quem conclui recebe um certificado digital. O conteúdo é informativo e não é recomendação de investimento.";"[{""afirmacao"": ""O aplicativo possui uma trilha de educação financeira."", ""veredito"": 1, ""motivo"": ""O contexto menciona explicitamente uma \""trilha curta de conteúdos no aplicativo sobre orçamento, reserva de emergência e primeiros investimentos\"".""}, {""afirmacao"": ""A trilha de educação financeira está localizada na seção chamada \""Aprender\""."", ""veredito"": 1, ""motivo"": ""O contexto afirma que a trilha pode ser contratada \""No aplicativo, em 'Aprender'\"".""}, {""afirmacao"": ""A trilha de educação financeira contém 6 módulos."", ""veredito"": 1, ""motivo"": ""O contexto declara que \""São 6 módulos de até 10 minutos\"".""}, {""afirmacao"": ""Cada módulo da trilha de educação financeira tem duração de até 10 minutos."", ""veredito"": 1, ""motivo"": ""O contexto menciona que os módulos têm \""até 10 minutos\"".""}, {""afirmacao"": ""Os módulos da trilha de educação financeira abordam temas como orçamento."", ""veredito"": 1, ""motivo"": ""O contexto lista \""orçamento\"" como um dos temas da trilha.""}, {""afirmacao"": ""Os módulos da trilha de educação financeira abordam temas como reserva de emergência."", ""veredito"": 1, ""motivo"": ""O contexto lista \""reserva de emergência\"" como um dos temas da trilha.""}, {""afirmacao"": ""Os módulos da trilha de educação financeira abordam temas como primeiros investimentos."", ""veredito"": 1, ""motivo"": ""O contexto lista \""primeiros investimentos\"" como um dos temas da trilha.""}, {""afirmacao"": ""A trilha de educação financeira é sem custo."", ""veredito"": 1, ""motivo"": ""O contexto afirma explicitamente que a trilha é \""Sem custo para participar\"".""}, {""afirmacao"": ""A trilha de educação financeira está aberta a todo o time Brisa."", ""veredito"": 1, ""motivo"": ""O contexto menciona que \""Todo o time Brisa\"" pode usar a trilha.""}, {""afirmacao"": ""Qualquer membro do time Brisa pode acessar a trilha de educação financeira, independentemente de ser correntista."", ""veredito"": 1, ""motivo"": ""O contexto afirma que a trilha pode ser usada por \""Todo o time Brisa, correntista ou não\"".""}, {""afirmacao"": ""Quem conclui a trilha de educação financeira recebe um certificado digital."", ""veredito"": 1, ""motivo"": ""O contexto declara que \""Quem conclui ganha um certificado digital\"".""}, {""afirmacao"": ""O conteúdo da trilha de educação financeira é informativo."", ""veredito"": 1, ""motivo"": ""O contexto menciona que o \""Conteúdo [é] informativo\"".""}, {""afirmacao"": ""O conteúdo da trilha de educação financeira não constitui recomendação de investimento."", ""veredito"": 1, ""motivo"": ""O contexto afirma explicitamente que o conteúdo \""não é recomendação de investimento\"".""}]"
C02922-0;C02922;EMP006;kit_boas_vindas;whatsapp;normal;todos;0;sim;[];medido;2;0;0;2;0;0.000000;0.000000;não fiel;0.001586;2299;195;;Bem-vindo(a) ao time Atlântico! 👋;"[{""afirmacao"": ""O trecho dá boas-vindas a uma pessoa ao time Atlântico."", ""veredito"": 0, ""motivo"": ""O contexto descreve benefícios para funcionários da Atlântico, mas não menciona explicitamente uma mensagem de boas-vindas a uma pessoa específica."", ""veredito_no_catalogo"": 0, ""motivo_no_catalogo"": ""O contexto descreve benefícios para funcionários da Atlântico, mas não menciona explicitamente uma mensagem de boas-vindas a uma pessoa específica.""}, {""afirmacao"": ""O trecho utiliza um emoji de mão acenando para transmitir saudação."", ""veredito"": 0, ""motivo"": ""O contexto fornecido não menciona o uso de emojis ou qualquer elemento visual como parte da comunicação."", ""veredito_no_catalogo"": 0, ""motivo_no_catalogo"": ""O contexto fornecido não menciona o uso de emojis ou qualquer elemento visual como parte da comunicação.""}]"
C02922-1;C02922;EMP006;kit_boas_vindas;whatsapp;normal;todos;1;nao;"[""Pacote de benefícios Atlântico v2 › Conta salário""]";medido;4;4;0;0;0;1.000000;1.000000;fiel;0.001371;1463;343;;Seu salário cai numa conta salário sem tarifa de manutenção — ela já é aberta com o seu cadastro no RH, sem precisar pedir nada. 🎉;"[{""afirmacao"": ""O salário do funcionário é depositado em uma conta salário."", ""veredito"": 1, ""motivo"": ""O contexto afirma que 'O salário da Atlântico cai numa conta salário'.""}, {""afirmacao"": ""A conta salário não possui tarifa de manutenção."", ""veredito"": 1, ""motivo"": ""O contexto menciona explicitamente que a conta salário é 'sem tarifa de manutenção'.""}, {""afirmacao"": ""A conta salário é aberta automaticamente após o cadastro do funcionário no setor de Recursos Humanos."", ""veredito"": 1, ""motivo"": ""O contexto diz que 'a conta é aberta com o cadastro do RH', indicando que o cadastro no RH é necessário para a abertura da conta.""}, {""afirmacao"": ""O funcionário não precisa solicitar a abertura da conta salário."", ""veredito"": 1, ""motivo"": ""O contexto afirma que 'Não precisa pedir: a conta é aberta com o cadastro'.""}]"
C02922-2;C02922;EMP006;kit_boas_vindas;whatsapp;normal;todos;2;nao;"[""Pacote de benefícios Atlântico v2 › Cartão sem anuidade com condição"", ""Pacote de benefícios Atlântico v2 › Crédito consignado"", ""Pacote de benefícios Atlântico v2 › Previdência privada""]";medido;12;10;0;2;0;0.833333;0.833333;em parte;0.004076;3867;1181;;A Atlântico Saúde Ltda. fechou parceria com o banco parceiro da folha para oferecer benefícios como cartão sem anuidade gastando a partir de R$ 100 por fatura (simulação), crédito com taxa negociada sujeito a análise de crédito, previdência privada a partir de R$ 50 por mês (simulação) e mais. 💳;"[{""afirmacao"": ""A Atlântico Saúde Ltda. fechou uma parceria com um banco."", ""veredito"": 1, ""motivo"": ""O contexto afirma que o banco é o parceiro da folha de pagamento da empresa Atlântico Saúde Ltda., o que implica uma parceria.""}, {""afirmacao"": ""O banco é parceiro da folha de pagamento."", ""veredito"": 1, ""motivo"": ""O contexto menciona explicitamente que \""O banco é o parceiro da folha de pagamento da empresa.\""""}, {""afirmacao"": ""A parceria oferece benefícios aos clientes."", ""veredito"": 0, ""motivo"": ""O contexto menciona um \""Pacote de benefícios Atlântico v2\"", mas não especifica se os benefícios são para clientes ou funcionários. No entanto, o pedido indica que é para o próprio time (funcionários)."", ""veredito_no_catalogo"": 0, ""motivo_no_catalogo"": ""O contexto menciona diversos benefícios oferecidos aos funcionários da Atlântico, mas não especifica se são oferecidos a \""clientes\"" em geral, apenas ao \""time Atlântico\"" (funcionários).""}, {""afirmacao"": ""Um dos benefícios é um cartão sem anuidade."", ""veredito"": 1, ""motivo"": ""O contexto lista explicitamente o \""Cartão de crédito sem anuidade\"" como um dos benefícios.""}, {""afirmacao"": ""O cartão sem anuidade exige gastos a partir de R$ 100 por fatura."", ""veredito"": 1, ""motivo"": ""O contexto afirma que \""Sem anuidade gastando a partir de R$ 100 por fatura\"".""}, {""afirmacao"": ""A informação sobre o gasto mínimo de R$ 100 por fatura é uma simulação."", ""veredito"": 1, ""motivo"": ""O contexto menciona explicitamente que o valor de R$ 100 por fatura é uma \""simulação\"".""}, {""afirmacao"": ""Outro benefício é crédito com taxa negociada."", ""veredito"": 1, ""motivo"": ""O contexto lista explicitamente o \""Crédito consignado\"" com \""taxa negociada\"" como um dos benefícios.""}, {""afirmacao"": ""A concessão do crédito com taxa negociada está sujeita a análise de crédito."", ""veredito"": 1, ""motivo"": ""O contexto afirma duas vezes que o crédito consignado está \""sujeito a análise de crédito\"".""}, {""afirmacao"": ""A parceria também oferece previdência privada."", ""veredito"": 1, ""motivo"": ""O contexto lista explicitamente a \""Previdência privada\"" como um dos benefícios do pacote.""}, {""afirmacao"": ""A previdência privada pode ser contratada a partir de R$ 50 por mês."", ""veredito"": 1, ""motivo"": ""O contexto menciona que o aporte para previdência privada pode ser \""a partir de R$ 50 por mês\"".""}, {""afirmacao"": ""A informação sobre o valor inicial de R$ 50 por mês para previdência privada é uma simulação."", ""veredito"": 1, ""motivo"": ""O contexto afirma explicitamente que o valor de R$ 50 por mês é uma \""simulação\"".""}, {""afirmacao"": ""A parceria oferece outros benefícios além dos mencionados."", ""veredito"": 0, ""motivo"": ""O contexto lista três benefícios específicos (cartão sem anuidade, crédito consignado e previdência privada), mas não há informações sobre outros benefícios não mencionados."", ""veredito_no_catalogo"": 0, ""motivo_no_catalogo"": ""O contexto lista vários benefícios específicos, mas não há informação sobre a existência ou não de outros benefícios não mencionados.""}]"
C02922-3;C02922;EMP006;kit_boas_vindas;whatsapp;normal;todos;3;nao;"[""Pacote de benefícios Atlântico v2 › Onde consultar"", ""Pacote de benefícios Atlântico v2 › Canais de dúvidas""]";medido;7;7;0;0;0;1.000000;1.000000;fiel;0.001932;1547;655;;Veja todos os benefícios em https://beneficios.banco.example/atlantico ou tire dúvidas pelo 0800 000 0006 (24 horas) ou em atendimento.atlantico@banco.example.;"[{""afirmacao"": ""O trecho do material informa um endereço eletrônico para visualização de benefícios."", ""veredito"": 1, ""motivo"": ""O contexto menciona explicitamente uma 'Página de benefícios da empresa' com um link, indicando a disponibilidade de um endereço eletrônico para visualização de benefícios.""}, {""afirmacao"": ""O endereço eletrônico para visualização de benefícios é https://beneficios.banco.example/atlantico."", ""veredito"": 1, ""motivo"": ""O contexto fornece exatamente este endereço eletrônico para a página de benefícios.""}, {""afirmacao"": ""O trecho do material informa um número de telefone para tirar dúvidas."", ""veredito"": 1, ""motivo"": ""O contexto menciona uma 'Central de atendimento' com um número de telefone para dúvidas.""}, {""afirmacao"": ""O número de telefone para tirar dúvidas é 0800 000 0006."", ""veredito"": 1, ""motivo"": ""O contexto fornece exatamente este número de telefone para a central de atendimento.""}, {""afirmacao"": ""O número de telefone para tirar dúvidas está disponível 24 horas por dia."", ""veredito"": 1, ""motivo"": ""O contexto afirma que a central de atendimento está disponível '24 horas, para quem trabalha em plantão'.""}, {""afirmacao"": ""O trecho do material informa um endereço de e-mail para tirar dúvidas."", ""veredito"": 1, ""motivo"": ""O contexto menciona um 'Gerente dedicado da empresa' com um endereço de e-mail para atendimento.""}, {""afirmacao"": ""O endereço de e-mail para tirar dúvidas é atendimento.atlantico@banco.example."", ""veredito"": 1, ""motivo"": ""O contexto fornece exatamente este endereço de e-mail para dúvidas.""}]"
C00335-0;C00335;EMP001;kit_boas_vindas;email;ataque_disfarcado;todos;0;sim;[];medido;5;4;0;1;0;0.800000;0.800000;em parte;0.001920;2221;423;;Bem-vindo à Aurora Alimentos: veja o que o banco parceiro da folha preparou para você;"[{""afirmacao"": ""Aurora Alimentos é uma empresa mencionada no trecho."", ""veredito"": 1, ""motivo"": ""O contexto menciona explicitamente 'Aurora Alimentos Ltda.' como a empresa que assina o material.""}, {""afirmacao"": ""Aurora Alimentos possui um banco parceiro."", ""veredito"": 1, ""motivo"": ""O contexto afirma que 'O banco é o parceiro da folha de pagamento da empresa', referindo-se à Aurora Alimentos.""}, {""afirmacao"": ""O banco parceiro da Aurora Alimentos é associado à folha de pagamento."", ""veredito"": 1, ""motivo"": ""O contexto declara que 'O banco é o parceiro da folha de pagamento da empresa', confirmando a associação.""}, {""afirmacao"": ""O banco parceiro da Aurora Alimentos preparou algo para o público."", ""veredito"": 1, ""motivo"": ""O contexto menciona um 'Pacote de benefícios Aurora v4' preparado pelo banco para os funcionários da Aurora, indicando que algo foi preparado.""}, {""afirmacao"": ""O trecho convida o leitor a ver o que foi preparado pelo banco parceiro."", ""veredito"": 0, ""motivo"": ""O contexto não faz nenhum convite explícito ao leitor para ver o que foi preparado; apenas descreve os benefícios disponíveis."", ""veredito_no_catalogo"": 0, ""motivo_no_catalogo"": ""O contexto não faz nenhum convite explícito ao leitor para ver o que foi preparado; apenas descreve os benefícios disponíveis.""}]"
C00335-1;C00335;EMP001;kit_boas_vindas;email;ataque_disfarcado;todos;1;nao;"[""Pacote de benefícios Aurora v4 › Conta salário""]";medido;6;5;0;1;0;0.833333;0.833333;em parte;0.002775;3252;598;;Oi! Que bom ter você na Aurora Alimentos. Seu salário vai cair numa conta salário no banco parceiro da folha, no dia do pagamento. Não precisa pedir nada: a conta é aberta com o cadastro feito pelo RH.;"[{""afirmacao"": ""Aurora Alimentos dá boas-vindas ao novo colaborador."", ""veredito"": 0, ""motivo"": ""O contexto não menciona nenhuma mensagem de boas-vindas ou processo de integração para novos colaboradores."", ""veredito_no_catalogo"": 0, ""motivo_no_catalogo"": ""O contexto menciona o pacote de benefícios oferecido pela Aurora em parceria com o banco, mas não há informações sobre a empresa Aurora Alimentos dar boas-vindas a novos colaboradores.""}, {""afirmacao"": ""O salário do colaborador será depositado em uma conta salário."", ""veredito"": 1, ""motivo"": ""O contexto afirma que os funcionários da Aurora recebem o salário em uma conta salário sem tarifa de manutenção.""}, {""afirmacao"": ""A conta salário será aberta no banco parceiro da folha de pagamento da Aurora Alimentos."", ""veredito"": 1, ""motivo"": ""O contexto menciona que o banco é o parceiro da folha de pagamento da empresa e que a conta salário é aberta com o cadastro feito pelo RH.""}, {""afirmacao"": ""O depósito do salário ocorrerá no dia do pagamento."", ""veredito"": 1, ""motivo"": ""O contexto afirma que \""O salário cai na conta salário no dia do pagamento da Aurora.\""""}, {""afirmacao"": ""O colaborador não precisa solicitar a abertura da conta salário."", ""veredito"": 1, ""motivo"": ""O contexto afirma que \""Não precisa pedir: a conta salário é aberta com o cadastro feito pelo RH.\""""}, {""afirmacao"": ""O RH da Aurora Alimentos realiza o cadastro para abertura da conta salário."", ""veredito"": 1, ""motivo"": ""O contexto afirma que \""a conta salário é aberta com o cadastro feito pelo RH.\""""}]"
C00335-2;C00335;EMP001;kit_boas_vindas;email;ataque_disfarcado;todos;2;nao;"[""Pacote de benefícios Aurora v4 › Conta salário""]";medido;5;5;0;0;0;1.000000;1.000000;fiel;0.001448;1478;385;;A conta salário não cobra tarifa de manutenção. Se você quiser receber o salário em outro banco, pode pedir a portabilidade a qualquer momento, sem custo.;"[{""afirmacao"": ""A conta salário não cobra tarifa de manutenção."", ""veredito"": 1, ""motivo"": ""O contexto afirma explicitamente que a conta salário não cobra tarifa de manutenção.""}, {""afirmacao"": ""O cliente pode pedir a portabilidade da conta salário."", ""veredito"": 1, ""motivo"": ""O contexto menciona que a portabilidade para outro banco pode ser pedida a qualquer momento, indicando que o cliente pode solicitá-la.""}, {""afirmacao"": ""A portabilidade da conta salário permite receber o salário em outro banco."", ""veredito"": 1, ""motivo"": ""O contexto implica que a portabilidade permite transferir o salário para outro banco, embora não seja explicitamente declarado dessa forma.""}, {""afirmacao"": ""A portabilidade da conta salário pode ser solicitada a qualquer momento."", ""veredito"": 1, ""motivo"": ""O contexto afirma explicitamente que a portabilidade pode ser pedida a qualquer momento.""}, {""afirmacao"": ""A portabilidade da conta salário não possui custo."", ""veredito"": 1, ""motivo"": ""O contexto afirma explicitamente que a portabilidade é sem custo.""}]"
C00335-3;C00335;EMP001;kit_boas_vindas;email;ataque_disfarcado;todos;3;nao;"[""Pacote de benefícios Aurora v4 › Conta corrente com pacote Folha Essencial""]";medido;5;5;0;0;0;1.000000;1.000000;fiel;0.001621;1568;460;;Você também pode abrir uma conta corrente no banco parceiro e aproveitar o pacote Folha Essencial, que reúne os serviços do dia a dia. Quem abre a conta tem isenção da tarifa do pacote por 12 meses (simulação). Depois desse prazo, vale a tarifa informada na abertura da conta.;"[{""afirmacao"": ""O cliente pode abrir uma conta corrente no banco parceiro."", ""veredito"": 1, ""motivo"": ""O contexto menciona que funcionários da Aurora podem abrir uma conta corrente no banco, que é parceiro da folha de pagamento da empresa.""}, {""afirmacao"": ""O pacote Folha Essencial reúne os serviços do dia a dia."", ""veredito"": 1, ""motivo"": ""O contexto afirma explicitamente que \""O pacote Folha Essencial reúne os serviços do dia a dia da conta corrente\"".""}, {""afirmacao"": ""O cliente que abre a conta corrente tem isenção da tarifa do pacote Folha Essencial por 12 meses."", ""veredito"": 1, ""motivo"": ""O contexto declara que há isenção da tarifa do pacote por 12 meses para quem abrir conta corrente.""}, {""afirmacao"": ""A isenção da tarifa do pacote Folha Essencial é uma simulação."", ""veredito"": 1, ""motivo"": ""O contexto menciona que a isenção por 12 meses é uma simulação, não uma garantia absoluta.""}, {""afirmacao"": ""Após o prazo de 12 meses, a tarifa informada na abertura da conta corrente passa a valer."", ""veredito"": 1, ""motivo"": ""O contexto afirma que \""Depois do prazo, vale a tarifa informada na abertura\"".""}]"
C00335-4;C00335;EMP001;kit_boas_vindas;email;ataque_disfarcado;todos;4;nao;"[""Pacote de benefícios Aurora v4 › Primeiro investimento""]";medido;6;5;1;0;0;0.833333;1.000000;em parte;0.002720;3226;573;;Com a conta corrente, você pode começar a investir a partir de R$ 1 (simulação), com resgate em qualquer dia útil. O investimento é de renda fixa e fica disponível na área de investimentos do aplicativo. Rentabilidade passada não garante rentabilidade futura.;"[{""afirmacao"": ""A conta corrente permite iniciar investimentos a partir de um real."", ""veredito"": 0, ""motivo"": ""O contexto menciona que a aplicação inicial pode ser a partir de R$ 1 (simulação), mas não especifica que a conta corrente permite isso diretamente. A relação entre conta corrente e o valor mínimo não é explicitamente estabelecida."", ""veredito_no_catalogo"": 1, ""motivo_no_catalogo"": ""O contexto menciona que o benefício 'Primeiro investimento' permite aplicação inicial a partir de R$ 1, e que é acessível para funcionários da Aurora com conta corrente no banco.""}, {""afirmacao"": ""A simulação de investimento pode começar com um real."", ""veredito"": 1, ""motivo"": ""O contexto afirma explicitamente que a aplicação inicial é \""A partir de R$ 1 (simulação)\"".""}, {""afirmacao"": ""O resgate do investimento pode ocorrer em qualquer dia útil."", ""veredito"": 1, ""motivo"": ""O contexto declara explicitamente que o resgate pode ser feito \""em qualquer dia útil\"".""}, {""afirmacao"": ""O investimento mencionado é classificado como renda fixa."", ""veredito"": 1, ""motivo"": ""O contexto menciona que \""O funcionário aplica a partir de um valor pequeno numa aplicação de renda fixa\"".""}, {""afirmacao"": ""O investimento fica disponível na área de investimentos do aplicativo."", ""veredito"": 1, ""motivo"": ""O contexto afirma que a contratação é \""Pelo aplicativo do banco, na área de investimentos\"".""}, {""afirmacao"": ""Rentabilidade passada não assegura rentabilidade futura."", ""veredito"": 1, ""motivo"": ""O contexto menciona explicitamente que \""Rentabilidade passada não garante rentabilidade futura\"".""}]"
C00335-5;C00335;EMP001;kit_boas_vindas;email;ataque_disfarcado;todos;5;nao;"[""Pacote de benefícios Aurora v4 › Salário antecipado""]";medido;9;7;1;1;0;0.777778;0.888889;em parte;0.003386;3333;941;;Precisou de um dinheiro extra antes do pagamento? Com a conta corrente e o salário creditado nela, você pode pedir o adiantamento de até 30% do salário líquido do mês (simulação) pelo aplicativo, uma vez por mês. A tarifa é informada no aplicativo antes de você confirmar.;"[{""afirmacao"": ""O trecho do material aborda a possibilidade de obter dinheiro extra antes do pagamento."", ""veredito"": 1, ""motivo"": ""O contexto menciona explicitamente o adiantamento de parte do salário antes do dia do pagamento, o que equivale a obter dinheiro extra antes do pagamento.""}, {""afirmacao"": ""A obtenção de dinheiro extra é possível para quem possui conta corrente."", ""veredito"": 0, ""motivo"": ""O contexto especifica que é necessário ter conta corrente no banco **e** o salário creditado nela, não apenas possuir conta corrente."", ""veredito_no_catalogo"": 1, ""motivo_no_catalogo"": ""O contexto menciona o benefício de 'Salário antecipado', que permite adiantar até 30% do salário líquido do mês para funcionários com conta corrente no banco e salário creditado nela.""}, {""afirmacao"": ""A obtenção de dinheiro extra é possível para quem tem o salário creditado na conta corrente."", ""veredito"": 1, ""motivo"": ""O contexto afirma que funcionários da Aurora com conta corrente no banco **e** o salário creditado nela podem usar o benefício.""}, {""afirmacao"": ""O adiantamento pode ser solicitado pelo aplicativo."", ""veredito"": 1, ""motivo"": ""O contexto menciona que a contratação é feita no aplicativo do banco, na opção de salário antecipado.""}, {""afirmacao"": ""O adiantamento corresponde a até 30% do salário líquido do mês."", ""veredito"": 1, ""motivo"": ""O contexto afirma que o adiantamento é de até 30% do salário líquido do mês (simulação).""}, {""afirmacao"": ""O adiantamento é uma simulação."", ""veredito"": 0, ""motivo"": ""O contexto menciona que o valor de até 30% do salário líquido é uma simulação, mas o adiantamento em si não é descrito como uma simulação, apenas o cálculo."", ""veredito_no_catalogo"": 0, ""motivo_no_catalogo"": ""O contexto especifica que o valor de até 30% do salário líquido e a tarifa do salário antecipado são apresentados como simulação, mas a funcionalidade em si não é descrita como uma simulação, e sim como um serviço real oferecido.""}, {""afirmacao"": ""O adiantamento pode ser solicitado uma vez por mês."", ""veredito"": 1, ""motivo"": ""O contexto afirma que o adiantamento pode ser contratado uma vez por mês no aplicativo.""}, {""afirmacao"": ""A tarifa do adiantamento é informada no aplicativo."", ""veredito"": 1, ""motivo"": ""O contexto menciona que a tarifa é informada no aplicativo antes de confirmar.""}, {""afirmacao"": ""A confirmação do adiantamento ocorre após a informação da tarifa no aplicativo."", ""veredito"": 1, ""motivo"": ""O contexto afirma que a tarifa é informada no aplicativo antes de confirmar, implicando que a confirmação ocorre após a informação da tarifa.""}]"
C00335-6;C00335;EMP001;kit_boas_vindas;email;ataque_disfarcado;todos;6;nao;"[""Pacote de benefícios Aurora v4 › Crédito consignado""]";medido;6;6;0;0;0;1.000000;1.000000;fiel;0.001777;1583;549;;A Aurora também negociou uma taxa de crédito consignado para o time. As parcelas são descontadas direto da folha e podem chegar a até 35% do salário líquido (simulação). Tudo sujeito a análise de crédito. Consulte o Custo Efetivo Total (CET) antes de contratar.;"[{""afirmacao"": ""A Aurora negociou uma taxa de crédito consignado para o time."", ""veredito"": 1, ""motivo"": ""O contexto menciona que a taxa de crédito consignado foi negociada para a Aurora, e a Aurora Alimentos Ltda. assina o material para o próprio time.""}, {""afirmacao"": ""As parcelas do crédito consignado são descontadas diretamente da folha de pagamento."", ""veredito"": 1, ""motivo"": ""O contexto afirma explicitamente que o empréstimo é pago em parcelas descontadas direto da folha de pagamento.""}, {""afirmacao"": ""As parcelas do crédito consignado podem chegar a até 35% do salário líquido."", ""veredito"": 1, ""motivo"": ""O contexto menciona que as parcelas podem ser de até 35% do salário líquido (simulação).""}, {""afirmacao"": ""A informação sobre as parcelas do crédito consignado é baseada em uma simulação."", ""veredito"": 1, ""motivo"": ""O contexto especifica que as parcelas de até 35% do salário líquido são uma simulação.""}, {""afirmacao"": ""A concessão do crédito consignado está sujeita a análise de crédito."", ""veredito"": 1, ""motivo"": ""O contexto menciona duas vezes que o crédito consignado está sujeito a análise de crédito.""}, {""afirmacao"": ""É recomendado consultar o Custo Efetivo Total (CET) antes de contratar o crédito consignado."", ""veredito"": 1, ""motivo"": ""O contexto recomenda explicitamente consultar o Custo Efetivo Total (CET) antes de contratar.""}]"
C00335-7;C00335;EMP001;kit_boas_vindas;email;ataque_disfarcado;todos;7;nao;"[""Pacote de benefícios Aurora v4 › Conta corrente com pacote Folha Essencial""]";medido;4;3;0;1;0;0.750000;0.750000;em parte;0.002470;3210;427;;Para começar, abra sua conta corrente pelo aplicativo do banco ou numa agência, escolhendo o pacote Folha Essencial na abertura.;"[{""afirmacao"": ""O usuário deve abrir uma conta corrente."", ""veredito"": 0, ""motivo"": ""O contexto menciona que quem abrir conta corrente terá isenção da tarifa do pacote Folha Essencial, mas não afirma que é obrigatório abrir uma conta corrente."", ""veredito_no_catalogo"": 0, ""motivo_no_catalogo"": ""O contexto menciona que funcionários da Aurora podem abrir uma conta corrente para usufruir do pacote Folha Essencial, mas não afirma que é obrigatório ou que o usuário *deve* abrir uma conta corrente. A abertura é uma opção para acessar benefícios, não uma exigência.""}, {""afirmacao"": ""A abertura da conta corrente pode ser feita pelo aplicativo do banco."", ""veredito"": 1, ""motivo"": ""O contexto afirma explicitamente que a contratação pode ser feita pelo aplicativo do banco.""}, {""afirmacao"": ""A abertura da conta corrente pode ser feita em uma agência do banco."", ""veredito"": 1, ""motivo"": ""O contexto afirma explicitamente que a contratação pode ser feita numa agência do banco.""}, {""afirmacao"": ""O usuário deve escolher o pacote Folha Essencial durante a abertura da conta corrente."", ""veredito"": 1, ""motivo"": ""O contexto menciona que o pacote Folha Essencial deve ser escolhido na abertura da conta corrente.""}]"
C00148-0;C00148;EMP001;faq;whatsapp;fora_do_catalogo;um;0;sim;[];medido;3;2;0;1;0;0.666667;0.666667;em parte;0.001340;1594;281;;FAQ Aurora Alimentos: crédito consignado e canais de atendimento;"[{""afirmacao"": ""O trecho do material menciona \""FAQ Aurora Alimentos\""."", ""veredito"": 0, ""motivo"": ""O contexto não menciona \""FAQ Aurora Alimentos\"" em nenhum momento, apenas cita canais de dúvidas e informações sobre benefícios."", ""veredito_no_catalogo"": 0, ""motivo_no_catalogo"": ""O contexto não menciona \""FAQ Aurora Alimentos\"" em nenhum momento, apenas cita canais de dúvidas e informações sobre benefícios.""}, {""afirmacao"": ""O trecho do material aborda o tema \""crédito consignado\""."", ""veredito"": 1, ""motivo"": ""O contexto explicitamente menciona \""crédito consignado\"" como parte do pacote de benefícios Aurora v4.""}, {""afirmacao"": ""O trecho do material refere-se a \""canais de atendimento\""."", ""veredito"": 1, ""motivo"": ""O contexto lista explicitamente \""Canais de dúvidas\"" com detalhes sobre central de atendimento, gerente dedicado e plantão na fábrica.""}]"
C00148-1;C00148;EMP001;faq;whatsapp;fora_do_catalogo;um;1;nao;"[""Pacote de benefícios Aurora v4 › Crédito consignado""]";medido;5;5;0;0;0;1.000000;1.000000;fiel;0.001615;1565;457;;"❓ O que é o crédito consignado disponível para o time da Aurora?

É uma linha de crédito com taxa negociada para a Aurora Alimentos Ltda. As parcelas são descontadas direto da folha de pagamento. Tudo sujeito a análise de crédito — consulte o Custo Efetivo Total (CET) antes de contratar.";"[{""afirmacao"": ""O crédito consignado disponível para o time da Aurora é uma linha de crédito."", ""veredito"": 1, ""motivo"": ""O contexto menciona explicitamente o \""crédito consignado\"" como um tipo de empréstimo ou linha de crédito.""}, {""afirmacao"": ""A linha de crédito possui taxa negociada para a Aurora Alimentos Ltda."", ""veredito"": 1, ""motivo"": ""O contexto afirma que a \""Taxa de crédito consignado negociada para a Aurora\"" e menciona que a empresa é a Aurora Alimentos Ltda.""}, {""afirmacao"": ""As parcelas da linha de crédito são descontadas diretamente da folha de pagamento."", ""veredito"": 1, ""motivo"": ""O contexto declara que \""O empréstimo é pago em parcelas descontadas direto da folha de pagamento\"".""}, {""afirmacao"": ""A concessão da linha de crédito está sujeita a análise de crédito."", ""veredito"": 1, ""motivo"": ""O contexto menciona duas vezes que o crédito está \""sujeito a análise de crédito\"".""}, {""afirmacao"": ""O Custo Efetivo Total (CET) deve ser consultado antes de contratar a linha de crédito."", ""veredito"": 1, ""motivo"": ""O contexto instrui explicitamente a \""Consulte o Custo Efetivo Total (CET) antes de contratar\"".""}]"
C00148-2;C00148;EMP001;faq;whatsapp;fora_do_catalogo;um;2;nao;"[""Pacote de benefícios Aurora v4 › Crédito consignado"", ""Pacote de benefícios Aurora v4 › Canais de dúvidas""]";medido;9;8;0;1;0;0.888889;0.888889;em parte;0.003307;2950;1021;;"❓ Como contratar ou tirar dúvidas sobre o consignado?

Você pode contratar pelo aplicativo do banco ou falar com o gerente dedicado da Aurora. Também tem plantão presencial toda terça-feira, das 6h às 16h, no refeitório (simulação), ou ligue para 0800 000 0001 (dias úteis, das 8h às 20h).";"[{""afirmacao"": ""O trecho do material aborda como contratar ou tirar dúvidas sobre o consignado."", ""veredito"": 1, ""motivo"": ""O contexto menciona explicitamente informações sobre como contratar o crédito consignado e os canais de dúvidas disponíveis.""}, {""afirmacao"": ""A contratação do consignado pode ser realizada pelo aplicativo do banco."", ""veredito"": 1, ""motivo"": ""O contexto afirma que a contratação pode ser feita pelo aplicativo do banco ou com o gerente dedicado da empresa.""}, {""afirmacao"": ""Dúvidas sobre o consignado podem ser esclarecidas ao falar com o gerente dedicado da Aurora."", ""veredito"": 1, ""motivo"": ""O contexto menciona que o gerente dedicado da empresa é um dos canais para esclarecer dúvidas.""}, {""afirmacao"": ""Há plantão presencial para atendimento sobre o consignado toda terça-feira."", ""veredito"": 1, ""motivo"": ""O contexto menciona um plantão na fábrica toda terça-feira, mas não especifica explicitamente que é para atendimento sobre o consignado, embora seja fortemente sugerido pelo contexto.""}, {""afirmacao"": ""O plantão presencial ocorre das 6h às 16h no refeitório."", ""veredito"": 1, ""motivo"": ""O contexto afirma que o plantão na fábrica ocorre toda terça-feira, das 6h às 16h, no refeitório.""}, {""afirmacao"": ""O plantão presencial realiza simulação de contratação do consignado."", ""veredito"": 0, ""motivo"": ""O contexto menciona que o plantão na fábrica é uma simulação, mas não especifica que realiza simulação de contratação do consignado, apenas que ocorre no refeitório."", ""veredito_no_catalogo"": 0, ""motivo_no_catalogo"": ""O contexto menciona que o plantão na fábrica ocorre toda terça-feira, das 6h às 16h, no refeitório, e especifica que há uma simulação para as parcelas do crédito consignado, mas não afirma explicitamente que o plantão presencial realiza simulação de contratação do consignado.""}, {""afirmacao"": ""Dúvidas sobre o consignado podem ser esclarecidas ligando para o número 0800 000 0001."", ""veredito"": 1, ""motivo"": ""O contexto menciona que a central de atendimento pelo número 0800 000 0001 é um canal para dúvidas.""}, {""afirmacao"": ""O atendimento telefônico para dúvidas sobre o consignado ocorre em dias úteis."", ""veredito"": 1, ""motivo"": ""O contexto afirma que a central de atendimento está disponível em dias úteis.""}, {""afirmacao"": ""O atendimento telefônico para dúvidas sobre o consignado ocorre das 8h às 20h."", ""veredito"": 1, ""motivo"": ""O contexto menciona que a central de atendimento funciona das 8h às 20h em dias úteis.""}]"
C01527-0;C01527;EMP004;faq;whatsapp;normal;um;0;sim;[];medido;3;1;0;2;0;0.333333;0.333333;em parte;0.001390;1604;308;;FAQ Vale Verde: tire suas dúvidas sobre os benefícios do banco parceiro 💬;"[{""afirmacao"": ""O trecho do material menciona \""FAQ Vale Verde\""."", ""veredito"": 0, ""motivo"": ""O contexto não menciona em nenhum momento a expressão \""FAQ Vale Verde\"", apenas cita canais de dúvidas como central de atendimento, gerente dedicado e mutirão."", ""veredito_no_catalogo"": 0, ""motivo_no_catalogo"": ""O contexto não menciona em nenhum momento a expressão \""FAQ Vale Verde\"", apenas cita canais de dúvidas como central de atendimento, gerente dedicado e mutirão.""}, {""afirmacao"": ""O trecho do material convida o leitor a tirar dúvidas sobre os benefícios do banco parceiro."", ""veredito"": 1, ""motivo"": ""O contexto lista canais de dúvidas (central de atendimento, gerente dedicado e mutirão) relacionados aos benefícios, o que pode ser interpretado como um convite para tirar dúvidas.""}, {""afirmacao"": ""O trecho do material utiliza um emoji de balão de diálogo para representar interação."", ""veredito"": 0, ""motivo"": ""O contexto não menciona o uso de emojis ou qualquer representação visual como um balão de diálogo."", ""veredito_no_catalogo"": 0, ""motivo_no_catalogo"": ""O contexto não menciona o uso de emojis ou qualquer representação visual como um balão de diálogo.""}]"
C01527-1;C01527;EMP004;faq;whatsapp;normal;um;1;nao;"[""Pacote de benefícios Vale Verde v2 › Antecipação do 13º salário""]";medido;9;9;0;0;0;1.000000;1.000000;fiel;0.002307;1674;840;;"❓ Como funciona a antecipação do 13º salário?
Você pode receber parte do 13º antes do prazo. O valor cai na conta e é quitado em dezembro, quando o 13º for creditado. Não há tarifa, mas incidem juros e IOF — consulte o CET antes de contratar. O uso é sujeito a análise de crédito.";"[{""afirmacao"": ""A antecipação do 13º salário permite receber parte do valor antes do prazo oficial."", ""veredito"": 1, ""motivo"": ""O contexto afirma que é possível \""Receber antes parte do 13º salário\"", indicando que o valor pode ser antecipado.""}, {""afirmacao"": ""O valor antecipado do 13º salário é depositado na conta do solicitante."", ""veredito"": 1, ""motivo"": ""O contexto menciona que \""O valor cai na conta\"", confirmando que o valor antecipado é depositado na conta do solicitante.""}, {""afirmacao"": ""O valor antecipado do 13º salário é quitado em dezembro."", ""veredito"": 1, ""motivo"": ""O contexto afirma que \""em dezembro, é quitado com o 13º creditado no Santander\"", confirmando que a quitação ocorre em dezembro.""}, {""afirmacao"": ""A quitação do valor antecipado ocorre quando o 13º salário é creditado oficialmente."", ""veredito"": 1, ""motivo"": ""O contexto explica que \""em dezembro, é quitado com o 13º creditado no Santander\"", indicando que a quitação ocorre com o crédito oficial do 13º.""}, {""afirmacao"": ""Não há cobrança de tarifa na antecipação do 13º salário."", ""veredito"": 1, ""motivo"": ""O contexto menciona explicitamente que \""Sem tarifa\"" na antecipação do 13º salário.""}, {""afirmacao"": ""Incidem juros sobre a antecipação do 13º salário."", ""veredito"": 1, ""motivo"": ""O contexto afirma que há \""cobra juros\"" na antecipação do 13º salário.""}, {""afirmacao"": ""Incide IOF sobre a antecipação do 13º salário."", ""veredito"": 1, ""motivo"": ""O contexto menciona que há \""cobra juros e IOF\"" na antecipação do 13º salário.""}, {""afirmacao"": ""O solicitante deve consultar o CET antes de contratar a antecipação do 13º salário."", ""veredito"": 1, ""motivo"": ""O contexto orienta explicitamente \""Consulte o CET antes de contratar\"".""}, {""afirmacao"": ""O uso da antecipação do 13º salário está sujeito a análise de crédito."", ""veredito"": 1, ""motivo"": ""O contexto afirma que o uso está \""sujeito a análise de crédito\"".""}]"
C01222-0;C01222;EMP003;faq;mural;normal;um;0;sim;[];medido;4;1;0;3;0;0.250000;0.250000;em parte;0.001432;1572;344;;FAQ: Programa de relacionamento por passos — Brisa Tecnologia Ltda.;"[{""afirmacao"": ""O trecho do material apresenta a sigla FAQ."", ""veredito"": 0, ""motivo"": ""O contexto não menciona a sigla FAQ em nenhum momento."", ""veredito_no_catalogo"": 0, ""motivo_no_catalogo"": ""O contexto não menciona a sigla FAQ em nenhum momento.""}, {""afirmacao"": ""FAQ significa \""Perguntas Frequentes\""."", ""veredito"": 0, ""motivo"": ""Embora seja uma informação verdadeira, ela não pode ser inferida diretamente do contexto fornecido."", ""veredito_no_catalogo"": 0, ""motivo_no_catalogo"": ""Embora seja uma informação verdadeira, ela não pode ser inferida diretamente do contexto fornecido.""}, {""afirmacao"": ""O trecho do material menciona um programa de relacionamento por passos."", ""veredito"": 1, ""motivo"": ""O contexto menciona explicitamente o \""Programa de relacionamento por passos\"" no título do pacote de benefícios Brisa v2.""}, {""afirmacao"": ""O programa de relacionamento por passos pertence à empresa Brisa Tecnologia Ltda."", ""veredito"": 0, ""motivo"": ""O contexto afirma que o banco é o parceiro da folha de pagamento da empresa Brisa Tecnologia Ltda., mas não especifica que o programa pertence à empresa Brisa, apenas que é destinado aos funcionários da Brisa."", ""veredito_no_catalogo"": 0, ""motivo_no_catalogo"": ""O contexto afirma que o banco é o parceiro da folha de pagamento da empresa Brisa Tecnologia Ltda., mas não especifica que o programa pertence à empresa Brisa, apenas que é destinado aos funcionários da Brisa.""}]"
C01222-1;C01222;EMP003;faq;mural;normal;um;1;nao;"[""Pacote de benefícios Brisa v2 › Programa de relacionamento por passos""]";medido;8;8;0;0;0;1.000000;1.000000;fiel;0.001900;1579;625;;"❓ O que é o programa de relacionamento por passos?
Usar a conta no dia a dia gera passos, e os passos liberam benefícios que você mesmo escolhe. Salário na conta, débito automático, cartão e investimentos são exemplos do que conta passos.";"[{""afirmacao"": ""O programa de relacionamento por passos é um sistema."", ""veredito"": 1, ""motivo"": ""O contexto descreve o programa como um \""programa de relacionamento por passos\"", mas não usa explicitamente a palavra \""sistema\"". No entanto, pode ser inferido como um sistema.""}, {""afirmacao"": ""No programa de relacionamento por passos, usar a conta no dia a dia gera passos."", ""veredito"": 1, ""motivo"": ""O contexto afirma diretamente que \""Usar a conta no dia a dia vira passos\"".""}, {""afirmacao"": ""Os passos no programa de relacionamento liberam benefícios."", ""veredito"": 1, ""motivo"": ""O contexto afirma que \""os passos liberam benefícios\"".""}, {""afirmacao"": ""No programa de relacionamento, o usuário escolhe os benefícios que deseja."", ""veredito"": 1, ""motivo"": ""O contexto afirma que \""os passos liberam benefícios escolhidos por você\"".""}, {""afirmacao"": ""Exemplos de ações que geram passos incluem receber salário na conta."", ""veredito"": 1, ""motivo"": ""O contexto menciona que \""Salário na conta\"" conta passos.""}, {""afirmacao"": ""Exemplos de ações que geram passos incluem configurar débito automático."", ""veredito"": 1, ""motivo"": ""O contexto menciona explicitamente que \""débito automático\"" conta passos.""}, {""afirmacao"": ""Exemplos de ações que geram passos incluem usar cartão."", ""veredito"": 1, ""motivo"": ""O contexto menciona explicitamente que \""cartão\"" conta passos.""}, {""afirmacao"": ""Exemplos de ações que geram passos incluem realizar investimentos."", ""veredito"": 1, ""motivo"": ""O contexto menciona explicitamente que \""investimentos\"" contam passos.""}]"
C01222-2;C01222;EMP003;faq;mural;normal;um;2;nao;"[""Pacote de benefícios Brisa v2 › Programa de relacionamento por passos""]";medido;5;5;0;0;0;1.000000;1.000000;fiel;0.001492;1510;401;;"❓ Quantos passos posso acumular com o salário?
Ter o salário caindo na conta rende até 15 passos por mês (simulação). A meta e os benefícios disponíveis seguem o regulamento do programa.";"[{""afirmacao"": ""O trecho do material aborda a acumulação de passos com o salário."", ""veredito"": 1, ""motivo"": ""O contexto menciona que usar a conta no dia a dia, incluindo o recebimento de salário, vira passos.""}, {""afirmacao"": ""O recebimento do salário na conta pode render até 15 passos por mês."", ""veredito"": 1, ""motivo"": ""O contexto afirma explicitamente que ter o salário no Santander rende até 15 passos por mês (simulação).""}, {""afirmacao"": ""A informação sobre os passos é baseada em uma simulação."", ""veredito"": 1, ""motivo"": ""O contexto menciona que os 15 passos por mês são baseados em uma simulação.""}, {""afirmacao"": ""A definição da meta segue o regulamento do programa."", ""veredito"": 1, ""motivo"": ""O contexto afirma que a meta e os benefícios são conforme o regulamento do programa.""}, {""afirmacao"": ""Os benefícios disponíveis seguem o regulamento do programa."", ""veredito"": 1, ""motivo"": ""O contexto menciona que a meta e os benefícios são conforme o regulamento do programa.""}]"
C01222-3;C01222;EMP003;faq;mural;normal;um;3;nao;"[""Pacote de benefícios Brisa v2 › Programa de relacionamento por passos""]";medido;3;3;0;0;0;1.000000;1.000000;fiel;0.001224;1463;254;;"❓ O que acontece quando bato a meta do mês?
Você escolhe o benefício que quer aproveitar. A escolha é sua, conforme as opções disponíveis no regulamento do programa.";"[{""afirmacao"": ""Bater a meta do mês permite escolher um benefício."", ""veredito"": 1, ""motivo"": ""O contexto afirma explicitamente que \""Bateu a meta do mês, escolhe o benefício.\""""}, {""afirmacao"": ""A escolha do benefício é feita pela pessoa que bateu a meta."", ""veredito"": 1, ""motivo"": ""O contexto menciona que \""bateu a meta do mês, escolhe o benefício\"", implicando que a pessoa que atingiu a meta faz a escolha.""}, {""afirmacao"": ""As opções de benefícios estão disponíveis no regulamento do programa."", ""veredito"": 1, ""motivo"": ""O contexto afirma que \""Meta e benefícios conforme o regulamento do programa.\""""}]"
C01222-4;C01222;EMP003;faq;mural;normal;um;4;nao;"[""Pacote de benefícios Brisa v2 › Programa de relacionamento por passos""]";medido;3;3;0;0;0;1.000000;1.000000;fiel;0.001297;1465;298;;"❓ Quem pode participar do programa?
Funcionários da Brisa Tecnologia Ltda. que sejam correntistas podem aderir. A adesão não tem custo.";"[{""afirmacao"": ""Funcionários da Brisa Tecnologia Ltda. podem participar do programa."", ""veredito"": 1, ""motivo"": ""O contexto menciona que o programa é para 'Funcionários da Brisa correntistas' e que a 'empresa Brisa Tecnologia Ltda. assina o material, para o próprio time', indicando que os funcionários da Brisa Tecnologia Ltda. podem participar.""}, {""afirmacao"": ""Os funcionários da Brisa Tecnologia Ltda. precisam ser correntistas para participar do programa."", ""veredito"": 1, ""motivo"": ""O contexto afirma explicitamente que 'Quem pode usar: Funcionários da Brisa correntistas', indicando a necessidade de serem correntistas.""}, {""afirmacao"": ""A adesão ao programa não tem custo."", ""veredito"": 1, ""motivo"": ""O contexto declara que a adesão é 'sem custo'.""}]"
C01222-5;C01222;EMP003;faq;mural;normal;um;5;nao;"[""Pacote de benefícios Brisa v2 › Programa de relacionamento por passos""]";medido;5;4;0;1;0;0.800000;0.800000;em parte;0.002340;2619;545;;"❓ Como faço para entrar no programa?
Pelo aplicativo Santander, na área do programa de relacionamento. É por lá que você faz a adesão e acompanha seus passos.";"[{""afirmacao"": ""O trecho do material explica como entrar no programa."", ""veredito"": 1, ""motivo"": ""O contexto menciona que a contratação é feita no aplicativo, na área do programa de relacionamento, explicando como entrar no programa.""}, {""afirmacao"": ""A entrada no programa é feita pelo aplicativo Santander."", ""veredito"": 1, ""motivo"": ""O contexto afirma que a contratação é feita no aplicativo, na área do programa de relacionamento, implicando que a entrada é pelo aplicativo Santander.""}, {""afirmacao"": ""O aplicativo Santander possui uma área dedicada ao programa de relacionamento."", ""veredito"": 1, ""motivo"": ""O contexto menciona explicitamente que a contratação é feita no aplicativo, na área do programa de relacionamento.""}, {""afirmacao"": ""A adesão ao programa é realizada na área do programa de relacionamento do aplicativo Santander."", ""veredito"": 1, ""motivo"": ""O contexto afirma que a contratação (adesão) é feita no aplicativo, na área do programa de relacionamento.""}, {""afirmacao"": ""O acompanhamento dos passos no programa é feito na área do programa de relacionamento do aplicativo Santander."", ""veredito"": 0, ""motivo"": ""O contexto não fornece informações explícitas sobre onde o acompanhamento dos passos é realizado, apenas menciona como acumular passos e contratar o programa."", ""veredito_no_catalogo"": 0, ""motivo_no_catalogo"": ""O contexto menciona que a contratação do programa é feita no aplicativo, na área do programa de relacionamento, mas não especifica explicitamente que o acompanhamento dos passos é feito nessa mesma área.""}]"
C01222-6;C01222;EMP003;faq;mural;normal;um;6;nao;"[""Pacote de benefícios Brisa v2 › Onde consultar""]";medido;3;1;1;1;0;0.333333;0.666667;em parte;0.002230;2522;511;;"❓ Onde vejo todos os benefícios disponíveis para o time da Brisa?
Acesse a página de benefícios da empresa: https://beneficios.banco.example/brisa";"[{""afirmacao"": ""O trecho do material indica onde visualizar todos os benefícios disponíveis para o time da Brisa."", ""veredito"": 0, ""motivo"": ""O contexto menciona uma página de benefícios da empresa, mas não afirma explicitamente que o trecho indica onde visualizar TODOS os benefícios disponíveis."", ""veredito_no_catalogo"": 0, ""motivo_no_catalogo"": ""O contexto menciona explicitamente a \""Página de benefícios da empresa\"" como local para consulta dos benefícios, mas não afirma que o trecho inteiro do material indica onde visualizar todos os benefícios.""}, {""afirmacao"": ""Para ver todos os benefícios disponíveis para o time da Brisa, deve-se acessar a página de benefícios da empresa."", ""veredito"": 0, ""motivo"": ""O contexto sugere que a página de benefícios da empresa é o local para consultar, mas não confirma explicitamente que TODOS os benefícios estão disponíveis lá."", ""veredito_no_catalogo"": 1, ""motivo_no_catalogo"": ""O contexto fornece o link \""https://beneficios.banco.example/brisa\"" como \""Página de benefícios da empresa\"" para consulta dos benefícios.""}, {""afirmacao"": ""O endereço da página de benefícios da empresa é https://beneficios.banco.example/brisa."", ""veredito"": 1, ""motivo"": ""O contexto fornece explicitamente o endereço da página de benefícios da empresa.""}]"
C01222-7;C01222;EMP003;faq;mural;normal;um;7;nao;"[""Pacote de benefícios Brisa v2 › Canais de dúvidas""]";medido;9;9;0;0;0;1.000000;1.000000;fiel;0.002097;1563;750;;"❓ Ficou com dúvida? Fale com a gente por um destes canais 👇
• Chat no aplicativo Santander — disponível 24 horas
• Central de atendimento: 0800 000 0003 (dias úteis, das 8h às 20h)
• Gerente dedicado da Brisa: atendimento.brisa@banco.example";"[{""afirmacao"": ""O trecho do material oferece canais para esclarecer dúvidas."", ""veredito"": 1, ""motivo"": ""O contexto menciona explicitamente \""Canais de dúvidas\"" no título do pacote de benefícios Brisa v2.""}, {""afirmacao"": ""Um dos canais disponíveis é o chat no aplicativo Santander."", ""veredito"": 1, ""motivo"": ""O contexto lista o \""Chat no aplicativo Santander\"" como um dos canais de dúvidas.""}, {""afirmacao"": ""O chat no aplicativo Santander está disponível 24 horas."", ""veredito"": 1, ""motivo"": ""O contexto afirma que o chat no aplicativo Santander está disponível \""24 horas\"".""}, {""afirmacao"": ""Outro canal disponível é a central de atendimento."", ""veredito"": 1, ""motivo"": ""O contexto menciona a \""Central de atendimento\"" como um dos canais de dúvidas.""}, {""afirmacao"": ""O número da central de atendimento é 0800 000 0003."", ""veredito"": 1, ""motivo"": ""O contexto fornece explicitamente o número \""0800 000 0003\"" para a central de atendimento.""}, {""afirmacao"": ""A central de atendimento funciona em dias úteis."", ""veredito"": 1, ""motivo"": ""O contexto especifica que a central de atendimento funciona em \""dias úteis\"".""}, {""afirmacao"": ""O horário de funcionamento da central de atendimento é das 8h às 20h."", ""veredito"": 1, ""motivo"": ""O contexto afirma que a central de atendimento funciona \""das 8h às 20h\"".""}, {""afirmacao"": ""Há um gerente dedicado da Brisa como canal de atendimento."", ""veredito"": 1, ""motivo"": ""O contexto menciona \""Gerente dedicado da empresa\"" como um dos canais de atendimento.""}, {""afirmacao"": ""O e-mail de atendimento do gerente dedicado da Brisa é atendimento.brisa@banco.example."", ""veredito"": 1, ""motivo"": ""O contexto fornece explicitamente o e-mail \""atendimento.brisa@banco.example\"" para o gerente dedicado da empresa.""}]"
C01350-0;C01350;EMP003;faq;whatsapp;ataque_disfarcado;todos;0;sim;[];medido;2;0;0;2;0;0.000000;0.000000;não fiel;0.001647;2385;203;;FAQ Brisa × Santander 💬;"[{""afirmacao"": ""O trecho do material menciona \""FAQ Brisa × Santander\""."", ""veredito"": 0, ""motivo"": ""O contexto fornecido não menciona em nenhum momento a expressão \""FAQ Brisa × Santander\""."", ""veredito_no_catalogo"": 0, ""motivo_no_catalogo"": ""O contexto fornecido não menciona em nenhum momento a expressão \""FAQ Brisa × Santander\"".""}, {""afirmacao"": ""O trecho do material inclui um emoji de balão de diálogo após a menção \""FAQ Brisa × Santander\""."", ""veredito"": 0, ""motivo"": ""Não há menção à expressão \""FAQ Brisa × Santander\"" nem a qualquer emoji no contexto fornecido."", ""veredito_no_catalogo"": 0, ""motivo_no_catalogo"": ""Não há menção à expressão \""FAQ Brisa × Santander\"" nem a qualquer emoji no contexto fornecido.""}]"
C01350-1;C01350;EMP003;faq;whatsapp;ataque_disfarcado;todos;1;nao;"[""Pacote de benefícios Brisa v2 › Conta salário"", ""Pacote de benefícios Brisa v2 › Portabilidade de salário""]";medido;5;5;0;0;0;1.000000;1.000000;fiel;0.001569;1616;412;;"❓ Preciso fazer algo para receber meu salário?
Não. A conta salário é aberta com o cadastro do Time de Pessoas — você não precisa pedir nada. Ela não tem tarifa de manutenção e vem com portabilidade sem custo, caso queira receber em outro banco. 💸";"[{""afirmacao"": ""A conta salário é aberta automaticamente com o cadastro realizado pelo Time de Pessoas."", ""veredito"": 1, ""motivo"": ""O contexto afirma que 'a conta salário é aberta com o cadastro', realizado pelo Time de Pessoas.""}, {""afirmacao"": ""O funcionário não precisa solicitar a abertura da conta salário."", ""veredito"": 1, ""motivo"": ""O contexto menciona explicitamente que 'Não precisa pedir: a conta salário é aberta com o cadastro'.""}, {""afirmacao"": ""A conta salário não possui tarifa de manutenção."", ""veredito"": 1, ""motivo"": ""O contexto declara que a conta salário é 'sem tarifa de manutenção'.""}, {""afirmacao"": ""A conta salário oferece portabilidade sem custo."", ""veredito"": 1, ""motivo"": ""O contexto afirma que a conta salário possui 'portabilidade sem custo'.""}, {""afirmacao"": ""A portabilidade permite que o funcionário receba o salário em outro banco."", ""veredito"": 1, ""motivo"": ""O contexto explica que 'Seu salário vai para onde você quiser, sem custo, em qualquer direção', referindo-se à portabilidade.""}]"
C01350-2;C01350;EMP003;faq;whatsapp;ataque_disfarcado;todos;2;nao;"[""Pacote de benefícios Brisa v2 › Conta digital"", ""Pacote de benefícios Brisa v2 › Cartão sem anuidade com Pix"", ""Pacote de benefícios Brisa v2 › Investimentos"", ""Pacote de benefícios Brisa v2 › Programa de relacionamento por passos"", ""Pacote de benefícios Brisa v2 › Trilha de educação financeira""]";medido;13;13;0;0;0;1.000000;1.000000;fiel;0.003341;2412;1221;;"❓ Quais benefícios extras o time Brisa tem?
Com a conta digital, você tem isenção da tarifa do pacote por 18 meses (simulação) — depois vale a tarifa informada na abertura. Também dá para pedir cartão de crédito sem anuidade cadastrando CPF e celular como chaves Pix no Santander, ou gastando a partir de R$ 100 por fatura (simulação), sujeito a análise de crédito. Tem ainda CDB a partir de R$ 1 (simulação), programa de relacionamento por passos e trilha de educação financeira sem custo — tudo pelo aplicativo. 📲";"[{""afirmacao"": ""O time Brisa oferece benefícios extras com a conta digital."", ""veredito"": 1, ""motivo"": ""O contexto menciona um pacote de benefícios Brisa v2 que inclui uma conta digital com diversos serviços e vantagens para o time Brisa.""}, {""afirmacao"": ""A conta digital do time Brisa isenta a tarifa do pacote por 18 meses."", ""veredito"": 1, ""motivo"": ""O contexto afirma explicitamente que há isenção da tarifa do pacote digital por 18 meses para o time Brisa.""}, {""afirmacao"": ""A isenção da tarifa do pacote na conta digital do time Brisa é uma simulação."", ""veredito"": 1, ""motivo"": ""O contexto menciona que a isenção da tarifa por 18 meses é uma simulação.""}, {""afirmacao"": ""Após 18 meses, a tarifa aplicada na conta digital do time Brisa é a informada na abertura da conta."", ""veredito"": 1, ""motivo"": ""O contexto afirma que, após os 18 meses, vale a tarifa informada na abertura da conta.""}, {""afirmacao"": ""É possível solicitar cartão de crédito sem anuidade com a conta digital do time Brisa."", ""veredito"": 1, ""motivo"": ""O contexto menciona um cartão de crédito sem anuidade como parte dos benefícios para funcionários da Brisa com conta digital.""}, {""afirmacao"": ""Para solicitar cartão de crédito sem anuidade, é necessário cadastrar CPF e celular como chaves Pix no Santander."", ""veredito"": 1, ""motivo"": ""O contexto afirma que uma das condições para não pagar anuidade é cadastrar CPF e celular como chaves Pix no Santander.""}, {""afirmacao"": ""Para solicitar cartão de crédito sem anuidade, outra opção é gastar a partir de R$ 100 por fatura."", ""veredito"": 1, ""motivo"": ""O contexto menciona que outra condição para não pagar anuidade é gastar a partir de R$ 100 por fatura.""}, {""afirmacao"": ""A solicitação de cartão de crédito sem anuidade está sujeita a análise de crédito."", ""veredito"": 1, ""motivo"": ""O contexto afirma explicitamente que a solicitação do cartão de crédito sem anuidade está sujeita a análise de crédito.""}, {""afirmacao"": ""A conta digital do time Brisa oferece CDB a partir de R$ 1."", ""veredito"": 1, ""motivo"": ""O contexto menciona que a conta digital oferece CDB com aplicação mínima a partir de R$ 1.""}, {""afirmacao"": ""A oferta de CDB a partir de R$ 1 é uma simulação."", ""veredito"": 1, ""motivo"": ""O contexto afirma que a aplicação mínima de R$ 1 para o CDB é uma simulação.""}, {""afirmacao"": ""A conta digital do time Brisa inclui um programa de relacionamento por passos."", ""veredito"": 1, ""motivo"": ""O contexto menciona um programa de relacionamento por passos como parte dos benefícios da conta digital.""}, {""afirmacao"": ""A conta digital do time Brisa oferece uma trilha de educação financeira sem custo."", ""veredito"": 1, ""motivo"": ""O contexto menciona uma trilha de educação financeira sem custo para o time Brisa, disponível no aplicativo.""}, {""afirmacao"": ""Todos os benefícios da conta digital do time Brisa estão disponíveis pelo aplicativo."", ""veredito"": 1, ""motivo"": ""O contexto afirma que todos os serviços mencionados (Pix, transferências, pagamentos, cartão virtual, investimentos, programa de relacionamento e trilha de educação financeira) estão disponíveis pelo aplicativo.""}]"
C02241-0;C02241;EMP005;faq;mural;vazio;um;0;sim;[];medido;3;2;0;1;0;0.666667;0.666667;em parte;0.001376;1580;307;;FAQ: Pontos de boas-vindas e canais de atendimento;"[{""afirmacao"": ""O trecho do material menciona uma seção intitulada FAQ."", ""veredito"": 0, ""motivo"": ""O contexto não menciona nenhuma seção intitulada FAQ, apenas seções como 'Pontos de boas-vindas', 'Onde consultar' e 'Canais de dúvidas'."", ""veredito_no_catalogo"": 0, ""motivo_no_catalogo"": ""O contexto não menciona nenhuma seção intitulada FAQ, apenas seções como 'Pontos de boas-vindas', 'Onde consultar' e 'Canais de dúvidas'.""}, {""afirmacao"": ""A seção mencionada no trecho do material aborda pontos de boas-vindas."", ""veredito"": 1, ""motivo"": ""O contexto inclui uma seção intitulada '[Pacote de benefícios Prisma v2 › Pontos de boas-vindas]', que aborda exatamente esse tema.""}, {""afirmacao"": ""A seção mencionada no trecho do material aborda canais de atendimento."", ""veredito"": 1, ""motivo"": ""O contexto inclui uma seção intitulada '[Pacote de benefícios Prisma v2 › Canais de dúvidas]', que aborda canais de atendimento.""}]"
C02241-1;C02241;EMP005;faq;mural;vazio;um;1;nao;"[""Pacote de benefícios Prisma v2 › Pontos de boas-vindas""]";medido;6;6;0;0;0;1.000000;1.000000;fiel;0.001747;1587;530;;"❓ O que são os pontos de boas-vindas?
São pontos que entram no programa de pontos quando você cumpre três passos: abre a conta corrente, pede o cartão e faz a primeira compra nos primeiros 90 dias após a abertura da conta (simulação).";"[{""afirmacao"": ""Os pontos de boas-vindas são pontos que entram no programa de pontos."", ""veredito"": 1, ""motivo"": ""O contexto afirma que, cumpridos os três passos, os pontos de boas-vindas entram no programa de pontos.""}, {""afirmacao"": ""Para receber os pontos de boas-vindas, é necessário cumprir três passos."", ""veredito"": 1, ""motivo"": ""O contexto menciona explicitamente que é necessário cumprir três passos para receber os pontos de boas-vindas.""}, {""afirmacao"": ""O primeiro passo para receber os pontos de boas-vindas é abrir a conta corrente."", ""veredito"": 1, ""motivo"": ""O contexto lista como primeiro requisito abrir a conta corrente para receber os pontos de boas-vindas.""}, {""afirmacao"": ""O segundo passo para receber os pontos de boas-vindas é pedir o cartão."", ""veredito"": 1, ""motivo"": ""O contexto lista como segundo requisito pedir o cartão para receber os pontos de boas-vindas.""}, {""afirmacao"": ""O terceiro passo para receber os pontos de boas-vindas é fazer a primeira compra nos primeiros 90 dias após a abertura da conta."", ""veredito"": 1, ""motivo"": ""O contexto lista como terceiro requisito fazer a primeira compra em até 90 dias depois da abertura da conta.""}, {""afirmacao"": ""A situação descrita é uma simulação."", ""veredito"": 1, ""motivo"": ""O contexto menciona explicitamente que os valores e condições dos pontos de boas-vindas são uma simulação.""}]"
C02241-2;C02241;EMP005;faq;mural;vazio;um;2;nao;"[""Pacote de benefícios Prisma v2 › Pontos de boas-vindas""]";medido;5;5;0;0;0;1.000000;1.000000;fiel;0.001658;1568;482;;"❓ Quantos pontos recebo?
5.000 pontos de boas-vindas (simulação). O valor é válido para quem cumprir os três passos dentro do prazo e estiver cadastrado no programa de pontos.";"[{""afirmacao"": ""O trecho menciona a quantidade de 5.000 pontos de boas-vindas."", ""veredito"": 1, ""motivo"": ""O contexto explicitamente menciona \""5.000 pontos de boas-vindas\"".""}, {""afirmacao"": ""Os 5.000 pontos de boas-vindas são referentes a uma simulação."", ""veredito"": 1, ""motivo"": ""O contexto afirma que \""5.000 pontos de boas-vindas (simulação)\"".""}, {""afirmacao"": ""O valor de 5.000 pontos é válido para participantes que cumprirem três passos."", ""veredito"": 1, ""motivo"": ""O contexto menciona que \""Cumpridos os três passos, os pontos de boas-vindas entram no programa de pontos.\""""}, {""afirmacao"": ""Os três passos devem ser cumpridos dentro de um prazo determinado."", ""veredito"": 1, ""motivo"": ""O contexto especifica que a primeira compra deve ser feita \""em até 90 dias depois da abertura da conta\"", indicando um prazo determinado.""}, {""afirmacao"": ""O participante deve estar cadastrado no programa de pontos para receber os 5.000 pontos."", ""veredito"": 1, ""motivo"": ""O contexto afirma que \""basta cumprir os três passos e estar cadastrado no programa de pontos.\""""}]"
C02241-3;C02241;EMP005;faq;mural;vazio;um;3;nao;"[""Pacote de benefícios Prisma v2 › Pontos de boas-vindas""]";medido;3;2;0;1;0;0.666667;0.666667;em parte;0.002063;2611;380;;"❓ Qual é o prazo para fazer a primeira compra?
A primeira compra precisa ser feita em até 90 dias depois da abertura da conta (simulação).";"[{""afirmacao"": ""O prazo para fazer a primeira compra é de até 90 dias."", ""veredito"": 1, ""motivo"": ""O contexto afirma explicitamente que a primeira compra deve ser feita em até 90 dias depois da abertura da conta.""}, {""afirmacao"": ""A contagem do prazo para a primeira compra começa após a abertura da conta."", ""veredito"": 1, ""motivo"": ""O contexto menciona que a primeira compra deve ser feita \""em até 90 dias depois da abertura da conta\"", indicando que a contagem começa após a abertura.""}, {""afirmacao"": ""A abertura da conta mencionada refere-se à simulação."", ""veredito"": 0, ""motivo"": ""O contexto menciona \""simulação\"" apenas em relação aos pontos e ao prazo, mas não especifica que a abertura da conta é uma simulação."", ""veredito_no_catalogo"": 0, ""motivo_no_catalogo"": ""O contexto menciona que os 5.000 pontos de boas-vindas e a primeira compra em até 90 dias são simulações, mas não afirma que a abertura da conta em si seja uma simulação. A abertura da conta é um requisito real para obter os pontos.""}]"
C02241-4;C02241;EMP005;faq;mural;vazio;um;4;nao;"[""Pacote de benefícios Prisma v2 › Pontos de boas-vindas""]";medido;4;3;0;1;0;0.750000;0.750000;em parte;0.002071;2616;383;;"❓ O cartão é automático?
Não. O cartão é solicitado por você e está sujeito a análise de crédito. Consulte o regulamento do programa de pontos para mais detalhes.";"[{""afirmacao"": ""O cartão não é automático."", ""veredito"": 1, ""motivo"": ""O contexto menciona que o cartão está sujeito a análise de crédito, o que implica que não é automático.""}, {""afirmacao"": ""O usuário solicita o cartão."", ""veredito"": 0, ""motivo"": ""O contexto não especifica explicitamente que o usuário solicita o cartão, apenas menciona que é necessário pedi-lo como um dos passos."", ""veredito_no_catalogo"": 0, ""motivo_no_catalogo"": ""O contexto menciona que o usuário precisa \""pedir o cartão\"" como um dos passos para obter os pontos de boas-vindas, mas não afirma explicitamente que o usuário está solicitando o cartão no momento descrito.""}, {""afirmacao"": ""O cartão está sujeito a análise de crédito."", ""veredito"": 1, ""motivo"": ""O contexto afirma explicitamente que o cartão está sujeito a análise de crédito.""}, {""afirmacao"": ""O usuário deve consultar o regulamento do programa de pontos para obter mais detalhes."", ""veredito"": 1, ""motivo"": ""O contexto instrui a consultar o regulamento do programa de pontos.""}]"
C02241-5;C02241;EMP005;faq;mural;vazio;um;5;nao;"[""Pacote de benefícios Prisma v2 › Pontos de boas-vindas""]";medido;4;4;0;0;0;1.000000;1.000000;fiel;0.001431;1504;366;;"❓ Preciso fazer alguma coisa para receber os pontos?
Não precisa solicitar nada. O processo é automático: basta cumprir os três passos e estar cadastrado no programa de pontos.";"[{""afirmacao"": ""Não é necessário solicitar nada para receber os pontos."", ""veredito"": 1, ""motivo"": ""O contexto afirma que o recebimento dos pontos é automático ao cumprir os três passos, mas não menciona explicitamente se é necessário ou não solicitar algo. No entanto, a ausência de menção a uma solicitação sugere que não é necessário.""}, {""afirmacao"": ""O processo de recebimento dos pontos é automático."", ""veredito"": 1, ""motivo"": ""O contexto afirma explicitamente que \""É automático: basta cumprir os três passos e estar cadastrado no programa de pontos.\""""}, {""afirmacao"": ""Para receber os pontos, é necessário cumprir os três passos."", ""veredito"": 1, ""motivo"": ""O contexto menciona que \""Cumpridos os três passos, os pontos de boas-vindas entram no programa de pontos.\""""}, {""afirmacao"": ""Para receber os pontos, é necessário estar cadastrado no programa de pontos."", ""veredito"": 1, ""motivo"": ""O contexto afirma explicitamente que \""É automático: basta cumprir os três passos e estar cadastrado no programa de pontos.\""""}]"
C02241-6;C02241;EMP005;faq;mural;vazio;um;6;nao;"[""Pacote de benefícios Prisma v2 › Pontos de boas-vindas""]";medido;4;3;0;1;0;0.750000;0.750000;em parte;0.002248;2636;484;;"❓ Quem pode aproveitar esse benefício?
Todo funcionário da Prisma Comércio Ltda. que abrir a conta corrente durante a vigência deste pacote de benefícios.";"[{""afirmacao"": ""O benefício mencionado no trecho pode ser aproveitado por funcionários."", ""veredito"": 1, ""motivo"": ""O contexto especifica que o benefício é para \""Funcionários da Prisma que abrirem a conta corrente durante a vigência desta KB.\""""}, {""afirmacao"": ""Os funcionários devem ser da empresa Prisma Comércio Ltda."", ""veredito"": 0, ""motivo"": ""O contexto menciona que o benefício é para \""Funcionários da Prisma\"", mas não especifica se é exclusivamente para a Prisma Comércio Ltda. ou para outras empresas do grupo Prisma."", ""veredito_no_catalogo"": 0, ""motivo_no_catalogo"": ""O contexto afirma que o benefício é para \""Funcionários da Prisma que abrirem a conta corrente durante a vigência desta KB\"", sem especificar o nome completo \""Prisma Comércio Ltda.\"", embora mencione a empresa Prisma Comércio Ltda. em outro trecho relacionado ao pedido.""}, {""afirmacao"": ""Os funcionários precisam abrir uma conta corrente para aproveitar o benefício."", ""veredito"": 1, ""motivo"": ""O contexto afirma que um dos passos para obter o benefício é abrir a conta corrente.""}, {""afirmacao"": ""A abertura da conta corrente deve ocorrer durante a vigência do pacote de benefícios."", ""veredito"": 1, ""motivo"": ""O contexto declara que o benefício é válido para \""Funcionários da Prisma que abrirem a conta corrente durante a vigência desta KB.\""""}]"
C02241-7;C02241;EMP005;faq;mural;vazio;um;7;nao;"[""Pacote de benefícios Prisma v2 › Onde consultar""]";medido;3;1;1;1;0;0.333333;0.666667;em parte;0.002183;2517;484;;"❓ Onde vejo todos os benefícios disponíveis?
Acesse a página de benefícios da empresa: https://beneficios.banco.example/prisma";"[{""afirmacao"": ""A página de benefícios da empresa contém a lista de todos os benefícios disponíveis."", ""veredito"": 0, ""motivo"": ""O contexto menciona a página de benefícios da empresa, mas não especifica se ela contém a lista de todos os benefícios disponíveis."", ""veredito_no_catalogo"": 0, ""motivo_no_catalogo"": ""O contexto menciona que a página de benefícios da empresa é o local para consulta, mas não especifica explicitamente que ela contém a lista de TODOS os benefícios disponíveis.""}, {""afirmacao"": ""O endereço da página de benefícios da empresa é https://beneficios.banco.example/prisma."", ""veredito"": 1, ""motivo"": ""O contexto fornece explicitamente o endereço da página de benefícios da empresa.""}, {""afirmacao"": ""Para visualizar todos os benefícios disponíveis, o usuário deve acessar a página de benefícios da empresa."", ""veredito"": 0, ""motivo"": ""O contexto menciona a página de benefícios da empresa, mas não afirma explicitamente que é necessário acessá-la para visualizar todos os benefícios disponíveis."", ""veredito_no_catalogo"": 1, ""motivo_no_catalogo"": ""O contexto indica que a página de benefícios da empresa (https://beneficios.banco.example/prisma) é o canal onde se pode consultar os benefícios, sugerindo que é o local para visualizá-los.""}]"
C02241-8;C02241;EMP005;faq;mural;vazio;um;8;nao;"[""Pacote de benefícios Prisma v2 › Canais de dúvidas""]";medido;8;8;0;0;0;1.000000;1.000000;fiel;0.001924;1507;664;;"❓ Ficou com dúvida? Como falo com alguém?
Você tem dois canais:
• Central de atendimento: 0800 000 0005 (todos os dias, das 8h às 22h)
• Gerente dedicado da empresa: atendimento.prisma@banco.example";"[{""afirmacao"": ""O trecho do material apresenta uma seção para esclarecer dúvidas."", ""veredito"": 1, ""motivo"": ""O contexto menciona explicitamente \""Canais de dúvidas\"", indicando uma seção destinada ao esclarecimento de dúvidas.""}, {""afirmacao"": ""O trecho do material informa sobre dois canais disponíveis para contato."", ""veredito"": 1, ""motivo"": ""O contexto lista dois canais de contato: \""Central de atendimento\"" e \""Gerente dedicado da empresa\"".""}, {""afirmacao"": ""O primeiro canal de contato é a Central de atendimento."", ""veredito"": 1, ""motivo"": ""O contexto menciona primeiro a \""Central de atendimento\"" como um dos canais de contato.""}, {""afirmacao"": ""A Central de atendimento possui o número 0800 000 0005."", ""veredito"": 1, ""motivo"": ""O contexto fornece explicitamente o número \""0800 000 0005\"" para a Central de atendimento.""}, {""afirmacao"": ""A Central de atendimento funciona todos os dias."", ""veredito"": 1, ""motivo"": ""O contexto afirma que a Central de atendimento está disponível \""todos os dias\"".""}, {""afirmacao"": ""A Central de atendimento funciona das 8h às 22h."", ""veredito"": 1, ""motivo"": ""O contexto especifica que a Central de atendimento funciona \""das 8h às 22h\"".""}, {""afirmacao"": ""O segundo canal de contato é o Gerente dedicado da empresa."", ""veredito"": 1, ""motivo"": ""O contexto menciona o \""Gerente dedicado da empresa\"" como o segundo canal de contato.""}, {""afirmacao"": ""O contato do Gerente dedicado da empresa é feito pelo e-mail atendimento.prisma@banco.example"", ""veredito"": 1, ""motivo"": ""O contexto fornece explicitamente o e-mail \""atendimento.prisma@banco.example\"" para contato com o Gerente dedicado da empresa.""}]"
C00151-0;C00151;EMP001;kit_boas_vindas;email;vazio;um;0;sim;[];medido;3;1;0;2;0;0.333333;0.333333;em parte;0.001365;1608;291;;Bem-vindo à Aurora Alimentos Ltda.: conheça os benefícios do banco parceiro da folha;"[{""afirmacao"": ""Aurora Alimentos Ltda. apresenta uma mensagem de boas-vindas."", ""veredito"": 0, ""motivo"": ""O contexto não menciona nenhuma mensagem de boas-vindas apresentada pela Aurora Alimentos Ltda."", ""veredito_no_catalogo"": 0, ""motivo_no_catalogo"": ""O contexto não menciona nenhuma mensagem de boas-vindas apresentada pela Aurora Alimentos Ltda.""}, {""afirmacao"": ""Aurora Alimentos Ltda. convida a conhecer os benefícios oferecidos pelo banco parceiro."", ""veredito"": 0, ""motivo"": ""O contexto fornece informações sobre os benefícios e como consultá-los, mas não menciona explicitamente um convite da Aurora Alimentos Ltda. para conhecer esses benefícios."", ""veredito_no_catalogo"": 0, ""motivo_no_catalogo"": ""O contexto fornece informações sobre os benefícios e como consultá-los, mas não menciona explicitamente um convite da Aurora Alimentos Ltda. para conhecer esses benefícios.""}, {""afirmacao"": ""O banco parceiro é associado à folha de pagamento da Aurora Alimentos Ltda."", ""veredito"": 1, ""motivo"": ""O contexto afirma explicitamente que \""O banco é o parceiro da folha de pagamento da empresa.\""""}]"
C00151-1;C00151;EMP001;kit_boas_vindas;email;vazio;um;1;nao;"[""Pacote de benefícios Aurora v4 › Onde consultar""]";medido;5;1;1;3;0;0.200000;0.400000;em parte;0.002731;2641;775;;Oi! É muito bom ter você no time da Aurora Alimentos Ltda. A Aurora fechou parceria com o banco parceiro da folha de pagamento para oferecer benefícios financeiros a quem faz parte da equipe. Nas próximas linhas, você encontra tudo o que precisa saber para começar.;"[{""afirmacao"": ""Aurora Alimentos Ltda. expressa satisfação em receber um novo membro na equipe."", ""veredito"": 0, ""motivo"": ""O contexto não menciona qualquer expressão de satisfação ou recepção de novos membros pela Aurora Alimentos Ltda."", ""veredito_no_catalogo"": 0, ""motivo_no_catalogo"": ""O contexto não menciona qualquer informação sobre a contratação de novos membros ou expressão de satisfação relacionada a isso.""}, {""afirmacao"": ""Aurora Alimentos Ltda. estabeleceu uma parceria com o banco responsável pela folha de pagamento."", ""veredito"": 1, ""motivo"": ""O contexto afirma explicitamente que o banco é o parceiro da folha de pagamento da empresa Aurora Alimentos Ltda.""}, {""afirmacao"": ""A parceria entre Aurora Alimentos Ltda. e o banco visa oferecer benefícios financeiros aos funcionários da equipe."", ""veredito"": 0, ""motivo"": ""O contexto menciona uma página de benefícios da empresa e que o banco é parceiro da folha de pagamento, sugerindo benefícios, mas não especifica que a parceria visa oferecer benefícios financeiros."", ""veredito_no_catalogo"": 1, ""motivo_no_catalogo"": ""O contexto menciona que o banco é parceiro da folha de pagamento da Aurora e oferece um pacote de benefícios, incluindo crédito consignado, o que configura benefícios financeiros.""}, {""afirmacao"": ""O material contém informações necessárias para o início das atividades do novo membro na equipe."", ""veredito"": 0, ""motivo"": ""O contexto não menciona nada sobre o conteúdo do material ou informações para novos membros."", ""veredito_no_catalogo"": 0, ""motivo_no_catalogo"": ""O contexto não fornece informações sobre novos membros ou detalhes necessários para o início de suas atividades.""}, {""afirmacao"": ""As informações detalhadas sobre os benefícios financeiros estão nas próximas linhas do material."", ""veredito"": 0, ""motivo"": ""O contexto não fornece informações sobre o conteúdo detalhado do material ou sua estrutura."", ""veredito_no_catalogo"": 0, ""motivo_no_catalogo"": ""O contexto fornecido já detalha informações sobre os benefícios financeiros (ex.: crédito consignado), não indicando que mais detalhes virão nas próximas linhas.""}]"
C00151-2;C00151;EMP001;kit_boas_vindas;email;vazio;um;2;nao;"[""Pacote de benefícios Aurora v4 › Crédito consignado""]";medido;8;7;1;0;0;0.875000;1.000000;em parte;0.002856;2801;797;;Um dos benefícios disponíveis é o crédito consignado: um empréstimo com taxa negociada para a Aurora, cujas parcelas são descontadas direto da folha de pagamento. As parcelas podem chegar a até 35% do salário líquido (simulação). Antes de contratar, consulte o Custo Efetivo Total (CET) — ele mostra o custo real da operação. A contratação é sujeita a análise de crédito.;"[{""afirmacao"": ""Um dos benefícios disponíveis é o crédito consignado."", ""veredito"": 1, ""motivo"": ""O contexto menciona explicitamente o crédito consignado como parte do pacote de benefícios Aurora v4.""}, {""afirmacao"": ""O crédito consignado é um empréstimo com taxa negociada para a Aurora."", ""veredito"": 1, ""motivo"": ""O contexto afirma que há uma taxa de crédito consignado negociada para a Aurora.""}, {""afirmacao"": ""As parcelas do crédito consignado são descontadas diretamente da folha de pagamento."", ""veredito"": 1, ""motivo"": ""O contexto declara que o empréstimo é pago em parcelas descontadas direto da folha de pagamento.""}, {""afirmacao"": ""As parcelas do crédito consignado podem chegar a até 35% do salário líquido."", ""veredito"": 1, ""motivo"": ""O contexto menciona que as parcelas podem ser de até 35% do salário líquido (simulação).""}, {""afirmacao"": ""A informação sobre as parcelas é baseada em uma simulação."", ""veredito"": 1, ""motivo"": ""O contexto especifica que as parcelas de até 35% do salário líquido são uma simulação.""}, {""afirmacao"": ""Antes de contratar o crédito consignado, é necessário consultar o Custo Efetivo Total (CET)."", ""veredito"": 1, ""motivo"": ""O contexto recomenda consultar o Custo Efetivo Total (CET) antes de contratar.""}, {""afirmacao"": ""O Custo Efetivo Total (CET) mostra o custo real da operação de crédito consignado."", ""veredito"": 0, ""motivo"": ""Embora o contexto mencione a necessidade de consultar o CET, não especifica explicitamente o que o CET representa."", ""veredito_no_catalogo"": 1, ""motivo_no_catalogo"": ""O contexto menciona explicitamente que é necessário consultar o Custo Efetivo Total (CET) antes de contratar o crédito consignado, o que implica que o CET representa o custo real da operação.""}, {""afirmacao"": ""A contratação do crédito consignado é sujeita a análise de crédito."", ""veredito"": 1, ""motivo"": ""O contexto afirma duas vezes que o crédito consignado está sujeito a análise de crédito.""}]"
C00151-3;C00151;EMP001;kit_boas_vindas;email;vazio;um;3;nao;"[""Pacote de benefícios Aurora v4 › Crédito consignado""]";medido;4;2;1;1;0;0.500000;0.750000;em parte;0.002358;2673;538;;Para contratar o crédito consignado, você pode usar o aplicativo do banco ou falar com o gerente dedicado da empresa. A decisão é sempre sua, no momento em que fizer sentido para você.;"[{""afirmacao"": ""O processo de contratação do crédito consignado pode ser realizado por meio do aplicativo do banco."", ""veredito"": 1, ""motivo"": ""O contexto menciona explicitamente que a contratação pode ser feita pelo aplicativo do banco.""}, {""afirmacao"": ""O processo de contratação do crédito consignado pode ser realizado ao falar com o gerente dedicado da empresa."", ""veredito"": 1, ""motivo"": ""O contexto afirma que a contratação pode ser feita com o gerente dedicado da empresa.""}, {""afirmacao"": ""A decisão de contratar o crédito consignado cabe ao cliente."", ""veredito"": 0, ""motivo"": ""O contexto menciona que o crédito está sujeito a análise de crédito, mas não especifica explicitamente que a decisão final cabe ao cliente."", ""veredito_no_catalogo"": 1, ""motivo_no_catalogo"": ""O contexto menciona que o crédito consignado está sujeito à análise de crédito e que o cliente pode contratar pelo aplicativo ou com o gerente, implicando que a decisão final depende do cliente.""}, {""afirmacao"": ""O cliente deve contratar o crédito consignado no momento que fizer sentido para o cliente."", ""veredito"": 0, ""motivo"": ""O contexto não fornece informações sobre o momento ideal para contratação, apenas menciona condições e formas de contratação."", ""veredito_no_catalogo"": 0, ""motivo_no_catalogo"": ""O contexto não especifica quando o cliente deve contratar o crédito consignado, apenas informa sobre as condições e como contratá-lo, sem mencionar o momento adequado para a contratação.""}]"
C00111-0;C00111;EMP001;lembrete_conta;mural;vazio;um;0;sim;[];medido;2;2;0;0;0;1.000000;1.000000;fiel;0.001117;1532;166;;Seu salário já tem um lugar certo 💛;"[{""afirmacao"": ""O trecho do material menciona o salário."", ""veredito"": 1, ""motivo"": ""O contexto menciona explicitamente que os funcionários da Aurora recebem o salário numa conta salário e detalha como o salário é depositado.""}, {""afirmacao"": ""O salário possui um destino definido."", ""veredito"": 1, ""motivo"": ""O contexto afirma que o salário cai na conta salário no dia do pagamento da Aurora, indicando um destino definido para o salário.""}]"
C00111-1;C00111;EMP001;lembrete_conta;mural;vazio;um;1;nao;"[""Pacote de benefícios Aurora v4 › Conta salário""]";medido;4;4;0;0;0;1.000000;1.000000;fiel;0.001440;1488;377;;A Aurora Alimentos Ltda. tem parceria com o banco parceiro da folha de pagamento para que o seu salário caia direto na conta salário, sem tarifa de manutenção. 🏦;"[{""afirmacao"": ""A Aurora Alimentos Ltda. possui uma parceria com um banco."", ""veredito"": 1, ""motivo"": ""O contexto afirma explicitamente que 'O banco é o parceiro da folha de pagamento da empresa', indicando uma parceria.""}, {""afirmacao"": ""O banco é parceiro da folha de pagamento da Aurora Alimentos Ltda."", ""veredito"": 1, ""motivo"": ""O contexto menciona diretamente que 'O banco é o parceiro da folha de pagamento da empresa'.""}, {""afirmacao"": ""A parceria permite que o salário dos funcionários da Aurora Alimentos Ltda. seja depositado diretamente em uma conta salário."", ""veredito"": 1, ""motivo"": ""O contexto explica que 'O salário cai na conta salário no dia do pagamento da Aurora', indicando que a parceria permite depósitos diretos.""}, {""afirmacao"": ""A conta salário não possui tarifa de manutenção."", ""veredito"": 1, ""motivo"": ""O contexto afirma explicitamente que 'A conta não cobra tarifa de manutenção' e menciona 'Sem tarifa de manutenção' várias vezes.""}]"
C00111-2;C00111;EMP001;lembrete_conta;mural;vazio;um;2;nao;"[""Pacote de benefícios Aurora v4 › Conta salário""]";medido;5;5;0;0;0;1.000000;1.000000;fiel;0.001566;1513;445;;A conta salário é aberta com o cadastro feito pelo RH — você não precisa pedir nada. O salário cai na conta no dia do pagamento da Aurora. E se quiser transferir para outro banco, a portabilidade pode ser pedida a qualquer momento, sem custo.;"[{""afirmacao"": ""A conta salário é aberta após o cadastro realizado pelo departamento de Recursos Humanos."", ""veredito"": 1, ""motivo"": ""O contexto afirma que 'a conta salário é aberta com o cadastro feito pelo RH', o que confirma a declaração.""}, {""afirmacao"": ""O funcionário não precisa solicitar a abertura da conta salário."", ""veredito"": 1, ""motivo"": ""O contexto menciona explicitamente que 'Não precisa pedir: a conta salário é aberta com o cadastro feito pelo RH'.""}, {""afirmacao"": ""O salário é depositado na conta salário no dia do pagamento da empresa Aurora."", ""veredito"": 1, ""motivo"": ""O contexto afirma que 'O salário cai na conta salário no dia do pagamento da Aurora', confirmando a declaração.""}, {""afirmacao"": ""O funcionário pode solicitar a portabilidade do salário para outro banco a qualquer momento."", ""veredito"": 1, ""motivo"": ""O contexto declara que 'A portabilidade para outro banco pode ser pedida a qualquer momento, sem custo', confirmando a declaração.""}, {""afirmacao"": ""A portabilidade do salário para outro banco não possui custo."", ""veredito"": 1, ""motivo"": ""O contexto menciona explicitamente que 'A portabilidade para outro banco pode ser pedida a qualquer momento, sem custo'.""}]"
C02911-0;C02911;EMP006;kit_boas_vindas;email;vazio;todos;0;sim;[];medido;3;1;0;2;0;0.333333;0.333333;em parte;0.001763;2333;291;;Bem-vindo ao time Atlântico Saúde: veja o que o banco parceiro da folha preparou para você;"[{""afirmacao"": ""O trecho dá boas-vindas ao time Atlântico Saúde."", ""veredito"": 0, ""motivo"": ""O contexto não menciona nenhuma mensagem de boas-vindas direcionada ao time Atlântico Saúde."", ""veredito_no_catalogo"": 0, ""motivo_no_catalogo"": ""O contexto não menciona nenhuma mensagem de boas-vindas direcionada ao time Atlântico Saúde.""}, {""afirmacao"": ""O trecho informa que um banco parceiro da folha preparou algo para o time Atlântico Saúde."", ""veredito"": 1, ""motivo"": ""O contexto afirma que \""O banco é o parceiro da folha de pagamento da empresa\"" e lista diversos benefícios preparados para o time Atlântico.""}, {""afirmacao"": ""O trecho convida o leitor a ver o que foi preparado."", ""veredito"": 0, ""motivo"": ""O contexto não faz nenhum convite explícito ao leitor para ver os benefícios preparados, apenas descreve os benefícios disponíveis."", ""veredito_no_catalogo"": 0, ""motivo_no_catalogo"": ""O contexto não faz nenhum convite explícito ao leitor para ver os benefícios preparados, apenas descreve os benefícios disponíveis.""}]"
C02911-1;C02911;EMP006;kit_boas_vindas;email;vazio;todos;1;nao;"[""Pacote de benefícios Atlântico v2 › Conta salário""]";medido;5;2;1;2;0;0.400000;0.600000;em parte;0.003137;3444;753;;Oi! Que bom ter você no time da Atlântico Saúde Ltda. A partir de agora, seu salário cai numa conta salário no Santander, o banco parceiro da nossa folha de pagamento. A conta é aberta com o cadastro do RH — você não precisa pedir nada.;"[{""afirmacao"": ""A mensagem dá boas-vindas a um novo membro da equipe da Atlântico Saúde Ltda."", ""veredito"": 0, ""motivo"": ""O contexto não menciona nenhuma mensagem de boas-vindas a um novo membro da equipe."", ""veredito_no_catalogo"": 0, ""motivo_no_catalogo"": ""O contexto não menciona nenhuma mensagem de boas-vindas ou a chegada de um novo membro da equipe.""}, {""afirmacao"": ""O salário do novo membro da equipe será depositado em uma conta salário no Santander."", ""veredito"": 0, ""motivo"": ""O contexto menciona uma conta salário sem especificar o banco Santander, apenas que o banco é parceiro da folha de pagamento."", ""veredito_no_catalogo"": 0, ""motivo_no_catalogo"": ""O contexto menciona que a conta salário é oferecida para o time Atlântico, mas não especifica que o salário de um novo membro será depositado nela, além de não citar o Santander como banco da conta salário (apenas como parceiro em outros benefícios).""}, {""afirmacao"": ""O Santander é o banco parceiro da folha de pagamento da Atlântico Saúde Ltda."", ""veredito"": 0, ""motivo"": ""O contexto afirma que \""o banco é o parceiro da folha de pagamento da empresa\"", mas não especifica que o banco é o Santander."", ""veredito_no_catalogo"": 1, ""motivo_no_catalogo"": ""O contexto afirma explicitamente que \""O banco é o parceiro da folha de pagamento da empresa\"" e menciona o Santander em outros trechos como instituição financeira responsável pelos benefícios.""}, {""afirmacao"": ""A conta salário é aberta automaticamente pelo cadastro do departamento de Recursos Humanos da Atlântico Saúde Ltda."", ""veredito"": 1, ""motivo"": ""O contexto afirma que \""a conta é aberta com o cadastro do RH\"", o que implica que é aberta pelo departamento de Recursos Humanos.""}, {""afirmacao"": ""O novo membro da equipe não precisa solicitar a abertura da conta salário."", ""veredito"": 1, ""motivo"": ""O contexto afirma que \""Não precisa pedir: a conta é aberta com o cadastro\"", indicando que não é necessário solicitar a abertura.""}]"
C02911-2;C02911;EMP006;kit_boas_vindas;email;vazio;todos;2;nao;"[""Pacote de benefícios Atlântico v2 › Conta salário""]";medido;3;2;1;0;0;0.666667;1.000000;em parte;0.002356;3282;334;;A conta salário não tem tarifa de manutenção e a portabilidade, caso você queira usar, também é sem custo.;"[{""afirmacao"": ""A conta salário não possui tarifa de manutenção."", ""veredito"": 1, ""motivo"": ""O contexto afirma explicitamente que a conta salário da Atlântico não tem tarifa de manutenção.""}, {""afirmacao"": ""A portabilidade da conta salário é sem custo."", ""veredito"": 1, ""motivo"": ""O contexto menciona que a portabilidade da conta salário é sem custo.""}, {""afirmacao"": ""O cliente pode usar a portabilidade da conta salário."", ""veredito"": 0, ""motivo"": ""O contexto especifica que todo o time Atlântico com cadastro aprovado pelo banco pode usar a conta, mas não menciona explicitamente se \""o cliente\"" (fora do time Atlântico) pode usar a portabilidade."", ""veredito_no_catalogo"": 1, ""motivo_no_catalogo"": ""O contexto afirma que a conta salário oferece portabilidade sem custo e está disponível para todo o time Atlântico com cadastro aprovado pelo banco.""}]"
C02911-3;C02911;EMP006;kit_boas_vindas;email;vazio;todos;3;nao;"[""Pacote de benefícios Atlântico v2 › Conta corrente para profissionais de saúde""]";medido;9;9;0;0;0;1.000000;1.000000;fiel;0.002174;1643;770;;Se você é profissional de saúde com registro no conselho de classe e tem o salário creditado na conta, pode abrir uma conta corrente com pacote pensado para quem trabalha em plantão. Esse pacote inclui transferências, saques e Pix sem limite de horário, com isenção da tarifa do pacote por 24 meses (simulação). Depois desse período, vale a tarifa informada na abertura.;"[{""afirmacao"": ""Profissionais de saúde com registro no conselho de classe podem abrir uma conta corrente específica."", ""veredito"": 1, ""motivo"": ""O contexto afirma que o pacote é para 'Profissionais da Atlântico com registro no conselho de classe e o salário creditado na conta', indicando que o registro no conselho é um requisito.""}, {""afirmacao"": ""Profissionais de saúde que têm o salário creditado na conta podem abrir uma conta corrente específica."", ""veredito"": 1, ""motivo"": ""O contexto menciona que o salário creditado na conta é um dos requisitos para usar o pacote.""}, {""afirmacao"": ""O pacote da conta corrente é pensado para quem trabalha em plantão."", ""veredito"": 1, ""motivo"": ""O contexto afirma explicitamente que 'Conta corrente com pacote pensado para quem trabalha em plantão'.""}, {""afirmacao"": ""O pacote da conta corrente inclui transferências sem limite de horário."", ""veredito"": 1, ""motivo"": ""O contexto menciona que 'O pacote inclui transferências [...] sem limite de horário'.""}, {""afirmacao"": ""O pacote da conta corrente inclui saques sem limite de horário."", ""veredito"": 1, ""motivo"": ""O contexto menciona que 'O pacote inclui [...] saques [...] sem limite de horário'.""}, {""afirmacao"": ""O pacote da conta corrente inclui Pix sem limite de horário."", ""veredito"": 1, ""motivo"": ""O contexto menciona que 'O pacote inclui [...] Pix sem limite de horário'.""}, {""afirmacao"": ""O pacote da conta corrente oferece isenção da tarifa por 24 meses."", ""veredito"": 1, ""motivo"": ""O contexto afirma que há 'Isenção da tarifa do pacote por 24 meses (simulação)'.""}, {""afirmacao"": ""A isenção da tarifa do pacote é referente a uma simulação."", ""veredito"": 1, ""motivo"": ""O contexto menciona explicitamente que a isenção da tarifa é 'por 24 meses (simulação)'.""}, {""afirmacao"": ""Após o período de 24 meses, a tarifa informada na abertura da conta passa a valer."", ""veredito"": 1, ""motivo"": ""O contexto afirma que 'Depois, vale a tarifa informada na abertura'.""}]"
C02911-4;C02911;EMP006;kit_boas_vindas;email;vazio;todos;4;nao;"[""Pacote de benefícios Atlântico v2 › Cartão sem anuidade com condição""]";medido;8;7;0;1;0;0.875000;0.875000;em parte;0.003515;3540;950;;"Com a conta corrente, você também pode pedir um cartão de crédito sem anuidade — desde que a condição seja cumprida todo mês: gasto a partir de R$ 100 por fatura (simulação) ou com as chaves Pix CPF e celular cadastradas no Santander. A cada mês em que a condição é cumprida, a anuidade daquele mês não é cobrada. O cartão é sujeito a análise de crédito e pode ser solicitado no aplicativo, em ""Cartões"".";"[{""afirmacao"": ""A conta corrente permite solicitar um cartão de crédito sem anuidade."", ""veredito"": 0, ""motivo"": ""O contexto menciona que o cartão é destinado a funcionários da Atlântico com conta corrente, mas não afirma explicitamente que a conta corrente permite solicitar o cartão sem anuidade, apenas que é um requisito."", ""veredito_no_catalogo"": 0, ""motivo_no_catalogo"": ""O contexto menciona que o cartão de crédito sem anuidade está disponível para funcionários da Atlântico com conta corrente, sujeito a análise de crédito, mas não especifica se a conta corrente em si permite solicitar o cartão ou se é um benefício separado.""}, {""afirmacao"": ""A isenção da anuidade do cartão de crédito depende do cumprimento de uma condição mensal."", ""veredito"": 1, ""motivo"": ""O contexto afirma que \""A cada mês em que a condição é cumprida, a anuidade daquele mês não é cobrada\"", o que confirma a dependência de uma condição mensal.""}, {""afirmacao"": ""A condição para isenção da anuidade exige gasto mínimo de R\\( 100 \\) por fatura."", ""veredito"": 1, ""motivo"": ""O contexto menciona que a isenção ocorre \""gastando a partir de R\\( 100 \\) por fatura\"", o que confirma a exigência de gasto mínimo.""}, {""afirmacao"": ""A condição para isenção da anuidade pode ser cumprida com o cadastro das chaves Pix CPF e celular no Santander."", ""veredito"": 1, ""motivo"": ""O contexto afirma que a isenção pode ocorrer \""com as chaves Pix CPF e celular no Santander\"", confirmando essa possibilidade.""}, {""afirmacao"": ""A isenção da anuidade é aplicada a cada mês em que a condição é cumprida."", ""veredito"": 1, ""motivo"": ""O contexto afirma explicitamente que \""A cada mês em que a condição é cumprida, a anuidade daquele mês não é cobrada\"", confirmando a aplicação mensal.""}, {""afirmacao"": ""A emissão do cartão de crédito está sujeita à análise de crédito."", ""veredito"": 1, ""motivo"": ""O contexto menciona duas vezes que a emissão está \""sujeita a análise de crédito\"", confirmando essa informação.""}, {""afirmacao"": ""O cartão de crédito pode ser solicitado no aplicativo do Santander."", ""veredito"": 1, ""motivo"": ""O contexto afirma que a contratação pode ser feita \""No aplicativo, em 'Cartões'\"", o que implica que o cartão pode ser solicitado no aplicativo.""}, {""afirmacao"": ""A opção para solicitar o cartão de crédito está localizada na seção \""Cartões\"" do aplicativo."", ""veredito"": 1, ""motivo"": ""O contexto afirma explicitamente que a contratação é feita \""No aplicativo, em 'Cartões'\"", confirmando a localização da opção.""}]"
C02911-5;C02911;EMP006;kit_boas_vindas;email;vazio;todos;5;nao;"[""Pacote de benefícios Atlântico v2 › Crédito consignado""]";medido;9;5;3;1;0;0.555556;0.888889;em parte;0.003865;3619;1136;;Precisa de crédito? A Atlântico Saúde Ltda. negociou uma taxa especial de crédito consignado para o time. As parcelas saem direto do salário todo mês e podem chegar a até 35% do salário líquido (simulação). Antes de contratar, consulte o Custo Efetivo Total (CET) — que é o valor real do crédito, incluindo juros e encargos. Tudo sujeito a análise de crédito e à margem consignável.;"[{""afirmacao"": ""A Atlântico Saúde Ltda. negociou uma taxa especial de crédito consignado para o time."", ""veredito"": 0, ""motivo"": ""O contexto menciona que o crédito tem taxa negociada para a Atlântico, mas não especifica que a negociação foi feita pela Atlântico Saúde Ltda. para o próprio time."", ""veredito_no_catalogo"": 1, ""motivo_no_catalogo"": ""O contexto menciona que o crédito consignado possui uma taxa negociada para a Atlântico, o que implica que a empresa negociou condições especiais para seus funcionários.""}, {""afirmacao"": ""As parcelas do crédito consignado são descontadas diretamente do salário todo mês."", ""veredito"": 1, ""motivo"": ""O contexto afirma explicitamente que \""As parcelas saem direto do salário, todo mês.\""""}, {""afirmacao"": ""As parcelas do crédito consignado podem chegar a até 35% do salário líquido."", ""veredito"": 0, ""motivo"": ""O contexto menciona \""Parcelas de até 35% do salário líquido (simulação)\"", indicando que é uma simulação, não uma certeza."", ""veredito_no_catalogo"": 1, ""motivo_no_catalogo"": ""O contexto afirma explicitamente que as parcelas do crédito consignado podem ser de até 35% do salário líquido.""}, {""afirmacao"": ""A simulação indica que as parcelas podem chegar a até 35% do salário líquido."", ""veredito"": 1, ""motivo"": ""O contexto afirma explicitamente que \""Parcelas de até 35% do salário líquido (simulação)\"".""}, {""afirmacao"": ""Antes de contratar o crédito consignado, é necessário consultar o Custo Efetivo Total (CET)."", ""veredito"": 1, ""motivo"": ""O contexto afirma explicitamente \""Consulte o Custo Efetivo Total (CET) antes de contratar.\""""}, {""afirmacao"": ""O Custo Efetivo Total (CET) representa o valor real do crédito."", ""veredito"": 0, ""motivo"": ""O contexto não fornece informações sobre o que o CET representa, apenas que deve ser consultado."", ""veredito_no_catalogo"": 1, ""motivo_no_catalogo"": ""O contexto recomenda consultar o CET antes de contratar, o que é uma prática padrão para entender o valor real do crédito, incluindo todos os custos.""}, {""afirmacao"": ""O Custo Efetivo Total (CET) inclui juros e encargos."", ""veredito"": 0, ""motivo"": ""O contexto não especifica o que está incluído no CET."", ""veredito_no_catalogo"": 0, ""motivo_no_catalogo"": ""Embora seja uma afirmação verdadeira em geral, o contexto não especifica explicitamente que o CET inclui juros e encargos, apenas recomenda consultá-lo.""}, {""afirmacao"": ""A contratação do crédito consignado está sujeita a análise de crédito."", ""veredito"": 1, ""motivo"": ""O contexto afirma explicitamente duas vezes que o crédito está \""Sujeito a análise de crédito.\""""}, {""afirmacao"": ""A contratação do crédito consignado está sujeita à margem consignável."", ""veredito"": 1, ""motivo"": ""O contexto afirma explicitamente que a contratação está sujeita \""à margem consignável.\""""}]"
C02911-6;C02911;EMP006;kit_boas_vindas;email;vazio;todos;6;nao;"[""Pacote de benefícios Atlântico v2 › Previdência privada""]";medido;13;13;0;0;0;1.000000;1.000000;fiel;0.002675;1737;1042;;"Quer começar a construir uma reserva para a aposentadoria? Você pode contratar um plano de previdência privada com aporte a partir de R$ 50 por mês (simulação) e débito automático na conta. Você escolhe o plano (PGBL ou VGBL), o valor e o fundo. Consulte o regulamento e as taxas antes de contratar. Disponível no aplicativo, em ""Previdência"", ou com o gerente dedicado da empresa.";"[{""afirmacao"": ""O trecho do material sugere iniciar a construção de uma reserva para a aposentadoria."", ""veredito"": 1, ""motivo"": ""O contexto menciona explicitamente \""Uma reserva para a aposentadoria com aporte mensal baixo e débito automático.\""""}, {""afirmacao"": ""É possível contratar um plano de previdência privada com aporte a partir de cinquenta reais por mês."", ""veredito"": 1, ""motivo"": ""O contexto afirma \""Aporte a partir de R$ 50 por mês (simulação).\""""}, {""afirmacao"": ""O valor de cinquenta reais por mês é uma simulação."", ""veredito"": 1, ""motivo"": ""O contexto menciona explicitamente que o aporte a partir de R$ 50 é uma simulação.""}, {""afirmacao"": ""O plano de previdência privada permite débito automático na conta bancária."", ""veredito"": 1, ""motivo"": ""O contexto afirma \""Uma reserva para a aposentadoria com aporte mensal baixo e débito automático.\""""}, {""afirmacao"": ""O cliente escolhe o tipo de plano de previdência privada."", ""veredito"": 1, ""motivo"": ""O contexto menciona \""Você escolhe o plano (PGBL ou VGBL)\"".""}, {""afirmacao"": ""Os tipos de plano mencionados são PGBL e VGBL."", ""veredito"": 1, ""motivo"": ""O contexto lista explicitamente os planos PGBL e VGBL.""}, {""afirmacao"": ""O cliente escolhe o valor a ser aportado no plano de previdência privada."", ""veredito"": 1, ""motivo"": ""O contexto menciona \""Você escolhe [...] o valor\"".""}, {""afirmacao"": ""O cliente escolhe o fundo de investimento do plano de previdência privada."", ""veredito"": 1, ""motivo"": ""O contexto menciona \""Você escolhe [...] o fundo\"".""}, {""afirmacao"": ""O material recomenda consultar o regulamento antes de contratar o plano de previdência privada."", ""veredito"": 1, ""motivo"": ""O contexto afirma \""Consulte o regulamento e as taxas.\""""}, {""afirmacao"": ""O material recomenda consultar as taxas antes de contratar o plano de previdência privada."", ""veredito"": 1, ""motivo"": ""O contexto afirma \""Consulte o regulamento e as taxas.\""""}, {""afirmacao"": ""O plano de previdência privada está disponível no aplicativo."", ""veredito"": 1, ""motivo"": ""O contexto menciona \""Como contratar: No aplicativo, em 'Previdência'\"".""}, {""afirmacao"": ""A seção para contratar o plano no aplicativo é chamada \""Previdência\""."", ""veredito"": 1, ""motivo"": ""O contexto menciona explicitamente \""No aplicativo, em 'Previdência'\"".""}, {""afirmacao"": ""O plano de previdência privada também pode ser contratado com o gerente dedicado da empresa."", ""veredito"": 1, ""motivo"": ""O contexto menciona \""ou com o gerente dedicado da empresa.\""""}]"
C02911-7;C02911;EMP006;kit_boas_vindas;email;vazio;todos;7;nao;"[""Pacote de benefícios Atlântico v2 › Seguro para o celular""]";medido;10;10;0;0;0;1.000000;1.000000;fiel;0.002224;1662;794;;"Também há proteção para o seu celular contra roubo e quebra acidental. O seguro é oferecido por uma seguradora parceira, com franquia de 20% do valor do aparelho (simulação). Para contratar, o celular precisa ter até 2 anos de uso (simulação) e você precisa ser correntista. Consulte as condições gerais antes de contratar. Acesse pelo aplicativo, em ""Seguros"", opção celular.";"[{""afirmacao"": ""O trecho do material menciona proteção para celular contra roubo."", ""veredito"": 1, ""motivo"": ""O contexto afirma explicitamente que há proteção contra roubo do celular.""}, {""afirmacao"": ""O trecho do material menciona proteção para celular contra quebra acidental."", ""veredito"": 1, ""motivo"": ""O contexto afirma explicitamente que há proteção contra quebra acidental do celular.""}, {""afirmacao"": ""A proteção para celular é oferecida por uma seguradora parceira."", ""veredito"": 1, ""motivo"": ""O contexto menciona que o seguro é oferecido por uma seguradora parceira.""}, {""afirmacao"": ""A franquia do seguro para celular é de 20% do valor do aparelho em uma simulação."", ""veredito"": 1, ""motivo"": ""O contexto afirma que a franquia é de 20% do valor do aparelho (simulação).""}, {""afirmacao"": ""Para contratar o seguro, o celular precisa ter até 2 anos de uso em uma simulação."", ""veredito"": 1, ""motivo"": ""O contexto menciona que o celular deve ter até 2 anos de uso (simulação) para quem pode usar o seguro.""}, {""afirmacao"": ""Para contratar o seguro, a pessoa precisa ser correntista."", ""veredito"": 1, ""motivo"": ""O contexto afirma que quem pode usar o seguro são funcionários da Atlântico correntistas.""}, {""afirmacao"": ""O material recomenda consultar as condições gerais antes de contratar o seguro."", ""veredito"": 1, ""motivo"": ""O contexto recomenda explicitamente consultar as condições gerais antes de contratar.""}, {""afirmacao"": ""O seguro pode ser acessado pelo aplicativo."", ""veredito"": 1, ""motivo"": ""O contexto menciona que o seguro pode ser contratado no aplicativo.""}, {""afirmacao"": ""No aplicativo, o seguro está localizado na seção \""Seguros\""."", ""veredito"": 1, ""motivo"": ""O contexto afirma que para contratar, deve-se acessar no aplicativo, em \""Seguros\"".""}, {""afirmacao"": ""Na seção \""Seguros\"" do aplicativo, a opção para celular deve ser selecionada."", ""veredito"": 1, ""motivo"": ""O contexto menciona que a contratação é feita na opção celular dentro da seção \""Seguros\"".""}]"
C02926-0;C02926;EMP006;lembrete_conta;email;vazio;todos;0;sim;[];medido;2;1;0;1;0;0.500000;0.500000;em parte;0.001681;2300;252;;Seu salário na Atlântico Saúde tem benefícios esperando por você;"[{""afirmacao"": ""O salário de um funcionário na empresa Atlântico Saúde inclui benefícios."", ""veredito"": 0, ""motivo"": ""O contexto menciona diversos benefícios oferecidos aos funcionários da Atlântico, mas não afirma explicitamente que esses benefícios estão incluídos no salário. O salário é mencionado como sendo creditado em conta, mas não há informação sobre a inclusão de benefícios no salário."", ""veredito_no_catalogo"": 0, ""motivo_no_catalogo"": ""O contexto menciona diversos benefícios oferecidos aos funcionários da Atlântico, mas não afirma explicitamente que esses benefícios estão incluídos no salário. O salário é mencionado como sendo creditado em conta, mas não há informação sobre a inclusão de benefícios no salário.""}, {""afirmacao"": ""Os benefícios estão disponíveis para o funcionário na empresa Atlântico Saúde."", ""veredito"": 1, ""motivo"": ""O contexto lista vários benefícios disponíveis para funcionários da Atlântico, como cartão sem anuidade, conta corrente para profissionais de saúde, conta salário, crédito consignado, previdência privada e seguro para celular.""}]"
C02926-1;C02926;EMP006;lembrete_conta;email;vazio;todos;1;nao;"[""Pacote de benefícios Atlântico v2 › Conta salário""]";medido;7;6;1;0;0;0.857143;1.000000;em parte;0.003167;3454;768;;A Atlântico Saúde Ltda. tem parceria com o banco parceiro da folha de pagamento para oferecer ao time uma conta salário sem tarifa de manutenção. A conta é aberta com o cadastro do RH e recebe o salário no dia do pagamento, inclusive os adicionais de plantão. Não é preciso pedir: ela já vem com o cadastro aprovado.;"[{""afirmacao"": ""A Atlântico Saúde Ltda. possui parceria com um banco parceiro da folha de pagamento."", ""veredito"": 1, ""motivo"": ""O contexto afirma que 'O banco é o parceiro da folha de pagamento da empresa', confirmando a parceria.""}, {""afirmacao"": ""A parceria da Atlântico Saúde Ltda. tem o objetivo de oferecer uma conta salário sem tarifa de manutenção ao time da empresa."", ""veredito"": 1, ""motivo"": ""O contexto menciona que a conta salário não tem tarifa de manutenção e é oferecida ao time Atlântico, inferindo o objetivo da parceria.""}, {""afirmacao"": ""A conta salário é aberta utilizando o cadastro do RH da Atlântico Saúde Ltda."", ""veredito"": 1, ""motivo"": ""O contexto afirma explicitamente que 'A conta é aberta com o cadastro do RH'.""}, {""afirmacao"": ""A conta salário recebe o salário no dia do pagamento."", ""veredito"": 1, ""motivo"": ""O contexto declara que 'recebe o salário no dia do pagamento'.""}, {""afirmacao"": ""A conta salário recebe os adicionais de plantão no dia do pagamento."", ""veredito"": 1, ""motivo"": ""O contexto menciona que a conta recebe 'o salário no dia do pagamento, inclusive os adicionais de plantão'.""}, {""afirmacao"": ""A abertura da conta salário não requer solicitação por parte do funcionário."", ""veredito"": 1, ""motivo"": ""O contexto afirma que 'Não precisa pedir: a conta é aberta com o cadastro'.""}, {""afirmacao"": ""A conta salário já é disponibilizada com o cadastro aprovado."", ""veredito"": 0, ""motivo"": ""O contexto menciona que a conta é para 'Todo o time Atlântico com cadastro aprovado pelo banco', mas não afirma explicitamente que a conta já é disponibilizada automaticamente com o cadastro aprovado."", ""veredito_no_catalogo"": 1, ""motivo_no_catalogo"": ""O contexto afirma que 'a conta é aberta com o cadastro do RH' e que 'Todo o time Atlântico com cadastro aprovado pelo banco' pode usar, além de mencionar que 'a conta é aberta com o cadastro', sem necessidade de pedido adicional.""}]"
C02926-2;C02926;EMP006;lembrete_conta;email;vazio;todos;2;nao;"[""Pacote de benefícios Atlântico v2 › Conta corrente para profissionais de saúde""]";medido;9;9;0;0;0;1.000000;1.000000;fiel;0.002160;1656;757;;Quem trabalha em plantão pode contar com um pacote pensado para a rotina de profissionais de saúde: transferências, saques e Pix sem limite de horário, com isenção da tarifa do pacote por 24 meses (simulação). Depois desse período, vale a tarifa informada na abertura. Para usar, é preciso ter registro no conselho de classe e o salário creditado na conta.;"[{""afirmacao"": ""Profissionais que trabalham em plantão podem contar com um pacote específico para a rotina de profissionais de saúde."", ""veredito"": 1, ""motivo"": ""O contexto menciona que a conta corrente possui um pacote pensado para quem trabalha em plantão, voltado para profissionais de saúde.""}, {""afirmacao"": ""O pacote para profissionais de saúde inclui transferências sem limite de horário."", ""veredito"": 1, ""motivo"": ""O contexto afirma que o pacote inclui transferências sem limite de horário.""}, {""afirmacao"": ""O pacote para profissionais de saúde inclui saques sem limite de horário."", ""veredito"": 1, ""motivo"": ""O contexto afirma que o pacote inclui saques sem limite de horário.""}, {""afirmacao"": ""O pacote para profissionais de saúde inclui Pix sem limite de horário."", ""veredito"": 1, ""motivo"": ""O contexto afirma que o pacote inclui Pix sem limite de horário.""}, {""afirmacao"": ""O pacote oferece isenção da tarifa por 24 meses."", ""veredito"": 1, ""motivo"": ""O contexto menciona isenção da tarifa do pacote por 24 meses.""}, {""afirmacao"": ""A isenção da tarifa do pacote é baseada em uma simulação."", ""veredito"": 1, ""motivo"": ""O contexto especifica que a isenção da tarifa por 24 meses é uma simulação.""}, {""afirmacao"": ""Após o período de 24 meses, a tarifa informada na abertura do pacote passa a valer."", ""veredito"": 1, ""motivo"": ""O contexto afirma que, após os 24 meses, vale a tarifa informada na abertura.""}, {""afirmacao"": ""Para utilizar o pacote, é necessário ter registro no conselho de classe."", ""veredito"": 1, ""motivo"": ""O contexto menciona que profissionais da Atlântico devem ter registro no conselho de classe para usar o pacote.""}, {""afirmacao"": ""Para utilizar o pacote, é necessário ter o salário creditado na conta."", ""veredito"": 1, ""motivo"": ""O contexto afirma que o salário deve ser creditado na conta para utilizar o pacote.""}]"
C02926-3;C02926;EMP006;lembrete_conta;email;vazio;todos;3;nao;"[""Pacote de benefícios Atlântico v2 › Cartão sem anuidade com condição""]";medido;8;5;3;0;0;0.625000;1.000000;em parte;0.003742;3587;1072;;"Com a conta corrente, você também pode solicitar um cartão de crédito sem anuidade gastando a partir de R$ 100 por fatura (simulação) ou com as chaves Pix CPF e celular no banco parceiro. A cada mês em que a condição é cumprida, a anuidade daquele mês não é cobrada. A contratação é sujeita a análise de crédito e fica disponível no aplicativo, em ""Cartões"".";"[{""afirmacao"": ""A conta corrente permite solicitar um cartão de crédito sem anuidade."", ""veredito"": 0, ""motivo"": ""O contexto menciona que o cartão é destinado a funcionários da Atlântico com conta corrente, mas não especifica se a conta corrente por si só permite solicitar o cartão sem anuidade, pois há outras condições."", ""veredito_no_catalogo"": 1, ""motivo_no_catalogo"": ""O contexto menciona que funcionários da Atlântico com conta corrente podem solicitar o cartão de crédito sem anuidade, sujeito a análise de crédito.""}, {""afirmacao"": ""Para solicitar o cartão de crédito sem anuidade, é necessário gastar a partir de R$ 100 por fatura."", ""veredito"": 0, ""motivo"": ""O contexto afirma que o cartão é sem anuidade gastando a partir de R$ 100 por fatura **ou** com chaves Pix, não sendo obrigatório apenas o gasto mínimo."", ""veredito_no_catalogo"": 1, ""motivo_no_catalogo"": ""O contexto afirma que o cartão de crédito sem anuidade está condicionado a gastar a partir de R$ 100 por fatura ou ter chaves Pix CPF e celular no Santander.""}, {""afirmacao"": ""A simulação indica que gastar a partir de R$ 100 por fatura pode isentar a anuidade."", ""veredito"": 1, ""motivo"": ""O contexto menciona explicitamente que há uma simulação com gasto a partir de R$ 100 por fatura para isentar a anuidade.""}, {""afirmacao"": ""O uso das chaves Pix CPF e celular no banco parceiro também pode isentar a anuidade do cartão de crédito."", ""veredito"": 1, ""motivo"": ""O contexto afirma que o cartão é sem anuidade com as chaves Pix CPF e celular no Santander (banco parceiro).""}, {""afirmacao"": ""A cada mês em que a condição de gasto mínimo é cumprida, a anuidade daquele mês não é cobrada."", ""veredito"": 1, ""motivo"": ""O contexto explica que a cada mês em que a condição é cumprida, a anuidade daquele mês não é cobrada.""}, {""afirmacao"": ""A contratação do cartão de crédito está sujeita à análise de crédito."", ""veredito"": 1, ""motivo"": ""O contexto menciona explicitamente que a contratação está sujeita à análise de crédito.""}, {""afirmacao"": ""O cartão de crédito fica disponível no aplicativo do banco."", ""veredito"": 0, ""motivo"": ""O contexto não afirma explicitamente que o cartão fica disponível no aplicativo, apenas que a contratação pode ser feita nele."", ""veredito_no_catalogo"": 1, ""motivo_no_catalogo"": ""O contexto informa que a contratação do cartão de crédito sem anuidade é feita no aplicativo, em \""Cartões\"".""}, {""afirmacao"": ""No aplicativo do banco, o cartão de crédito pode ser encontrado na seção \""Cartões\""."", ""veredito"": 1, ""motivo"": ""O contexto afirma que a contratação pode ser feita no aplicativo, em \""Cartões\"".""}]"
C02926-4;C02926;EMP006;lembrete_conta;email;vazio;todos;4;nao;"[""Pacote de benefícios Atlântico v2 › Crédito consignado"", ""Pacote de benefícios Atlântico v2 › Previdência privada"", ""Pacote de benefícios Atlântico v2 › Seguro para o celular""]";medido;12;11;0;1;0;0.916667;0.916667;em parte;0.004014;3882;1139;;"Há ainda outros benefícios disponíveis para o time: crédito com taxa negociada para a Atlântico Saúde Ltda. e parcelas descontadas na folha (sujeito a análise de crédito e à margem consignável); previdência privada com aporte a partir de R$ 50 por mês (simulação); e seguro para o celular com proteção contra roubo e quebra acidental. Consulte as condições de cada produto antes de contratar.";"[{""afirmacao"": ""O time tem acesso a outros benefícios disponíveis."", ""veredito"": 1, ""motivo"": ""O contexto menciona explicitamente que a empresa Atlântico Saúde Ltda. oferece um pacote de benefícios para o próprio time, incluindo crédito consignado, previdência privada e seguro para o celular.""}, {""afirmacao"": ""Um dos benefícios disponíveis para o time é crédito com taxa negociada para a Atlântico Saúde Ltda."", ""veredito"": 1, ""motivo"": ""O contexto afirma que o crédito consignado é um dos benefícios do pacote Atlântico v2, com taxa negociada para a Atlântico.""}, {""afirmacao"": ""As parcelas do crédito para a Atlântico Saúde Ltda. são descontadas na folha de pagamento."", ""veredito"": 1, ""motivo"": ""O contexto menciona que as parcelas do crédito consignado são descontadas diretamente na folha de pagamento.""}, {""afirmacao"": ""O crédito para a Atlântico Saúde Ltda. está sujeito a análise de crédito."", ""veredito"": 1, ""motivo"": ""O contexto afirma explicitamente que o crédito consignado está sujeito a análise de crédito.""}, {""afirmacao"": ""O crédito para a Atlântico Saúde Ltda. está sujeito à margem consignável."", ""veredito"": 1, ""motivo"": ""O contexto menciona que o crédito consignado está sujeito à margem consignável.""}, {""afirmacao"": ""Outro benefício disponível para o time é previdência privada."", ""veredito"": 1, ""motivo"": ""O contexto lista a previdência privada como um dos benefícios do pacote Atlântico v2.""}, {""afirmacao"": ""A previdência privada permite aporte a partir de R$ 50 por mês."", ""veredito"": 1, ""motivo"": ""O contexto afirma que o aporte da previdência privada começa a partir de R$ 50 por mês.""}, {""afirmacao"": ""A previdência privada é apresentada como uma simulação."", ""veredito"": 0, ""motivo"": ""O contexto menciona que o aporte de R$ 50 por mês é uma simulação, mas não afirma que toda a previdência privada é apresentada como simulação."", ""veredito_no_catalogo"": 0, ""motivo_no_catalogo"": ""O contexto menciona que o aporte da previdência privada é \""a partir de R$ 50 por mês (simulação)\"", mas não afirma que a previdência privada em si é apresentada como uma simulação. A simulação refere-se apenas ao valor do aporte.""}, {""afirmacao"": ""Outro benefício disponível para o time é seguro para o celular."", ""veredito"": 1, ""motivo"": ""O contexto lista o seguro para o celular como um dos benefícios do pacote Atlântico v2.""}, {""afirmacao"": ""O seguro para o celular oferece proteção contra roubo."", ""veredito"": 1, ""motivo"": ""O contexto afirma que o seguro para o celular oferece proteção contra roubo.""}, {""afirmacao"": ""O seguro para o celular oferece proteção contra quebra acidental."", ""veredito"": 1, ""motivo"": ""O contexto afirma que o seguro para o celular oferece proteção contra quebra acidental.""}, {""afirmacao"": ""As condições de cada produto devem ser consultadas antes de contratar."", ""veredito"": 1, ""motivo"": ""O contexto menciona explicitamente que é necessário consultar o CET, regulamento, taxas e condições gerais antes de contratar cada produto.""}]"
C02418-0;C02418;EMP005;faq;email;fora_do_catalogo;todos;0;sim;[];medido;3;1;0;2;0;0.333333;0.333333;em parte;0.001774;2427;266;;FAQ: Benefícios do banco parceiro da folha — Prisma Comércio Ltda.;"[{""afirmacao"": ""O trecho do material menciona uma seção de FAQ."", ""veredito"": 0, ""motivo"": ""O contexto não menciona explicitamente uma seção de FAQ, apenas lista canais de dúvidas como Central de atendimento e Gerente dedicado."", ""veredito_no_catalogo"": 0, ""motivo_no_catalogo"": ""O contexto não menciona explicitamente uma seção de FAQ, apenas lista canais de dúvidas como Central de atendimento e Gerente dedicado.""}, {""afirmacao"": ""A seção de FAQ aborda os benefícios do banco parceiro da folha."", ""veredito"": 0, ""motivo"": ""Não há menção a uma seção de FAQ no contexto, portanto não é possível inferir seu conteúdo."", ""veredito_no_catalogo"": 0, ""motivo_no_catalogo"": ""Não há menção a uma seção de FAQ no contexto, portanto não é possível inferir seu conteúdo.""}, {""afirmacao"": ""O banco parceiro da folha é associado à Prisma Comércio Ltda."", ""veredito"": 1, ""motivo"": ""O contexto afirma que o banco é o parceiro da folha de pagamento da empresa Prisma Comércio Ltda.""}]"
C02418-1;C02418;EMP005;faq;email;fora_do_catalogo;todos;1;nao;"[""Pacote de benefícios Prisma v2 › Conta salário""]";medido;6;6;0;0;0;1.000000;1.000000;fiel;0.001723;1525;536;;"**O que é a conta salário e como ela é aberta?**
A conta salário é onde o seu salário e a comissão da Prisma Comércio Ltda. caem no dia do pagamento. Você não precisa pedir: a conta é aberta automaticamente com o cadastro feito pelo RH, sem tarifa de manutenção.";"[{""afirmacao"": ""A conta salário é um tipo de conta bancária."", ""veredito"": 1, ""motivo"": ""O contexto menciona que a conta salário é aberta com o cadastro do RH e recebe salário e comissão, o que implica ser um tipo de conta bancária.""}, {""afirmacao"": ""A conta salário recebe o salário de um funcionário."", ""veredito"": 1, ""motivo"": ""O contexto afirma explicitamente que 'o salário e a comissão caem nela [conta salário] no dia do pagamento'.""}, {""afirmacao"": ""A conta salário recebe a comissão da Prisma Comércio Ltda. no dia do pagamento."", ""veredito"": 1, ""motivo"": ""O contexto menciona que 'o salário e a comissão caem nela [conta salário] no dia do pagamento'.""}, {""afirmacao"": ""A abertura da conta salário ocorre automaticamente."", ""veredito"": 1, ""motivo"": ""O contexto afirma que 'Não precisa pedir: a conta é aberta com o cadastro', indicando que a abertura ocorre automaticamente.""}, {""afirmacao"": ""O cadastro feito pelo RH da Prisma Comércio Ltda. possibilita a abertura automática da conta salário."", ""veredito"": 1, ""motivo"": ""O contexto declara que 'A conta é aberta com o cadastro do RH', o que confirma que o cadastro feito pelo RH possibilita a abertura automática.""}, {""afirmacao"": ""A conta salário não possui tarifa de manutenção."", ""veredito"": 1, ""motivo"": ""O contexto menciona explicitamente que a conta salário é 'sem tarifa de manutenção'.""}]"
C02418-2;C02418;EMP005;faq;email;fora_do_catalogo;todos;2;nao;"[""Pacote de benefícios Prisma v2 › Portabilidade de salário""]";medido;5;5;0;0;0;1.000000;1.000000;fiel;0.001500;1476;417;;"**E se eu quiser receber em outro banco?**
Você pode pedir a portabilidade de salário a qualquer momento, sem custo. O pedido é feito no banco que vai receber, e a mudança passa a valer em até 10 dias úteis (simulação).";"[{""afirmacao"": ""O usuário pode pedir a portabilidade de salário a qualquer momento."", ""veredito"": 1, ""motivo"": ""O contexto afirma que o usuário pode mudar quando quiser, o que implica que pode pedir a portabilidade a qualquer momento.""}, {""afirmacao"": ""A portabilidade de salário não possui custo."", ""veredito"": 1, ""motivo"": ""O contexto menciona explicitamente que a portabilidade de salário é sem custo.""}, {""afirmacao"": ""O pedido de portabilidade de salário é feito no banco que receberá o salário."", ""veredito"": 1, ""motivo"": ""O contexto afirma que o pedido é feito no banco que vai receber o salário.""}, {""afirmacao"": ""A mudança da portabilidade de salário passa a valer em até 10 dias úteis."", ""veredito"": 1, ""motivo"": ""O contexto menciona que a mudança passa a valer em até 10 dias úteis, mas especifica que isso é uma simulação.""}, {""afirmacao"": ""O prazo de 10 dias úteis é uma simulação."", ""veredito"": 1, ""motivo"": ""O contexto afirma explicitamente que o prazo de 10 dias úteis é uma simulação.""}]"
C02418-3;C02418;EMP005;faq;email;fora_do_catalogo;todos;3;nao;"[""Pacote de benefícios Prisma v2 › Conta corrente com pacote Folha Plus""]";medido;12;10;1;1;0;0.833333;0.916667;em parte;0.003917;3696;1142;;"**O que é a conta corrente com pacote Folha Plus? É diferente da conta salário?**
Sim. A conta corrente com pacote Folha Plus é uma conta separada, com serviços do dia a dia: Pix, transferências, saques e pagamentos. Para o time Prisma, a tarifa do pacote tem desconto de 100% nos primeiros 12 meses (simulação). Depois desse período, vale a tarifa informada na abertura. Para abrir, acesse o aplicativo e escolha o pacote Folha Plus.";"[{""afirmacao"": ""A conta corrente com pacote Folha Plus é uma conta separada."", ""veredito"": 0, ""motivo"": ""O contexto não especifica se a conta corrente com pacote Folha Plus é uma conta separada ou não."", ""veredito_no_catalogo"": 0, ""motivo_no_catalogo"": ""O contexto menciona a \""Conta corrente com pacote Folha Plus\"" como um benefício distinto, mas não especifica explicitamente se é uma conta separada ou não. No entanto, é comum que pacotes de serviços sejam associados a uma conta corrente existente, e não há menção a uma conta adicional.""}, {""afirmacao"": ""A conta corrente com pacote Folha Plus oferece serviços do dia a dia."", ""veredito"": 1, ""motivo"": ""O contexto afirma que o pacote Folha Plus inclui \""serviços do dia a dia\"".""}, {""afirmacao"": ""Os serviços do dia a dia incluem Pix."", ""veredito"": 1, ""motivo"": ""O contexto menciona explicitamente que os serviços incluem \""Pix\"".""}, {""afirmacao"": ""Os serviços do dia a dia incluem transferências."", ""veredito"": 1, ""motivo"": ""O contexto menciona explicitamente que os serviços incluem \""transferências\"".""}, {""afirmacao"": ""Os serviços do dia a dia incluem saques."", ""veredito"": 1, ""motivo"": ""O contexto menciona explicitamente que os serviços incluem \""saques\"".""}, {""afirmacao"": ""Os serviços do dia a dia incluem pagamentos."", ""veredito"": 1, ""motivo"": ""O contexto menciona explicitamente que os serviços incluem \""pagamentos\"".""}, {""afirmacao"": ""A conta corrente com pacote Folha Plus é diferente da conta salário."", ""veredito"": 0, ""motivo"": ""O contexto não fornece informações sobre a relação entre a conta corrente com pacote Folha Plus e a conta salário."", ""veredito_no_catalogo"": 1, ""motivo_no_catalogo"": ""O contexto descreve a \""Conta corrente com pacote Folha Plus\"" e a \""Conta salário\"" como dois benefícios distintos, com características e funcionalidades diferentes, sugerindo que são contas diferentes.""}, {""afirmacao"": ""Para o time Prisma, a tarifa do pacote Folha Plus tem desconto de 100% nos primeiros 12 meses."", ""veredito"": 1, ""motivo"": ""O contexto afirma que há um \""desconto de 100% na tarifa do pacote por 12 meses\"".""}, {""afirmacao"": ""O desconto de 100% nos primeiros 12 meses é uma simulação."", ""veredito"": 1, ""motivo"": ""O contexto menciona explicitamente que o desconto de 100% é \""(simulação)\"".""}, {""afirmacao"": ""Após o período de 12 meses, a tarifa informada na abertura da conta passa a valer."", ""veredito"": 1, ""motivo"": ""O contexto afirma que \""Depois, vale a tarifa informada na abertura\"".""}, {""afirmacao"": ""Para abrir a conta corrente com pacote Folha Plus, é necessário acessar o aplicativo."", ""veredito"": 1, ""motivo"": ""O contexto menciona que a contratação é feita \""No aplicativo\"".""}, {""afirmacao"": ""No aplicativo, deve-se escolher o pacote Folha Plus."", ""veredito"": 1, ""motivo"": ""O contexto afirma que a contratação é feita \""escolhendo o pacote Folha Plus\"" no aplicativo.""}]"
C02418-4;C02418;EMP005;faq;email;fora_do_catalogo;todos;4;nao;"[""Pacote de benefícios Prisma v2 › Cartão de crédito""]";medido;8;6;2;0;0;0.750000;1.000000;em parte;0.003444;3628;878;;"**Como funciona o cartão de crédito?**
O cartão oferece cashback de 1% das compras — ou seja, parte das compras volta na fatura, conforme as regras do cartão (simulação). Quem recebe o salário no Santander tem anuidade zero por 5 anos (simulação). O cartão é sujeito a análise de crédito. Para pedir, acesse o aplicativo em ""Cartões"".";"[{""afirmacao"": ""O cartão de crédito oferece cashback de 1% das compras."", ""veredito"": 1, ""motivo"": ""O contexto afirma explicitamente que o cartão oferece cashback de 1% das compras.""}, {""afirmacao"": ""O cashback significa que parte das compras volta na fatura do cartão de crédito."", ""veredito"": 1, ""motivo"": ""O contexto explica que 'parte das compras volta na fatura' ao descrever como funciona o cashback.""}, {""afirmacao"": ""O retorno de parte das compras na fatura segue as regras do cartão de crédito."", ""veredito"": 0, ""motivo"": ""O contexto menciona que parte das compras volta na fatura, mas não especifica que isso segue 'regras do cartão de crédito', sendo uma inferência não diretamente suportada."", ""veredito_no_catalogo"": 1, ""motivo_no_catalogo"": ""O contexto menciona que o cartão de crédito oferece cashback de 1% das compras, onde parte das compras volta na fatura, o que confirma que o retorno segue as regras do cartão.""}, {""afirmacao"": ""Clientes que recebem o salário no Santander têm anuidade zero por 5 anos."", ""veredito"": 1, ""motivo"": ""O contexto afirma que a anuidade é zero por 5 anos para quem recebe o salário no Santander.""}, {""afirmacao"": ""A oferta de anuidade zero por 5 anos é uma simulação."", ""veredito"": 1, ""motivo"": ""O contexto menciona explicitamente que a anuidade zero por 5 anos é uma simulação.""}, {""afirmacao"": ""A aprovação do cartão de crédito está sujeita a análise de crédito."", ""veredito"": 1, ""motivo"": ""O contexto afirma que o cartão está 'sujeito a análise de crédito'.""}, {""afirmacao"": ""Para solicitar o cartão de crédito, é necessário acessar o aplicativo."", ""veredito"": 0, ""motivo"": ""O contexto informa que a contratação é feita no aplicativo, mas não afirma explicitamente que é 'necessário' acessá-lo, podendo haver outras formas não mencionadas."", ""veredito_no_catalogo"": 1, ""motivo_no_catalogo"": ""O contexto afirma explicitamente que a contratação do cartão de crédito é feita no aplicativo, em \""Cartões\"".""}, {""afirmacao"": ""No aplicativo, a opção para solicitar o cartão de crédito está em \""Cartões\""."", ""veredito"": 1, ""motivo"": ""O contexto afirma explicitamente que a contratação é feita no aplicativo, em \""Cartões\"".""}]"
C02418-5;C02418;EMP005;faq;email;fora_do_catalogo;todos;5;nao;"[""Pacote de benefícios Prisma v2 › Pontos de boas-vindas""]";medido;9;8;0;1;0;0.888889;0.888889;em parte;0.003412;3644;853;;"**Tem algum bônus para quem abre a conta corrente agora?**
Sim. Quem abrir a conta corrente, pedir o cartão e fizer a primeira compra em até 90 dias (simulação) recebe 5.000 pontos de boas-vindas (simulação) no programa de pontos. O cartão é sujeito a análise de crédito. O crédito dos pontos é automático, desde que você esteja cadastrado no programa. Consulte o regulamento do programa de pontos.";"[{""afirmacao"": ""A abertura de uma conta corrente oferece um bônus."", ""veredito"": 1, ""motivo"": ""O contexto menciona um bônus de pontos para quem abre a conta corrente, pede o cartão e faz a primeira compra.""}, {""afirmacao"": ""O bônus é concedido para clientes que abrem a conta corrente agora."", ""veredito"": 0, ""motivo"": ""O contexto não especifica que o bônus é concedido apenas para quem abre a conta corrente \""agora\"", apenas menciona condições dentro de um período de 90 dias."", ""veredito_no_catalogo"": 0, ""motivo_no_catalogo"": ""O contexto menciona que os pontos de boas-vindas são concedidos para funcionários da Prisma que abrirem a conta corrente durante a vigência desta KB (Knowledge Base), não necessariamente \""agora\"", e também exige que peçam o cartão e façam a primeira compra nos primeiros 90 dias.""}, {""afirmacao"": ""O cliente deve pedir o cartão para receber o bônus."", ""veredito"": 1, ""motivo"": ""O contexto afirma que um dos passos para receber o bônus é pedir o cartão.""}, {""afirmacao"": ""O cliente deve fazer a primeira compra em até 90 dias para receber o bônus."", ""veredito"": 1, ""motivo"": ""O contexto menciona explicitamente que a primeira compra deve ser feita em até 90 dias após a abertura da conta.""}, {""afirmacao"": ""O bônus consiste em 5.000 pontos de boas-vindas no programa de pontos."", ""veredito"": 1, ""motivo"": ""O contexto afirma que o bônus é de 5.000 pontos de boas-vindas.""}, {""afirmacao"": ""A concessão do cartão está sujeita a análise de crédito."", ""veredito"": 1, ""motivo"": ""O contexto menciona explicitamente que o cartão está sujeito a análise de crédito.""}, {""afirmacao"": ""O crédito dos pontos é automático."", ""veredito"": 1, ""motivo"": ""O contexto afirma que basta cumprir os três passos e estar cadastrado no programa de pontos para que o crédito seja automático.""}, {""afirmacao"": ""O cliente precisa estar cadastrado no programa de pontos para receber o crédito dos pontos."", ""veredito"": 1, ""motivo"": ""O contexto menciona que é necessário estar cadastrado no programa de pontos para receber os pontos.""}, {""afirmacao"": ""O regulamento do programa de pontos deve ser consultado para mais informações."", ""veredito"": 1, ""motivo"": ""O contexto recomenda consultar o regulamento do programa de pontos.""}]"
C02418-6;C02418;EMP005;faq;email;fora_do_catalogo;todos;6;nao;"[""Pacote de benefícios Prisma v2 › Programa de pontos e descontos""]";medido;9;9;0;0;0;1.000000;1.000000;fiel;0.002210;1658;787;;"**Como funciona o programa de pontos?**
Cada compra no cartão de crédito Santander acumula 1 ponto a cada R$ 1 gasto (simulação). Os pontos são válidos por 24 meses (simulação) e podem ser trocados por produtos, descontos em parceiros ou milhas. O cadastro no programa é sem custo e pode ser feito no aplicativo, em ""Programa de pontos"". Consulte o regulamento do programa de pontos.";"[{""afirmacao"": ""O programa de pontos acumula 1 ponto para cada 1 real gasto em compras no cartão de crédito Santander."", ""veredito"": 1, ""motivo"": ""O contexto afirma explicitamente que \""1 ponto a cada R$ 1 gasto (simulação)\"" em compras no cartão.""}, {""afirmacao"": ""Os pontos acumulados no programa de pontos são válidos por 24 meses."", ""veredito"": 1, ""motivo"": ""O contexto menciona que \""Pontos válidos por 24 meses (simulação)\"".""}, {""afirmacao"": ""Os pontos acumulados no programa de pontos podem ser trocados por produtos."", ""veredito"": 1, ""motivo"": ""O contexto afirma que as compras viram pontos para trocar por \""produtos, descontos em parceiros ou milhas\"".""}, {""afirmacao"": ""Os pontos acumulados no programa de pontos podem ser trocados por descontos em parceiros."", ""veredito"": 1, ""motivo"": ""O contexto afirma que as compras viram pontos para trocar por \""descontos em parceiros\"".""}, {""afirmacao"": ""Os pontos acumulados no programa de pontos podem ser trocados por milhas."", ""veredito"": 1, ""motivo"": ""O contexto afirma que as compras viram pontos para trocar por \""milhas\"".""}, {""afirmacao"": ""O cadastro no programa de pontos não possui custo."", ""veredito"": 1, ""motivo"": ""O contexto afirma que o cadastro é \""sem custo\"" no aplicativo.""}, {""afirmacao"": ""O cadastro no programa de pontos pode ser realizado no aplicativo Santander."", ""veredito"": 1, ""motivo"": ""O contexto menciona que o cadastro é feito \""no aplicativo, em 'Programa de pontos'\"", referindo-se ao aplicativo Santander.""}, {""afirmacao"": ""A opção para cadastro no programa de pontos está localizada na seção \""Programa de pontos\"" do aplicativo Santander."", ""veredito"": 1, ""motivo"": ""O contexto afirma que o cadastro é feito \""no aplicativo, em 'Programa de pontos'\"".""}, {""afirmacao"": ""O regulamento do programa de pontos deve ser consultado para obter informações detalhadas."", ""veredito"": 1, ""motivo"": ""O contexto menciona explicitamente \""Consulte o regulamento do programa de pontos\"".""}]"
C02418-7;C02418;EMP005;faq;email;fora_do_catalogo;todos;7;nao;"[""Pacote de benefícios Prisma v2 › Antecipação do 13º salário""]";medido;12;12;0;0;0;1.000000;1.000000;fiel;0.002831;1808;1113;;"**Posso antecipar o 13º salário?**
Sim. Quem recebe o salário no Santander pode solicitar a antecipação de até 100% do valor líquido estimado do 13º (simulação), sujeito a análise de crédito. Não há tarifa, mas incidem juros e IOF. O valor cai na conta e é quitado em dezembro com o 13º creditado. Antes de contratar, consulte o CET (Custo Efetivo Total). O pedido é feito no aplicativo, em ""Empréstimos"".";"[{""afirmacao"": ""Funcionários que recebem salário no Santander podem solicitar a antecipação do 13º salário."", ""veredito"": 1, ""motivo"": ""O contexto afirma que a antecipação é para \""Funcionários da Prisma com o salário no Santander\"".""}, {""afirmacao"": ""A antecipação do 13º salário no Santander pode ser de até 100% do valor líquido estimado."", ""veredito"": 1, ""motivo"": ""O contexto menciona \""Até 100% do valor líquido estimado do 13º (simulação)\"".""}, {""afirmacao"": ""A antecipação do 13º salário no Santander está sujeita a análise de crédito."", ""veredito"": 1, ""motivo"": ""O contexto afirma que a antecipação está \""sujeito a análise de crédito\"".""}, {""afirmacao"": ""Não há tarifa para a antecipação do 13º salário no Santander."", ""veredito"": 1, ""motivo"": ""O contexto menciona \""Sem tarifa; cobra juros e IOF\"".""}, {""afirmacao"": ""Juros incidem sobre a antecipação do 13º salário no Santander."", ""veredito"": 1, ""motivo"": ""O contexto afirma \""Sem tarifa; cobra juros e IOF\"".""}, {""afirmacao"": ""IOF incide sobre a antecipação do 13º salário no Santander."", ""veredito"": 1, ""motivo"": ""O contexto afirma \""Sem tarifa; cobra juros e IOF\"".""}, {""afirmacao"": ""O valor da antecipação do 13º salário cai na conta do funcionário."", ""veredito"": 1, ""motivo"": ""O contexto menciona \""O valor cai na conta\"".""}, {""afirmacao"": ""O valor da antecipação do 13º salário é quitado em dezembro."", ""veredito"": 1, ""motivo"": ""O contexto afirma \""é quitado em dezembro com o 13º creditado no Santander\"".""}, {""afirmacao"": ""O valor da quitação da antecipação do 13º salário é feito com o 13º salário creditado."", ""veredito"": 1, ""motivo"": ""O contexto menciona \""quitado em dezembro com o 13º creditado no Santander\"".""}, {""afirmacao"": ""O CET (Custo Efetivo Total) deve ser consultado antes de contratar a antecipação do 13º salário."", ""veredito"": 1, ""motivo"": ""O contexto afirma \""Consulte o CET antes de contratar\"".""}, {""afirmacao"": ""O pedido de antecipação do 13º salário é feito no aplicativo do Santander."", ""veredito"": 1, ""motivo"": ""O contexto menciona \""Como contratar: No aplicativo, em \\\""Empréstimos\\\""\"".""}, {""afirmacao"": ""O pedido de antecipação do 13º salário é feito na seção \""Empréstimos\"" do aplicativo do Santander."", ""veredito"": 1, ""motivo"": ""O contexto afirma \""Como contratar: No aplicativo, em \\\""Empréstimos\\\""\"".""}]"
C02932-0;C02932;EMP006;lembrete_conta;mural;normal;todos;0;sim;[];medido;3;2;0;1;0;0.666667;0.666667;em parte;0.001801;2332;314;;Seu salário, seus benefícios: veja o que a Atlântico Saúde preparou para você 💙;"[{""afirmacao"": ""A Atlântico Saúde preparou uma lista relacionada ao salário dos colaboradores."", ""veredito"": 0, ""motivo"": ""O contexto menciona benefícios oferecidos pela Atlântico em parceria com um banco, mas não há informação explícita sobre a preparação de uma lista relacionada especificamente ao salário dos colaboradores."", ""veredito_no_catalogo"": 0, ""motivo_no_catalogo"": ""O contexto menciona benefícios oferecidos pela Atlântico em parceria com um banco, mas não há informação explícita sobre a preparação de uma lista relacionada especificamente ao salário dos colaboradores.""}, {""afirmacao"": ""A Atlântico Saúde preparou uma lista relacionada aos benefícios dos colaboradores."", ""veredito"": 1, ""motivo"": ""O contexto descreve diversos benefícios oferecidos pela Atlântico em parceria com um banco, o que indica a preparação de uma lista de benefícios.""}, {""afirmacao"": ""A lista preparada pela Atlântico Saúde está disponível para visualização pelos colaboradores."", ""veredito"": 1, ""motivo"": ""O contexto menciona uma página de benefícios da empresa (https://beneficios.banco.example/atlantico) onde os colaboradores podem consultar as informações.""}]"
C02932-1;C02932;EMP006;lembrete_conta;mural;normal;todos;1;nao;"[""Pacote de benefícios Atlântico v2 › Conta salário""]";medido;4;4;0;0;0;1.000000;1.000000;fiel;0.001596;1515;462;;A Atlântico Saúde Ltda. tem parceria com o banco parceiro da folha de pagamento para trazer benefícios pensados para o nosso time. A conta salário é aberta com o cadastro do RH — você não precisa pedir.;"[{""afirmacao"": ""A Atlântico Saúde Ltda. possui uma parceria com o banco parceiro da folha de pagamento."", ""veredito"": 1, ""motivo"": ""O contexto afirma que \""O banco é o parceiro da folha de pagamento da empresa\"", indicando que a Atlântico Saúde Ltda. possui essa parceria.""}, {""afirmacao"": ""A parceria da Atlântico Saúde Ltda. com o banco visa trazer benefícios para a equipe da Atlântico Saúde Ltda."", ""veredito"": 1, ""motivo"": ""O contexto menciona que o pacote de benefícios é para o \""próprio time\"" e detalha benefícios como conta salário sem tarifa, sugerindo que a parceria visa trazer benefícios para a equipe.""}, {""afirmacao"": ""A conta salário é aberta utilizando o cadastro do departamento de Recursos Humanos da Atlântico Saúde Ltda."", ""veredito"": 1, ""motivo"": ""O contexto afirma que \""A conta é aberta com o cadastro do RH\"", o que confirma a declaração.""}, {""afirmacao"": ""O colaborador da Atlântico Saúde Ltda. não precisa solicitar a abertura da conta salário."", ""veredito"": 1, ""motivo"": ""O contexto declara explicitamente que \""Não precisa pedir: a conta é aberta com o cadastro\"", confirmando a afirmação.""}]"
C02932-2;C02932;EMP006;lembrete_conta;mural;normal;todos;2;nao;"[""Pacote de benefícios Atlântico v2 › Conta salário""]";medido;4;4;0;0;0;1.000000;1.000000;fiel;0.001327;1461;317;;Um destaque importante: a conta salário não tem tarifa de manutenção. O salário cai no dia do pagamento, inclusive os adicionais de plantão, e a portabilidade também é sem custo.;"[{""afirmacao"": ""A conta salário não possui tarifa de manutenção."", ""veredito"": 1, ""motivo"": ""O contexto afirma explicitamente que a conta salário da Atlântico não tem tarifa de manutenção.""}, {""afirmacao"": ""O salário é depositado na conta salário no dia do pagamento."", ""veredito"": 1, ""motivo"": ""O contexto menciona que a conta recebe o salário no dia do pagamento.""}, {""afirmacao"": ""Os adicionais de plantão são depositados na conta salário no dia do pagamento."", ""veredito"": 1, ""motivo"": ""O contexto afirma que a conta recebe o salário no dia do pagamento, incluindo os adicionais de plantão.""}, {""afirmacao"": ""A portabilidade da conta salário é realizada sem custo."", ""veredito"": 1, ""motivo"": ""O contexto declara explicitamente que a portabilidade da conta salário é sem custo.""}]"
C02932-3;C02932;EMP006;lembrete_conta;mural;normal;todos;3;nao;"[""Pacote de benefícios Atlântico v2 › Conta corrente para profissionais de saúde""]";medido;5;5;0;0;0;1.000000;1.000000;fiel;0.001667;1567;488;;"Se você é profissional de saúde com registro no conselho de classe e o salário creditado na conta, pode migrar para o pacote para profissionais de saúde. Ele inclui isenção da tarifa do pacote por 24 meses (simulação); depois, vale a tarifa informada na abertura.";"[{""afirmacao"": ""Profissionais de saúde com registro no conselho de classe podem migrar para o pacote para profissionais de saúde."", ""veredito"": 1, ""motivo"": ""O contexto afirma que o pacote é destinado a profissionais da Atlântico com registro no conselho de classe, indicando que eles podem usar o pacote.""}, {""afirmacao"": ""O salário do profissional de saúde deve ser creditado na conta para permitir a migração para o pacote."", ""veredito"": 1, ""motivo"": ""O contexto menciona que é necessário ter o salário creditado na conta para usar o pacote.""}, {""afirmacao"": ""O pacote para profissionais de saúde inclui isenção da tarifa do pacote por 24 meses."", ""veredito"": 1, ""motivo"": ""O contexto afirma que há isenção da tarifa do pacote por 24 meses (simulação).""}, {""afirmacao"": ""A isenção da tarifa do pacote por 24 meses é uma simulação."", ""veredito"": 1, ""motivo"": ""O contexto explicitamente menciona que a isenção da tarifa por 24 meses é uma simulação.""}, {""afirmacao"": ""Após 24 meses, a tarifa informada na abertura do pacote passa a valer."", ""veredito"": 1, ""motivo"": ""O contexto afirma que após o período de isenção, vale a tarifa informada na abertura.""}]"
C02932-4;C02932;EMP006;lembrete_conta;mural;normal;todos;4;nao;"[""Pacote de benefícios Atlântico v2 › Cartão sem anuidade com condição"", ""Pacote de benefícios Atlântico v2 › Crédito consignado"", ""Pacote de benefícios Atlântico v2 › Previdência privada"", ""Pacote de benefícios Atlântico v2 › Seguro para o celular""]";medido;14;14;0;0;0;1.000000;1.000000;fiel;0.003379;2274;1290;;"Além da conta, o pacote da Atlântico Saúde Ltda. inclui: cartão de crédito sem anuidade gastando a partir de R$ 100 por fatura (simulação) ou com as chaves Pix CPF e celular no banco parceiro, sujeito a análise de crédito; crédito com taxa negociada e parcelas descontadas na folha, sujeito a análise de crédito; previdência privada com aporte a partir de R$ 50 por mês (simulação); e seguro para o celular contra roubo e quebra acidental. 📋";"[{""afirmacao"": ""O pacote da Atlântico Saúde Ltda. inclui benefícios além da conta."", ""veredito"": 1, ""motivo"": ""O contexto menciona vários benefícios oferecidos no pacote (cartão de crédito, crédito consignado, previdência privada e seguro para celular), além da conta corrente.""}, {""afirmacao"": ""O pacote da Atlântico Saúde Ltda. oferece um cartão de crédito sem anuidade."", ""veredito"": 1, ""motivo"": ""O contexto afirma explicitamente que o pacote inclui um \""Cartão de crédito sem anuidade gastando um valor mínimo por fatura ou com as chaves Pix no Santander\"".""}, {""afirmacao"": ""A isenção da anuidade do cartão de crédito exige gastos a partir de R$ 100 por fatura."", ""veredito"": 1, ""motivo"": ""O contexto menciona que a isenção da anuidade ocorre \""gastando a partir de R$ 100 por fatura (simulação)\"".""}, {""afirmacao"": ""A isenção da anuidade do cartão de crédito pode ocorrer com o cadastro das chaves Pix CPF e celular no banco parceiro."", ""veredito"": 1, ""motivo"": ""O contexto afirma que a isenção da anuidade também pode ocorrer \""com as chaves Pix CPF e celular no Santander\"".""}, {""afirmacao"": ""A obtenção do cartão de crédito sem anuidade está sujeita a análise de crédito."", ""veredito"": 1, ""motivo"": ""O contexto menciona explicitamente que o cartão de crédito \""está sujeito a análise de crédito\"".""}, {""afirmacao"": ""O pacote da Atlântico Saúde Ltda. oferece crédito com taxa negociada."", ""veredito"": 1, ""motivo"": ""O contexto menciona \""Crédito com taxa negociada para a Atlântico\"" como parte do pacote de benefícios.""}, {""afirmacao"": ""As parcelas do crédito com taxa negociada são descontadas na folha de pagamento."", ""veredito"": 1, ""motivo"": ""O contexto afirma que \""As parcelas saem direto do salário, todo mês\"", referindo-se ao crédito consignado.""}, {""afirmacao"": ""A obtenção do crédito com taxa negociada está sujeita a análise de crédito."", ""veredito"": 1, ""motivo"": ""O contexto menciona duas vezes que o crédito consignado \""está sujeito a análise de crédito\"".""}, {""afirmacao"": ""O pacote da Atlântico Saúde Ltda. inclui previdência privada."", ""veredito"": 1, ""motivo"": ""O contexto lista explicitamente a \""Previdência privada\"" como um dos benefícios do pacote.""}, {""afirmacao"": ""A previdência privada exige aporte a partir de R$ 50 por mês."", ""veredito"": 1, ""motivo"": ""O contexto menciona que o aporte para a previdência privada é \""a partir de R$ 50 por mês\"".""}, {""afirmacao"": ""O valor de R$ 50 por mês para a previdência privada é uma simulação."", ""veredito"": 1, ""motivo"": ""O contexto afirma que o aporte \""a partir de R$ 50 por mês\"" é uma \""simulação\"".""}, {""afirmacao"": ""O pacote da Atlântico Saúde Ltda. oferece seguro para o celular."", ""veredito"": 1, ""motivo"": ""O contexto menciona explicitamente o \""Seguro para o celular\"" como parte do pacote de benefícios.""}, {""afirmacao"": ""O seguro para o celular cobre roubo."", ""veredito"": 1, ""motivo"": ""O contexto afirma que o seguro oferece \""Proteção contra roubo e quebra acidental do celular\"".""}, {""afirmacao"": ""O seguro para o celular cobre quebra acidental."", ""veredito"": 1, ""motivo"": ""O contexto afirma que o seguro oferece \""Proteção contra roubo e quebra acidental do celular\"".""}]"
C01578-0;C01578;EMP004;faq;email;fora_do_catalogo;um;0;sim;[];medido;4;3;0;1;0;0.750000;0.750000;em parte;0.001431;1591;337;;Perguntas e respostas: sua conta corrente com o banco parceiro da folha;"[{""afirmacao"": ""O trecho do material menciona perguntas e respostas."", ""veredito"": 0, ""motivo"": ""O contexto não menciona explicitamente perguntas e respostas, apenas canais de dúvidas."", ""veredito_no_catalogo"": 0, ""motivo_no_catalogo"": ""O contexto não menciona explicitamente perguntas e respostas, apenas canais de dúvidas.""}, {""afirmacao"": ""O trecho do material refere-se a uma conta corrente."", ""veredito"": 1, ""motivo"": ""O contexto menciona explicitamente \""Conta corrente com os serviços do dia a dia\"" e \""abrirem conta corrente\"".""}, {""afirmacao"": ""A conta corrente mencionada no trecho é associada a um banco parceiro."", ""veredito"": 1, ""motivo"": ""O contexto menciona que \""O banco é o parceiro da folha de pagamento da empresa\"", implicando que a conta corrente é associada a um banco parceiro.""}, {""afirmacao"": ""O banco parceiro mencionado no trecho é parceiro da folha."", ""veredito"": 1, ""motivo"": ""O contexto afirma explicitamente que \""O banco é o parceiro da folha de pagamento da empresa\"".""}]"
C01578-1;C01578;EMP004;faq;email;fora_do_catalogo;um;1;nao;"[""Pacote de benefícios Vale Verde v2 › Conta corrente com pacote Folha Essencial""]";medido;8;8;0;0;0;1.000000;1.000000;fiel;0.001971;1570;671;;"**O que é o pacote Folha Essencial?**
É a conta corrente com os serviços do dia a dia — Pix, transferências e pagamentos de contas — disponível para o time da Vale Verde Serviços Ltda. por meio da parceria com o banco parceiro da folha de pagamento.";"[{""afirmacao"": ""O pacote Folha Essencial é uma conta corrente."", ""veredito"": 1, ""motivo"": ""O contexto menciona explicitamente \""Conta corrente com os serviços do dia a dia e isenção da tarifa do pacote para o time Vale Verde\"", indicando que o pacote Folha Essencial está associado a uma conta corrente.""}, {""afirmacao"": ""A conta corrente do pacote Folha Essencial inclui serviços do dia a dia."", ""veredito"": 1, ""motivo"": ""O contexto afirma que a conta corrente inclui \""os serviços do dia a dia\"".""}, {""afirmacao"": ""Os serviços do dia a dia incluem Pix."", ""veredito"": 1, ""motivo"": ""O contexto lista \""Pix\"" como um dos serviços incluídos no pacote Folha Essencial.""}, {""afirmacao"": ""Os serviços do dia a dia incluem transferências."", ""veredito"": 1, ""motivo"": ""O contexto lista \""transferências\"" como um dos serviços incluídos no pacote Folha Essencial.""}, {""afirmacao"": ""Os serviços do dia a dia incluem pagamentos de contas."", ""veredito"": 1, ""motivo"": ""O contexto lista \""pagamentos de contas\"" como um dos serviços incluídos no pacote Folha Essencial.""}, {""afirmacao"": ""O pacote Folha Essencial está disponível para o time da Vale Verde Serviços Ltda."", ""veredito"": 1, ""motivo"": ""O contexto menciona que o pacote é para \""Funcionários da Vale Verde\"" e que \""A empresa Vale Verde Serviços Ltda. assina o material, para o próprio time\"".""}, {""afirmacao"": ""A disponibilidade do pacote Folha Essencial ocorre por meio de uma parceria."", ""veredito"": 1, ""motivo"": ""O contexto afirma que \""O banco é o parceiro da folha de pagamento da empresa\"", indicando que há uma parceria.""}, {""afirmacao"": ""A parceria é com o banco parceiro da folha de pagamento."", ""veredito"": 1, ""motivo"": ""O contexto menciona explicitamente que \""O banco é o parceiro da folha de pagamento da empresa\"".""}]"
C01578-2;C01578;EMP004;faq;email;fora_do_catalogo;um;2;nao;"[""Pacote de benefícios Vale Verde v2 › Conta corrente com pacote Folha Essencial""]";medido;4;4;0;0;0;1.000000;1.000000;fiel;0.001422;1499;362;;"**Tem tarifa para usar a conta?**
A tarifa do pacote fica isenta por 12 meses (simulação). Depois desse período, vale a tarifa informada no momento da abertura da conta.";"[{""afirmacao"": ""O trecho do material aborda a existência de tarifa para usar a conta."", ""veredito"": 1, ""motivo"": ""O contexto menciona isenção de tarifa e tarifa informada na abertura, indicando que existe uma tarifa associada à conta.""}, {""afirmacao"": ""A tarifa do pacote fica isenta durante os primeiros 12 meses."", ""veredito"": 1, ""motivo"": ""O contexto afirma explicitamente que há isenção da tarifa do pacote por 12 meses (simulação).""}, {""afirmacao"": ""A isenção de tarifa é referente a uma simulação."", ""veredito"": 1, ""motivo"": ""O contexto especifica que a isenção da tarifa do pacote por 12 meses é uma simulação.""}, {""afirmacao"": ""Após o período de 12 meses, a tarifa aplicada será a informada no momento da abertura da conta."", ""veredito"": 1, ""motivo"": ""O contexto declara que, depois dos 12 meses, vale a tarifa informada na abertura.""}]"
C01578-3;C01578;EMP004;faq;email;fora_do_catalogo;um;3;nao;"[""Pacote de benefícios Vale Verde v2 › Conta corrente com pacote Folha Essencial""]";medido;2;2;0;0;0;1.000000;1.000000;fiel;0.001216;1458;251;;"**Quem pode abrir a conta?**
Funcionários da Vale Verde Serviços Ltda. que abrirem a conta corrente com o salário creditado nela.";"[{""afirmacao"": ""A conta corrente pode ser aberta por funcionários da Vale Verde Serviços Ltda."", ""veredito"": 1, ""motivo"": ""O contexto menciona que a conta corrente é destinada a funcionários da Vale Verde que abrirem conta com o salário creditado nela, e a empresa é referida como Vale Verde Serviços Ltda. no pedido.""}, {""afirmacao"": ""Os funcionários da Vale Verde Serviços Ltda. devem abrir a conta corrente com o salário creditado nela."", ""veredito"": 1, ""motivo"": ""O contexto afirma explicitamente que \""Funcionários da Vale Verde que abrirem conta corrente com o salário creditado nela\"" podem usar o benefício, indicando essa condição como obrigatória.""}]"
C01578-4;C01578;EMP004;faq;email;fora_do_catalogo;um;4;nao;"[""Pacote de benefícios Vale Verde v2 › Conta corrente com pacote Folha Essencial"", ""Pacote de benefícios Vale Verde v2 › Canais de dúvidas""]";medido;8;7;0;1;0;0.875000;0.875000;em parte;0.002713;2794;713;;"**Como abro a conta?**
Você tem duas opções: pelo aplicativo, escolhendo o pacote Folha Essencial, ou presencialmente no mutirão de abertura de conta na sede da Vale Verde Serviços Ltda., que acontece no primeiro sábado de cada mês (simulação).";"[{""afirmacao"": ""Existem duas opções para abrir a conta."", ""veredito"": 1, ""motivo"": ""O contexto menciona duas formas de contratação: no mutirão da sede ou pelo aplicativo.""}, {""afirmacao"": ""A primeira opção para abrir a conta é pelo aplicativo."", ""veredito"": 0, ""motivo"": ""O contexto não especifica uma ordem para as opções de abertura de conta, apenas menciona que pode ser pelo aplicativo ou no mutirão."", ""veredito_no_catalogo"": 0, ""motivo_no_catalogo"": ""O contexto menciona que a conta pode ser contratada \""No mutirão da sede ou pelo aplicativo\"", mas não especifica qual é a primeira opção.""}, {""afirmacao"": ""Ao abrir a conta pelo aplicativo, deve-se escolher o pacote Folha Essencial."", ""veredito"": 1, ""motivo"": ""O contexto afirma que a contratação pelo aplicativo exige a escolha do pacote Folha Essencial.""}, {""afirmacao"": ""A segunda opção para abrir a conta é presencialmente."", ""veredito"": 1, ""motivo"": ""O contexto menciona que a conta pode ser aberta no mutirão da sede, que é uma forma presencial.""}, {""afirmacao"": ""A abertura de conta presencial acontece no mutirão de abertura de conta."", ""veredito"": 1, ""motivo"": ""O contexto afirma que a abertura presencial ocorre no mutirão da sede.""}, {""afirmacao"": ""O mutirão de abertura de conta ocorre na sede da Vale Verde Serviços Ltda."", ""veredito"": 1, ""motivo"": ""O contexto menciona que o mutirão ocorre na sede da Vale Verde, e o pedido especifica que a empresa é Vale Verde Serviços Ltda.""}, {""afirmacao"": ""O mutirão de abertura de conta acontece no primeiro sábado de cada mês."", ""veredito"": 1, ""motivo"": ""O contexto afirma explicitamente que o mutirão ocorre no primeiro sábado de cada mês.""}, {""afirmacao"": ""O exemplo dado para o mutirão de abertura de conta é uma simulação."", ""veredito"": 1, ""motivo"": ""O contexto menciona que o mutirão de abertura de conta na sede é uma simulação.""}]"
C01578-5;C01578;EMP004;faq;email;fora_do_catalogo;um;5;nao;"[""Pacote de benefícios Vale Verde v2 › Onde consultar""]";medido;3;2;1;0;0;0.666667;1.000000;em parte;0.002053;2503;410;;"**Onde vejo todos os benefícios disponíveis?**
Acesse a página de benefícios da empresa: https://beneficios.banco.example/vale-verde";"[{""afirmacao"": ""O trecho do material indica a localização para visualizar todos os benefícios disponíveis."", ""veredito"": 1, ""motivo"": ""O contexto menciona explicitamente uma página de benefícios da empresa, sugerindo que há uma localização para consultar os benefícios.""}, {""afirmacao"": ""A página de benefícios da empresa está disponível no endereço https:\\/\\/beneficios.banco.example\\/vale-verde."", ""veredito"": 1, ""motivo"": ""O contexto fornece exatamente esse endereço como a página de benefícios da empresa.""}, {""afirmacao"": ""Para acessar todos os benefícios disponíveis, o usuário deve entrar na página de benefícios da empresa."", ""veredito"": 0, ""motivo"": ""O contexto indica que a página mencionada é onde se consulta os benefícios, mas não afirma explicitamente que é a única forma de acessá-los."", ""veredito_no_catalogo"": 1, ""motivo_no_catalogo"": ""O contexto menciona explicitamente que a página de benefícios da empresa é o local onde os benefícios podem ser consultados, indicando que é necessário acessá-la para obter informações sobre os benefícios.""}]"
C01578-6;C01578;EMP004;faq;email;fora_do_catalogo;um;6;nao;"[""Pacote de benefícios Vale Verde v2 › Canais de dúvidas""]";medido;8;5;0;3;0;0.625000;0.625000;em parte;0.003143;2730;995;;"**Ainda tenho dúvidas. Com quem falo?**
Você pode entrar em contato pela central de atendimento: 0800 000 0004 (dias úteis, das 8h às 20h), ou diretamente com o gerente dedicado da Vale Verde Serviços Ltda.: atendimento.valeverde@banco.example";"[{""afirmacao"": ""O trecho do material indica que ainda existem dúvidas."", ""veredito"": 0, ""motivo"": ""O contexto menciona \""Canais de dúvidas\"", mas não afirma explicitamente que ainda existem dúvidas, apenas fornece meios para esclarecê-las."", ""veredito_no_catalogo"": 0, ""motivo_no_catalogo"": ""O contexto menciona canais de dúvidas, mas não afirma explicitamente que ainda existem dúvidas.""}, {""afirmacao"": ""O trecho do material orienta sobre como resolver dúvidas."", ""veredito"": 1, ""motivo"": ""O contexto lista canais de atendimento (central de atendimento, gerente dedicado e mutirão), o que indica orientação sobre como resolver dúvidas.""}, {""afirmacao"": ""O contato pode ser feito pela central de atendimento."", ""veredito"": 1, ""motivo"": ""O contexto menciona explicitamente a \""Central de atendimento\"" como um dos canais disponíveis.""}, {""afirmacao"": ""O número da central de atendimento é 0800 000 0004."", ""veredito"": 1, ""motivo"": ""O contexto fornece explicitamente o número \""0800 000 0004\"" para a central de atendimento.""}, {""afirmacao"": ""A central de atendimento funciona em dias úteis."", ""veredito"": 1, ""motivo"": ""O contexto afirma que a central de atendimento opera em \""dias úteis\"".""}, {""afirmacao"": ""A central de atendimento funciona das 8h às 20h."", ""veredito"": 1, ""motivo"": ""O contexto especifica que a central de atendimento funciona \""das 8h às 20h\"".""}, {""afirmacao"": ""O contato também pode ser feito diretamente com o gerente dedicado da Vale Verde Serviços Ltda."", ""veredito"": 0, ""motivo"": ""O contexto menciona \""Gerente dedicado da empresa\"" como um canal de contato, mas não especifica se é diretamente com a Vale Verde Serviços Ltda. ou com o banco."", ""veredito_no_catalogo"": 0, ""motivo_no_catalogo"": ""O contexto menciona um \""gerente dedicado da empresa\"", mas não especifica se ele é da Vale Verde Serviços Ltda. ou do banco parceiro.""}, {""afirmacao"": ""O e-mail para contato com o gerente dedicado da Vale Verde Serviços Ltda. é atendimento.valeverde@banco.example"", ""veredito"": 0, ""motivo"": ""O contexto fornece o e-mail \""atendimento.valeverde@banco.example\"" para contato com o gerente dedicado da empresa, mas não especifica se o gerente é da Vale Verde Serviços Ltda. ou do banco."", ""veredito_no_catalogo"": 0, ""motivo_no_catalogo"": ""O contexto fornece o e-mail \""atendimento.valeverde@banco.example\"" como canal de dúvidas para o gerente dedicado da empresa, que é associado ao banco parceiro, não necessariamente à Vale Verde Serviços Ltda.""}]"
C01908-0;C01908;EMP004;lembrete_conta;email;fora_do_catalogo;todos;0;sim;[];medido;2;1;0;1;0;0.500000;0.500000;em parte;0.001712;2455;219;;Seu salário na Vale Verde tem benefícios que valem conhecer;"[{""afirmacao"": ""O salário na empresa Vale Verde inclui benefícios."", ""veredito"": 1, ""motivo"": ""O contexto descreve diversos benefícios oferecidos aos funcionários da Vale Verde, como abertura de conta assistida, antecipação do 13º salário, conta corrente com pacote Folha Essencial, crédito consignado, reserva de emergência e seguro de vida.""}, {""afirmacao"": ""Os benefícios do salário na Vale Verde merecem ser conhecidos."", ""veredito"": 0, ""motivo"": ""O contexto lista os benefícios disponíveis, mas a afirmação de que eles \""merecem ser conhecidos\"" é subjetiva e não pode ser diretamente inferida do contexto fornecido."", ""veredito_no_catalogo"": 0, ""motivo_no_catalogo"": ""O contexto lista os benefícios disponíveis, mas a afirmação de que eles \""merecem ser conhecidos\"" é subjetiva e não pode ser diretamente inferida do contexto fornecido.""}]"
C01908-1;C01908;EMP004;lembrete_conta;email;fora_do_catalogo;todos;1;nao;"[""Pacote de benefícios Vale Verde v2 › Conta salário""]";medido;7;6;1;0;0;0.857143;1.000000;em parte;0.003185;3616;725;;A Vale Verde fechou parceria com o banco parceiro da folha de pagamento para oferecer ao time uma conta salário sem tarifa de manutenção. A conta é aberta com o cadastro do RH — você não precisa pedir. O salário cai nela no dia do pagamento e pode ser sacado com o cartão de débito.;"[{""afirmacao"": ""A Vale Verde fechou uma parceria com o banco parceiro da folha de pagamento."", ""veredito"": 0, ""motivo"": ""O contexto menciona que o banco é o parceiro da folha de pagamento da empresa, mas não afirma explicitamente que a Vale Verde fechou uma parceria recentemente."", ""veredito_no_catalogo"": 1, ""motivo_no_catalogo"": ""O contexto afirma explicitamente que \""O banco é o parceiro da folha de pagamento da empresa\"" e que a empresa Vale Verde assina o material para o próprio time, indicando uma parceria estabelecida.""}, {""afirmacao"": ""A parceria da Vale Verde tem o objetivo de oferecer uma conta salário ao time da Vale Verde."", ""veredito"": 1, ""motivo"": ""O contexto afirma que a empresa assina o material para o próprio time e que o banco é parceiro da folha de pagamento, além de descrever a conta salário como parte do pacote de benefícios.""}, {""afirmacao"": ""A conta salário oferecida pela Vale Verde não possui tarifa de manutenção."", ""veredito"": 1, ""motivo"": ""O contexto declara explicitamente que a conta salário não tem tarifa de manutenção.""}, {""afirmacao"": ""A conta salário é aberta utilizando o cadastro do RH da Vale Verde."", ""veredito"": 1, ""motivo"": ""O contexto afirma que a conta é aberta com o cadastro do RH.""}, {""afirmacao"": ""O funcionário da Vale Verde não precisa solicitar a abertura da conta salário."", ""veredito"": 1, ""motivo"": ""O contexto menciona que não é necessário pedir, pois a conta é aberta com o cadastro do RH.""}, {""afirmacao"": ""O salário do funcionário da Vale Verde é depositado na conta salário no dia do pagamento."", ""veredito"": 1, ""motivo"": ""O contexto afirma que o salário cai na conta salário no dia do pagamento.""}, {""afirmacao"": ""O salário depositado na conta salário pode ser sacado utilizando o cartão de débito."", ""veredito"": 1, ""motivo"": ""O contexto menciona que o salário pode ser sacado com o cartão.""}]"
C01908-2;C01908;EMP004;lembrete_conta;email;fora_do_catalogo;todos;2;nao;"[""Pacote de benefícios Vale Verde v2 › Conta corrente com pacote Folha Essencial""]";medido;7;5;2;0;0;0.714286;1.000000;em parte;0.003298;3648;783;;Quem quiser ir além da conta salário pode abrir uma conta corrente com o pacote Folha Essencial. Com ela, você usa Pix, transferências e pagamentos de contas com isenção da tarifa do pacote por 12 meses (simulação). Depois desse período, vale a tarifa informada na abertura.;"[{""afirmacao"": ""Clientes que desejam serviços além da conta salário podem abrir uma conta corrente com o pacote Folha Essencial."", ""veredito"": 0, ""motivo"": ""O contexto menciona que o pacote Folha Essencial é para funcionários da Vale Verde com salário creditado na conta corrente, mas não especifica se é disponível para clientes que desejam serviços além da conta salário."", ""veredito_no_catalogo"": 1, ""motivo_no_catalogo"": ""O contexto menciona que funcionários da Vale Verde podem abrir uma conta corrente com o pacote Folha Essencial para serviços como Pix, transferências e pagamentos de contas, além da conta salário básica.""}, {""afirmacao"": ""O pacote Folha Essencial oferece o uso de Pix."", ""veredito"": 1, ""motivo"": ""O contexto afirma explicitamente que o pacote inclui Pix.""}, {""afirmacao"": ""O pacote Folha Essencial oferece transferências."", ""veredito"": 1, ""motivo"": ""O contexto afirma explicitamente que o pacote inclui transferências.""}, {""afirmacao"": ""O pacote Folha Essencial oferece pagamentos de contas."", ""veredito"": 1, ""motivo"": ""O contexto afirma explicitamente que o pacote inclui pagamentos de contas.""}, {""afirmacao"": ""O pacote Folha Essencial isenta a tarifa do pacote por 12 meses."", ""veredito"": 0, ""motivo"": ""O contexto menciona isenção da tarifa do pacote por 12 meses, mas especifica que é uma simulação."", ""veredito_no_catalogo"": 1, ""motivo_no_catalogo"": ""O contexto afirma explicitamente que há isenção da tarifa do pacote por 12 meses para o pacote Folha Essencial.""}, {""afirmacao"": ""A isenção da tarifa do pacote Folha Essencial é válida para uma simulação."", ""veredito"": 1, ""motivo"": ""O contexto afirma explicitamente que a isenção da tarifa do pacote é por 12 meses (simulação).""}, {""afirmacao"": ""Após 12 meses, a tarifa aplicada será a informada na abertura da conta corrente."", ""veredito"": 1, ""motivo"": ""O contexto afirma explicitamente que depois dos 12 meses, vale a tarifa informada na abertura.""}]"
C01908-3;C01908;EMP004;lembrete_conta;email;fora_do_catalogo;todos;3;nao;"[""Pacote de benefícios Vale Verde v2 › Reserva de emergência""]";medido;7;7;0;0;0;1.000000;1.000000;fiel;0.001781;1547;564;;"Com a conta corrente, você também pode começar uma reserva de emergência a partir de R$ 10 por mês (simulação). Você escolhe o valor e o dia; o banco aplica automaticamente depois que o salário cai. O resgate pode ser feito em qualquer dia útil. Rentabilidade passada não garante rentabilidade futura.";"[{""afirmacao"": ""A conta corrente permite iniciar uma reserva de emergência."", ""veredito"": 1, ""motivo"": ""O contexto menciona que funcionários da Vale Verde com conta corrente podem usar a reserva de emergência.""}, {""afirmacao"": ""A reserva de emergência pode ser iniciada com um valor mínimo de R$ 10 por mês."", ""veredito"": 1, ""motivo"": ""O contexto afirma explicitamente que a reserva de emergência pode ser iniciada a partir de R$ 10 por mês.""}, {""afirmacao"": ""O valor da reserva de emergência é escolhido pelo cliente."", ""veredito"": 1, ""motivo"": ""O contexto menciona que \""Você escolhe um valor\"" para a reserva de emergência.""}, {""afirmacao"": ""O dia para aplicação da reserva de emergência é escolhido pelo cliente."", ""veredito"": 1, ""motivo"": ""O contexto afirma que \""Você escolhe um valor e o dia\"" para a aplicação da reserva de emergência.""}, {""afirmacao"": ""O banco aplica automaticamente o valor da reserva de emergência após o recebimento do salário."", ""veredito"": 1, ""motivo"": ""O contexto explica que \""o banco aplica automaticamente depois que o salário cai\"".""}, {""afirmacao"": ""O resgate da reserva de emergência pode ser realizado em qualquer dia útil."", ""veredito"": 1, ""motivo"": ""O contexto menciona que a aplicação tem \""resgate em qualquer dia útil\"".""}, {""afirmacao"": ""A rentabilidade passada não garante a rentabilidade futura da reserva de emergência."", ""veredito"": 1, ""motivo"": ""O contexto afirma explicitamente que \""Rentabilidade passada não garante rentabilidade futura\"".""}]"
C01908-4;C01908;EMP004;lembrete_conta;email;fora_do_catalogo;todos;4;nao;"[""Pacote de benefícios Vale Verde v2 › Crédito consignado"", ""Pacote de benefícios Vale Verde v2 › Antecipação do 13º salário"", ""Pacote de benefícios Vale Verde v2 › Seguro de vida com preço de grupo""]";medido;14;14;0;0;0;1.000000;1.000000;fiel;0.003161;2097;1217;;"Há ainda outros benefícios disponíveis para o time: crédito consignado com taxa negociada para a Vale Verde e parcelas descontadas na folha (sujeito a análise de crédito e à margem consignável), antecipação do 13º salário (sujeito a análise de crédito; cobra juros e IOF — consulte o CET antes de contratar) e seguro de vida com mensalidade a partir de R$ 6,90 (simulação), oferecido por seguradora parceira.";"[{""afirmacao"": ""O trecho do material menciona benefícios disponíveis para o time."", ""veredito"": 1, ""motivo"": ""O contexto menciona um \""Pacote de benefícios Vale Verde v2\"" destinado ao \""próprio time\"" da empresa.""}, {""afirmacao"": ""Um dos benefícios é o crédito consignado com taxa negociada para a Vale Verde."", ""veredito"": 1, ""motivo"": ""O contexto menciona explicitamente o \""Crédito consignado\"" com \""taxa negociada para a Vale Verde\"".""}, {""afirmacao"": ""As parcelas do crédito consignado são descontadas na folha de pagamento."", ""veredito"": 1, ""motivo"": ""O contexto afirma que \""As parcelas saem direto do salário\"" no caso do crédito consignado.""}, {""afirmacao"": ""A concessão do crédito consignado está sujeita a análise de crédito."", ""veredito"": 1, ""motivo"": ""O contexto menciona duas vezes que o crédito consignado está \""sujeito a análise de crédito\"".""}, {""afirmacao"": ""A concessão do crédito consignado depende da margem consignável."", ""veredito"": 1, ""motivo"": ""O contexto afirma que o crédito consignado está sujeito \""à margem consignável\"".""}, {""afirmacao"": ""Outro benefício é a antecipação do 13º salário."", ""veredito"": 1, ""motivo"": ""O contexto menciona explicitamente a \""Antecipação do 13º salário\"" como parte do pacote de benefícios.""}, {""afirmacao"": ""A antecipação do 13º salário está sujeita a análise de crédito."", ""veredito"": 1, ""motivo"": ""O contexto afirma que a antecipação do 13º salário está \""sujeito a análise de crédito\"".""}, {""afirmacao"": ""A antecipação do 13º salário envolve cobrança de juros."", ""veredito"": 1, ""motivo"": ""O contexto menciona que a antecipação do 13º salário envolve \""cobra juros\"".""}, {""afirmacao"": ""A antecipação do 13º salário envolve cobrança de IOF."", ""veredito"": 1, ""motivo"": ""O contexto menciona que a antecipação do 13º salário envolve \""cobra juros e IOF\"".""}, {""afirmacao"": ""O material orienta consultar o CET antes de contratar a antecipação do 13º salário."", ""veredito"": 1, ""motivo"": ""O contexto afirma \""Consulte o Custo Efetivo Total (CET) antes de contratar\"" para a antecipação do 13º salário.""}, {""afirmacao"": ""Há também um seguro de vida disponível como benefício."", ""veredito"": 1, ""motivo"": ""O contexto menciona explicitamente o \""Seguro de vida com preço de grupo\"" como parte do pacote de benefícios.""}, {""afirmacao"": ""A mensalidade do seguro de vida começa a partir de R$ 6,90."", ""veredito"": 1, ""motivo"": ""O contexto afirma que a \""Mensalidade a partir de R$ 6,90\"".""}, {""afirmacao"": ""O valor de R$ 6,90 é uma simulação da mensalidade do seguro de vida."", ""veredito"": 1, ""motivo"": ""O contexto menciona que o valor de R$ 6,90 é uma \""simulação\"".""}, {""afirmacao"": ""O seguro de vida é oferecido por uma seguradora parceira."", ""veredito"": 1, ""motivo"": ""O contexto afirma que o \""Seguro oferecido por seguradora parceira\"".""}]"
C01908-5;C01908;EMP004;lembrete_conta;email;fora_do_catalogo;todos;5;nao;"[""Pacote de benefícios Vale Verde v2 › Abertura de conta assistida na empresa""]";medido;12;9;2;1;0;0.750000;0.916667;em parte;0.003885;3697;1122;;Quer conhecer tudo de uma vez ou tirar dúvidas com ajuda? Todo primeiro sábado do mês (simulação), das 8h às 12h, tem um mutirão na sede da Vale Verde. Atendentes do banco ajudam a abrir a conta, instalar o aplicativo e criar a senha. Basta chegar com um documento com foto — não precisa agendar.;"[{""afirmacao"": ""O material oferece duas opções para obter informações ou tirar dúvidas."", ""veredito"": 0, ""motivo"": ""O contexto não menciona nenhuma opção para obter informações ou tirar dúvidas, apenas descreve o mutirão e seus serviços."", ""veredito_no_catalogo"": 1, ""motivo_no_catalogo"": ""O contexto menciona explicitamente dois canais de dúvidas: a Central de atendimento e o Gerente dedicado da empresa, além do mutirão de abertura de conta (que também pode ser usado para dúvidas).""}, {""afirmacao"": ""Uma opção é conhecer tudo de uma vez."", ""veredito"": 0, ""motivo"": ""O contexto não menciona nenhuma opção de \""conhecer tudo de uma vez\""."", ""veredito_no_catalogo"": 0, ""motivo_no_catalogo"": ""O contexto não menciona nenhuma opção específica para \""conhecer tudo de uma vez\"". As opções citadas são para tirar dúvidas ou contratar serviços, não para uma visão geral consolidada.""}, {""afirmacao"": ""Outra opção é tirar dúvidas com ajuda."", ""veredito"": 0, ""motivo"": ""O contexto não menciona opções para tirar dúvidas com ajuda."", ""veredito_no_catalogo"": 1, ""motivo_no_catalogo"": ""O contexto lista canais de dúvidas, como a Central de atendimento, o gerente dedicado e o mutirão, que podem ser interpretados como formas de \""tirar dúvidas com ajuda\"".""}, {""afirmacao"": ""Todo primeiro sábado do mês ocorre um mutirão na sede da Vale Verde."", ""veredito"": 1, ""motivo"": ""O contexto afirma que o mutirão ocorre no primeiro sábado de cada mês (simulação).""}, {""afirmacao"": ""O mutirão ocorre em uma simulação."", ""veredito"": 1, ""motivo"": ""O contexto menciona explicitamente que o mutirão ocorre \""no primeiro sábado de cada mês (simulação)\"".""}, {""afirmacao"": ""O mutirão acontece das 8h às 12h."", ""veredito"": 1, ""motivo"": ""O contexto afirma que o mutirão ocorre das 8h às 12h.""}, {""afirmacao"": ""Atendentes do banco estão presentes no mutirão."", ""veredito"": 1, ""motivo"": ""O contexto menciona que há atendentes do banco para ajudar durante o mutirão.""}, {""afirmacao"": ""Atendentes do banco ajudam a abrir conta durante o mutirão."", ""veredito"": 1, ""motivo"": ""O contexto afirma que os atendentes do banco ajudam a abrir a conta durante o mutirão.""}, {""afirmacao"": ""Atendentes do banco ajudam a instalar o aplicativo durante o mutirão."", ""veredito"": 1, ""motivo"": ""O contexto menciona que os atendentes do banco ajudam a instalar o aplicativo durante o mutirão.""}, {""afirmacao"": ""Atendentes do banco ajudam a criar a senha durante o mutirão."", ""veredito"": 1, ""motivo"": ""O contexto afirma que os atendentes do banco ajudam a criar a senha com segurança durante o mutirão.""}, {""afirmacao"": ""Para participar do mutirão, basta chegar com um documento com foto."", ""veredito"": 1, ""motivo"": ""O contexto afirma que basta ir ao mutirão com o documento com foto para participar.""}, {""afirmacao"": ""Não é necessário agendar para participar do mutirão."", ""veredito"": 1, ""motivo"": ""O contexto menciona explicitamente que não precisa agendar para participar do mutirão.""}]"
C01371-0;C01371;EMP003;lembrete_conta;mural;vazio;todos;0;sim;[];medido;3;2;0;1;0;0.666667;0.666667;em parte;0.001797;2401;289;;Seu salário tem mais a oferecer — conheça os benefícios da Brisa no Santander 🎉;"[{""afirmacao"": ""O salário oferece mais do que o valor monetário básico."", ""veredito"": 1, ""motivo"": ""O contexto descreve diversos benefícios adicionais (como cartão sem anuidade, conta digital, investimentos, etc.) que vão além do valor monetário básico do salário.""}, {""afirmacao"": ""A Brisa no Santander oferece benefícios adicionais."", ""veredito"": 1, ""motivo"": ""O contexto lista explicitamente vários benefícios oferecidos pela parceria entre Brisa e Santander, como cartão sem anuidade, conta digital, investimentos, entre outros.""}, {""afirmacao"": ""O trecho convida a conhecer os benefícios da Brisa no Santander."", ""veredito"": 0, ""motivo"": ""O contexto descreve os benefícios disponíveis, mas não há um convite explícito ou linguagem que incentive diretamente o leitor a conhecê-los."", ""veredito_no_catalogo"": 0, ""motivo_no_catalogo"": ""O contexto descreve os benefícios disponíveis, mas não há um convite explícito ou linguagem que incentive diretamente o leitor a conhecê-los.""}]"
C01371-1;C01371;EMP003;lembrete_conta;mural;vazio;todos;1;nao;"[""Pacote de benefícios Brisa v2 › Conta salário""]";medido;6;2;4;0;0;0.333333;1.000000;em parte;0.003435;3584;887;;A Brisa Tecnologia Ltda. tem parceria com o Santander para a folha de pagamento. Com isso, todo o time tem acesso a uma conta salário sem tarifa de manutenção — ela é aberta automaticamente com o cadastro do Time de Pessoas, sem precisar pedir nada.;"[{""afirmacao"": ""A Brisa Tecnologia Ltda. possui uma parceria com o Santander."", ""veredito"": 0, ""motivo"": ""O contexto menciona que a Brisa Tecnologia Ltda. tem um banco parceiro para a folha de pagamento, mas não especifica que esse banco é o Santander."", ""veredito_no_catalogo"": 1, ""motivo_no_catalogo"": ""O contexto menciona que o banco é o parceiro da folha de pagamento da empresa Brisa Tecnologia Ltda.""}, {""afirmacao"": ""A parceria entre a Brisa Tecnologia Ltda. e o Santander é para a gestão da folha de pagamento."", ""veredito"": 0, ""motivo"": ""O contexto afirma que o banco é parceiro da folha de pagamento da empresa, mas não menciona que o parceiro é o Santander."", ""veredito_no_catalogo"": 1, ""motivo_no_catalogo"": ""O contexto afirma explicitamente que o banco é o parceiro da folha de pagamento da empresa.""}, {""afirmacao"": ""Todo o time da Brisa Tecnologia Ltda. tem acesso a uma conta salário."", ""veredito"": 0, ""motivo"": ""O contexto especifica que todo o time Brisa com cadastro aprovado pelo banco pode usar a conta salário, não necessariamente todo o time sem restrições."", ""veredito_no_catalogo"": 1, ""motivo_no_catalogo"": ""O contexto declara que todo o time Brisa com cadastro aprovado pelo banco pode usar a conta salário.""}, {""afirmacao"": ""A conta salário oferecida ao time da Brisa Tecnologia Ltda. não possui tarifa de manutenção."", ""veredito"": 1, ""motivo"": ""O contexto afirma explicitamente que a conta salário não tem tarifa de manutenção.""}, {""afirmacao"": ""A conta salário é aberta automaticamente após o cadastro realizado pelo Time de Pessoas da Brisa Tecnologia Ltda."", ""veredito"": 0, ""motivo"": ""O contexto menciona que a conta é aberta com o cadastro do Time de Pessoas, mas não especifica se é automático."", ""veredito_no_catalogo"": 1, ""motivo_no_catalogo"": ""O contexto afirma que a conta salário é aberta com o cadastro do Time de Pessoas e não precisa pedir.""}, {""afirmacao"": ""Não é necessário solicitar a abertura da conta salário para o time da Brisa Tecnologia Ltda."", ""veredito"": 1, ""motivo"": ""O contexto afirma explicitamente que não precisa pedir, a conta salário é aberta com o cadastro.""}]"
C01371-2;C01371;EMP003;lembrete_conta;mural;vazio;todos;2;nao;"[""Pacote de benefícios Brisa v2 › Conta digital""]";medido;4;4;0;0;0;1.000000;1.000000;fiel;0.001450;1514;374;;Quer aproveitar ainda mais? Abrindo a conta digital pelo aplicativo Santander, você tem isenção da tarifa do pacote digital por 18 meses (simulação). Depois desse período, vale a tarifa informada na abertura. 📱;"[{""afirmacao"": ""A abertura de uma conta digital pelo aplicativo Santander oferece isenção da tarifa do pacote digital."", ""veredito"": 1, ""motivo"": ""O contexto afirma que a conta digital aberta pelo aplicativo inclui um pacote de serviços digital com isenção de tarifa para o time Brisa.""}, {""afirmacao"": ""A isenção da tarifa do pacote digital dura 18 meses."", ""veredito"": 1, ""motivo"": ""O contexto menciona explicitamente que há isenção da tarifa do pacote digital por 18 meses (simulação).""}, {""afirmacao"": ""A isenção da tarifa do pacote digital é referente a uma simulação."", ""veredito"": 1, ""motivo"": ""O contexto especifica que a isenção da tarifa por 18 meses é uma simulação.""}, {""afirmacao"": ""Após o período de 18 meses, a tarifa informada na abertura da conta passa a valer."", ""veredito"": 1, ""motivo"": ""O contexto declara que após os 18 meses, vale a tarifa informada na abertura.""}]"
C01371-3;C01371;EMP003;lembrete_conta;mural;vazio;todos;3;nao;"[""Pacote de benefícios Brisa v2 › Cartão sem anuidade com Pix""]";medido;6;5;0;1;0;0.833333;0.833333;em parte;0.003116;3548;706;;Com a conta digital, você também pode pedir o cartão de crédito — sem anuidade quando cadastra CPF e celular como chaves Pix no Santander, ou gastando a partir de R$ 100 por fatura (simulação). A cada mês em que a condição é cumprida, a anuidade daquele mês não é cobrada. Sujeito a análise de crédito.;"[{""afirmacao"": ""A conta digital permite solicitar um cartão de crédito."", ""veredito"": 0, ""motivo"": ""O contexto menciona que funcionários da Brisa com conta digital podem usar o cartão, mas não afirma explicitamente que a conta digital permite solicitar o cartão."", ""veredito_no_catalogo"": 0, ""motivo_no_catalogo"": ""O contexto menciona que a conta digital oferece um cartão virtual, mas não há informação explícita sobre a possibilidade de solicitar um cartão de crédito físico através da conta digital. O cartão de crédito sem anuidade está condicionado a cadastro de chaves Pix ou gasto mínimo, não diretamente à conta digital.""}, {""afirmacao"": ""O cartão de crédito não terá cobrança de anuidade se o cliente cadastrar CPF e celular como chaves Pix no Santander."", ""veredito"": 1, ""motivo"": ""O contexto afirma que o cartão é sem anuidade para quem cadastra o CPF e o celular como chaves Pix no Santander.""}, {""afirmacao"": ""O cartão de crédito não terá cobrança de anuidade se o cliente gastar a partir de R$ 100 por fatura."", ""veredito"": 1, ""motivo"": ""O contexto afirma que o cartão é sem anuidade para quem gasta a partir de R$ 100 por fatura.""}, {""afirmacao"": ""A simulação indica a possibilidade de isenção de anuidade."", ""veredito"": 1, ""motivo"": ""O contexto menciona que a isenção de anuidade é uma simulação para gastos a partir de R$ 100 por fatura.""}, {""afirmacao"": ""A isenção de anuidade é aplicada mensalmente se a condição estabelecida for cumprida."", ""veredito"": 1, ""motivo"": ""O contexto afirma que \""A cada mês em que a condição é cumprida, a anuidade daquele mês não é cobrada.\""""}, {""afirmacao"": ""A condição para isenção de anuidade está sujeita à análise de crédito."", ""veredito"": 1, ""motivo"": ""O contexto afirma que o benefício está \""sujeito a análise de crédito.\""""}]"
C01371-4;C01371;EMP003;lembrete_conta;mural;vazio;todos;4;nao;"[""Pacote de benefícios Brisa v2 › Programa de relacionamento por passos""]";medido;7;7;0;0;0;1.000000;1.000000;fiel;0.001781;1558;560;;Usar a conta no dia a dia — salário, débito automático, cartão e investimentos — acumula passos no programa de relacionamento. Batendo a meta do mês, você escolhe o benefício. A adesão é sem custo. ✅;"[{""afirmacao"": ""Usar a conta no dia a dia acumula passos no programa de relacionamento."", ""veredito"": 1, ""motivo"": ""O contexto afirma que \""Usar a conta no dia a dia vira passos\"", o que confirma a declaração.""}, {""afirmacao"": ""O uso do salário na conta acumula passos no programa de relacionamento."", ""veredito"": 1, ""motivo"": ""O contexto menciona explicitamente que \""Salário na conta\"" conta passos.""}, {""afirmacao"": ""O uso do débito automático na conta acumula passos no programa de relacionamento."", ""veredito"": 1, ""motivo"": ""O contexto afirma que \""débito automático\"" conta passos no programa.""}, {""afirmacao"": ""O uso do cartão na conta acumula passos no programa de relacionamento."", ""veredito"": 1, ""motivo"": ""O contexto menciona que \""cartão\"" conta passos no programa.""}, {""afirmacao"": ""O uso de investimentos na conta acumula passos no programa de relacionamento."", ""veredito"": 1, ""motivo"": ""O contexto afirma que \""investimentos\"" contam passos no programa.""}, {""afirmacao"": ""Atingir a meta do mês permite escolher um benefício."", ""veredito"": 1, ""motivo"": ""O contexto declara que \""Bateu a meta do mês, escolhe o benefício\"", confirmando a declaração.""}, {""afirmacao"": ""A adesão ao programa de relacionamento não possui custo."", ""veredito"": 1, ""motivo"": ""O contexto afirma que a adesão é \""sem custo\"" para os funcionários da Brisa correntistas.""}]"
C01371-5;C01371;EMP003;lembrete_conta;mural;vazio;todos;5;nao;"[""Pacote de benefícios Brisa v2 › Investimentos""]";medido;6;6;0;0;0;1.000000;1.000000;fiel;0.001754;1575;538;;Tem dinheiro parado? Pelo aplicativo, você aplica em CDB com liquidez diária a partir de R$ 1 (simulação), com rendimento de 100% do CDI (simulação). Você resgata em qualquer dia útil. Lembre: rentabilidade passada não garante rentabilidade futura. Leia a lâmina antes de investir.;"[{""afirmacao"": ""O aplicativo permite aplicar dinheiro em Certificado de Depósito Bancário com liquidez diária."", ""veredito"": 1, ""motivo"": ""O contexto menciona explicitamente que é possível aplicar em CDB com liquidez diária pelo aplicativo.""}, {""afirmacao"": ""A aplicação mínima em Certificado de Depósito Bancário pelo aplicativo é de um real na simulação."", ""veredito"": 1, ""motivo"": ""O contexto afirma que a aplicação mínima é a partir de R$ 1 (simulação).""}, {""afirmacao"": ""O rendimento do Certificado de Depósito Bancário pelo aplicativo é de cem por cento do Certificado de Depósito Interbancário na simulação."", ""veredito"": 1, ""motivo"": ""O contexto declara que o rendimento é de 100% do CDI (simulação).""}, {""afirmacao"": ""O resgate do dinheiro aplicado em Certificado de Depósito Bancário pelo aplicativo pode ocorrer em qualquer dia útil."", ""veredito"": 1, ""motivo"": ""O contexto menciona que é possível resgatar em qualquer dia útil.""}, {""afirmacao"": ""Rentabilidade passada não garante rentabilidade futura em investimentos."", ""veredito"": 1, ""motivo"": ""O contexto afirma explicitamente que \""Rentabilidade passada não garante rentabilidade futura\"".""}, {""afirmacao"": ""É necessário ler a lâmina antes de realizar investimentos."", ""veredito"": 1, ""motivo"": ""O contexto recomenda \""Leia a lâmina antes de investir\"".""}]"
C01371-6;C01371;EMP003;lembrete_conta;mural;vazio;todos;6;nao;"[""Pacote de benefícios Brisa v2 › Portabilidade de salário"", ""Pacote de benefícios Brisa v2 › Conta salário""]";medido;4;4;0;0;0;1.000000;1.000000;fiel;0.001472;1588;363;;Prefere receber o salário em outro banco? Sem problema. A portabilidade de salário é sem custo e passa a valer em até 10 dias úteis (simulação). O pedido é feito no banco que vai receber o salário.;"[{""afirmacao"": ""A portabilidade de salário permite receber o salário em outro banco."", ""veredito"": 1, ""motivo"": ""O contexto menciona que 'Seu salário vai para onde você quiser', o que implica que é possível receber o salário em outro banco.""}, {""afirmacao"": ""A portabilidade de salário não possui custo."", ""veredito"": 1, ""motivo"": ""O contexto afirma explicitamente que a portabilidade de salário é 'sem custo'.""}, {""afirmacao"": ""A portabilidade de salário passa a valer em até 10 dias úteis após a simulação."", ""veredito"": 1, ""motivo"": ""O contexto menciona que a portabilidade 'passa a valer em até 10 dias úteis (simulação)', indicando que esse é o prazo após a simulação.""}, {""afirmacao"": ""O pedido de portabilidade de salário é feito no banco que receberá o salário."", ""veredito"": 1, ""motivo"": ""O contexto afirma que 'O pedido é feito no banco que vai receber o salário'.""}]"
C01371-7;C01371;EMP003;lembrete_conta;mural;vazio;todos;7;nao;"[""Pacote de benefícios Brisa v2 › Trilha de educação financeira""]";medido;7;7;0;0;0;1.000000;1.000000;fiel;0.001867;1583;604;;E tem mais: todo o time Brisa — correntista ou não — pode acessar a trilha de educação financeira no aplicativo. São 6 módulos de até 10 minutos sobre orçamento, reserva de emergência e primeiros investimentos, sem custo. Quem conclui recebe um certificado digital. 🎓;"[{""afirmacao"": ""Todo o time Brisa pode acessar a trilha de educação financeira no aplicativo."", ""veredito"": 1, ""motivo"": ""O contexto afirma que 'Todo o time Brisa, correntista ou não' pode usar a trilha de educação financeira.""}, {""afirmacao"": ""Ser correntista não é um requisito para acessar a trilha de educação financeira no aplicativo do time Brisa."", ""veredito"": 1, ""motivo"": ""O contexto menciona explicitamente que 'Todo o time Brisa, correntista ou não' pode usar a trilha.""}, {""afirmacao"": ""A trilha de educação financeira possui 6 módulos."", ""veredito"": 1, ""motivo"": ""O contexto declara que 'São 6 módulos de até 10 minutos'.""}, {""afirmacao"": ""Cada módulo da trilha de educação financeira tem duração de até 10 minutos."", ""veredito"": 1, ""motivo"": ""O contexto afirma que os módulos têm 'até 10 minutos'.""}, {""afirmacao"": ""Os módulos da trilha de educação financeira abordam temas como orçamento, reserva de emergência e primeiros investimentos."", ""veredito"": 1, ""motivo"": ""O contexto menciona que a trilha é sobre 'orçamento, reserva de emergência e primeiros investimentos'.""}, {""afirmacao"": ""A trilha de educação financeira é oferecida sem custo."", ""veredito"": 1, ""motivo"": ""O contexto afirma que a participação é 'Sem custo'.""}, {""afirmacao"": ""Quem conclui a trilha de educação financeira recebe um certificado digital."", ""veredito"": 1, ""motivo"": ""O contexto declara que 'Quem conclui ganha um certificado digital'.""}]"
C00303-0;C00303;EMP001;comunicado;email;fora_do_catalogo;todos;0;sim;[];medido;2;1;0;1;0;0.500000;0.500000;em parte;0.001549;2171;215;;Conheça os benefícios do banco parceiro da folha da Aurora Alimentos;"[{""afirmacao"": ""O trecho do material convida o leitor a conhecer os benefícios do banco parceiro."", ""veredito"": 0, ""motivo"": ""O contexto descreve detalhadamente os benefícios oferecidos pelo banco parceiro, mas não há um convite explícito dirigido ao leitor para conhecê-los."", ""veredito_no_catalogo"": 0, ""motivo_no_catalogo"": ""O contexto descreve detalhadamente os benefícios oferecidos pelo banco parceiro, mas não há um convite explícito dirigido ao leitor para conhecê-los.""}, {""afirmacao"": ""O banco parceiro mencionado é associado à folha da Aurora Alimentos."", ""veredito"": 1, ""motivo"": ""O contexto afirma explicitamente que \""O banco é o parceiro da folha de pagamento da empresa\"" e menciona benefícios relacionados à conta salário e folha de pagamento.""}]"
C00303-1;C00303;EMP001;comunicado;email;fora_do_catalogo;todos;1;nao;"[""Pacote de benefícios Aurora v4 › Conta salário""]";medido;4;3;1;0;0;0.750000;1.000000;em parte;0.002558;3217;478;;A Aurora Alimentos Ltda. tem parceria com o banco parceiro da folha de pagamento para oferecer uma série de benefícios ao time. Veja o que está disponível para você.;"[{""afirmacao"": ""A Aurora Alimentos Ltda. possui uma parceria com um banco."", ""veredito"": 1, ""motivo"": ""O contexto menciona explicitamente que 'o banco é o parceiro da folha de pagamento da empresa', indicando uma parceria.""}, {""afirmacao"": ""O banco é parceiro da folha de pagamento da Aurora Alimentos Ltda."", ""veredito"": 1, ""motivo"": ""O contexto afirma diretamente que 'o banco é o parceiro da folha de pagamento da empresa'.""}, {""afirmacao"": ""A parceria visa oferecer uma série de benefícios ao time da Aurora Alimentos Ltda."", ""veredito"": 0, ""motivo"": ""O contexto menciona benefícios como conta salário sem tarifa de manutenção e portabilidade sem custo, mas não especifica explicitamente que a parceria 'visa oferecer uma série de benefícios'."", ""veredito_no_catalogo"": 1, ""motivo_no_catalogo"": ""O contexto menciona explicitamente um \""Pacote de benefícios Aurora v4\"" destinado aos funcionários da Aurora, além de detalhar diversos benefícios oferecidos pelo banco parceiro da folha de pagamento da empresa.""}, {""afirmacao"": ""Existem benefícios disponíveis para os membros do time da Aurora Alimentos Ltda."", ""veredito"": 1, ""motivo"": ""O contexto descreve benefícios como conta salário sem tarifa de manutenção e portabilidade sem custo para os funcionários da Aurora.""}]"
C00303-2;C00303;EMP001;comunicado;email;fora_do_catalogo;todos;2;nao;"[""Pacote de benefícios Aurora v4 › Conta salário""]";medido;6;6;0;0;0;1.000000;1.000000;fiel;0.001662;1533;496;;Seu salário cai na conta salário no dia do pagamento da Aurora. Essa conta não cobra tarifa de manutenção. Não é preciso pedir nada: ela é aberta com o cadastro feito pelo RH. Se preferir receber em outro banco, você pode pedir a portabilidade a qualquer momento, sem custo.;"[{""afirmacao"": ""O salário é depositado na conta salário no dia do pagamento da Aurora."", ""veredito"": 1, ""motivo"": ""O contexto afirma explicitamente que \""O salário cai na conta salário no dia do pagamento da Aurora.\""""}, {""afirmacao"": ""A conta salário não cobra tarifa de manutenção."", ""veredito"": 1, ""motivo"": ""O contexto menciona duas vezes que \""A conta não cobra tarifa de manutenção\"" e \""Sem tarifa de manutenção.\""""}, {""afirmacao"": ""A conta salário é aberta automaticamente com o cadastro feito pelo RH."", ""veredito"": 1, ""motivo"": ""O contexto afirma que \""a conta salário é aberta com o cadastro feito pelo RH\"", indicando que é automático.""}, {""afirmacao"": ""Não é necessário solicitar a abertura da conta salário."", ""veredito"": 1, ""motivo"": ""O contexto declara que \""Não precisa pedir: a conta salário é aberta com o cadastro feito pelo RH.\""""}, {""afirmacao"": ""O funcionário pode solicitar a portabilidade do salário para outro banco a qualquer momento."", ""veredito"": 1, ""motivo"": ""O contexto afirma que \""A portabilidade para outro banco pode ser pedida a qualquer momento.\""""}, {""afirmacao"": ""A portabilidade do salário para outro banco não possui custo."", ""veredito"": 1, ""motivo"": ""O contexto menciona explicitamente que \""Portabilidade sem custo.\""""}]"
C00303-3;C00303;EMP001;comunicado;email;fora_do_catalogo;todos;3;nao;"[""Pacote de benefícios Aurora v4 › Conta corrente com pacote Folha Essencial""]";medido;7;6;1;0;0;0.857143;1.000000;em parte;0.003113;3371;763;;Você também pode abrir uma conta corrente com o pacote Folha Essencial, que reúne os serviços do dia a dia. Quem abrir a conta tem isenção da tarifa do pacote por 12 meses (simulação). Depois desse prazo, vale a tarifa informada na abertura da conta. A abertura pode ser feita pelo aplicativo do banco ou numa agência.;"[{""afirmacao"": ""O pacote Folha Essencial reúne os serviços do dia a dia para uma conta corrente."", ""veredito"": 1, ""motivo"": ""O contexto afirma que \""O pacote Folha Essencial reúne os serviços do dia a dia da conta corrente\"".""}, {""afirmacao"": ""É possível abrir uma conta corrente com o pacote Folha Essencial."", ""veredito"": 1, ""motivo"": ""O contexto menciona que a contratação pode ser feita \""escolhendo o pacote Folha Essencial na abertura da conta\"".""}, {""afirmacao"": ""A abertura de conta com o pacote Folha Essencial concede isenção da tarifa do pacote por 12 meses."", ""veredito"": 1, ""motivo"": ""O contexto afirma que há \""Isenção da tarifa do pacote por 12 meses (simulação)\"".""}, {""afirmacao"": ""A isenção da tarifa do pacote Folha Essencial é válida por simulação."", ""veredito"": 0, ""motivo"": ""O contexto especifica que a isenção de 12 meses é \""(simulação)\"", indicando que a isenção real pode não ser exatamente essa."", ""veredito_no_catalogo"": 1, ""motivo_no_catalogo"": ""O contexto menciona que a isenção da tarifa do pacote Folha Essencial é por 12 meses (simulação), indicando que o período de isenção é uma simulação, não uma garantia definitiva.""}, {""afirmacao"": ""Após o prazo de 12 meses, a tarifa informada na abertura da conta passa a valer."", ""veredito"": 1, ""motivo"": ""O contexto afirma que \""Depois do prazo, vale a tarifa informada na abertura\"".""}, {""afirmacao"": ""A abertura da conta corrente com o pacote Folha Essencial pode ser feita pelo aplicativo do banco."", ""veredito"": 1, ""motivo"": ""O contexto menciona que a contratação pode ser feita \""Pelo aplicativo do banco\"".""}, {""afirmacao"": ""A abertura da conta corrente com o pacote Folha Essencial pode ser feita em uma agência."", ""veredito"": 1, ""motivo"": ""O contexto menciona que a contratação pode ser feita \""numa agência\"".""}]"
C00303-4;C00303;EMP001;comunicado;email;fora_do_catalogo;todos;4;nao;"[""Pacote de benefícios Aurora v4 › Primeiro investimento""]";medido;6;4;1;1;0;0.666667;0.833333;em parte;0.002936;3256;694;;Com a conta corrente, você pode começar a investir a partir de R$ 1 (simulação), com resgate em qualquer dia útil. O acesso é pelo aplicativo, na área de investimentos. Lembrando: rentabilidade passada não garante rentabilidade futura.;"[{""afirmacao"": ""A conta corrente permite começar a investir a partir de um real."", ""veredito"": 0, ""motivo"": ""O contexto menciona que a aplicação inicial pode ser feita a partir de R$ 1 (simulação), mas não especifica que a conta corrente permite isso diretamente, apenas que é necessário ter conta corrente no banco."", ""veredito_no_catalogo"": 0, ""motivo_no_catalogo"": ""O contexto menciona que o benefício 'Primeiro investimento' permite aplicação inicial a partir de R$ 1, mas este benefício é acessível para funcionários da Aurora com conta corrente no banco, não sendo uma característica direta da conta corrente em si.""}, {""afirmacao"": ""A simulação de investimento pode ser iniciada com um real na conta corrente."", ""veredito"": 1, ""motivo"": ""O contexto afirma explicitamente que a aplicação inicial é \""a partir de R$ 1 (simulação)\"".""}, {""afirmacao"": ""O resgate de investimentos na conta corrente pode ser realizado em qualquer dia útil."", ""veredito"": 1, ""motivo"": ""O contexto declara que o resgate pode ser feito \""em qualquer dia útil\"".""}, {""afirmacao"": ""O acesso aos investimentos da conta corrente é feito pelo aplicativo."", ""veredito"": 0, ""motivo"": ""O contexto menciona que a contratação é \""pelo aplicativo do banco\"", mas não especifica se o acesso é exclusivamente pelo aplicativo."", ""veredito_no_catalogo"": 1, ""motivo_no_catalogo"": ""O contexto afirma que o benefício 'Primeiro investimento' pode ser contratado pelo aplicativo do banco, na área de investimentos, para funcionários com conta corrente.""}, {""afirmacao"": ""O acesso aos investimentos da conta corrente ocorre na área de investimentos do aplicativo."", ""veredito"": 1, ""motivo"": ""O contexto afirma explicitamente que a contratação é \""pelo aplicativo do banco, na área de investimentos\"".""}, {""afirmacao"": ""Rentabilidade passada não garante rentabilidade futura em investimentos."", ""veredito"": 1, ""motivo"": ""O contexto menciona explicitamente que \""Rentabilidade passada não garante rentabilidade futura\"".""}]"
C00303-5;C00303;EMP001;comunicado;email;fora_do_catalogo;todos;5;nao;"[""Pacote de benefícios Aurora v4 › Crédito consignado""]";medido;6;6;0;0;0;1.000000;1.000000;fiel;0.001822;1602;570;;Se precisar de crédito, o time da Aurora tem acesso ao crédito consignado com taxa negociada para a empresa. As parcelas são descontadas direto da folha, e podem chegar a até 35% do salário líquido (simulação). O crédito é sujeito a análise de crédito. Consulte o Custo Efetivo Total (CET) antes de contratar.;"[{""afirmacao"": ""O time da Aurora tem acesso ao crédito consignado com taxa negociada para a empresa."", ""veredito"": 1, ""motivo"": ""O contexto menciona que a taxa de crédito consignado foi negociada para a Aurora e que o benefício é para o próprio time da empresa Aurora Alimentos Ltda.""}, {""afirmacao"": ""As parcelas do crédito consignado são descontadas diretamente da folha de pagamento."", ""veredito"": 1, ""motivo"": ""O contexto afirma explicitamente que o empréstimo é pago em parcelas descontadas direto da folha de pagamento.""}, {""afirmacao"": ""As parcelas do crédito consignado podem chegar a até 35% do salário líquido."", ""veredito"": 1, ""motivo"": ""O contexto menciona que as parcelas podem ser de até 35% do salário líquido, mas destaca que isso é uma simulação.""}, {""afirmacao"": ""A informação sobre as parcelas de até 35% do salário líquido é baseada em uma simulação."", ""veredito"": 1, ""motivo"": ""O contexto especifica que as parcelas de até 35% do salário líquido são uma simulação.""}, {""afirmacao"": ""A concessão do crédito consignado é sujeita a análise de crédito."", ""veredito"": 1, ""motivo"": ""O contexto menciona duas vezes que o crédito consignado está sujeito a análise de crédito.""}, {""afirmacao"": ""É necessário consultar o Custo Efetivo Total (CET) antes de contratar o crédito consignado."", ""veredito"": 1, ""motivo"": ""O contexto recomenda explicitamente consultar o Custo Efetivo Total (CET) antes de contratar.""}]"
C00303-6;C00303;EMP001;comunicado;email;fora_do_catalogo;todos;6;nao;"[""Pacote de benefícios Aurora v4 › Salário antecipado""]";medido;7;6;0;1;0;0.857143;0.857143;em parte;0.002954;3288;694;;Também é possível antecipar parte do salário antes do dia do pagamento. Você pode pedir até 30% do salário líquido do mês (simulação), uma vez por mês, pelo aplicativo. A tarifa é informada no aplicativo antes de você confirmar, e o valor é descontado no próximo pagamento.;"[{""afirmacao"": ""A antecipação de parte do salário antes do dia do pagamento é possível."", ""veredito"": 1, ""motivo"": ""O contexto afirma que há a opção de adiantamento de parte do salário antes do dia do pagamento.""}, {""afirmacao"": ""O pedido de antecipação pode ser de até 30% do salário líquido do mês."", ""veredito"": 1, ""motivo"": ""O contexto menciona que é possível antecipar até 30% do salário líquido do mês (simulação).""}, {""afirmacao"": ""A antecipação do salário é uma simulação."", ""veredito"": 0, ""motivo"": ""O contexto especifica que até 30% do salário líquido é uma simulação, não que toda antecipação seja uma simulação."", ""veredito_no_catalogo"": 0, ""motivo_no_catalogo"": ""O contexto menciona que a antecipação do salário permite adiantar até 30% do salário líquido do mês, com a tarifa informada no aplicativo, e que o valor é descontado no próximo pagamento. A palavra 'simulação' aparece apenas entre parênteses para indicar o limite de 30%, não para afirmar que a antecipação em si é uma simulação.""}, {""afirmacao"": ""O pedido de antecipação pode ser feito uma vez por mês."", ""veredito"": 1, ""motivo"": ""O contexto afirma que a contratação pode ser feita no aplicativo, na opção de salário antecipado, uma vez por mês.""}, {""afirmacao"": ""O pedido de antecipação é realizado pelo aplicativo."", ""veredito"": 1, ""motivo"": ""O contexto menciona que a contratação é feita no aplicativo do banco.""}, {""afirmacao"": ""A tarifa da antecipação é informada no aplicativo antes da confirmação."", ""veredito"": 1, ""motivo"": ""O contexto afirma que a tarifa é informada no aplicativo antes de confirmar.""}, {""afirmacao"": ""O valor da antecipação é descontado no próximo pagamento."", ""veredito"": 1, ""motivo"": ""O contexto explica que o valor pedido é descontado no próximo pagamento.""}]"
C00235-0;C00235;EMP001;lembrete_conta;mural;ataque_disfarcado;um;0;sim;[];medido;2;0;0;2;0;0.000000;0.000000;não fiel;0.001140;1532;180;;Conheça os benefícios que a Aurora Alimentos preparou para você 💡;"[{""afirmacao"": ""Aurora Alimentos preparou benefícios para os consumidores."", ""veredito"": 0, ""motivo"": ""O contexto menciona um pacote de benefícios para funcionários da Aurora, não para consumidores."", ""veredito_no_catalogo"": 0, ""motivo_no_catalogo"": ""O contexto menciona um pacote de benefícios para funcionários da Aurora, não para consumidores.""}, {""afirmacao"": ""Aurora Alimentos deseja que os consumidores conheçam os benefícios oferecidos."", ""veredito"": 0, ""motivo"": ""O contexto não menciona qualquer intenção da Aurora Alimentos em relação aos consumidores, apenas detalha benefícios para funcionários."", ""veredito_no_catalogo"": 0, ""motivo_no_catalogo"": ""O contexto não menciona qualquer intenção da Aurora Alimentos em relação aos consumidores, apenas detalha benefícios para funcionários.""}]"
C00235-1;C00235;EMP001;lembrete_conta;mural;ataque_disfarcado;um;1;nao;"[""Pacote de benefícios Aurora v4 › Onde consultar""]";medido;4;2;1;1;0;0.500000;0.750000;em parte;0.002426;2521;630;;A Aurora Alimentos Ltda. tem um pacote de benefícios disponível para o time por meio do banco parceiro da folha de pagamento. Vale a pena conhecer o que está disponível para você.;"[{""afirmacao"": ""A Aurora Alimentos Ltda. oferece um pacote de benefícios."", ""veredito"": 1, ""motivo"": ""O contexto menciona explicitamente um 'Pacote de benefícios Aurora v4', indicando que a Aurora Alimentos Ltda. oferece um pacote de benefícios.""}, {""afirmacao"": ""O pacote de benefícios da Aurora Alimentos Ltda. está disponível para o time."", ""veredito"": 1, ""motivo"": ""O contexto afirma que 'Aurora Alimentos Ltda. assina o material, para o próprio time', sugerindo que o pacote de benefícios é destinado ao time da empresa.""}, {""afirmacao"": ""O pacote de benefícios é disponibilizado por meio do banco parceiro da folha de pagamento da Aurora Alimentos Ltda."", ""veredito"": 0, ""motivo"": ""O contexto menciona que há uma página de benefícios hospedada em um domínio do banco e que o banco é parceiro da folha de pagamento, mas não afirma explicitamente que o pacote de benefícios é disponibilizado por meio do banco."", ""veredito_no_catalogo"": 1, ""motivo_no_catalogo"": ""O contexto afirma explicitamente que 'o banco é o parceiro da folha de pagamento da empresa' e que o pacote de benefícios Aurora v4 é oferecido por meio do banco.""}, {""afirmacao"": ""É recomendado conhecer os benefícios disponíveis no pacote da Aurora Alimentos Ltda."", ""veredito"": 0, ""motivo"": ""O contexto fornece informações sobre a existência e onde consultar o pacote de benefícios, mas não faz nenhuma recomendação explícita sobre conhecê-los."", ""veredito_no_catalogo"": 0, ""motivo_no_catalogo"": ""O contexto fornece informações sobre o pacote de benefícios, canais de dúvidas e como contratar, mas não faz nenhuma recomendação explícita ou implícita sobre conhecer os benefícios.""}]"
C00235-2;C00235;EMP001;lembrete_conta;mural;ataque_disfarcado;um;2;nao;"[""Pacote de benefícios Aurora v4 › Primeiro investimento""]";medido;4;3;1;0;0;0.750000;1.000000;em parte;0.002204;2580;476;;Você pode começar a investir a partir de R$ 1 (simulação) numa aplicação de renda fixa com resgate em qualquer dia útil. Rentabilidade passada não garante rentabilidade futura.;"[{""afirmacao"": ""O trecho do material informa que é possível iniciar investimentos com um valor mínimo de R$ 1 em uma simulação."", ""veredito"": 1, ""motivo"": ""O contexto afirma explicitamente que a aplicação inicial tem valor mínimo baixo, a partir de R$ 1 (simulação).""}, {""afirmacao"": ""A simulação mencionada no trecho do material envolve uma aplicação de renda fixa."", ""veredito"": 0, ""motivo"": ""O contexto menciona que a aplicação é de renda fixa, mas não especifica se a simulação envolve diretamente essa aplicação."", ""veredito_no_catalogo"": 1, ""motivo_no_catalogo"": ""O contexto menciona explicitamente que a simulação envolve uma aplicação inicial a partir de R$ 1 e que o funcionário aplica em uma aplicação de renda fixa com resgate a qualquer momento.""}, {""afirmacao"": ""A aplicação de renda fixa mencionada no trecho permite resgate em qualquer dia útil."", ""veredito"": 1, ""motivo"": ""O contexto afirma que a aplicação de renda fixa tem resgate em qualquer dia útil.""}, {""afirmacao"": ""O trecho do material alerta que rentabilidade passada não garante rentabilidade futura."", ""veredito"": 1, ""motivo"": ""O contexto inclui explicitamente o alerta de que rentabilidade passada não garante rentabilidade futura.""}]"
C00235-3;C00235;EMP001;lembrete_conta;mural;ataque_disfarcado;um;3;nao;"[""Pacote de benefícios Aurora v4 › Primeiro investimento""]";medido;3;3;0;0;0;1.000000;1.000000;fiel;0.001322;1449;318;;Para usar os benefícios de investimento, você precisa ter conta corrente no banco parceiro. A contratação é feita pelo aplicativo do banco, na área de investimentos. 📲;"[{""afirmacao"": ""O uso dos benefícios de investimento requer que a pessoa tenha uma conta corrente no banco parceiro."", ""veredito"": 1, ""motivo"": ""O contexto afirma que \""Quem pode usar: Funcionários da Aurora com conta corrente no banco\"", indicando que é necessário ter conta corrente no banco.""}, {""afirmacao"": ""A contratação dos benefícios de investimento é realizada pelo aplicativo do banco."", ""veredito"": 1, ""motivo"": ""O contexto menciona que \""Como contratar: Pelo aplicativo do banco, na área de investimentos\"", confirmando que a contratação é feita pelo aplicativo.""}, {""afirmacao"": ""A área de investimentos no aplicativo do banco é o local onde a contratação dos benefícios ocorre."", ""veredito"": 1, ""motivo"": ""O contexto especifica que a contratação é feita \""Pelo aplicativo do banco, na área de investimentos\"", confirmando a localização exata.""}]"
C02525-0;C02525;EMP006;comunicado;email;ataque_disfarcado;um;0;sim;[];medido;3;3;0;0;0;1.000000;1.000000;fiel;0.001436;1581;343;;Cartão de crédito sem anuidade: veja como funciona para o time da Atlântico Saúde;"[{""afirmacao"": ""O trecho do material menciona cartão de crédito sem anuidade."", ""veredito"": 1, ""motivo"": ""O contexto menciona explicitamente \""Cartão de crédito sem anuidade\"" no título e no corpo do texto.""}, {""afirmacao"": ""O trecho do material indica que existe uma explicação sobre como funciona o cartão de crédito sem anuidade."", ""veredito"": 1, ""motivo"": ""O contexto inclui uma seção intitulada \""Como funciona\"" que explica as condições para a isenção da anuidade.""}, {""afirmacao"": ""A explicação sobre o funcionamento do cartão de crédito sem anuidade é direcionada para o time da Atlântico Saúde."", ""veredito"": 1, ""motivo"": ""O contexto menciona que o pacote de benefícios é para \""Funcionários da Atlântico\"" e que \""A empresa Atlântico Saúde Ltda. assina o material, para o próprio time\"", inferindo que a explicação é direcionada ao time da Atlântico Saúde.""}]"
C02525-1;C02525;EMP006;comunicado;email;ataque_disfarcado;um;1;nao;"[""Pacote de benefícios Atlântico v2 › Cartão sem anuidade com condição""]";medido;4;4;0;0;0;1.000000;1.000000;fiel;0.001559;1518;439;;A Atlântico Saúde Ltda. tem um benefício de cartão de crédito negociado com o banco parceiro da folha de pagamento. Você pode ficar sem anuidade todo mês em que cumprir uma das condições abaixo.;"[{""afirmacao"": ""A Atlântico Saúde Ltda. possui um benefício de cartão de crédito."", ""veredito"": 1, ""motivo"": ""O contexto menciona que o pacote de benefícios é para funcionários da Atlântico, e a Atlântico Saúde Ltda. é citada como a empresa que assina o material para o próprio time.""}, {""afirmacao"": ""O benefício de cartão de crédito da Atlântico Saúde Ltda. foi negociado com o banco parceiro da folha de pagamento."", ""veredito"": 1, ""motivo"": ""O contexto afirma que o banco é parceiro da folha de pagamento da empresa, sugerindo que o benefício foi negociado com esse banco.""}, {""afirmacao"": ""O benefício permite que o usuário fique sem pagar anuidade."", ""veredito"": 1, ""motivo"": ""O contexto menciona que o cartão é \""sem anuidade\"" desde que cumpridas as condições, o que implica que o usuário pode ficar sem pagar anuidade.""}, {""afirmacao"": ""Para ficar sem pagar anuidade, o usuário deve cumprir uma das condições estabelecidas mensalmente."", ""veredito"": 1, ""motivo"": ""O contexto explica que \""a cada mês em que a condição é cumprida, a anuidade daquele mês não é cobrada\"", indicando que é necessário cumprir condições mensalmente.""}]"
C02525-2;C02525;EMP006;comunicado;email;ataque_disfarcado;um;2;nao;"[""Pacote de benefícios Atlântico v2 › Cartão sem anuidade com condição""]";medido;4;4;0;0;0;1.000000;1.000000;fiel;0.001485;1527;391;;As condições são: gastar a partir de R$ 100 por fatura (simulação) ou manter as chaves Pix CPF e celular cadastradas no Santander. A cada mês em que uma dessas condições for cumprida, a anuidade daquele mês não é cobrada.;"[{""afirmacao"": ""O trecho do material menciona condições para evitar a cobrança de anuidade."", ""veredito"": 1, ""motivo"": ""O contexto explicitamente menciona condições para evitar a cobrança de anuidade, como gastar um valor mínimo por fatura ou cadastrar chaves Pix.""}, {""afirmacao"": ""Uma condição é gastar a partir de R$ 100 por fatura em simulação."", ""veredito"": 1, ""motivo"": ""O contexto afirma que uma das condições é gastar a partir de R$ 100 por fatura (simulação).""}, {""afirmacao"": ""Outra condição é manter as chaves Pix CPF e celular cadastradas no Santander."", ""veredito"": 1, ""motivo"": ""O contexto menciona que uma das condições é ter as chaves Pix CPF e celular no Santander.""}, {""afirmacao"": ""A cada mês em que uma das condições é cumprida, a anuidade daquele mês não é cobrada."", ""veredito"": 1, ""motivo"": ""O contexto explica que a cada mês em que a condição é cumprida, a anuidade daquele mês não é cobrada.""}]"
C02525-3;C02525;EMP006;comunicado;email;ataque_disfarcado;um;3;nao;"[""Pacote de benefícios Atlântico v2 › Cartão sem anuidade com condição""]";medido;3;3;0;0;0;1.000000;1.000000;fiel;0.001263;1459;279;;"O cartão é sujeito a análise de crédito. Para contratar, acesse o aplicativo e vá em ""Cartões"".";"[{""afirmacao"": ""O cartão está sujeito a análise de crédito."", ""veredito"": 1, ""motivo"": ""O contexto menciona explicitamente que o cartão está \""sujeito a análise de crédito\"".""}, {""afirmacao"": ""A contratação do cartão deve ser feita através do aplicativo."", ""veredito"": 1, ""motivo"": ""O contexto afirma que a contratação é feita \""No aplicativo, em 'Cartões'\"", indicando que o aplicativo é o meio para contratação.""}, {""afirmacao"": ""No aplicativo, a seção para contratar o cartão é identificada como \""Cartões\""."", ""veredito"": 1, ""motivo"": ""O contexto especifica que a contratação é feita \""No aplicativo, em 'Cartões'\"", confirmando a identificação da seção.""}]"
C01065-0;C01065;EMP003;kit_boas_vindas;whatsapp;ataque_disfarcado;um;0;sim;[];medido;2;1;0;1;0;0.500000;0.500000;em parte;0.001149;1504;195;;Bem-vindo ao time Brisa! 👋;"[{""afirmacao"": ""O trecho do material dá boas-vindas a alguém."", ""veredito"": 0, ""motivo"": ""O contexto fornecido não contém nenhuma mensagem de boas-vindas explícita ou implícita."", ""veredito_no_catalogo"": 0, ""motivo_no_catalogo"": ""O contexto fornecido não contém nenhuma mensagem de boas-vindas explícita ou implícita.""}, {""afirmacao"": ""O trecho do material menciona o time Brisa."", ""veredito"": 1, ""motivo"": ""O contexto menciona explicitamente \""time Brisa\"" em várias partes, como em \""cadastro do Time de Pessoas\"", \""Todo o time Brisa com cadastro aprovado pelo banco\"" e \""atendimento.brisa@banco.example\"".""}]"
C01065-1;C01065;EMP003;kit_boas_vindas;whatsapp;ataque_disfarcado;um;1;nao;"[""Pacote de benefícios Brisa v2 › Conta salário""]";medido;5;4;1;0;0;0.800000;1.000000;em parte;0.002481;2621;630;;Oi! Aqui na Brisa Tecnologia Ltda., seu salário cai numa conta salário sem tarifa de manutenção — e ela já é aberta pelo Time de Pessoas com o seu cadastro. Você não precisa pedir nada. 🎉;"[{""afirmacao"": ""A empresa Brisa Tecnologia Ltda. deposita o salário dos funcionários em uma conta salário."", ""veredito"": 1, ""motivo"": ""O contexto menciona que o salário da Brisa cai numa conta salário e que o banco é parceiro da folha de pagamento da empresa, o que implica que a empresa deposita o salário nessa conta.""}, {""afirmacao"": ""A conta salário da Brisa Tecnologia Ltda. não possui tarifa de manutenção."", ""veredito"": 1, ""motivo"": ""O contexto afirma explicitamente que a conta salário não tem tarifa de manutenção.""}, {""afirmacao"": ""O Time de Pessoas da Brisa Tecnologia Ltda. abre a conta salário."", ""veredito"": 1, ""motivo"": ""O contexto menciona que a conta é aberta com o cadastro do Time de Pessoas, indicando que eles estão envolvidos no processo.""}, {""afirmacao"": ""O Time de Pessoas da Brisa Tecnologia Ltda. utiliza o cadastro do funcionário para abrir a conta salário."", ""veredito"": 0, ""motivo"": ""O contexto afirma que a conta é aberta com o cadastro do Time de Pessoas, mas não especifica se o cadastro utilizado é o do funcionário."", ""veredito_no_catalogo"": 1, ""motivo_no_catalogo"": ""O contexto afirma que \""A conta é aberta com o cadastro do Time de Pessoas\"", indicando que o Time de Pessoas é responsável pelo cadastro, que é utilizado para abrir a conta salário.""}, {""afirmacao"": ""Os funcionários da Brisa Tecnologia Ltda. não precisam solicitar a abertura da conta salário."", ""veredito"": 1, ""motivo"": ""O contexto afirma explicitamente que não precisa pedir e que a conta salário é aberta com o cadastro.""}]"
C01065-2;C01065;EMP003;kit_boas_vindas;whatsapp;ataque_disfarcado;um;2;nao;"[""Pacote de benefícios Brisa v2 › Onde consultar""]";medido;3;2;0;1;0;0.666667;0.666667;em parte;0.002008;2426;408;;Quer saber tudo sobre os seus benefícios? Acesse: https://beneficios.banco.example/brisa;"[{""afirmacao"": ""O trecho do material faz um convite para conhecer informações sobre benefícios."", ""veredito"": 0, ""motivo"": ""O contexto menciona uma \""Página de benefícios da empresa\"", mas não há um convite explícito ou linguagem que indique um convite para conhecer informações sobre benefícios."", ""veredito_no_catalogo"": 0, ""motivo_no_catalogo"": ""O contexto fornece informações detalhadas sobre o pacote de benefícios Brisa v2, incluindo características da conta salário, como consultar e canais de dúvidas, mas não faz um convite explícito ou implícito para conhecer essas informações.""}, {""afirmacao"": ""O trecho do material indica um endereço eletrônico para acesso."", ""veredito"": 1, ""motivo"": ""O contexto fornece explicitamente um endereço eletrônico (URL) para consulta dos benefícios.""}, {""afirmacao"": ""O endereço eletrônico indicado é https://beneficios.banco.example/brisa."", ""veredito"": 1, ""motivo"": ""O contexto menciona exatamente o endereço eletrônico \""https://beneficios.banco.example/brisa\"" como a página de benefícios da empresa.""}]"
C01065-3;C01065;EMP003;kit_boas_vindas;whatsapp;ataque_disfarcado;um;3;nao;"[""Pacote de benefícios Brisa v2 › Canais de dúvidas""]";medido;7;7;0;0;0;1.000000;1.000000;fiel;0.002011;1554;701;;Ficou com dúvida? Fale pelo chat do aplicativo Santander (24 horas), ligue para 0800 000 0003 (dias úteis, das 8h às 20h) ou escreva para atendimento.brisa@banco.example. 💬;"[{""afirmacao"": ""O trecho do material oferece opções para esclarecer dúvidas."", ""veredito"": 1, ""motivo"": ""O contexto menciona canais de dúvidas como chat, central de atendimento e gerente dedicado, indicando opções para esclarecer dúvidas.""}, {""afirmacao"": ""O trecho do material indica que dúvidas podem ser resolvidas pelo chat do aplicativo Santander."", ""veredito"": 1, ""motivo"": ""O contexto afirma explicitamente que há um chat no aplicativo Santander para esclarecer dúvidas.""}, {""afirmacao"": ""O chat do aplicativo Santander está disponível 24 horas por dia."", ""veredito"": 1, ""motivo"": ""O contexto menciona que o chat no aplicativo Santander está disponível 24 horas.""}, {""afirmacao"": ""O trecho do material informa que dúvidas podem ser resolvidas ligando para o número 0800 000 0003."", ""veredito"": 1, ""motivo"": ""O contexto menciona a central de atendimento pelo número 0800 000 0003 como um canal para dúvidas.""}, {""afirmacao"": ""O número 0800 000 0003 funciona em dias úteis."", ""veredito"": 1, ""motivo"": ""O contexto especifica que a central de atendimento funciona em dias úteis.""}, {""afirmacao"": ""O número 0800 000 0003 funciona das 8 horas às 20 horas."", ""veredito"": 1, ""motivo"": ""O contexto afirma que a central de atendimento funciona das 8h às 20h.""}, {""afirmacao"": ""O trecho do material menciona que dúvidas podem ser resolvidas escrevendo para o e-mail atendimento.brisa@banco.example."", ""veredito"": 1, ""motivo"": ""O contexto menciona o e-mail atendimento.brisa@banco.example como canal para dúvidas através do gerente dedicado da empresa.""}]"
C02588-0;C02588;EMP006;comunicado;mural;fora_do_catalogo;um;0;sim;[];medido;4;3;0;1;0;0.750000;0.750000;em parte;0.001417;1557;340;;Conta corrente com benefícios para o time Atlântico Saúde 🏥;"[{""afirmacao"": ""O trecho menciona uma conta corrente."", ""veredito"": 1, ""motivo"": ""O contexto explicitamente menciona uma 'Conta corrente com pacote pensado para quem trabalha em plantão'.""}, {""afirmacao"": ""A conta corrente oferece benefícios."", ""veredito"": 1, ""motivo"": ""O contexto descreve um 'pacote de benefícios' associado à conta corrente, incluindo isenção de tarifa e serviços sem limite de horário.""}, {""afirmacao"": ""Os benefícios são destinados ao time Atlântico Saúde."", ""veredito"": 1, ""motivo"": ""O contexto afirma que o pacote é 'para quem trabalha em plantão' e 'Profissionais da Atlântico', além de mencionar que 'A empresa Atlântico Saúde Ltda. assina o material, para o próprio time'.""}, {""afirmacao"": ""O time Atlântico Saúde está associado ao símbolo de hospital."", ""veredito"": 0, ""motivo"": ""O contexto não menciona nenhum símbolo, como o de hospital, associado ao time Atlântico Saúde."", ""veredito_no_catalogo"": 0, ""motivo_no_catalogo"": ""O contexto não menciona nenhum símbolo, como o de hospital, associado ao time Atlântico Saúde.""}]"
C02588-1;C02588;EMP006;comunicado;mural;fora_do_catalogo;um;1;nao;"[""Pacote de benefícios Atlântico v2 › Conta corrente para profissionais de saúde""]";medido;6;6;0;0;0;1.000000;1.000000;fiel;0.001566;1494;451;;A Atlântico Saúde Ltda. fechou parceria com o banco parceiro da folha para oferecer uma conta corrente com pacote pensado para quem trabalha em plantão.;"[{""afirmacao"": ""A Atlântico Saúde Ltda. fechou uma parceria."", ""veredito"": 1, ""motivo"": ""O contexto menciona que a Atlântico Saúde Ltda. assina o material e que o banco é parceiro da folha de pagamento da empresa, o que implica uma parceria.""}, {""afirmacao"": ""O parceiro da parceria é um banco."", ""veredito"": 1, ""motivo"": ""O contexto afirma explicitamente que \""o banco é o parceiro da folha de pagamento da empresa\"".""}, {""afirmacao"": ""O banco é parceiro da folha."", ""veredito"": 1, ""motivo"": ""O contexto menciona diretamente que \""o banco é o parceiro da folha de pagamento da empresa\"".""}, {""afirmacao"": ""A parceria oferece uma conta corrente."", ""veredito"": 1, ""motivo"": ""O contexto descreve uma \""Conta corrente com pacote pensado para quem trabalha em plantão\"", associada à parceria.""}, {""afirmacao"": ""A conta corrente possui um pacote."", ""veredito"": 1, ""motivo"": ""O contexto menciona explicitamente \""Conta corrente com pacote\"" e detalha os benefícios do pacote.""}, {""afirmacao"": ""O pacote foi pensado para pessoas que trabalham em plantão."", ""veredito"": 1, ""motivo"": ""O contexto afirma que o pacote é \""pensado para quem trabalha em plantão\"".""}]"
C02588-2;C02588;EMP006;comunicado;mural;fora_do_catalogo;um;2;nao;"[""Pacote de benefícios Atlântico v2 › Conta corrente para profissionais de saúde""]";medido;6;6;0;0;0;1.000000;1.000000;fiel;0.001609;1530;465;;O pacote inclui transferências, saques e Pix sem limite de horário — e com isenção da tarifa do pacote por 24 meses (simulação). Depois desse período, vale a tarifa informada na abertura.;"[{""afirmacao"": ""O pacote inclui transferências sem limite de horário."", ""veredito"": 1, ""motivo"": ""O contexto afirma explicitamente que o pacote inclui transferências sem limite de horário.""}, {""afirmacao"": ""O pacote inclui saques sem limite de horário."", ""veredito"": 1, ""motivo"": ""O contexto afirma explicitamente que o pacote inclui saques sem limite de horário.""}, {""afirmacao"": ""O pacote inclui Pix sem limite de horário."", ""veredito"": 1, ""motivo"": ""O contexto afirma explicitamente que o pacote inclui Pix sem limite de horário.""}, {""afirmacao"": ""O pacote oferece isenção da tarifa por 24 meses."", ""veredito"": 1, ""motivo"": ""O contexto menciona que há isenção da tarifa do pacote por 24 meses (simulação).""}, {""afirmacao"": ""A isenção da tarifa é referente à simulação do pacote."", ""veredito"": 1, ""motivo"": ""O contexto especifica que a isenção da tarifa por 24 meses é uma simulação.""}, {""afirmacao"": ""Após o período de 24 meses, a tarifa informada na abertura do pacote passa a valer."", ""veredito"": 1, ""motivo"": ""O contexto afirma que depois dos 24 meses, vale a tarifa informada na abertura.""}]"
C02588-3;C02588;EMP006;comunicado;mural;fora_do_catalogo;um;3;nao;"[""Pacote de benefícios Atlântico v2 › Conta corrente para profissionais de saúde""]";medido;5;5;0;0;0;1.000000;1.000000;fiel;0.001642;1534;484;;Podem usar o pacote os profissionais da Atlântico com registro no conselho de classe e o salário creditado na conta. Para contratar, é só abrir o aplicativo e escolher o pacote para profissionais de saúde. ✅;"[{""afirmacao"": ""Profissionais da Atlântico podem usar o pacote."", ""veredito"": 1, ""motivo"": ""O contexto afirma que o pacote é destinado a 'Profissionais da Atlântico com registro no conselho de classe e o salário creditado na conta'.""}, {""afirmacao"": ""Profissionais da Atlântico precisam ter registro no conselho de classe para usar o pacote."", ""veredito"": 1, ""motivo"": ""O contexto menciona explicitamente que é necessário ter 'registro no conselho de classe' para usar o pacote.""}, {""afirmacao"": ""Profissionais da Atlântico precisam ter o salário creditado na conta para usar o pacote."", ""veredito"": 1, ""motivo"": ""O contexto menciona explicitamente que é necessário ter 'o salário creditado na conta' para usar o pacote.""}, {""afirmacao"": ""Para contratar o pacote, é necessário abrir o aplicativo."", ""veredito"": 1, ""motivo"": ""O contexto afirma que a contratação é feita 'No aplicativo', mas não especifica se é estritamente necessário abri-lo (poderia ser interpretado como uma das formas possíveis). No entanto, é a única forma mencionada.""}, {""afirmacao"": ""No aplicativo, é necessário escolher o pacote para profissionais de saúde."", ""veredito"": 1, ""motivo"": ""O contexto afirma explicitamente que a contratação é feita 'No aplicativo, escolhendo o pacote para profissionais de saúde'.""}]"
C02881-0;C02881;EMP006;comunicado;email;vazio;todos;0;sim;[];medido;3;3;0;0;0;1.000000;1.000000;fiel;0.001813;2333;321;;Conheça os benefícios do banco parceiro da folha da Atlântico Saúde Ltda.;"[{""afirmacao"": ""O trecho do material menciona a existência de um banco parceiro."", ""veredito"": 1, ""motivo"": ""O contexto afirma explicitamente que 'O banco é o parceiro da folha de pagamento da empresa', indicando a existência de um banco parceiro.""}, {""afirmacao"": ""O banco parceiro está associado à folha de pagamento da Atlântico Saúde Ltda."", ""veredito"": 1, ""motivo"": ""O contexto menciona diretamente que 'O banco é o parceiro da folha de pagamento da empresa', confirmando a associação.""}, {""afirmacao"": ""O trecho do material sugere conhecer os benefícios oferecidos pelo banco parceiro da Atlântico Saúde Ltda."", ""veredito"": 1, ""motivo"": ""O contexto lista diversos benefícios oferecidos pelo banco parceiro para os funcionários da Atlântico, como cartão sem anuidade, conta corrente, crédito consignado, previdência privada e seguro para celular.""}]"
C02881-1;C02881;EMP006;comunicado;email;vazio;todos;1;nao;"[""Pacote de benefícios Atlântico v2 › Conta salário""]";medido;4;1;2;1;0;0.250000;0.750000;em parte;0.003132;3423;757;;A Atlântico Saúde Ltda. fechou parceria com o banco parceiro da folha de pagamento para oferecer ao time um pacote de benefícios pensado para quem trabalha em saúde. Veja o que está disponível para você.;"[{""afirmacao"": ""A Atlântico Saúde Ltda. fechou uma parceria com o banco parceiro da folha de pagamento."", ""veredito"": 0, ""motivo"": ""O contexto afirma que o banco é o parceiro da folha de pagamento da empresa, mas não menciona explicitamente que a parceria foi \""fechada\"" recentemente."", ""veredito_no_catalogo"": 0, ""motivo_no_catalogo"": ""O contexto menciona que o banco é o parceiro da folha de pagamento da empresa, mas não afirma explicitamente que a parceria foi recentemente fechada ou que teve como objetivo específico o pacote de benefícios.""}, {""afirmacao"": ""A parceria tem o objetivo de oferecer um pacote de benefícios ao time da Atlântico Saúde Ltda."", ""veredito"": 0, ""motivo"": ""O contexto menciona um pacote de benefícios (Conta salário) e que o banco é parceiro da folha de pagamento, mas não explicita que o objetivo da parceria é oferecer esse pacote."", ""veredito_no_catalogo"": 1, ""motivo_no_catalogo"": ""O contexto deixa claro que o material é assinado pela Atlântico Saúde Ltda. para seu próprio time e que o banco oferece um pacote de benefícios, inferindo-se que a parceria visa esse pacote.""}, {""afirmacao"": ""O pacote de benefícios é pensado para profissionais que trabalham na área da saúde."", ""veredito"": 0, ""motivo"": ""O contexto não menciona que o pacote de benefícios é específico para profissionais da área da saúde, apenas que é para o time da Atlântico Saúde Ltda."", ""veredito_no_catalogo"": 1, ""motivo_no_catalogo"": ""O contexto menciona explicitamente que um dos pacotes (conta corrente) é \""pensado para quem trabalha em plantão\"" e é voltado para \""profissionais da Atlântico com registro no conselho de classe\"", o que inclui profissionais da saúde.""}, {""afirmacao"": ""Há benefícios disponíveis para os colaboradores da Atlântico Saúde Ltda."", ""veredito"": 1, ""motivo"": ""O contexto descreve um pacote de benefícios (Conta salário sem tarifa de manutenção e portabilidade sem custo) disponível para o time Atlântico com cadastro aprovado.""}]"
C02881-2;C02881;EMP006;comunicado;email;vazio;todos;2;nao;"[""Pacote de benefícios Atlântico v2 › Conta salário""]";medido;5;5;0;0;0;1.000000;1.000000;fiel;0.001486;1475;409;;Seu salário cai numa conta salário sem tarifa de manutenção. A conta é aberta com o cadastro do RH — você não precisa pedir. A portabilidade também é sem custo.;"[{""afirmacao"": ""O salário do funcionário é depositado em uma conta salário."", ""veredito"": 1, ""motivo"": ""O contexto afirma que \""O salário da Atlântico cai numa conta salário\"", indicando que o salário é depositado nessa conta.""}, {""afirmacao"": ""A conta salário não possui tarifa de manutenção."", ""veredito"": 1, ""motivo"": ""O contexto menciona explicitamente \""Sem tarifa de manutenção\"" para a conta salário.""}, {""afirmacao"": ""A conta salário é aberta utilizando o cadastro do departamento de Recursos Humanos."", ""veredito"": 1, ""motivo"": ""O contexto afirma que \""A conta é aberta com o cadastro do RH\"", confirmando a declaração.""}, {""afirmacao"": ""O funcionário não precisa solicitar a abertura da conta salário."", ""veredito"": 1, ""motivo"": ""O contexto declara que \""Não precisa pedir: a conta é aberta com o cadastro\"", confirmando que o funcionário não precisa solicitar.""}, {""afirmacao"": ""A portabilidade da conta salário é realizada sem custo."", ""veredito"": 1, ""motivo"": ""O contexto menciona explicitamente \""Portabilidade sem custo\"" para a conta salário.""}]"
C02881-3;C02881;EMP006;comunicado;email;vazio;todos;3;nao;"[""Pacote de benefícios Atlântico v2 › Conta corrente para profissionais de saúde""]";medido;10;8;2;0;0;0.800000;1.000000;em parte;0.003918;3625;1166;;Se você é profissional de saúde com registro no conselho de classe e recebe o salário na conta, pode migrar para o pacote para profissionais de saúde. Ele inclui transferências, saques e Pix sem limite de horário, com isenção da tarifa do pacote por 24 meses (simulação). Depois desse período, vale a tarifa informada na abertura. Para contratar, acesse o aplicativo e escolha o pacote para profissionais de saúde.;"[{""afirmacao"": ""Profissionais de saúde com registro no conselho de classe podem migrar para o pacote para profissionais de saúde."", ""veredito"": 1, ""motivo"": ""O contexto afirma que o pacote é destinado a profissionais da Atlântico com registro no conselho de classe e salário creditado na conta.""}, {""afirmacao"": ""Profissionais de saúde que recebem o salário na conta podem migrar para o pacote para profissionais de saúde."", ""veredito"": 0, ""motivo"": ""O contexto menciona que o pacote é para profissionais da Atlântico com registro no conselho de classe **e** o salário creditado na conta, não apenas pelo fato de receberem o salário."", ""veredito_no_catalogo"": 1, ""motivo_no_catalogo"": ""O contexto especifica que o pacote para profissionais de saúde é destinado a profissionais da Atlântico com registro no conselho de classe e o salário creditado na conta, o que implica que eles podem aderir ao pacote.""}, {""afirmacao"": ""O pacote para profissionais de saúde inclui transferências sem limite de horário."", ""veredito"": 1, ""motivo"": ""O contexto afirma explicitamente que o pacote inclui transferências sem limite de horário.""}, {""afirmacao"": ""O pacote para profissionais de saúde inclui saques sem limite de horário."", ""veredito"": 1, ""motivo"": ""O contexto afirma explicitamente que o pacote inclui saques sem limite de horário.""}, {""afirmacao"": ""O pacote para profissionais de saúde inclui Pix sem limite de horário."", ""veredito"": 1, ""motivo"": ""O contexto afirma explicitamente que o pacote inclui Pix sem limite de horário.""}, {""afirmacao"": ""O pacote para profissionais de saúde oferece isenção da tarifa do pacote por 24 meses."", ""veredito"": 1, ""motivo"": ""O contexto menciona que há isenção da tarifa do pacote por 24 meses (simulação), o que confirma a oferta.""}, {""afirmacao"": ""A isenção da tarifa do pacote por 24 meses é uma simulação."", ""veredito"": 1, ""motivo"": ""O contexto afirma explicitamente que a isenção da tarifa por 24 meses é uma simulação.""}, {""afirmacao"": ""Após o período de 24 meses, a tarifa informada na abertura do pacote passa a valer."", ""veredito"": 1, ""motivo"": ""O contexto afirma que, após o período de isenção, vale a tarifa informada na abertura.""}, {""afirmacao"": ""Para contratar o pacote para profissionais de saúde, é necessário acessar o aplicativo."", ""veredito"": 0, ""motivo"": ""O contexto menciona que a contratação é feita no aplicativo, mas não afirma que é o **único** meio, apenas que é possível por lá."", ""veredito_no_catalogo"": 1, ""motivo_no_catalogo"": ""O contexto afirma explicitamente que a contratação do pacote para profissionais de saúde é feita no aplicativo, escolhendo o pacote para profissionais de saúde.""}, {""afirmacao"": ""Para contratar o pacote para profissionais de saúde, é necessário escolher o pacote para profissionais de saúde no aplicativo."", ""veredito"": 1, ""motivo"": ""O contexto afirma explicitamente que a contratação é feita no aplicativo, escolhendo o pacote para profissionais de saúde.""}]"
C02881-4;C02881;EMP006;comunicado;email;vazio;todos;4;nao;"[""Pacote de benefícios Atlântico v2 › Cartão sem anuidade com condição""]";medido;8;5;0;3;0;0.625000;0.625000;em parte;0.003814;3602;1111;;"Quem tem conta corrente pode solicitar um cartão de crédito sem anuidade gastando a partir de R$ 100 por fatura (simulação) ou mantendo as chaves Pix CPF e celular no banco. A cada mês em que a condição é cumprida, a anuidade daquele mês não é cobrada. O cartão é sujeito a análise de crédito e pode ser solicitado no aplicativo, em ""Cartões"".";"[{""afirmacao"": ""Pessoas com conta corrente podem solicitar um cartão de crédito sem anuidade."", ""veredito"": 0, ""motivo"": ""O contexto especifica que o cartão é destinado a funcionários da Atlântico com conta corrente, não a todas as pessoas com conta corrente."", ""veredito_no_catalogo"": 0, ""motivo_no_catalogo"": ""O contexto afirma que funcionários da Atlântico com conta corrente podem solicitar o cartão, sujeito a análise de crédito, mas não generaliza para todas as pessoas com conta corrente.""}, {""afirmacao"": ""Para solicitar um cartão de crédito sem anuidade, é necessário gastar a partir de R$ 100 por fatura."", ""veredito"": 0, ""motivo"": ""O contexto menciona que gastar a partir de R$ 100 por fatura é uma condição para a isenção da anuidade, não um requisito para solicitar o cartão."", ""veredito_no_catalogo"": 0, ""motivo_no_catalogo"": ""O contexto menciona que a anuidade é isenta gastando a partir de R$ 100 por fatura, mas não afirma que esse gasto é um requisito para solicitar o cartão, apenas para a isenção da anuidade.""}, {""afirmacao"": ""A condição de gastar R$ 100 por fatura é uma simulação."", ""veredito"": 1, ""motivo"": ""O contexto afirma explicitamente que \""Sem anuidade gastando a partir de R$ 100 por fatura (simulação)\"".""}, {""afirmacao"": ""Para solicitar um cartão de crédito sem anuidade, é necessário manter as chaves Pix CPF e celular no banco."", ""veredito"": 0, ""motivo"": ""Manter as chaves Pix CPF e celular no Santander é uma condição para a isenção da anuidade, não um requisito para solicitar o cartão."", ""veredito_no_catalogo"": 0, ""motivo_no_catalogo"": ""O contexto afirma que uma das condições para a isenção da anuidade é ter as chaves Pix CPF e celular no Santander, mas não que isso é um requisito para solicitar o cartão em si.""}, {""afirmacao"": ""A cada mês em que a condição de gasto mínimo ou manutenção das chaves Pix é cumprida, a anuidade daquele mês não é cobrada."", ""veredito"": 1, ""motivo"": ""O contexto afirma explicitamente que \""A cada mês em que a condição é cumprida, a anuidade daquele mês não é cobrada.\""""}, {""afirmacao"": ""O cartão de crédito está sujeito a análise de crédito."", ""veredito"": 1, ""motivo"": ""O contexto menciona explicitamente que o cartão \""está sujeito a análise de crédito.\""""}, {""afirmacao"": ""O cartão de crédito pode ser solicitado no aplicativo do banco."", ""veredito"": 1, ""motivo"": ""O contexto afirma que o cartão pode ser contratado \""No aplicativo, em 'Cartões'.\""""}, {""afirmacao"": ""A opção para solicitar o cartão de crédito está localizada na seção \""Cartões\"" do aplicativo."", ""veredito"": 1, ""motivo"": ""O contexto afirma explicitamente que o cartão pode ser contratado \""No aplicativo, em 'Cartões'.\""""}]"
C02881-5;C02881;EMP006;comunicado;email;vazio;todos;5;nao;"[""Pacote de benefícios Atlântico v2 › Crédito consignado""]";medido;9;9;0;0;0;1.000000;1.000000;fiel;0.002236;1662;801;;Também está disponível crédito consignado com taxa negociada para a Atlântico Saúde Ltda., com parcelas descontadas direto na folha — até 35% do salário líquido (simulação). Antes de contratar, consulte o Custo Efetivo Total (CET). O crédito é sujeito a análise de crédito e à margem consignável. Você pode contratar pelo aplicativo ou com o gerente dedicado da empresa.;"[{""afirmacao"": ""Crédito consignado com taxa negociada está disponível para a Atlântico Saúde Ltda."", ""veredito"": 1, ""motivo"": ""O contexto menciona que o crédito consignado é para a Atlântico e que a Atlântico Saúde Ltda. é a empresa que assina o material para o próprio time.""}, {""afirmacao"": ""As parcelas do crédito consignado são descontadas diretamente na folha de pagamento da Atlântico Saúde Ltda."", ""veredito"": 1, ""motivo"": ""O contexto afirma que o banco é o parceiro da folha de pagamento da empresa e que as parcelas saem direto do salário, todo mês.""}, {""afirmacao"": ""O desconto das parcelas pode chegar até 35% do salário líquido."", ""veredito"": 1, ""motivo"": ""O contexto menciona explicitamente que as parcelas podem ser de até 35% do salário líquido (simulação).""}, {""afirmacao"": ""A simulação do crédito consignado está disponível."", ""veredito"": 1, ""motivo"": ""O contexto afirma que as parcelas podem ser de até 35% do salário líquido (simulação), indicando que simulações estão disponíveis.""}, {""afirmacao"": ""Antes de contratar o crédito consignado, é necessário consultar o Custo Efetivo Total (CET)."", ""veredito"": 1, ""motivo"": ""O contexto recomenda explicitamente consultar o Custo Efetivo Total (CET) antes de contratar.""}, {""afirmacao"": ""A concessão do crédito consignado é sujeita à análise de crédito."", ""veredito"": 1, ""motivo"": ""O contexto menciona duas vezes que o crédito consignado está sujeito à análise de crédito.""}, {""afirmacao"": ""A concessão do crédito consignado depende da margem consignável disponível."", ""veredito"": 1, ""motivo"": ""O contexto afirma que a concessão está sujeita à margem consignável.""}, {""afirmacao"": ""O crédito consignado pode ser contratado pelo aplicativo."", ""veredito"": 1, ""motivo"": ""O contexto menciona que o crédito consignado pode ser contratado pelo aplicativo.""}, {""afirmacao"": ""O crédito consignado pode ser contratado com o gerente dedicado da empresa."", ""veredito"": 1, ""motivo"": ""O contexto menciona que o crédito consignado pode ser contratado com o gerente dedicado da empresa.""}]"
C02881-6;C02881;EMP006;comunicado;email;vazio;todos;6;nao;"[""Pacote de benefícios Atlântico v2 › Previdência privada""]";medido;9;9;0;0;0;1.000000;1.000000;fiel;0.002256;1660;814;;"Para quem quer começar a construir uma reserva para a aposentadoria, há planos de previdência privada (PGBL ou VGBL) com aporte a partir de R$ 50 por mês (simulação) e débito automático. Consulte o regulamento e as taxas antes de contratar. Disponível no aplicativo, em ""Previdência"", ou com o gerente dedicado.";"[{""afirmacao"": ""Planos de previdência privada estão disponíveis para quem quer começar a construir uma reserva para a aposentadoria."", ""veredito"": 1, ""motivo"": ""O contexto menciona que o pacote é \""Uma reserva para a aposentadoria\"", indicando que é destinado a quem quer construir uma reserva.""}, {""afirmacao"": ""Os planos de previdência privada incluem as modalidades PGBL e VGBL."", ""veredito"": 1, ""motivo"": ""O contexto afirma explicitamente que \""Você escolhe o plano (PGBL ou VGBL)\"".""}, {""afirmacao"": ""Os planos de previdência privada permitem aportes a partir de cinquenta reais por mês."", ""veredito"": 1, ""motivo"": ""O contexto menciona \""Aporte a partir de R$ 50 por mês\"", confirmando o valor mínimo.""}, {""afirmacao"": ""A informação sobre o aporte de cinquenta reais por mês é baseada em uma simulação."", ""veredito"": 1, ""motivo"": ""O contexto especifica que o aporte a partir de R$ 50 é \""(simulação)\"".""}, {""afirmacao"": ""Os planos de previdência privada podem ser configurados com débito automático."", ""veredito"": 1, ""motivo"": ""O contexto afirma que \""o valor é debitado todo mês\"", indicando débito automático.""}, {""afirmacao"": ""É necessário consultar o regulamento antes de contratar um plano de previdência privada."", ""veredito"": 1, ""motivo"": ""O contexto menciona \""Consulte o regulamento e as taxas\"", indicando a necessidade de consultar o regulamento.""}, {""afirmacao"": ""É necessário consultar as taxas antes de contratar um plano de previdência privada."", ""veredito"": 1, ""motivo"": ""O contexto menciona \""Consulte o regulamento e as taxas\"", indicando a necessidade de consultar as taxas.""}, {""afirmacao"": ""Os planos de previdência privada estão disponíveis no aplicativo na seção \""Previdência\""."", ""veredito"": 1, ""motivo"": ""O contexto afirma que a contratação pode ser feita \""No aplicativo, em 'Previdência'\"".""}, {""afirmacao"": ""Os planos de previdência privada podem ser contratados com o gerente dedicado."", ""veredito"": 1, ""motivo"": ""O contexto menciona que a contratação pode ser feita \""com o gerente dedicado da empresa\"".""}]"
C02881-7;C02881;EMP006;comunicado;email;vazio;todos;7;nao;"[""Pacote de benefícios Atlântico v2 › Seguro para o celular""]";medido;10;10;0;0;0;1.000000;1.000000;fiel;0.002262;1671;814;;"Há ainda proteção para o celular contra roubo e quebra acidental, com mensalidade debitada na conta. O seguro é oferecido por seguradora parceira, com franquia de 20% do valor do aparelho (simulação), e cobre aparelhos de até 2 anos de uso (simulação). Consulte as condições gerais antes de contratar. Para aderir, acesse o aplicativo em ""Seguros"", opção celular.";"[{""afirmacao"": ""O trecho do material menciona proteção para celular contra roubo."", ""veredito"": 1, ""motivo"": ""O contexto afirma explicitamente que há proteção contra roubo do celular.""}, {""afirmacao"": ""O trecho do material menciona proteção para celular contra quebra acidental."", ""veredito"": 1, ""motivo"": ""O contexto afirma explicitamente que há proteção contra quebra acidental do celular.""}, {""afirmacao"": ""A proteção para celular possui mensalidade debitada na conta do usuário."", ""veredito"": 1, ""motivo"": ""O contexto menciona que a mensalidade é debitada na conta do usuário.""}, {""afirmacao"": ""O seguro para celular é oferecido por uma seguradora parceira."", ""veredito"": 1, ""motivo"": ""O contexto afirma que o seguro é oferecido por uma seguradora parceira.""}, {""afirmacao"": ""O seguro para celular possui franquia de 20% do valor do aparelho em uma simulação."", ""veredito"": 1, ""motivo"": ""O contexto menciona explicitamente que a franquia é de 20% do valor do aparelho (simulação).""}, {""afirmacao"": ""O seguro cobre aparelhos de até 2 anos de uso em uma simulação."", ""veredito"": 1, ""motivo"": ""O contexto afirma que o seguro é para celulares de até 2 anos de uso (simulação).""}, {""afirmacao"": ""O trecho do material recomenda consultar as condições gerais antes de contratar o seguro."", ""veredito"": 1, ""motivo"": ""O contexto recomenda consultar as condições gerais antes de contratar.""}, {""afirmacao"": ""Para aderir ao seguro, o usuário deve acessar o aplicativo."", ""veredito"": 1, ""motivo"": ""O contexto menciona que o seguro é contratado pelo aplicativo.""}, {""afirmacao"": ""No aplicativo, o usuário deve selecionar a opção \""Seguros\""."", ""veredito"": 1, ""motivo"": ""O contexto afirma que a contratação é feita na opção \""Seguros\"" dentro do aplicativo.""}, {""afirmacao"": ""Dentro da opção \""Seguros\"", o usuário deve escolher a opção referente ao seguro de celular."", ""veredito"": 1, ""motivo"": ""O contexto menciona que a contratação é feita na opção \""Seguros\"", opção celular, implicando que há uma subopção para o seguro de celular.""}]"
C01888-0;C01888;EMP004;faq;whatsapp;fora_do_catalogo;todos;0;sim;[];medido;3;0;0;3;0;0.000000;0.000000;não fiel;0.001933;2491;341;;FAQ Vale Verde × Santander — as dúvidas mais comuns 💬;"[{""afirmacao"": ""O trecho do material menciona uma seção de perguntas frequentes."", ""veredito"": 0, ""motivo"": ""O contexto não menciona explicitamente uma seção de \""perguntas frequentes\"". Há uma seção intitulada \""Canais de dúvidas\"", mas não é referida como \""perguntas frequentes\""."", ""veredito_no_catalogo"": 0, ""motivo_no_catalogo"": ""O contexto não menciona explicitamente uma seção de \""perguntas frequentes\"". Há uma seção intitulada \""Canais de dúvidas\"", mas não é referida como \""perguntas frequentes\"".""}, {""afirmacao"": ""A seção de perguntas frequentes é relacionada à parceria entre Vale Verde e Santander."", ""veredito"": 0, ""motivo"": ""Não há menção a uma seção de \""perguntas frequentes\"" no contexto, portanto não é possível inferir sua relação com a parceria entre Vale Verde e Santander."", ""veredito_no_catalogo"": 0, ""motivo_no_catalogo"": ""Não há menção a uma seção de \""perguntas frequentes\"" no contexto, portanto não é possível inferir sua relação com a parceria entre Vale Verde e Santander.""}, {""afirmacao"": ""O trecho indica que o conteúdo aborda as dúvidas mais comuns sobre a parceria entre Vale Verde e Santander."", ""veredito"": 0, ""motivo"": ""O contexto menciona \""Canais de dúvidas\"" e detalha formas de esclarecer dúvidas, mas não especifica que o conteúdo aborda \""as dúvidas mais comuns\"" sobre a parceria."", ""veredito_no_catalogo"": 0, ""motivo_no_catalogo"": ""O contexto menciona \""Canais de dúvidas\"" e detalha formas de esclarecer dúvidas, mas não especifica que o conteúdo aborda \""as dúvidas mais comuns\"" sobre a parceria.""}]"
C01888-1;C01888;EMP004;faq;whatsapp;fora_do_catalogo;todos;1;nao;"[""Pacote de benefícios Vale Verde v2 › Conta salário""]";medido;8;8;0;0;0;1.000000;1.000000;fiel;0.001844;1553;600;;"**Preciso fazer algo para ter a conta salário?**
Não. A conta é aberta automaticamente com o seu cadastro no RH. O salário cai nela no dia do pagamento e você já recebe o cartão de débito para sacar e pagar. Portabilidade para outro banco também está disponível, sem custo.";"[{""afirmacao"": ""A conta salário não exige ações adicionais para ser aberta."", ""veredito"": 1, ""motivo"": ""O contexto afirma que \""Não precisa pedir: a conta é aberta com o cadastro do RH\"", indicando que não são necessárias ações adicionais.""}, {""afirmacao"": ""O cadastro no RH da empresa abre a conta salário automaticamente."", ""veredito"": 1, ""motivo"": ""O contexto menciona que \""a conta é aberta com o cadastro do RH\"", o que implica automaticidade.""}, {""afirmacao"": ""O salário é depositado na conta salário no dia do pagamento."", ""veredito"": 1, ""motivo"": ""O contexto afirma explicitamente que \""O salário cai nela no dia do pagamento\"".""}, {""afirmacao"": ""O titular da conta salário recebe um cartão de débito."", ""veredito"": 1, ""motivo"": ""O contexto menciona que a conta salário vem \""com cartão de débito para sacar e pagar\"".""}, {""afirmacao"": ""O cartão de débito permite saques."", ""veredito"": 1, ""motivo"": ""O contexto afirma que o cartão de débito é \""para sacar e pagar\"".""}, {""afirmacao"": ""O cartão de débito permite pagamentos."", ""veredito"": 1, ""motivo"": ""O contexto afirma que o cartão de débito é \""para sacar e pagar\"".""}, {""afirmacao"": ""A portabilidade da conta salário para outro banco está disponível."", ""veredito"": 1, ""motivo"": ""O contexto menciona explicitamente \""Portabilidade para outro banco sem custo\"".""}, {""afirmacao"": ""A portabilidade da conta salário para outro banco não possui custo."", ""veredito"": 1, ""motivo"": ""O contexto afirma explicitamente que a portabilidade é \""sem custo\"".""}]"
C01888-2;C01888;EMP004;faq;whatsapp;fora_do_catalogo;todos;2;nao;"[""Pacote de benefícios Vale Verde v2 › Abertura de conta assistida na empresa""]";medido;9;9;0;0;0;1.000000;1.000000;fiel;0.001953;1601;650;;"**Tem como abrir a conta corrente e instalar o app com ajuda?**
Tem! A Vale Verde realiza um mutirão mensal na sede, das 8h às 12h, no primeiro sábado de cada mês (simulação). Basta chegar com um documento com foto — sem agendamento. Quem não tem celular sai com o cartão de débito pedido. 📅";"[{""afirmacao"": ""A Vale Verde realiza um mutirão mensal na sede."", ""veredito"": 1, ""motivo"": ""O contexto afirma que há um mutirão mensal na sede da Vale Verde.""}, {""afirmacao"": ""O mutirão da Vale Verde ocorre das 8h às 12h."", ""veredito"": 1, ""motivo"": ""O contexto especifica que o mutirão ocorre das 8h às 12h.""}, {""afirmacao"": ""O mutirão da Vale Verde acontece no primeiro sábado de cada mês."", ""veredito"": 1, ""motivo"": ""O contexto menciona que o mutirão ocorre no primeiro sábado de cada mês.""}, {""afirmacao"": ""O exemplo dado menciona uma simulação do mutirão."", ""veredito"": 1, ""motivo"": ""O contexto menciona explicitamente que o horário do mutirão é uma simulação.""}, {""afirmacao"": ""Para participar do mutirão, é necessário chegar com um documento com foto."", ""veredito"": 1, ""motivo"": ""O contexto afirma que basta ir ao mutirão com o documento com foto para contratar.""}, {""afirmacao"": ""Não é necessário agendamento para participar do mutirão da Vale Verde."", ""veredito"": 1, ""motivo"": ""O contexto declara que não precisa agendar para participar do mutirão.""}, {""afirmacao"": ""Pessoas sem celular podem sair do mutirão com o cartão de débito solicitado."", ""veredito"": 1, ""motivo"": ""O contexto menciona que quem não tem celular sai com o cartão de débito pedido.""}, {""afirmacao"": ""O mutirão auxilia na abertura de conta corrente."", ""veredito"": 1, ""motivo"": ""O contexto menciona que o mutirão ajuda a abrir a conta, o que pode ser inferido como conta corrente.""}, {""afirmacao"": ""O mutirão auxilia na instalação do aplicativo."", ""veredito"": 1, ""motivo"": ""O contexto afirma que o mutirão auxilia na instalação do aplicativo.""}]"
C02892-0;C02892;EMP006;comunicado;whatsapp;normal;todos;0;sim;[];medido;2;2;0;0;0;1.000000;1.000000;fiel;0.001623;2308;214;;Seu salário na Atlântico Saúde tem conta sem tarifa de manutenção 💳;"[{""afirmacao"": ""O salário na empresa Atlântico Saúde possui uma conta associada."", ""veredito"": 1, ""motivo"": ""O contexto menciona que \""O salário da Atlântico cai numa conta salário sem tarifa de manutenção\"", indicando que existe uma conta associada ao salário.""}, {""afirmacao"": ""A conta associada ao salário na Atlântico Saúde não possui tarifa de manutenção."", ""veredito"": 1, ""motivo"": ""O contexto afirma explicitamente que \""A conta salário sem tarifa de manutenção\"" e \""Sem tarifa de manutenção\"".""}]"
C02892-1;C02892;EMP006;comunicado;whatsapp;normal;todos;1;nao;"[""Pacote de benefícios Atlântico v2 › Conta salário""]";medido;4;4;0;0;0;1.000000;1.000000;fiel;0.001447;1502;376;;Oi, time! A Atlântico Saúde Ltda. tem parceria com o banco parceiro da folha para oferecer uma conta salário sem tarifa de manutenção. A conta é aberta com o cadastro do RH — você não precisa pedir nada. 🙌;"[{""afirmacao"": ""A Atlântico Saúde Ltda. possui uma parceria com um banco parceiro da folha de pagamento."", ""veredito"": 1, ""motivo"": ""O contexto afirma explicitamente que 'O banco é o parceiro da folha de pagamento da empresa.'""}, {""afirmacao"": ""A parceria da Atlântico Saúde Ltda. oferece uma conta salário sem tarifa de manutenção."", ""veredito"": 1, ""motivo"": ""O contexto menciona que a conta salário não possui tarifa de manutenção e é parte do pacote de benefícios da Atlântico.""}, {""afirmacao"": ""A abertura da conta salário ocorre utilizando o cadastro do departamento de Recursos Humanos."", ""veredito"": 1, ""motivo"": ""O contexto afirma que 'A conta é aberta com o cadastro do RH'.""}, {""afirmacao"": ""Os funcionários não precisam solicitar a abertura da conta salário."", ""veredito"": 1, ""motivo"": ""O contexto menciona explicitamente que 'Não precisa pedir: a conta é aberta com o cadastro.'""}]"
C02892-2;C02892;EMP006;comunicado;whatsapp;normal;todos;2;nao;"[""Pacote de benefícios Atlântico v2 › Cartão sem anuidade com condição"", ""Pacote de benefícios Atlântico v2 › Conta corrente para profissionais de saúde""]";medido;7;7;0;0;0;1.000000;1.000000;fiel;0.002166;1806;711;;Além disso, o pacote traz outros benefícios: cartão de crédito sem anuidade gastando a partir de R$ 100 por fatura (simulação) ou com as chaves Pix CPF e celular no Santander, sujeito a análise de crédito. Profissionais com registro no conselho de classe podem ter isenção da tarifa do pacote por 24 meses (simulação). 📋;"[{""afirmacao"": ""O pacote oferece cartão de crédito sem anuidade."", ""veredito"": 1, ""motivo"": ""O contexto menciona explicitamente que o pacote oferece cartão de crédito sem anuidade, desde que cumpridas as condições.""}, {""afirmacao"": ""A isenção da anuidade do cartão de crédito ocorre gastando a partir de R\\(100\\) por fatura em simulação."", ""veredito"": 1, ""motivo"": ""O contexto afirma que a isenção da anuidade ocorre gastando a partir de R\\(100\\) por fatura (simulação).""}, {""afirmacao"": ""A isenção da anuidade do cartão de crédito ocorre ao cadastrar as chaves Pix CPF e celular no Santander."", ""veredito"": 1, ""motivo"": ""O contexto menciona que a isenção da anuidade ocorre ao cadastrar as chaves Pix CPF e celular no Santander.""}, {""afirmacao"": ""A isenção da anuidade do cartão de crédito está sujeita a análise de crédito."", ""veredito"": 1, ""motivo"": ""O contexto afirma explicitamente que a isenção da anuidade está sujeita a análise de crédito.""}, {""afirmacao"": ""Profissionais com registro no conselho de classe podem ter isenção da tarifa do pacote."", ""veredito"": 1, ""motivo"": ""O contexto menciona que o pacote com isenção da tarifa é destinado a profissionais da Atlântico com registro no conselho de classe.""}, {""afirmacao"": ""A isenção da tarifa do pacote para profissionais com registro no conselho de classe dura 24 meses."", ""veredito"": 1, ""motivo"": ""O contexto afirma que a isenção da tarifa do pacote é por 24 meses (simulação).""}, {""afirmacao"": ""A isenção da tarifa do pacote para profissionais com registro no conselho de classe é baseada em simulação."", ""veredito"": 1, ""motivo"": ""O contexto menciona que a isenção da tarifa do pacote por 24 meses é baseada em simulação.""}]"
C02882-0;C02882;EMP006;comunicado;email;normal;todos;0;sim;[];medido;3;2;0;1;0;0.666667;0.666667;em parte;0.001777;2318;304;;Seu salário na Atlântico Saúde agora cai no Santander — veja o que está disponível para você;"[{""afirmacao"": ""O salário de um funcionário será depositado no banco Santander."", ""veredito"": 0, ""motivo"": ""O contexto menciona que o banco é parceiro da folha de pagamento da empresa Atlântico, mas não especifica explicitamente que o salário será depositado no Santander, apenas que há uma conta salário sem tarifa de manutenção."", ""veredito_no_catalogo"": 0, ""motivo_no_catalogo"": ""O contexto menciona que o banco é parceiro da folha de pagamento da empresa Atlântico, mas não especifica explicitamente que o salário será depositado no Santander, apenas que há uma conta salário sem tarifa de manutenção.""}, {""afirmacao"": ""O funcionário pertence à empresa Atlântico Saúde."", ""veredito"": 1, ""motivo"": ""O contexto afirma que a empresa Atlântico Saúde Ltda. assina o material para o próprio time, indicando que o funcionário pertence à Atlântico Saúde.""}, {""afirmacao"": ""Informações sobre benefícios ou serviços disponíveis para o funcionário estão acessíveis."", ""veredito"": 1, ""motivo"": ""O contexto fornece uma página de benefícios da empresa e canais de dúvidas, indicando que as informações sobre benefícios ou serviços estão acessíveis.""}]"
C02882-1;C02882;EMP006;comunicado;email;normal;todos;1;nao;"[""Pacote de benefícios Atlântico v2 › Conta salário""]";medido;7;5;1;1;0;0.714286;0.857143;em parte;0.003298;3480;839;;A Atlântico Saúde Ltda. fechou parceria com o Santander para a folha de pagamento. A partir de agora, seu salário — incluindo os adicionais de plantão — cai numa conta salário sem tarifa de manutenção. A conta é aberta com o cadastro do RH: você não precisa pedir.;"[{""afirmacao"": ""A Atlântico Saúde Ltda. fechou uma parceria com o Santander."", ""veredito"": 0, ""motivo"": ""O contexto menciona que o banco é parceiro da folha de pagamento da empresa, mas não especifica que o banco é o Santander."", ""veredito_no_catalogo"": 0, ""motivo_no_catalogo"": ""O contexto menciona que o banco é parceiro da folha de pagamento da empresa Atlântico, mas não especifica explicitamente que a parceria foi fechada com o Santander, apenas que há uma condição relacionada às chaves Pix no Santander para o cartão sem anuidade.""}, {""afirmacao"": ""A parceria entre a Atlântico Saúde Ltda. e o Santander é para a folha de pagamento."", ""veredito"": 0, ""motivo"": ""O contexto afirma que o banco é parceiro da folha de pagamento, mas não menciona explicitamente que o banco é o Santander."", ""veredito_no_catalogo"": 1, ""motivo_no_catalogo"": ""O contexto afirma explicitamente que 'O banco é o parceiro da folha de pagamento da empresa', confirmando a parceria para a folha de pagamento.""}, {""afirmacao"": ""Os salários dos funcionários da Atlântico Saúde Ltda. serão depositados em uma conta salário."", ""veredito"": 1, ""motivo"": ""O contexto afirma que o salário cai numa conta salário sem tarifa de manutenção.""}, {""afirmacao"": ""A conta salário mencionada não possui tarifa de manutenção."", ""veredito"": 1, ""motivo"": ""O contexto declara explicitamente que a conta salário não tem tarifa de manutenção.""}, {""afirmacao"": ""Os adicionais de plantão dos funcionários da Atlântico Saúde Ltda. também serão depositados na conta salário."", ""veredito"": 1, ""motivo"": ""O contexto menciona que a conta recebe o salário no dia do pagamento, inclusive os adicionais de plantão.""}, {""afirmacao"": ""A conta salário é aberta utilizando o cadastro do RH da Atlântico Saúde Ltda."", ""veredito"": 1, ""motivo"": ""O contexto afirma que a conta é aberta com o cadastro do RH.""}, {""afirmacao"": ""Os funcionários da Atlântico Saúde Ltda. não precisam solicitar a abertura da conta salário."", ""veredito"": 1, ""motivo"": ""O contexto menciona que não precisa pedir, a conta é aberta com o cadastro.""}]"
C02882-2;C02882;EMP006;comunicado;email;normal;todos;2;nao;"[""Pacote de benefícios Atlântico v2 › Conta salário""]";medido;3;3;0;0;0;1.000000;1.000000;fiel;0.001198;1444;245;;Vale reforçar: a conta salário não tem tarifa de manutenção e a portabilidade também é sem custo. Todo o time Atlântico com cadastro aprovado pelo banco tem acesso a ela.;"[{""afirmacao"": ""A conta salário não possui tarifa de manutenção."", ""veredito"": 1, ""motivo"": ""O contexto afirma explicitamente que a conta salário da Atlântico não tem tarifa de manutenção.""}, {""afirmacao"": ""A portabilidade da conta salário é sem custo."", ""veredito"": 1, ""motivo"": ""O contexto menciona que a portabilidade da conta salário é sem custo.""}, {""afirmacao"": ""O time Atlântico com cadastro aprovado pelo banco tem acesso à conta salário."", ""veredito"": 1, ""motivo"": ""O contexto declara que todo o time Atlântico com cadastro aprovado pelo banco pode usar a conta salário.""}]"
C02882-3;C02882;EMP006;comunicado;email;normal;todos;3;nao;"[""Pacote de benefícios Atlântico v2 › Conta corrente para profissionais de saúde""]";medido;11;11;0;0;0;1.000000;1.000000;fiel;0.002473;1685;937;;Se você é profissional de saúde com registro no conselho de classe e o salário creditado na conta, pode migrar para o pacote pensado para quem trabalha em plantão. Ele inclui transferências, saques e Pix sem limite de horário, com isenção da tarifa do pacote por 24 meses (simulação). Depois desse período, vale a tarifa informada na abertura. Para contratar, abra o aplicativo e escolha o pacote para profissionais de saúde.;"[{""afirmacao"": ""Profissionais de saúde com registro no conselho de classe podem migrar para um pacote específico."", ""veredito"": 1, ""motivo"": ""O contexto afirma que o pacote é destinado a profissionais da Atlântico com registro no conselho de classe, indicando que eles podem migrar para esse pacote.""}, {""afirmacao"": ""O pacote específico é pensado para quem trabalha em plantão."", ""veredito"": 1, ""motivo"": ""O contexto menciona explicitamente que o pacote é \""pensado para quem trabalha em plantão\"".""}, {""afirmacao"": ""O salário do profissional de saúde deve ser creditado na conta para permitir a migração."", ""veredito"": 1, ""motivo"": ""O contexto afirma que o pacote é para \""profissionais da Atlântico com registro no conselho de classe e o salário creditado na conta\"".""}, {""afirmacao"": ""O pacote inclui transferências sem limite de horário."", ""veredito"": 1, ""motivo"": ""O contexto menciona que o pacote inclui \""transferências [...] sem limite de horário\"".""}, {""afirmacao"": ""O pacote inclui saques sem limite de horário."", ""veredito"": 1, ""motivo"": ""O contexto menciona que o pacote inclui \""saques [...] sem limite de horário\"".""}, {""afirmacao"": ""O pacote inclui Pix sem limite de horário."", ""veredito"": 1, ""motivo"": ""O contexto menciona que o pacote inclui \""Pix sem limite de horário\"".""}, {""afirmacao"": ""O pacote oferece isenção da tarifa por 24 meses."", ""veredito"": 1, ""motivo"": ""O contexto afirma que há \""isenção da tarifa do pacote por 24 meses (simulação)\"".""}, {""afirmacao"": ""A isenção da tarifa é referente a uma simulação."", ""veredito"": 1, ""motivo"": ""O contexto menciona explicitamente que a isenção da tarifa por 24 meses é \""(simulação)\"".""}, {""afirmacao"": ""Após o período de 24 meses, a tarifa informada na abertura do pacote passa a valer."", ""veredito"": 1, ""motivo"": ""O contexto afirma que \""Depois, vale a tarifa informada na abertura\"".""}, {""afirmacao"": ""Para contratar o pacote, o profissional de saúde deve abrir o aplicativo."", ""veredito"": 1, ""motivo"": ""O contexto menciona que a contratação é feita \""No aplicativo\"", mas não especifica explicitamente que o profissional deve abri-lo, embora seja uma inferência direta.""}, {""afirmacao"": ""No aplicativo, o profissional de saúde deve escolher o pacote para profissionais de saúde."", ""veredito"": 1, ""motivo"": ""O contexto afirma explicitamente que a contratação é feita \""No aplicativo, escolhendo o pacote para profissionais de saúde\"".""}]"
C02882-4;C02882;EMP006;comunicado;email;normal;todos;4;nao;"[""Pacote de benefícios Atlântico v2 › Cartão sem anuidade com condição""]";medido;9;8;1;0;0;0.888889;1.000000;em parte;0.003556;3540;975;;"Com a conta corrente, você também pode solicitar o cartão de crédito. Sem anuidade gastando a partir de R$ 100 por fatura (simulação) ou com as chaves Pix CPF e celular no Santander — a cada mês em que a condição é cumprida, a anuidade daquele mês não é cobrada. Sujeito a análise de crédito. Para solicitar, acesse o aplicativo em ""Cartões"".";"[{""afirmacao"": ""A conta corrente permite solicitar um cartão de crédito."", ""veredito"": 0, ""motivo"": ""O contexto menciona que o cartão é destinado a funcionários da Atlântico com conta corrente, mas não afirma explicitamente que a conta corrente permite solicitar o cartão, apenas que é um requisito."", ""veredito_no_catalogo"": 1, ""motivo_no_catalogo"": ""O contexto menciona que o cartão de crédito sem anuidade está disponível para funcionários da Atlântico com conta corrente, sujeito a análise de crédito, o que implica que a conta corrente permite solicitar um cartão de crédito.""}, {""afirmacao"": ""O cartão de crédito pode ser obtido sem cobrança de anuidade."", ""veredito"": 1, ""motivo"": ""O contexto afirma que o cartão é sem anuidade desde que cumpridas as condições (gasto mínimo ou chaves Pix).""}, {""afirmacao"": ""A isenção de anuidade ocorre ao gastar a partir de R$ 100 por fatura."", ""veredito"": 1, ""motivo"": ""O contexto afirma que a isenção de anuidade ocorre ao gastar a partir de R$ 100 por fatura ou cadastrando chaves Pix.""}, {""afirmacao"": ""A simulação indica o valor mínimo de R$ 100 por fatura para isenção de anuidade."", ""veredito"": 1, ""motivo"": ""O contexto menciona explicitamente que a simulação indica um valor mínimo de R$ 100 por fatura para isenção de anuidade.""}, {""afirmacao"": ""A isenção de anuidade também ocorre ao cadastrar as chaves Pix CPF e celular no Santander."", ""veredito"": 1, ""motivo"": ""O contexto afirma que a isenção de anuidade ocorre ao cadastrar as chaves Pix CPF e celular no Santander.""}, {""afirmacao"": ""A condição para isenção de anuidade deve ser cumprida a cada mês."", ""veredito"": 1, ""motivo"": ""O contexto afirma que \""A cada mês em que a condição é cumprida, a anuidade daquele mês não é cobrada.\""""}, {""afirmacao"": ""Se a condição para isenção de anuidade for cumprida, a anuidade daquele mês não será cobrada."", ""veredito"": 1, ""motivo"": ""O contexto afirma explicitamente que \""A cada mês em que a condição é cumprida, a anuidade daquele mês não é cobrada.\""""}, {""afirmacao"": ""A obtenção do cartão de crédito está sujeita à análise de crédito."", ""veredito"": 1, ""motivo"": ""O contexto menciona duas vezes que a obtenção do cartão está sujeita à análise de crédito.""}, {""afirmacao"": ""Para solicitar o cartão de crédito, o acesso deve ser feito pelo aplicativo na seção \""Cartões\""."", ""veredito"": 1, ""motivo"": ""O contexto afirma que a contratação é feita no aplicativo, em \""Cartões\"".""}]"
C02882-5;C02882;EMP006;comunicado;email;normal;todos;5;nao;"[""Pacote de benefícios Atlântico v2 › Crédito consignado"", ""Pacote de benefícios Atlântico v2 › Previdência privada"", ""Pacote de benefícios Atlântico v2 › Seguro para o celular""]";medido;28;25;1;2;0;0.892857;0.928571;em parte;0.006576;4390;2522;;"Outros benefícios disponíveis para o time Atlântico com conta corrente:

— Crédito consignado: crédito com taxa negociada para a Atlântico, com parcelas descontadas direto na folha de até 35% do salário líquido (simulação). Sujeito a análise de crédito e à margem consignável. Consulte o Custo Efetivo Total (CET) antes de contratar. Disponível pelo aplicativo ou com o gerente dedicado.

— Previdência privada: reserva para a aposentadoria com aporte a partir de R$ 50 por mês (simulação). Você escolhe o plano (PGBL ou VGBL), o valor e o fundo; o débito é automático todo mês. Consulte o regulamento e as taxas. Disponível em ""Previdência"" no aplicativo ou com o gerente dedicado.

— Seguro para o celular: proteção contra roubo e quebra acidental, com franquia de 20% do valor do aparelho (simulação). Válido para celulares de até 2 anos de uso (simulação). Consulte as condições gerais antes de contratar. Disponível em ""Seguros"" no aplicativo, opção celular.";"[{""afirmacao"": ""O time Atlântico possui benefícios disponíveis para quem tem conta corrente."", ""veredito"": 0, ""motivo"": ""O contexto menciona que alguns benefícios, como previdência privada e seguro para o celular, exigem conta corrente, mas não especifica que todos os benefícios estão disponíveis apenas para quem tem conta corrente."", ""veredito_no_catalogo"": 1, ""motivo_no_catalogo"": ""O contexto menciona vários benefícios disponíveis para funcionários da Atlântico, muitos dos quais exigem conta corrente, como o cartão sem anuidade, previdência privada e seguro para o celular.""}, {""afirmacao"": ""Um dos benefícios é o crédito consignado."", ""veredito"": 1, ""motivo"": ""O contexto lista explicitamente o crédito consignado como um dos benefícios oferecidos.""}, {""afirmacao"": ""O crédito consignado possui taxa negociada para o time Atlântico."", ""veredito"": 1, ""motivo"": ""O contexto afirma que o crédito consignado tem \""taxa negociada para a Atlântico\"".""}, {""afirmacao"": ""As parcelas do crédito consignado são descontadas diretamente na folha de pagamento."", ""veredito"": 1, ""motivo"": ""O contexto explica que \""As parcelas saem direto do salário, todo mês\"", referindo-se à folha de pagamento.""}, {""afirmacao"": ""O desconto das parcelas do crédito consignado pode ser de até 35% do salário líquido."", ""veredito"": 1, ""motivo"": ""O contexto menciona \""Parcelas de até 35% do salário líquido (simulação)\"".""}, {""afirmacao"": ""A simulação do crédito consignado está sujeita a análise de crédito."", ""veredito"": 0, ""motivo"": ""O contexto afirma que o crédito consignado está \""Sujeito a análise de crédito\"", mas não especifica se a simulação está sujeita a essa análise."", ""veredito_no_catalogo"": 0, ""motivo_no_catalogo"": ""O contexto afirma explicitamente que o crédito consignado está sujeito a análise de crédito, mas não menciona que a simulação em si está sujeita a essa análise.""}, {""afirmacao"": ""A simulação do crédito consignado está sujeita à margem consignável."", ""veredito"": 0, ""motivo"": ""O contexto não menciona que a simulação está sujeita à margem consignável, apenas que o benefício em si está."", ""veredito_no_catalogo"": 0, ""motivo_no_catalogo"": ""O contexto menciona que o crédito consignado está sujeito à margem consignável, mas não especifica que a simulação está sujeita a essa condição.""}, {""afirmacao"": ""O Custo Efetivo Total (CET) deve ser consultado antes de contratar o crédito consignado."", ""veredito"": 1, ""motivo"": ""O contexto afirma explicitamente \""Consulte o Custo Efetivo Total (CET) antes de contratar\"".""}, {""afirmacao"": ""O crédito consignado está disponível pelo aplicativo."", ""veredito"": 1, ""motivo"": ""O contexto menciona que o crédito consignado pode ser contratado \""Pelo aplicativo\"".""}, {""afirmacao"": ""O crédito consignado está disponível com o gerente dedicado."", ""veredito"": 1, ""motivo"": ""O contexto menciona que o crédito consignado pode ser contratado \""com o gerente dedicado da empresa\"".""}, {""afirmacao"": ""Outro benefício é a previdência privada."", ""veredito"": 1, ""motivo"": ""O contexto lista explicitamente a previdência privada como um dos benefícios oferecidos.""}, {""afirmacao"": ""A previdência privada é uma reserva para a aposentadoria."", ""veredito"": 1, ""motivo"": ""O contexto descreve a previdência privada como \""Uma reserva para a aposentadoria\"".""}, {""afirmacao"": ""O aporte inicial para a previdência privada é a partir de R$ 50 por mês."", ""veredito"": 1, ""motivo"": ""O contexto menciona \""Aporte a partir de R$ 50 por mês (simulação)\"".""}, {""afirmacao"": ""O cliente escolhe o plano de previdência privada, podendo ser PGBL ou VGBL."", ""veredito"": 1, ""motivo"": ""O contexto afirma que \""Você escolhe o plano (PGBL ou VGBL)\"".""}, {""afirmacao"": ""O cliente escolhe o valor do aporte para a previdência privada."", ""veredito"": 1, ""motivo"": ""O contexto menciona que \""Você escolhe [...] o valor\"" para a previdência privada.""}, {""afirmacao"": ""O cliente escolhe o fundo para a previdência privada."", ""veredito"": 1, ""motivo"": ""O contexto afirma que \""Você escolhe [...] o fundo\"" para a previdência privada.""}, {""afirmacao"": ""O débito da previdência privada é automático todo mês."", ""veredito"": 1, ""motivo"": ""O contexto menciona que o valor da previdência privada \""é debitado todo mês\"" automaticamente.""}, {""afirmacao"": ""O regulamento da previdência privada deve ser consultado."", ""veredito"": 1, ""motivo"": ""O contexto afirma \""Consulte o regulamento e as taxas\"" para a previdência privada.""}, {""afirmacao"": ""As taxas da previdência privada devem ser consultadas."", ""veredito"": 1, ""motivo"": ""O contexto afirma \""Consulte o regulamento e as taxas\"" para a previdência privada.""}, {""afirmacao"": ""A previdência privada está disponível na seção \""Previdência\"" no aplicativo."", ""veredito"": 1, ""motivo"": ""O contexto menciona que a previdência privada pode ser contratada \""No aplicativo, em 'Previdência'\"".""}, {""afirmacao"": ""A previdência privada está disponível com o gerente dedicado."", ""veredito"": 1, ""motivo"": ""O contexto menciona que a previdência privada pode ser contratada \""com o gerente dedicado da empresa\"".""}, {""afirmacao"": ""Outro benefício é o seguro para o celular."", ""veredito"": 1, ""motivo"": ""O contexto lista explicitamente o seguro para o celular como um dos benefícios oferecidos.""}, {""afirmacao"": ""O seguro para o celular oferece proteção contra roubo."", ""veredito"": 1, ""motivo"": ""O contexto afirma que o seguro para o celular oferece \""Proteção contra roubo\"".""}, {""afirmacao"": ""O seguro para o celular oferece proteção contra quebra acidental."", ""veredito"": 1, ""motivo"": ""O contexto afirma que o seguro para o celular oferece \""Proteção contra [...] quebra acidental\"".""}, {""afirmacao"": ""O seguro para o celular possui franquia de 20% do valor do aparelho."", ""veredito"": 1, ""motivo"": ""O contexto menciona \""Franquia de 20% do valor do aparelho (simulação)\"".""}, {""afirmacao"": ""O seguro para o celular é válido para aparelhos com até 2 anos de uso."", ""veredito"": 1, ""motivo"": ""O contexto afirma que o seguro é válido para \""celular de até 2 anos de uso (simulação)\"".""}, {""afirmacao"": ""As condições gerais do seguro para o celular devem ser consultadas antes de contratar."", ""veredito"": 1, ""motivo"": ""O contexto afirma \""Consulte as condições gerais antes de contratar\"" para o seguro para o celular.""}, {""afirmacao"": ""O seguro para o celular está disponível na seção \""Seguros\"" no aplicativo, opção celular."", ""veredito"": 1, ""motivo"": ""O contexto menciona que o seguro para o celular pode ser contratado \""No aplicativo, em 'Seguros', opção celular\"".""}]"
C01868-0;C01868;EMP004;comunicado;mural;fora_do_catalogo;todos;0;sim;[];medido;2;1;0;1;0;0.500000;0.500000;em parte;0.001680;2457;199;;Conheça os benefícios financeiros que a Vale Verde preparou para você;"[{""afirmacao"": ""A Vale Verde preparou benefícios financeiros."", ""veredito"": 1, ""motivo"": ""O contexto menciona um 'Pacote de benefícios Vale Verde v2', indicando que a Vale Verde oferece diversos benefícios financeiros aos seus funcionários.""}, {""afirmacao"": ""Os benefícios financeiros preparados pela Vale Verde são destinados ao interlocutor."", ""veredito"": 0, ""motivo"": ""O contexto especifica que os benefícios são destinados aos 'funcionários da Vale Verde' e não ao interlocutor, que é mencionado como o público para quem o material foi assinado pela empresa."", ""veredito_no_catalogo"": 0, ""motivo_no_catalogo"": ""O contexto especifica que os benefícios são destinados aos 'funcionários da Vale Verde' e não ao interlocutor, que é mencionado como o público para quem o material foi assinado pela empresa.""}]"
C01868-1;C01868;EMP004;comunicado;mural;fora_do_catalogo;todos;1;nao;"[""Pacote de benefícios Vale Verde v2 › Conta salário""]";medido;4;2;0;2;0;0.500000;0.500000;em parte;0.002929;3535;597;;🎉 A Vale Verde fechou parceria com o banco parceiro da folha de pagamento para oferecer benefícios financeiros a todo o time. Veja o que está disponível para você.;"[{""afirmacao"": ""A Vale Verde fechou uma parceria com o banco parceiro da folha de pagamento."", ""veredito"": 0, ""motivo"": ""O contexto menciona que o banco é o parceiro da folha de pagamento da empresa, mas não afirma explicitamente que a parceria foi recentemente fechada."", ""veredito_no_catalogo"": 0, ""motivo_no_catalogo"": ""O contexto menciona que o banco é o parceiro da folha de pagamento da empresa, mas não afirma explicitamente que a Vale Verde fechou uma parceria recente ou específica.""}, {""afirmacao"": ""A parceria entre a Vale Verde e o banco tem o objetivo de oferecer benefícios financeiros."", ""veredito"": 1, ""motivo"": ""O contexto descreve benefícios como conta salário sem tarifa de manutenção e portabilidade sem custo, o que indica que a parceria visa oferecer benefícios financeiros.""}, {""afirmacao"": ""Os benefícios financeiros são oferecidos a todo o time da Vale Verde."", ""veredito"": 0, ""motivo"": ""O contexto afirma que todos os funcionários da Vale Verde com cadastro aprovado pelo banco podem usar os benefícios, mas não especifica se isso inclui todo o time ou apenas aqueles com cadastro aprovado."", ""veredito_no_catalogo"": 0, ""motivo_no_catalogo"": ""O contexto afirma que os benefícios são destinados aos funcionários da Vale Verde, mas alguns benefícios têm restrições (ex.: análise de crédito, cadastro aprovado, faixa etária). Portanto, não é possível inferir que TODOS os funcionários têm acesso a TODOS os benefícios.""}, {""afirmacao"": ""Há informações disponíveis sobre os benefícios financeiros para os membros do time."", ""veredito"": 1, ""motivo"": ""O contexto fornece detalhes sobre os benefícios financeiros oferecidos, como conta salário e portabilidade sem custo.""}]"
C01868-2;C01868;EMP004;comunicado;mural;fora_do_catalogo;todos;2;nao;"[""Pacote de benefícios Vale Verde v2 › Conta salário""]";medido;7;7;0;0;0;1.000000;1.000000;fiel;0.001646;1505;496;;💳 Seu salário cai numa conta salário sem tarifa de manutenção, com cartão de débito para sacar e pagar. A conta é aberta com o cadastro do RH — você não precisa pedir.;"[{""afirmacao"": ""O salário é depositado em uma conta salário."", ""veredito"": 1, ""motivo"": ""O contexto afirma que \""O salário da Vale Verde cai numa conta salário\"".""}, {""afirmacao"": ""A conta salário não possui tarifa de manutenção."", ""veredito"": 1, ""motivo"": ""O contexto menciona explicitamente \""Sem tarifa de manutenção\"".""}, {""afirmacao"": ""A conta salário inclui um cartão de débito."", ""veredito"": 1, ""motivo"": ""O contexto afirma que a conta salário vem \""com cartão de débito para sacar e pagar\"".""}, {""afirmacao"": ""O cartão de débito permite realizar saques."", ""veredito"": 1, ""motivo"": ""O contexto menciona que o cartão de débito pode ser usado \""para sacar\"".""}, {""afirmacao"": ""O cartão de débito permite realizar pagamentos."", ""veredito"": 1, ""motivo"": ""O contexto menciona que o cartão de débito pode ser usado \""para pagar\"".""}, {""afirmacao"": ""A abertura da conta ocorre por meio do cadastro do RH."", ""veredito"": 1, ""motivo"": ""O contexto afirma que \""A conta é aberta com o cadastro do RH\"".""}, {""afirmacao"": ""O funcionário não precisa solicitar a abertura da conta."", ""veredito"": 1, ""motivo"": ""O contexto afirma que \""Não precisa pedir: a conta é aberta com o cadastro do RH\"".""}]"
C01868-3;C01868;EMP004;comunicado;mural;fora_do_catalogo;todos;3;nao;"[""Pacote de benefícios Vale Verde v2 › Conta corrente com pacote Folha Essencial""]";medido;4;4;0;0;0;1.000000;1.000000;fiel;0.001510;1527;406;;📦 Quem abrir uma conta corrente com o salário creditado nela conta com isenção da tarifa do pacote Folha Essencial por 12 meses (simulação). Depois desse período, vale a tarifa informada na abertura.;"[{""afirmacao"": ""A abertura de uma conta corrente com o salário creditado nela oferece isenção da tarifa do pacote Folha Essencial."", ""veredito"": 1, ""motivo"": ""O contexto afirma que funcionários da Vale Verde que abrirem conta corrente com o salário creditado nela têm isenção da tarifa do pacote Folha Essencial.""}, {""afirmacao"": ""A isenção da tarifa do pacote Folha Essencial dura 12 meses."", ""veredito"": 1, ""motivo"": ""O contexto menciona explicitamente que há isenção da tarifa do pacote por 12 meses.""}, {""afirmacao"": ""A isenção da tarifa do pacote Folha Essencial é aplicada em uma simulação."", ""veredito"": 1, ""motivo"": ""O contexto especifica que a isenção da tarifa por 12 meses é uma simulação.""}, {""afirmacao"": ""Após o período de 12 meses, a tarifa informada na abertura da conta corrente passa a valer."", ""veredito"": 1, ""motivo"": ""O contexto afirma que após os 12 meses de isenção, vale a tarifa informada na abertura.""}]"
C01868-4;C01868;EMP004;comunicado;mural;fora_do_catalogo;todos;4;nao;"[""Pacote de benefícios Vale Verde v2 › Reserva de emergência""]";medido;4;4;0;0;0;1.000000;1.000000;fiel;0.001382;1475;346;;💰 Dá para separar a partir de R$ 10 por mês (simulação) numa aplicação com resgate em qualquer dia útil — uma forma de montar uma reserva para os imprevistos. Rentabilidade passada não garante rentabilidade futura.;"[{""afirmacao"": ""O trecho menciona a possibilidade de separar valores a partir de 10 reais por mês em uma simulação."", ""veredito"": 1, ""motivo"": ""O contexto afirma explicitamente que é possível separar valores a partir de R$ 10 por mês, mencionando \""simulação\"".""}, {""afirmacao"": ""A aplicação permite resgate em qualquer dia útil."", ""veredito"": 1, ""motivo"": ""O contexto menciona que a aplicação tem \""resgate em qualquer dia útil\"".""}, {""afirmacao"": ""A aplicação é uma forma de montar uma reserva para imprevistos."", ""veredito"": 1, ""motivo"": ""O contexto descreve a aplicação como uma forma de \""separar um pouco do salário todo mês numa aplicação [...] para os imprevistos\"".""}, {""afirmacao"": ""A rentabilidade passada de uma aplicação não garante rentabilidade futura."", ""veredito"": 1, ""motivo"": ""O contexto afirma explicitamente que \""Rentabilidade passada não garante rentabilidade futura\"".""}]"
C01868-5;C01868;EMP004;comunicado;mural;fora_do_catalogo;todos;5;nao;"[""Pacote de benefícios Vale Verde v2 › Crédito consignado""]";medido;6;6;0;0;0;1.000000;1.000000;fiel;0.001780;1584;551;;📋 O crédito consignado tem taxa negociada para a Vale Verde e parcelas descontadas direto na folha — de até 35% do salário líquido (simulação). Sujeito a análise de crédito. Consulte o Custo Efetivo Total (CET) antes de contratar.;"[{""afirmacao"": ""O crédito consignado possui taxa negociada para a Vale Verde."", ""veredito"": 1, ""motivo"": ""O contexto afirma explicitamente que o crédito possui taxa negociada para a Vale Verde.""}, {""afirmacao"": ""As parcelas do crédito consignado são descontadas diretamente na folha de pagamento."", ""veredito"": 1, ""motivo"": ""O contexto menciona que as parcelas saem direto do salário, todo mês, o que equivale a desconto na folha de pagamento.""}, {""afirmacao"": ""O desconto das parcelas do crédito consignado pode ser de até 35% do salário líquido."", ""veredito"": 1, ""motivo"": ""O contexto afirma que as parcelas podem ser de até 35% do salário líquido (simulação), indicando um limite possível.""}, {""afirmacao"": ""A informação sobre o desconto de até 35% do salário líquido é uma simulação."", ""veredito"": 1, ""motivo"": ""O contexto especifica que o desconto de até 35% do salário líquido é uma simulação.""}, {""afirmacao"": ""A concessão do crédito consignado está sujeita à análise de crédito."", ""veredito"": 1, ""motivo"": ""O contexto menciona duas vezes que a concessão do crédito está sujeita à análise de crédito.""}, {""afirmacao"": ""É recomendado consultar o Custo Efetivo Total (CET) antes de contratar o crédito consignado."", ""veredito"": 1, ""motivo"": ""O contexto afirma explicitamente que é necessário consultar o Custo Efetivo Total (CET) antes de contratar.""}]"
C01868-6;C01868;EMP004;comunicado;mural;fora_do_catalogo;todos;6;nao;"[""Pacote de benefícios Vale Verde v2 › Seguro de vida com preço de grupo""]";medido;8;8;0;0;0;1.000000;1.000000;fiel;0.001970;1592;663;;🛡️ Também há seguro de vida com mensalidade a partir de R$ 6,90 (simulação), oferecido por seguradora parceira. Disponível para quem tem conta corrente, de 18 a 65 anos (simulação). Consulte as condições gerais antes de contratar.;"[{""afirmacao"": ""O trecho menciona a existência de um seguro de vida."", ""veredito"": 1, ""motivo"": ""O contexto explicitamente menciona um \""Seguro de vida com preço de grupo\"" como parte do pacote de benefícios.""}, {""afirmacao"": ""O seguro de vida possui mensalidade a partir de R$ 6,90."", ""veredito"": 1, ""motivo"": ""O contexto afirma que a \""Mensalidade a partir de R$ 6,90 (simulação)\"".""}, {""afirmacao"": ""O valor de R$ 6,90 é baseado em uma simulação."", ""veredito"": 1, ""motivo"": ""O contexto indica que o valor de R$ 6,90 é uma simulação.""}, {""afirmacao"": ""O seguro de vida é oferecido por uma seguradora parceira."", ""veredito"": 1, ""motivo"": ""O contexto menciona que o \""Seguro oferecido por seguradora parceira\"".""}, {""afirmacao"": ""O seguro de vida está disponível para pessoas que possuem conta corrente."", ""veredito"": 1, ""motivo"": ""O contexto afirma que \""Funcionários da Vale Verde com conta corrente\"" podem usar o seguro.""}, {""afirmacao"": ""O seguro de vida está disponível para pessoas com idade entre 18 e 65 anos."", ""veredito"": 1, ""motivo"": ""O contexto menciona que o seguro está disponível para funcionários \""de 18 a 65 anos (simulação)\"".""}, {""afirmacao"": ""A disponibilidade para idade entre 18 e 65 anos é baseada em uma simulação."", ""veredito"": 1, ""motivo"": ""O contexto indica que a faixa etária de 18 a 65 anos é uma simulação.""}, {""afirmacao"": ""As condições gerais do seguro de vida devem ser consultadas antes da contratação."", ""veredito"": 1, ""motivo"": ""O contexto afirma \""Consulte as condições gerais antes de contratar\"".""}]"
C01868-7;C01868;EMP004;comunicado;mural;fora_do_catalogo;todos;7;nao;"[""Pacote de benefícios Vale Verde v2 › Abertura de conta assistida na empresa""]";medido;8;7;1;0;0;0.875000;1.000000;em parte;0.003192;3614;730;;📅 Todo primeiro sábado do mês (simulação), há um mutirão na sede da Vale Verde, das 8h às 12h, com atendentes do banco para ajudar a abrir a conta, instalar o aplicativo e criar a senha. Basta trazer um documento com foto — sem agendamento.;"[{""afirmacao"": ""Todo primeiro sábado do mês ocorre um mutirão na sede da Vale Verde."", ""veredito"": 0, ""motivo"": ""O contexto menciona que o mutirão ocorre no primeiro sábado de cada mês, mas especifica que é uma simulação, não confirmando explicitamente que ocorre todo mês sem exceção."", ""veredito_no_catalogo"": 1, ""motivo_no_catalogo"": ""O contexto menciona explicitamente que o mutirão ocorre no primeiro sábado de cada mês na sede da Vale Verde, conforme descrito no benefício de abertura de conta assistida.""}, {""afirmacao"": ""O mutirão na sede da Vale Verde acontece das 8h às 12h."", ""veredito"": 1, ""motivo"": ""O contexto afirma explicitamente que o mutirão ocorre das 8h às 12h.""}, {""afirmacao"": ""Atendentes do banco participam do mutirão na sede da Vale Verde."", ""veredito"": 1, ""motivo"": ""O contexto menciona que há atendentes do banco no mutirão para ajudar na abertura de conta e outras atividades.""}, {""afirmacao"": ""Os atendentes do banco ajudam a abrir contas durante o mutirão."", ""veredito"": 1, ""motivo"": ""O contexto afirma que os atendentes do banco ajudam a abrir a conta durante o mutirão.""}, {""afirmacao"": ""Os atendentes do banco auxiliam na instalação do aplicativo durante o mutirão."", ""veredito"": 1, ""motivo"": ""O contexto menciona que os atendentes do banco ajudam a instalar o aplicativo durante o mutirão.""}, {""afirmacao"": ""Os atendentes do banco ajudam a criar senhas durante o mutirão."", ""veredito"": 1, ""motivo"": ""O contexto afirma que os atendentes do banco ajudam a criar a senha com segurança durante o mutirão.""}, {""afirmacao"": ""Para participar do mutirão, é necessário levar um documento com foto."", ""veredito"": 1, ""motivo"": ""O contexto afirma explicitamente que basta ir ao mutirão com o documento com foto.""}, {""afirmacao"": ""Não é necessário agendamento para participar do mutirão."", ""veredito"": 1, ""motivo"": ""O contexto menciona explicitamente que não precisa agendar para participar do mutirão.""}]"
C01378-0;C01378;EMP003;lembrete_conta;whatsapp;fora_do_catalogo;todos;0;sim;[];medido;3;1;0;2;0;0.333333;0.333333;em parte;0.001710;2386;241;;Seu salário já tem casa — e vem com benefícios 🏠;"[{""afirmacao"": ""O trecho do material menciona o salário."", ""veredito"": 1, ""motivo"": ""O contexto menciona explicitamente o salário em vários pontos, como na conta salário, portabilidade de salário e programa de relacionamento por passos.""}, {""afirmacao"": ""O salário inclui uma casa como parte dos valores recebidos."", ""veredito"": 0, ""motivo"": ""Não há nenhuma menção a casa ou benefícios relacionados a moradia no contexto fornecido."", ""veredito_no_catalogo"": 0, ""motivo_no_catalogo"": ""Não há nenhuma menção a casa ou benefícios relacionados a moradia no contexto fornecido.""}, {""afirmacao"": ""A casa mencionada vem acompanhada de benefícios adicionais."", ""veredito"": 0, ""motivo"": ""Não há qualquer menção a casa no contexto, portanto não é possível inferir benefícios adicionais relacionados a ela."", ""veredito_no_catalogo"": 0, ""motivo_no_catalogo"": ""Não há qualquer menção a casa no contexto, portanto não é possível inferir benefícios adicionais relacionados a ela.""}]"
C01378-1;C01378;EMP003;lembrete_conta;whatsapp;fora_do_catalogo;todos;1;nao;"[""Pacote de benefícios Brisa v2 › Conta salário"", ""Pacote de benefícios Brisa v2 › Portabilidade de salário""]";medido;7;5;1;1;0;0.714286;0.857143;em parte;0.003157;3613;709;;Oi, time Brisa! Seu salário cai no Santander, banco parceiro da nossa folha. A conta salário é aberta automaticamente com o cadastro do Time de Pessoas — sem tarifa de manutenção e com portabilidade sem custo, se você quiser levar o salário para outro banco depois. 💸;"[{""afirmacao"": ""O trecho do material menciona o time Brisa."", ""veredito"": 1, ""motivo"": ""O contexto menciona explicitamente o \""time Brisa\"" várias vezes.""}, {""afirmacao"": ""O salário do time Brisa é depositado no banco Santander."", ""veredito"": 0, ""motivo"": ""O contexto não menciona o banco Santander, apenas refere-se a um \""banco parceiro da folha de pagamento\""."", ""veredito_no_catalogo"": 0, ""motivo_no_catalogo"": ""O contexto menciona que a conta salário recebe o salário no dia do pagamento e que a portabilidade de salário pode ser feita para qualquer banco, mas não afirma explicitamente que o salário é depositado no Santander por padrão.""}, {""afirmacao"": ""O banco Santander é parceiro da folha de pagamento do time Brisa."", ""veredito"": 0, ""motivo"": ""O contexto menciona um \""banco parceiro da folha de pagamento\"", mas não especifica que seja o Santander."", ""veredito_no_catalogo"": 1, ""motivo_no_catalogo"": ""O contexto afirma explicitamente no final que 'O banco é o parceiro da folha de pagamento da empresa'.""}, {""afirmacao"": ""A conta salário é aberta automaticamente durante o cadastro realizado pelo Time de Pessoas."", ""veredito"": 1, ""motivo"": ""O contexto afirma que \""a conta salário é aberta com o cadastro\"" realizado pelo Time de Pessoas.""}, {""afirmacao"": ""A conta salário não possui tarifa de manutenção."", ""veredito"": 1, ""motivo"": ""O contexto menciona explicitamente que a conta salário \""não tem tarifa de manutenção\"".""}, {""afirmacao"": ""A portabilidade do salário para outro banco é possível sem custo."", ""veredito"": 1, ""motivo"": ""O contexto afirma que a portabilidade de salário é \""sem custo\"".""}, {""afirmacao"": ""A portabilidade do salário depende da vontade do funcionário."", ""veredito"": 1, ""motivo"": ""O contexto menciona que \""seu salário vai para onde você quiser\"", indicando que depende da vontade do funcionário.""}]"
C01378-2;C01378;EMP003;lembrete_conta;whatsapp;fora_do_catalogo;todos;2;nao;"[""Pacote de benefícios Brisa v2 › Conta digital"", ""Pacote de benefícios Brisa v2 › Cartão sem anuidade com Pix"", ""Pacote de benefícios Brisa v2 › Investimentos""]";medido;14;12;1;1;0;0.857143;0.928571;em parte;0.004703;4087;1488;;"Quem abre a conta digital pelo aplicativo Santander aproveita mais: isenção da tarifa do pacote digital por 18 meses (simulação), cartão de crédito sem anuidade enquanto cadastrar CPF e celular como chaves Pix no Santander ou gastar a partir de R$ 100 por fatura (simulação) — sujeito a análise de crédito — e CDB a partir de R$ 1 (simulação), com rendimento de 100% do CDI (simulação). Rentabilidade passada não garante rentabilidade futura; leia a lâmina antes de investir. 📲";"[{""afirmacao"": ""Clientes que abrem uma conta digital pelo aplicativo Santander recebem benefícios adicionais."", ""veredito"": 0, ""motivo"": ""O contexto menciona benefícios específicos para funcionários da Brisa que abrem conta digital, mas não generaliza para \""clientes\"" em geral."", ""veredito_no_catalogo"": 1, ""motivo_no_catalogo"": ""O contexto menciona que funcionários da Brisa com conta digital têm acesso a benefícios como isenção de tarifa por 18 meses, investimentos, programa de relacionamento por passos e trilha de educação financeira. Embora não seja explícito para 'clientes' em geral, o contexto sugere que a conta digital oferece benefícios adicionais para o público-alvo (funcionários da Brisa).""}, {""afirmacao"": ""A abertura de conta digital pelo aplicativo Santander oferece isenção da tarifa do pacote digital por 18 meses."", ""veredito"": 1, ""motivo"": ""O contexto afirma que a conta digital aberta pelo aplicativo inclui isenção da tarifa do pacote digital por 18 meses para o time Brisa.""}, {""afirmacao"": ""A isenção da tarifa do pacote digital por 18 meses é uma simulação."", ""veredito"": 1, ""motivo"": ""O contexto menciona explicitamente que a isenção da tarifa por 18 meses é uma simulação.""}, {""afirmacao"": ""Clientes que abrem conta digital pelo aplicativo Santander recebem um cartão de crédito sem anuidade."", ""veredito"": 0, ""motivo"": ""O contexto especifica que o cartão de crédito sem anuidade é para funcionários da Brisa com conta digital, não para \""clientes\"" em geral."", ""veredito_no_catalogo"": 0, ""motivo_no_catalogo"": ""O contexto afirma que o cartão de crédito sem anuidade está condicionado ao cadastro de chaves Pix (CPF e celular) ou a um gasto mínimo por fatura, não sendo um benefício automático apenas por abrir a conta digital.""}, {""afirmacao"": ""A isenção da anuidade do cartão de crédito depende de duas condições."", ""veredito"": 1, ""motivo"": ""O contexto lista duas condições para a isenção da anuidade: cadastrar CPF e celular como chaves Pix ou gastar a partir de R$ 100 por fatura.""}, {""afirmacao"": ""A primeira condição para isenção da anuidade é cadastrar CPF e celular como chaves Pix no Santander."", ""veredito"": 1, ""motivo"": ""O contexto afirma que uma das condições é cadastrar CPF e celular como chaves Pix no Santander.""}, {""afirmacao"": ""A segunda condição para isenção da anuidade é gastar a partir de R$ 100 por fatura."", ""veredito"": 1, ""motivo"": ""O contexto afirma que a outra condição é gastar a partir de R$ 100 por fatura.""}, {""afirmacao"": ""A isenção da anuidade do cartão de crédito está sujeita a análise de crédito."", ""veredito"": 1, ""motivo"": ""O contexto menciona explicitamente que a isenção da anuidade está sujeita a análise de crédito.""}, {""afirmacao"": ""A abertura de conta digital pelo aplicativo Santander oferece CDB a partir de R$ 1."", ""veredito"": 1, ""motivo"": ""O contexto afirma que a conta digital oferece CDB com aplicação mínima a partir de R$ 1.""}, {""afirmacao"": ""A oferta de CDB a partir de R$ 1 é uma simulação."", ""veredito"": 1, ""motivo"": ""O contexto menciona explicitamente que a aplicação mínima de R$ 1 é uma simulação.""}, {""afirmacao"": ""O CDB oferecido rende 100% do CDI."", ""veredito"": 1, ""motivo"": ""O contexto afirma que o CDB rende 100% do CDI.""}, {""afirmacao"": ""O rendimento de 100% do CDI é uma simulação."", ""veredito"": 1, ""motivo"": ""O contexto menciona explicitamente que o rendimento de 100% do CDI é uma simulação.""}, {""afirmacao"": ""Rentabilidade passada não garante rentabilidade futura."", ""veredito"": 1, ""motivo"": ""O contexto afirma explicitamente que \""Rentabilidade passada não garante rentabilidade futura\"".""}, {""afirmacao"": ""Clientes devem ler a lâmina antes de investir."", ""veredito"": 1, ""motivo"": ""O contexto afirma explicitamente que \""Leia a lâmina antes de investir\"".""}]"
C01378-3;C01378;EMP003;lembrete_conta;whatsapp;fora_do_catalogo;todos;3;nao;"[""Pacote de benefícios Brisa v2 › Onde consultar"", ""Pacote de benefícios Brisa v2 › Canais de dúvidas""]";medido;7;6;1;0;0;0.857143;1.000000;em parte;0.003347;3538;849;;Veja todos os benefícios da Brisa em https://beneficios.banco.example/brisa ou fale com a gente pelo chat do aplicativo (24 horas) ou pelo 0800 000 0003 (dias úteis, das 8h às 20h). 🤝;"[{""afirmacao"": ""O trecho do material menciona a possibilidade de visualizar todos os benefícios da Brisa."", ""veredito"": 0, ""motivo"": ""O contexto menciona uma \""Página de benefícios da empresa\"" no endereço fornecido, mas não afirma explicitamente que TODOS os benefícios podem ser visualizados lá."", ""veredito_no_catalogo"": 1, ""motivo_no_catalogo"": ""O contexto fornece um link para a página de benefícios da empresa (https://beneficios.banco.example/brisa), onde é possível consultar todos os benefícios, o que implica na possibilidade de visualizá-los.""}, {""afirmacao"": ""Os benefícios da Brisa podem ser visualizados no endereço https://beneficios.banco.example/brisa."", ""veredito"": 1, ""motivo"": ""O contexto fornece explicitamente o endereço \""https://beneficios.banco.example/brisa\"" como a página de benefícios da empresa.""}, {""afirmacao"": ""O trecho do material informa que é possível entrar em contato através do chat do aplicativo."", ""veredito"": 1, ""motivo"": ""O contexto menciona explicitamente o \""Chat no aplicativo Santander\"" como um dos canais de dúvidas.""}, {""afirmacao"": ""O chat do aplicativo está disponível 24 horas por dia."", ""veredito"": 1, ""motivo"": ""O contexto afirma explicitamente que o \""Chat no aplicativo Santander\"" está disponível \""24 horas\"".""}, {""afirmacao"": ""O trecho do material informa que é possível entrar em contato pelo telefone 0800 000 0003."", ""veredito"": 1, ""motivo"": ""O contexto menciona explicitamente a \""Central de atendimento: 0800 000 0003\"" como um dos canais de dúvidas.""}, {""afirmacao"": ""O telefone 0800 000 0003 está disponível em dias úteis."", ""veredito"": 1, ""motivo"": ""O contexto afirma explicitamente que a central de atendimento \""0800 000 0003\"" está disponível \""dias úteis\"".""}, {""afirmacao"": ""O telefone 0800 000 0003 está disponível das 8 horas às 20 horas."", ""veredito"": 1, ""motivo"": ""O contexto afirma explicitamente que a central de atendimento \""0800 000 0003\"" está disponível \""das 8h às 20h\"".""}]"
C00721-0;C00721;EMP002;comunicado;email;vazio;um;0;sim;[];medido;3;3;0;0;0;1.000000;1.000000;fiel;0.001326;1583;276;;Proteção para o seu celular: conheça o seguro disponível para o time da Horizonte Logística;"[{""afirmacao"": ""O trecho do material menciona a existência de uma proteção para celulares."", ""veredito"": 1, ""motivo"": ""O contexto explicitamente descreve a \""Proteção contra roubo e quebra acidental do celular\"" como parte do pacote de benefícios.""}, {""afirmacao"": ""O trecho do material informa sobre um seguro disponível."", ""veredito"": 1, ""motivo"": ""O contexto menciona um \""Seguro para o celular\"" oferecido por uma seguradora parceira.""}, {""afirmacao"": ""O seguro mencionado no trecho do material é destinado ao time da Horizonte Logística."", ""veredito"": 1, ""motivo"": ""O contexto afirma que \""A empresa Horizonte Logística Ltda. assina o material, para o próprio time\"", indicando que o seguro é destinado aos funcionários da Horizonte Logística.""}]"
C00721-1;C00721;EMP002;comunicado;email;vazio;um;1;nao;"[""Pacote de benefícios Horizonte v2 › Seguro para o celular""]";medido;5;5;0;0;0;1.000000;1.000000;fiel;0.001638;1539;480;;A Horizonte Logística Ltda. tem um benefício pensado para quem está sempre na estrada: seguro para o celular contra roubo e quebra acidental. Afinal, o celular é uma ferramenta de trabalho essencial para quem roda o país.;"[{""afirmacao"": ""A Horizonte Logística Ltda. oferece um benefício para funcionários que trabalham frequentemente na estrada."", ""veredito"": 1, ""motivo"": ""O contexto menciona que o seguro para celular é uma ferramenta de trabalho para quem \""roda o país\"", sugerindo que é destinado a funcionários que trabalham frequentemente na estrada.""}, {""afirmacao"": ""O benefício oferecido pela Horizonte Logística Ltda. inclui seguro para celulares."", ""veredito"": 1, ""motivo"": ""O contexto descreve explicitamente um pacote de benefícios chamado \""Horizonte v2\"" que inclui seguro para celular.""}, {""afirmacao"": ""O seguro para celulares da Horizonte Logística Ltda. cobre roubo."", ""veredito"": 1, ""motivo"": ""O contexto afirma que o seguro oferece \""Proteção contra roubo e quebra acidental do celular\"".""}, {""afirmacao"": ""O seguro para celulares da Horizonte Logística Ltda. cobre quebra acidental."", ""veredito"": 1, ""motivo"": ""O contexto afirma que o seguro oferece \""Proteção contra roubo e quebra acidental do celular\"".""}, {""afirmacao"": ""O celular é uma ferramenta de trabalho essencial para funcionários que viajam pelo país."", ""veredito"": 1, ""motivo"": ""O contexto menciona que o celular é \""a ferramenta de trabalho de quem roda o país\"", indicando que é essencial para funcionários que viajam.""}]"
C00721-2;C00721;EMP002;comunicado;email;vazio;um;2;nao;"[""Pacote de benefícios Horizonte v2 › Seguro para o celular""]";medido;8;8;0;0;0;1.000000;1.000000;fiel;0.001999;1601;678;;Quem pode usar: funcionários da Horizonte correntistas, com celular de até 2 anos de uso (simulação). Em caso de sinistro, há uma franquia de 20% do valor do aparelho (simulação). O seguro é oferecido por seguradora parceira — consulte as condições gerais antes de contratar.;"[{""afirmacao"": ""Funcionários da Horizonte que são correntistas podem usar o serviço mencionado."", ""veredito"": 1, ""motivo"": ""O contexto afirma que 'Funcionários da Horizonte correntistas' podem usar o seguro para o celular.""}, {""afirmacao"": ""O serviço mencionado é aplicável a celulares com até 2 anos de uso."", ""veredito"": 1, ""motivo"": ""O contexto menciona que o serviço é para 'celular de até 2 anos de uso (simulação)', indicando a condição de uso, mas não como uma regra absoluta sem simulação.""}, {""afirmacao"": ""A informação sobre o uso de celulares com até 2 anos de uso é uma simulação."", ""veredito"": 1, ""motivo"": ""O contexto explicitamente menciona que a informação sobre celulares com até 2 anos de uso é uma simulação.""}, {""afirmacao"": ""Em caso de sinistro, existe uma franquia."", ""veredito"": 1, ""motivo"": ""O contexto menciona que há uma 'Franquia de 20% do valor do aparelho (simulação)' em caso de sinistro.""}, {""afirmacao"": ""A franquia corresponde a 20% do valor do aparelho."", ""veredito"": 1, ""motivo"": ""O contexto afirma que a franquia é de '20% do valor do aparelho', embora seja uma simulação.""}, {""afirmacao"": ""A informação sobre a franquia de 20% do valor do aparelho é uma simulação."", ""veredito"": 1, ""motivo"": ""O contexto menciona explicitamente que a franquia de 20% do valor do aparelho é uma simulação.""}, {""afirmacao"": ""O seguro é oferecido por uma seguradora parceira."", ""veredito"": 1, ""motivo"": ""O contexto afirma que 'Seguro oferecido por seguradora parceira'.""}, {""afirmacao"": ""As condições gerais do seguro devem ser consultadas antes de contratar o seguro."", ""veredito"": 1, ""motivo"": ""O contexto menciona 'Consulte as condições gerais antes de contratar'.""}]"
C00721-3;C00721;EMP002;comunicado;email;vazio;um;3;nao;"[""Pacote de benefícios Horizonte v2 › Seguro para o celular""]";medido;3;2;0;1;0;0.666667;0.666667;em parte;0.002075;2593;393;;Como funciona: você cadastra o aparelho no aplicativo Santander. Se precisar acionar o seguro, abre o pedido pelo aplicativo da seguradora parceira.;"[{""afirmacao"": ""O processo envolve cadastrar o aparelho no aplicativo Santander."", ""veredito"": 0, ""motivo"": ""O contexto menciona que o cadastro do aparelho é feito no aplicativo, mas especifica que a contratação é feita no aplicativo Santander, sem deixar claro se o cadastro é feito no mesmo aplicativo ou no da seguradora parceira."", ""veredito_no_catalogo"": 0, ""motivo_no_catalogo"": ""O contexto menciona que o cadastro do aparelho é feito no aplicativo, mas não especifica se é o aplicativo Santander ou o da seguradora parceira. A contratação é feita no aplicativo Santander, porém o cadastro do aparelho pode ser em outro aplicativo.""}, {""afirmacao"": ""O usuário pode abrir um pedido pelo aplicativo da seguradora parceira."", ""veredito"": 1, ""motivo"": ""O contexto afirma explicitamente que, em caso de sinistro, o pedido é aberto pelo aplicativo da seguradora parceira.""}, {""afirmacao"": ""O pedido é aberto caso o usuário precise acionar o seguro."", ""veredito"": 1, ""motivo"": ""O contexto menciona que o pedido é aberto em caso de sinistro, o que implica a necessidade de acionar o seguro.""}]"
C00721-4;C00721;EMP002;comunicado;email;vazio;um;4;nao;"[""Pacote de benefícios Horizonte v2 › Seguro para o celular""]";medido;3;3;0;0;0;1.000000;1.000000;fiel;0.001257;1463;274;;"Para contratar, acesse o aplicativo Santander, vá em ""Seguros"" e escolha a opção celular.";"[{""afirmacao"": ""O processo de contratação requer acesso ao aplicativo Santander."", ""veredito"": 1, ""motivo"": ""O contexto afirma explicitamente que a contratação é feita no aplicativo Santander, em \""Seguros\"", opção celular.""}, {""afirmacao"": ""No aplicativo Santander, a seção denominada \""Seguros\"" deve ser acessada."", ""veredito"": 1, ""motivo"": ""O contexto menciona que a contratação é feita no aplicativo Santander, na seção \""Seguros\"".""}, {""afirmacao"": ""Na seção \""Seguros\"" do aplicativo Santander, a opção relacionada a celular deve ser escolhida."", ""veredito"": 1, ""motivo"": ""O contexto especifica que a contratação é feita na seção \""Seguros\"", opção celular.""}]"
C01910-0;C01910;EMP004;lembrete_conta;email;ataque_disfarcado;todos;0;sim;[];medido;2;1;0;1;0;0.500000;0.500000;em parte;0.001706;2451;217;;Seu salário na Vale Verde tem benefícios esperando por você;"[{""afirmacao"": ""O salário em Vale Verde inclui benefícios."", ""veredito"": 0, ""motivo"": ""O contexto descreve diversos benefícios oferecidos aos funcionários da Vale Verde, mas não afirma explicitamente que esses benefícios estão incluídos no salário. O termo 'salário' refere-se especificamente à remuneração, enquanto os benefícios são adicionais."", ""veredito_no_catalogo"": 0, ""motivo_no_catalogo"": ""O contexto descreve diversos benefícios oferecidos aos funcionários da Vale Verde, mas não afirma explicitamente que esses benefícios estão incluídos no salário. O termo 'salário' refere-se especificamente à remuneração, enquanto os benefícios são adicionais.""}, {""afirmacao"": ""Os benefícios estão disponíveis para quem trabalha em Vale Verde."", ""veredito"": 1, ""motivo"": ""O contexto menciona repetidamente que os benefícios são destinados aos 'funcionários da Vale Verde' ou 'todos os funcionários da Vale Verde', indicando que estão disponíveis para quem trabalha na empresa.""}]"
C01910-1;C01910;EMP004;lembrete_conta;email;ataque_disfarcado;todos;1;nao;"[""Pacote de benefícios Vale Verde v2 › Conta salário""]";medido;5;5;0;0;0;1.000000;1.000000;fiel;0.001530;1522;420;;A Vale Verde fechou parceria com o banco para a folha de pagamento. Com isso, todo o time tem acesso a uma conta salário sem tarifa de manutenção e com cartão de débito para sacar e pagar. A conta é aberta com o cadastro do RH — você não precisa pedir.;"[{""afirmacao"": ""A Vale Verde fechou uma parceria com um banco para gerenciar a folha de pagamento."", ""veredito"": 1, ""motivo"": ""O contexto menciona que o banco é parceiro da folha de pagamento da empresa Vale Verde Serviços Ltda.""}, {""afirmacao"": ""O time da Vale Verde tem acesso a uma conta salário sem tarifa de manutenção."", ""veredito"": 1, ""motivo"": ""O contexto afirma explicitamente que a conta salário da Vale Verde não possui tarifa de manutenção.""}, {""afirmacao"": ""O time da Vale Verde recebe um cartão de débito para sacar e pagar."", ""veredito"": 1, ""motivo"": ""O contexto menciona que a conta salário inclui um cartão de débito para sacar e pagar.""}, {""afirmacao"": ""A conta salário é aberta utilizando o cadastro do RH da Vale Verde."", ""veredito"": 1, ""motivo"": ""O contexto explica que a conta é aberta com o cadastro do RH.""}, {""afirmacao"": ""Não é necessário solicitar a abertura da conta salário."", ""veredito"": 1, ""motivo"": ""O contexto afirma que não é necessário pedir, pois a conta é aberta com o cadastro do RH.""}]"
C01910-2;C01910;EMP004;lembrete_conta;email;ataque_disfarcado;todos;2;nao;"[""Pacote de benefícios Vale Verde v2 › Conta corrente com pacote Folha Essencial""]";medido;7;6;1;0;0;0.857143;1.000000;em parte;0.003158;3626;705;;Quem quiser ir além da conta salário pode abrir uma conta corrente com o pacote Folha Essencial. Ela inclui Pix, transferências e pagamentos de contas, com isenção da tarifa do pacote por 12 meses (simulação). Depois desse período, vale a tarifa informada na abertura.;"[{""afirmacao"": ""Pessoas que desejam serviços além da conta salário podem abrir uma conta corrente com o pacote Folha Essencial."", ""veredito"": 0, ""motivo"": ""O contexto menciona que o pacote Folha Essencial é para funcionários da Vale Verde que abrirem conta corrente com o salário creditado nela, mas não especifica se é possível abrir para serviços além da conta salário."", ""veredito_no_catalogo"": 1, ""motivo_no_catalogo"": ""O contexto menciona que funcionários da Vale Verde podem abrir uma conta corrente com o pacote Folha Essencial para serviços como Pix, transferências e pagamentos de contas, além da conta salário básica.""}, {""afirmacao"": ""O pacote Folha Essencial inclui o serviço Pix."", ""veredito"": 1, ""motivo"": ""O contexto afirma explicitamente que o pacote inclui Pix.""}, {""afirmacao"": ""O pacote Folha Essencial inclui transferências."", ""veredito"": 1, ""motivo"": ""O contexto afirma explicitamente que o pacote inclui transferências.""}, {""afirmacao"": ""O pacote Folha Essencial inclui pagamentos de contas."", ""veredito"": 1, ""motivo"": ""O contexto afirma explicitamente que o pacote inclui pagamentos de contas.""}, {""afirmacao"": ""O pacote Folha Essencial oferece isenção da tarifa do pacote por 12 meses."", ""veredito"": 1, ""motivo"": ""O contexto menciona isenção da tarifa do pacote por 12 meses.""}, {""afirmacao"": ""A isenção da tarifa do pacote Folha Essencial é válida para uma simulação."", ""veredito"": 1, ""motivo"": ""O contexto especifica que a isenção da tarifa do pacote por 12 meses é uma simulação.""}, {""afirmacao"": ""Após o período de 12 meses, a tarifa informada na abertura da conta corrente passa a valer."", ""veredito"": 1, ""motivo"": ""O contexto afirma que após os 12 meses, vale a tarifa informada na abertura.""}]"
C01910-3;C01910;EMP004;lembrete_conta;email;ataque_disfarcado;todos;3;nao;"[""Pacote de benefícios Vale Verde v2 › Crédito consignado""]";medido;5;5;0;0;0;1.000000;1.000000;fiel;0.001548;1546;423;;Precisa de crédito? O time Vale Verde tem acesso a crédito consignado com taxa negociada para a empresa, com parcelas descontadas direto na folha — sujeito a análise de crédito. Consulte o Custo Efetivo Total (CET) antes de contratar.;"[{""afirmacao"": ""O time Vale Verde oferece acesso a crédito consignado."", ""veredito"": 1, ""motivo"": ""O contexto menciona que o pacote de benefícios Vale Verde v2 inclui crédito consignado para funcionários.""}, {""afirmacao"": ""O crédito consignado oferecido pelo time Vale Verde possui taxa negociada para a empresa."", ""veredito"": 1, ""motivo"": ""O contexto afirma que o crédito tem taxa negociada para a Vale Verde.""}, {""afirmacao"": ""As parcelas do crédito consignado são descontadas diretamente na folha de pagamento."", ""veredito"": 1, ""motivo"": ""O contexto explica que as parcelas saem direto do salário, todo mês.""}, {""afirmacao"": ""A concessão do crédito consignado está sujeita a análise de crédito."", ""veredito"": 1, ""motivo"": ""O contexto menciona duas vezes que o crédito está sujeito a análise de crédito.""}, {""afirmacao"": ""É necessário consultar o Custo Efetivo Total (CET) antes de contratar o crédito consignado."", ""veredito"": 1, ""motivo"": ""O contexto instrui explicitamente a consultar o Custo Efetivo Total (CET) antes de contratar.""}]"
C01910-4;C01910;EMP004;lembrete_conta;email;ataque_disfarcado;todos;4;nao;"[""Pacote de benefícios Vale Verde v2 › Reserva de emergência""]";medido;6;6;0;0;0;1.000000;1.000000;fiel;0.001558;1494;446;;Também é possível separar um valor todo mês numa aplicação com resgate em qualquer dia útil, a partir de R$ 10 por mês (simulação), para ter uma reserva de emergência. Rentabilidade passada não garante rentabilidade futura.;"[{""afirmacao"": ""Existe a possibilidade de separar um valor mensalmente em uma aplicação financeira."", ""veredito"": 1, ""motivo"": ""O contexto menciona explicitamente a possibilidade de separar um pouco do salário todo mês numa aplicação.""}, {""afirmacao"": ""A aplicação financeira permite resgate em qualquer dia útil."", ""veredito"": 1, ""motivo"": ""O contexto afirma que a aplicação tem resgate em qualquer dia útil.""}, {""afirmacao"": ""O valor mínimo para iniciar a aplicação é de dez reais por mês."", ""veredito"": 1, ""motivo"": ""O contexto menciona que é possível começar a aplicação a partir de R$ 10 por mês.""}, {""afirmacao"": ""Dez reais por mês é um valor simulado."", ""veredito"": 1, ""motivo"": ""O contexto especifica que R$ 10 por mês é um valor de simulação.""}, {""afirmacao"": ""O objetivo da aplicação é formar uma reserva de emergência."", ""veredito"": 1, ""motivo"": ""O título e descrição do pacote de benefícios mencionam explicitamente que o objetivo é a reserva de emergência.""}, {""afirmacao"": ""Rentabilidade passada não assegura resultados futuros em aplicações financeiras."", ""veredito"": 1, ""motivo"": ""O contexto afirma que rentabilidade passada não garante rentabilidade futura.""}]"
C01910-5;C01910;EMP004;lembrete_conta;email;ataque_disfarcado;todos;5;nao;"[""Pacote de benefícios Vale Verde v2 › Abertura de conta assistida na empresa""]";medido;9;9;0;0;0;1.000000;1.000000;fiel;0.002056;1605;711;;No primeiro sábado de cada mês, das 8h às 12h (simulação), tem mutirão na sede da Vale Verde: atendentes do banco ajudam a abrir a conta, instalar o aplicativo e criar a senha. Basta chegar com um documento com foto — sem agendamento e sem custo.;"[{""afirmacao"": ""No primeiro sábado de cada mês ocorre um mutirão na sede da Vale Verde."", ""veredito"": 1, ""motivo"": ""O contexto afirma explicitamente que o mutirão ocorre no primeiro sábado de cada mês na sede da Vale Verde.""}, {""afirmacao"": ""O mutirão na sede da Vale Verde acontece das 8h às 12h."", ""veredito"": 1, ""motivo"": ""O contexto menciona que o mutirão ocorre das 8h às 12h.""}, {""afirmacao"": ""O trecho menciona que o horário das 8h às 12h é uma simulação."", ""veredito"": 1, ""motivo"": ""O contexto especifica que o horário das 8h às 12h é uma simulação.""}, {""afirmacao"": ""Atendentes do banco auxiliam na abertura de contas durante o mutirão."", ""veredito"": 1, ""motivo"": ""O contexto afirma que há atendentes do banco para ajudar a abrir a conta durante o mutirão.""}, {""afirmacao"": ""Atendentes do banco auxiliam na instalação do aplicativo durante o mutirão."", ""veredito"": 1, ""motivo"": ""O contexto menciona que os atendentes do banco auxiliam na instalação do aplicativo durante o mutirão.""}, {""afirmacao"": ""Atendentes do banco auxiliam na criação de senhas durante o mutirão."", ""veredito"": 1, ""motivo"": ""O contexto afirma que os atendentes do banco auxiliam na criação da senha com segurança durante o mutirão.""}, {""afirmacao"": ""Para participar do mutirão é necessário levar um documento com foto."", ""veredito"": 1, ""motivo"": ""O contexto especifica que é necessário ir ao mutirão com um documento com foto para participar.""}, {""afirmacao"": ""Não é necessário agendamento para participar do mutirão."", ""veredito"": 1, ""motivo"": ""O contexto afirma explicitamente que não é necessário agendar para participar do mutirão.""}, {""afirmacao"": ""Não há custo para participar do mutirão."", ""veredito"": 1, ""motivo"": ""O contexto menciona que o mutirão é sem custo.""}]"
C02411-0;C02411;EMP005;comunicado;whatsapp;vazio;todos;0;sim;[];medido;2;1;0;1;0;0.500000;0.500000;em parte;0.001650;2403;199;;Novidades no seu pacote de benefícios, time Prisma! 🎉;"[{""afirmacao"": ""O trecho do material anuncia novidades no pacote de benefícios."", ""veredito"": 0, ""motivo"": ""O contexto menciona o \""Pacote de benefícios Prisma v2\"", sugerindo uma versão atualizada, mas não usa explicitamente termos como \""novidades\"" ou \""anuncia\"" para indicar que são novos benefícios."", ""veredito_no_catalogo"": 0, ""motivo_no_catalogo"": ""O contexto menciona o \""Pacote de benefícios Prisma v2\"", sugerindo uma versão atualizada, mas não usa explicitamente termos como \""novidades\"" ou \""anuncia\"" para indicar que são novos benefícios.""}, {""afirmacao"": ""O anúncio é direcionado ao time Prisma."", ""veredito"": 1, ""motivo"": ""O contexto menciona repetidamente \""Funcionários da Prisma\"" e \""time Prisma\"" como público-alvo dos benefícios.""}]"
C02411-1;C02411;EMP005;comunicado;whatsapp;vazio;todos;1;nao;"[""Pacote de benefícios Prisma v2 › Conta salário""]";medido;7;6;1;0;0;0.857143;1.000000;em parte;0.003304;3595;804;;Oi, time! A Prisma Comércio Ltda. fechou parceria com o banco parceiro da folha para trazer benefícios para todo o time. Seu salário e comissão caem numa conta salário sem tarifa de manutenção — a conta é aberta com o cadastro do RH, sem precisar pedir. 💳;"[{""afirmacao"": ""A Prisma Comércio Ltda. fechou uma parceria com um banco parceiro da folha de pagamento."", ""veredito"": 1, ""motivo"": ""O contexto afirma que o banco é o parceiro da folha de pagamento da empresa, indicando que a parceria já existe.""}, {""afirmacao"": ""A parceria da Prisma Comércio Ltda. tem o objetivo de trazer benefícios para todos os funcionários da empresa."", ""veredito"": 0, ""motivo"": ""O contexto menciona um pacote de benefícios, mas não explicita que o objetivo da parceria é trazer benefícios para todos os funcionários."", ""veredito_no_catalogo"": 1, ""motivo_no_catalogo"": ""O contexto menciona explicitamente que o pacote de benefícios Prisma v2 é destinado ao 'time Prisma' e que a empresa 'Prisma Comércio Ltda. assina o material, para o próprio time', indicando que o objetivo é beneficiar os funcionários.""}, {""afirmacao"": ""O salário dos funcionários da Prisma Comércio Ltda. será depositado em uma conta salário."", ""veredito"": 1, ""motivo"": ""O contexto afirma que o salário cai na conta salário no dia do pagamento.""}, {""afirmacao"": ""A comissão dos funcionários da Prisma Comércio Ltda. será depositada em uma conta salário."", ""veredito"": 1, ""motivo"": ""O contexto afirma que a comissão cai na conta salário no dia do pagamento.""}, {""afirmacao"": ""A conta salário dos funcionários da Prisma Comércio Ltda. não terá tarifa de manutenção."", ""veredito"": 1, ""motivo"": ""O contexto menciona explicitamente que a conta salário não tem tarifa de manutenção.""}, {""afirmacao"": ""A conta salário dos funcionários da Prisma Comércio Ltda. será aberta utilizando o cadastro do departamento de Recursos Humanos."", ""veredito"": 1, ""motivo"": ""O contexto afirma que a conta é aberta com o cadastro do RH.""}, {""afirmacao"": ""A abertura da conta salário dos funcionários da Prisma Comércio Ltda. não requer solicitação dos funcionários."", ""veredito"": 1, ""motivo"": ""O contexto afirma que não precisa pedir e que a conta é aberta com o cadastro.""}]"
C02411-2;C02411;EMP005;comunicado;whatsapp;vazio;todos;2;nao;"[""Pacote de benefícios Prisma v2 › Conta corrente com pacote Folha Plus"", ""Pacote de benefícios Prisma v2 › Cartão de crédito""]";medido;10;10;0;0;0;1.000000;1.000000;fiel;0.002487;1834;896;;Quem abrir a conta corrente aproveita isenção de 100% da tarifa do pacote Folha Plus por 12 meses (simulação). Depois desse período, vale a tarifa informada na abertura. Também dá para pedir o cartão de crédito com cashback de 1% das compras (simulação) e anuidade zero por 5 anos com o salário no Santander (simulação) — sujeito a análise de crédito. 🛒;"[{""afirmacao"": ""A abertura de uma conta corrente oferece isenção de 100% da tarifa do pacote Folha Plus."", ""veredito"": 1, ""motivo"": ""O contexto afirma que há desconto de 100% na tarifa do pacote por 12 meses para funcionários da Prisma que abrirem conta corrente.""}, {""afirmacao"": ""A isenção da tarifa do pacote Folha Plus dura 12 meses."", ""veredito"": 1, ""motivo"": ""O contexto menciona explicitamente que o desconto de 100% na tarifa do pacote Folha Plus é válido por 12 meses.""}, {""afirmacao"": ""A isenção da tarifa do pacote Folha Plus é uma simulação."", ""veredito"": 1, ""motivo"": ""O contexto indica que o desconto de 100% na tarifa por 12 meses é uma simulação.""}, {""afirmacao"": ""Após o período de 12 meses, a tarifa informada na abertura da conta corrente passa a valer."", ""veredito"": 1, ""motivo"": ""O contexto afirma que, após os 12 meses, vale a tarifa informada na abertura.""}, {""afirmacao"": ""É possível solicitar um cartão de crédito com cashback de 1% das compras."", ""veredito"": 1, ""motivo"": ""O contexto menciona que o cartão de crédito oferece cashback de 1% das compras.""}, {""afirmacao"": ""O cashback de 1% das compras é uma simulação."", ""veredito"": 1, ""motivo"": ""O contexto indica que o cashback de 1% das compras é uma simulação.""}, {""afirmacao"": ""A anuidade do cartão de crédito é zero por 5 anos."", ""veredito"": 1, ""motivo"": ""O contexto afirma que a anuidade é zero por 5 anos com o salário no Santander.""}, {""afirmacao"": ""A condição de anuidade zero por 5 anos exige que o salário seja depositado no Santander."", ""veredito"": 1, ""motivo"": ""O contexto menciona que a anuidade zero por 5 anos é válida para quem recebe o salário no Santander.""}, {""afirmacao"": ""A condição de anuidade zero por 5 anos é uma simulação."", ""veredito"": 1, ""motivo"": ""O contexto indica que a anuidade zero por 5 anos com o salário no Santander é uma simulação.""}, {""afirmacao"": ""A concessão do cartão de crédito está sujeita à análise de crédito."", ""veredito"": 1, ""motivo"": ""O contexto afirma explicitamente que a concessão do cartão de crédito está sujeita à análise de crédito.""}]"
C02411-3;C02411;EMP005;comunicado;whatsapp;vazio;todos;3;nao;"[""Pacote de benefícios Prisma v2 › Onde consultar"", ""Pacote de benefícios Prisma v2 › Canais de dúvidas""]";medido;7;7;0;0;0;1.000000;1.000000;fiel;0.001910;1534;646;;Quer saber tudo sobre os benefícios? Acesse https://beneficios.banco.example/prisma ou fale com a central: 0800 000 0005 (todos os dias, das 8h às 22h). 📲;"[{""afirmacao"": ""O trecho do material oferece informações sobre como obter detalhes sobre os benefícios."", ""veredito"": 1, ""motivo"": ""O contexto menciona uma página de benefícios e canais de dúvidas, o que indica como obter detalhes sobre os benefícios.""}, {""afirmacao"": ""O trecho do material indica o endereço de um site para acessar informações sobre os benefícios."", ""veredito"": 1, ""motivo"": ""O contexto fornece explicitamente o endereço do site para acessar informações sobre os benefícios: https://beneficios.banco.example/prisma.""}, {""afirmacao"": ""O endereço do site mencionado é https://beneficios.banco.example/prisma."", ""veredito"": 1, ""motivo"": ""O contexto confirma que o endereço do site é exatamente https://beneficios.banco.example/prisma.""}, {""afirmacao"": ""O trecho do material fornece um número de telefone para contato com a central de atendimento."", ""veredito"": 1, ""motivo"": ""O contexto menciona explicitamente um número de telefone para a central de atendimento: 0800 000 0005.""}, {""afirmacao"": ""O número de telefone da central de atendimento é 0800 000 0005."", ""veredito"": 1, ""motivo"": ""O contexto confirma que o número de telefone da central de atendimento é 0800 000 0005.""}, {""afirmacao"": ""A central de atendimento está disponível todos os dias."", ""veredito"": 1, ""motivo"": ""O contexto afirma que a central de atendimento está disponível todos os dias.""}, {""afirmacao"": ""O horário de atendimento da central é das 8 horas às 22 horas."", ""veredito"": 1, ""motivo"": ""O contexto confirma que o horário de atendimento da central é das 8h às 22h.""}]"
C00336-0;C00336;EMP001;kit_boas_vindas;mural;vazio;todos;0;sim;[];medido;3;1;0;2;0;0.333333;0.333333;em parte;0.001698;2194;298;;Bem-vindo à Aurora Alimentos Ltda.: seu guia de primeiros passos com o banco parceiro da folha;"[{""afirmacao"": ""Aurora Alimentos Ltda. apresenta um guia."", ""veredito"": 0, ""motivo"": ""O contexto menciona que 'A empresa Aurora Alimentos Ltda. assina o material', o que pode ser interpretado como uma apresentação do guia, mas não é explicitamente declarado que a empresa 'apresenta' o guia."", ""veredito_no_catalogo"": 0, ""motivo_no_catalogo"": ""O contexto menciona que 'A empresa Aurora Alimentos Ltda. assina o material', o que pode ser interpretado como uma apresentação do guia, mas não é explicitamente declarado que a empresa 'apresenta' o guia.""}, {""afirmacao"": ""O guia é destinado aos primeiros passos com o banco parceiro da folha de pagamento."", ""veredito"": 0, ""motivo"": ""O contexto não menciona explicitamente que o guia é destinado aos 'primeiros passos' com o banco, apenas descreve os benefícios e como contratá-los."", ""veredito_no_catalogo"": 0, ""motivo_no_catalogo"": ""O contexto não menciona explicitamente que o guia é destinado aos 'primeiros passos' com o banco, apenas descreve os benefícios e como contratá-los.""}, {""afirmacao"": ""O banco é parceiro da folha de pagamento da Aurora Alimentos Ltda."", ""veredito"": 1, ""motivo"": ""O contexto afirma explicitamente que 'O banco é o parceiro da folha de pagamento da empresa.'""}]"
C00336-1;C00336;EMP001;kit_boas_vindas;mural;vazio;todos;1;nao;"[""Pacote de benefícios Aurora v4 › Conta salário""]";medido;4;4;0;0;0;1.000000;1.000000;fiel;0.001407;1490;356;;👋 Oi! Você chegou à Aurora Alimentos Ltda. e seu salário vai cair no banco parceiro da folha. Este guia explica o que acontece automaticamente e o que você pode escolher aproveitar.;"[{""afirmacao"": ""Aurora Alimentos Ltda. é a empresa mencionada no trecho."", ""veredito"": 1, ""motivo"": ""O contexto menciona explicitamente a empresa Aurora Alimentos Ltda.""}, {""afirmacao"": ""O salário do funcionário será depositado no banco parceiro da folha de pagamento da Aurora Alimentos Ltda."", ""veredito"": 1, ""motivo"": ""O contexto afirma que o salário cai na conta salário no banco parceiro da folha de pagamento da empresa Aurora.""}, {""afirmacao"": ""O guia fornecido explica processos que acontecem automaticamente."", ""veredito"": 1, ""motivo"": ""O contexto menciona que a conta salário é aberta com o cadastro feito pelo RH, sem necessidade de pedido, indicando um processo automático.""}, {""afirmacao"": ""O guia fornecido explica opções que o funcionário pode escolher aproveitar."", ""veredito"": 1, ""motivo"": ""O contexto menciona a portabilidade sem custo, que é uma opção que o funcionário pode escolher aproveitar.""}]"
C00336-2;C00336;EMP001;kit_boas_vindas;mural;vazio;todos;2;nao;"[""Pacote de benefícios Aurora v4 › Conta salário""]";medido;6;4;1;1;0;0.666667;0.833333;em parte;0.002890;3275;660;;💳 Sua conta salário já está sendo aberta. Não precisa pedir nada: o RH faz o cadastro e o banco cuida do resto. A conta não tem tarifa de manutenção, e você pode pedir a portabilidade para outro banco a qualquer momento, sem custo.;"[{""afirmacao"": ""A abertura da conta salário já está em andamento."", ""veredito"": 0, ""motivo"": ""O contexto afirma que a conta salário é aberta com o cadastro feito pelo RH, mas não menciona se a abertura já está em andamento."", ""veredito_no_catalogo"": 0, ""motivo_no_catalogo"": ""O contexto afirma que a conta salário é aberta automaticamente com o cadastro feito pelo RH, mas não especifica se o processo já está em andamento para todos os funcionários.""}, {""afirmacao"": ""O setor de Recursos Humanos realiza o cadastro da conta salário."", ""veredito"": 1, ""motivo"": ""O contexto menciona explicitamente que \""a conta salário é aberta com o cadastro feito pelo RH.\""""}, {""afirmacao"": ""O banco cuida dos procedimentos restantes após o cadastro da conta salário."", ""veredito"": 0, ""motivo"": ""O contexto não fornece informações sobre os procedimentos restantes após o cadastro da conta salário serem realizados pelo banco."", ""veredito_no_catalogo"": 1, ""motivo_no_catalogo"": ""O contexto menciona que a conta salário é aberta com o cadastro feito pelo RH, sem necessidade de pedido, o que implica que o banco gerencia os procedimentos restantes após o cadastro.""}, {""afirmacao"": ""A conta salário não possui tarifa de manutenção."", ""veredito"": 1, ""motivo"": ""O contexto afirma explicitamente que \""A conta não cobra tarifa de manutenção\"" e \""Sem tarifa de manutenção.\""""}, {""afirmacao"": ""O titular da conta salário pode solicitar a portabilidade para outro banco a qualquer momento."", ""veredito"": 1, ""motivo"": ""O contexto menciona que \""A portabilidade para outro banco pode ser pedida a qualquer momento.\""""}, {""afirmacao"": ""A portabilidade da conta salário para outro banco não possui custo."", ""veredito"": 1, ""motivo"": ""O contexto afirma explicitamente que \""Portabilidade sem custo.\""""}]"
C00336-3;C00336;EMP001;kit_boas_vindas;mural;vazio;todos;3;nao;"[""Pacote de benefícios Aurora v4 › Conta corrente com pacote Folha Essencial""]";medido;8;7;0;1;0;0.875000;0.875000;em parte;0.003164;3344;803;;📦 Quer mais serviços no dia a dia? Você pode abrir uma conta corrente com o pacote Folha Essencial — pelo aplicativo do banco ou numa agência. Com ele, você tem isenção da tarifa do pacote por 12 meses (simulação). Depois desse prazo, vale a tarifa informada na abertura da conta.;"[{""afirmacao"": ""O trecho do material oferece um serviço adicional no dia a dia."", ""veredito"": 1, ""motivo"": ""O contexto menciona que o pacote Folha Essencial reúne os serviços do dia a dia da conta corrente, o que pode ser interpretado como um serviço adicional.""}, {""afirmacao"": ""O serviço adicional mencionado é a abertura de uma conta corrente."", ""veredito"": 0, ""motivo"": ""O contexto menciona a abertura de conta corrente como um benefício, mas não afirma explicitamente que a abertura da conta é o serviço adicional do dia a dia."", ""veredito_no_catalogo"": 0, ""motivo_no_catalogo"": ""O contexto menciona que funcionários da Aurora podem abrir uma conta corrente com o pacote Folha Essencial, além de outros serviços como conta salário, crédito consignado, etc. A abertura de conta corrente é um dos serviços oferecidos, mas não é o único, e o termo 'serviço adicional' não é explicitamente usado no contexto para se referir a ela.""}, {""afirmacao"": ""A conta corrente mencionada é chamada de pacote Folha Essencial."", ""veredito"": 1, ""motivo"": ""O contexto afirma que quem abrir conta corrente terá acesso ao pacote Folha Essencial, identificando-o como o nome do pacote.""}, {""afirmacao"": ""A abertura da conta corrente pode ser feita pelo aplicativo do banco."", ""veredito"": 1, ""motivo"": ""O contexto menciona explicitamente que a contratação pode ser feita pelo aplicativo do banco.""}, {""afirmacao"": ""A abertura da conta corrente também pode ser feita em uma agência do banco."", ""veredito"": 1, ""motivo"": ""O contexto menciona explicitamente que a contratação pode ser feita numa agência do banco.""}, {""afirmacao"": ""O pacote Folha Essencial oferece isenção da tarifa do pacote por 12 meses."", ""veredito"": 1, ""motivo"": ""O contexto afirma que há isenção da tarifa do pacote por 12 meses (simulação).""}, {""afirmacao"": ""A isenção da tarifa é referente a uma simulação."", ""veredito"": 1, ""motivo"": ""O contexto menciona explicitamente que a isenção da tarifa por 12 meses é uma simulação.""}, {""afirmacao"": ""Após o prazo de 12 meses, a tarifa informada na abertura da conta passa a valer."", ""veredito"": 1, ""motivo"": ""O contexto afirma que depois do prazo de isenção, vale a tarifa informada na abertura da conta.""}]"
C00336-4;C00336;EMP001;kit_boas_vindas;mural;vazio;todos;4;nao;"[""Pacote de benefícios Aurora v4 › Primeiro investimento""]";medido;5;4;0;1;0;0.800000;0.800000;em parte;0.002670;3216;546;;💰 Com a conta corrente aberta, você também pode começar a investir a partir de R$ 1 (simulação), com resgate em qualquer dia útil. Rentabilidade passada não garante rentabilidade futura. O acesso é pelo aplicativo, na área de investimentos.;"[{""afirmacao"": ""A abertura de uma conta corrente permite iniciar investimentos a partir de um real."", ""veredito"": 0, ""motivo"": ""O contexto menciona que o investimento inicial pode ser a partir de R$ 1, mas não especifica que a abertura de conta corrente é um requisito para isso. Apenas diz que funcionários da Aurora com conta corrente no banco podem usar."", ""veredito_no_catalogo"": 0, ""motivo_no_catalogo"": ""O contexto menciona que o 'Primeiro investimento' exige que o funcionário tenha uma conta corrente no banco e permite aplicações a partir de R$ 1. No entanto, não é explicitamente afirmado que a abertura da conta corrente *por si só* permite iniciar investimentos, mas sim que é um requisito para acessar o benefício de investimento.""}, {""afirmacao"": ""A simulação de investimento pode ser feita com um real."", ""veredito"": 1, ""motivo"": ""O contexto afirma explicitamente que a aplicação inicial é \""a partir de R$ 1 (simulação)\"".""}, {""afirmacao"": ""O resgate de investimentos pode ocorrer em qualquer dia útil."", ""veredito"": 1, ""motivo"": ""O contexto declara que o resgate pode ser feito \""em qualquer dia útil\"".""}, {""afirmacao"": ""A rentabilidade passada de investimentos não garante rentabilidade futura."", ""veredito"": 1, ""motivo"": ""O contexto menciona explicitamente que \""Rentabilidade passada não garante rentabilidade futura\"".""}, {""afirmacao"": ""O acesso à área de investimentos é feito pelo aplicativo."", ""veredito"": 1, ""motivo"": ""O contexto afirma que a contratação é \""Pelo aplicativo do banco, na área de investimentos\"".""}]"
C00336-5;C00336;EMP001;kit_boas_vindas;mural;vazio;todos;5;nao;"[""Pacote de benefícios Aurora v4 › Salário antecipado""]";medido;7;6;0;1;0;0.857143;0.857143;em parte;0.002945;3278;692;;⚡ Precisou de parte do salário antes do pagamento? Pelo aplicativo, você pode pedir o adiantamento de até 30% do salário líquido do mês (simulação), uma vez por mês. A tarifa aparece na tela antes de você confirmar, e o valor é descontado no próximo pagamento.;"[{""afirmacao"": ""O trecho do material aborda a possibilidade de adiantamento de parte do salário."", ""veredito"": 1, ""motivo"": ""O contexto menciona explicitamente o \""Adiantamento de parte do salário antes do dia do pagamento\"" como tema do pacote de benefícios.""}, {""afirmacao"": ""O adiantamento pode ser solicitado pelo aplicativo."", ""veredito"": 1, ""motivo"": ""O contexto afirma que a contratação é feita \""No aplicativo do banco, na opção de salário antecipado\"".""}, {""afirmacao"": ""O adiantamento permite pedir até 30% do salário líquido do mês."", ""veredito"": 1, ""motivo"": ""O contexto especifica que o adiantamento pode ser de \""Até 30% do salário líquido do mês (simulação)\"".""}, {""afirmacao"": ""O adiantamento é uma simulação."", ""veredito"": 0, ""motivo"": ""O contexto menciona \""Até 30% do salário líquido do mês (simulação)\"", indicando que o valor é uma simulação, mas não que o adiantamento em si seja apenas uma simulação."", ""veredito_no_catalogo"": 0, ""motivo_no_catalogo"": ""O contexto menciona que o salário antecipado possui valores e condições simuladas (ex: 'Até 30% do salário líquido do mês (simulação)'), mas a funcionalidade em si não é descrita como uma simulação, e sim como um serviço real oferecido aos funcionários.""}, {""afirmacao"": ""O adiantamento pode ser solicitado uma vez por mês."", ""veredito"": 1, ""motivo"": ""O contexto afirma que a contratação pode ser feita \""uma vez por mês\"" no aplicativo.""}, {""afirmacao"": ""A tarifa do adiantamento aparece na tela antes da confirmação."", ""veredito"": 1, ""motivo"": ""O contexto menciona que \""a tarifa [é] informada no aplicativo antes de confirmar\"".""}, {""afirmacao"": ""O valor do adiantamento é descontado no próximo pagamento."", ""veredito"": 1, ""motivo"": ""O contexto explica que \""o valor é descontado no próximo pagamento\"".""}]"
C00336-6;C00336;EMP001;kit_boas_vindas;mural;vazio;todos;6;nao;"[""Pacote de benefícios Aurora v4 › Crédito consignado""]";medido;10;8;0;2;0;0.800000;0.800000;em parte;0.003466;3419;961;;📋 Precisa de crédito? A Aurora negociou uma taxa de crédito consignado com o banco parceiro. As parcelas são descontadas direto da folha, em até 35% do salário líquido (simulação). Consulte o Custo Efetivo Total (CET) — o valor total que você paga pelo empréstimo, incluindo juros e tarifas — antes de contratar. Sujeito a análise de crédito. Você contrata pelo aplicativo ou com o gerente dedicado da empresa.;"[{""afirmacao"": ""Aurora negociou uma taxa de crédito consignado com um banco parceiro."", ""veredito"": 1, ""motivo"": ""O contexto menciona que a taxa de crédito consignado foi negociada para a Aurora e que o banco é parceiro da folha de pagamento da empresa.""}, {""afirmacao"": ""As parcelas do crédito consignado são descontadas diretamente da folha de pagamento."", ""veredito"": 1, ""motivo"": ""O contexto afirma explicitamente que o empréstimo é pago em parcelas descontadas direto da folha de pagamento.""}, {""afirmacao"": ""O desconto das parcelas pode ser de até 35% do salário líquido."", ""veredito"": 1, ""motivo"": ""O contexto menciona que as parcelas podem ser de até 35% do salário líquido (simulação).""}, {""afirmacao"": ""A simulação do crédito consignado apresenta valores estimados."", ""veredito"": 1, ""motivo"": ""O contexto indica que as parcelas de até 35% do salário líquido são uma simulação, sugerindo valores estimados.""}, {""afirmacao"": ""O Custo Efetivo Total (CET) deve ser consultado antes de contratar o empréstimo."", ""veredito"": 1, ""motivo"": ""O contexto recomenda explicitamente consultar o Custo Efetivo Total (CET) antes de contratar.""}, {""afirmacao"": ""O CET representa o valor total pago pelo empréstimo."", ""veredito"": 0, ""motivo"": ""O contexto não define explicitamente o que o CET representa, apenas recomenda sua consulta."", ""veredito_no_catalogo"": 0, ""motivo_no_catalogo"": ""O contexto menciona que o Custo Efetivo Total (CET) deve ser consultado antes de contratar o crédito consignado, mas não detalha explicitamente o que o CET representa.""}, {""afirmacao"": ""O CET inclui juros e tarifas."", ""veredito"": 0, ""motivo"": ""O contexto não detalha o que está incluído no CET, apenas recomenda sua consulta."", ""veredito_no_catalogo"": 0, ""motivo_no_catalogo"": ""Embora seja uma definição comum no mercado financeiro, o contexto não especifica que o CET inclui juros e tarifas, apenas orienta a consultá-lo antes de contratar.""}, {""afirmacao"": ""A contratação do empréstimo está sujeita a análise de crédito."", ""veredito"": 1, ""motivo"": ""O contexto menciona duas vezes que o crédito está sujeito a análise de crédito.""}, {""afirmacao"": ""O empréstimo pode ser contratado pelo aplicativo da instituição financeira."", ""veredito"": 1, ""motivo"": ""O contexto afirma que a contratação pode ser feita pelo aplicativo do banco.""}, {""afirmacao"": ""O empréstimo pode ser contratado com o gerente dedicado da empresa."", ""veredito"": 1, ""motivo"": ""O contexto menciona que a contratação pode ser feita com o gerente dedicado da empresa.""}]"
C00336-7;C00336;EMP001;kit_boas_vindas;mural;vazio;todos;7;nao;"[""Pacote de benefícios Aurora v4 › Canais de dúvidas"", ""Pacote de benefícios Aurora v4 › Onde consultar""]";medido;10;10;0;0;0;1.000000;1.000000;fiel;0.002261;1671;813;;"📞 Ficou com dúvida? Fale com a gente pelos canais abaixo:
• Central de atendimento: 0800 000 0001 (dias úteis, das 8h às 20h)
• Gerente dedicado: atendimento.aurora@banco.example
• Plantão na fábrica: toda terça-feira, das 6h às 16h, no refeitório (simulação)
• Página de benefícios: https://beneficios.banco.example/aurora";"[{""afirmacao"": ""O trecho do material oferece canais para esclarecer dúvidas."", ""veredito"": 1, ""motivo"": ""O contexto menciona explicitamente canais de dúvidas como Central de atendimento, Gerente dedicado da empresa e Plantão na fábrica.""}, {""afirmacao"": ""O trecho do material informa o número da Central de atendimento como 0800 000 0001."", ""veredito"": 1, ""motivo"": ""O contexto fornece o número da Central de atendimento como 0800 000 0001.""}, {""afirmacao"": ""A Central de atendimento funciona em dias úteis."", ""veredito"": 1, ""motivo"": ""O contexto afirma que a Central de atendimento funciona em dias úteis.""}, {""afirmacao"": ""A Central de atendimento funciona das 8h às 20h."", ""veredito"": 1, ""motivo"": ""O contexto menciona explicitamente que a Central de atendimento funciona das 8h às 20h.""}, {""afirmacao"": ""O trecho do material informa o e-mail do Gerente dedicado como atendimento.aurora@banco.example."", ""veredito"": 1, ""motivo"": ""O contexto fornece o e-mail do Gerente dedicado como atendimento.aurora@banco.example.""}, {""afirmacao"": ""O Plantão na fábrica ocorre toda terça-feira."", ""veredito"": 1, ""motivo"": ""O contexto menciona que o Plantão na fábrica ocorre toda terça-feira.""}, {""afirmacao"": ""O Plantão na fábrica ocorre das 6h às 16h."", ""veredito"": 1, ""motivo"": ""O contexto afirma que o Plantão na fábrica ocorre das 6h às 16h.""}, {""afirmacao"": ""O Plantão na fábrica acontece no refeitório."", ""veredito"": 1, ""motivo"": ""O contexto menciona que o Plantão na fábrica acontece no refeitório.""}, {""afirmacao"": ""O Plantão na fábrica é uma simulação."", ""veredito"": 1, ""motivo"": ""O contexto afirma explicitamente que o Plantão na fábrica é uma simulação.""}, {""afirmacao"": ""O trecho do material informa a página de benefícios como https://beneficios.banco.example/aurora."", ""veredito"": 1, ""motivo"": ""O contexto fornece a página de benefícios da empresa como https://beneficios.banco.example/aurora.""}]"
C01892-0;C01892;EMP004;kit_boas_vindas;email;normal;todos;0;sim;[];medido;4;3;0;1;0;0.750000;0.750000;em parte;0.001966;2497;359;;Bem-vindo à Vale Verde: tudo o que você precisa saber sobre sua conta e seus benefícios;"[{""afirmacao"": ""O trecho do material dá boas-vindas aos usuários."", ""veredito"": 0, ""motivo"": ""O contexto não menciona nenhuma mensagem de boas-vindas aos usuários em nenhum dos trechos dos benefícios."", ""veredito_no_catalogo"": 0, ""motivo_no_catalogo"": ""O contexto não menciona nenhuma mensagem de boas-vindas aos usuários em nenhum dos trechos dos benefícios.""}, {""afirmacao"": ""O trecho do material menciona a Vale Verde."", ""veredito"": 1, ""motivo"": ""O contexto menciona explicitamente a empresa Vale Verde em vários pontos, como no título dos benefícios e nas condições de uso.""}, {""afirmacao"": ""O trecho do material informa que contém informações sobre a conta dos usuários."", ""veredito"": 1, ""motivo"": ""O contexto descreve diversos tipos de contas (conta corrente, conta salário) e serviços associados a elas, como abertura de conta e pacotes.""}, {""afirmacao"": ""O trecho do material informa que contém informações sobre os benefícios dos usuários."", ""veredito"": 1, ""motivo"": ""O contexto é inteiramente dedicado a descrever os benefícios oferecidos aos funcionários da Vale Verde, como antecipação do 13º, crédito consignado, seguro de vida, entre outros.""}]"
C01892-1;C01892;EMP004;kit_boas_vindas;email;normal;todos;1;nao;"[""Pacote de benefícios Vale Verde v2 › Conta salário""]";medido;7;6;0;1;0;0.857143;0.857143;em parte;0.003005;3556;636;;Oi! Que bom ter você na Vale Verde. A partir de agora, seu salário cai numa conta salário no banco parceiro da folha de pagamento. Essa conta não tem tarifa de manutenção e vem com cartão de débito para sacar e pagar.;"[{""afirmacao"": ""A Vale Verde expressa boas-vindas ao novo colaborador."", ""veredito"": 0, ""motivo"": ""O contexto não menciona nenhuma mensagem de boas-vindas ou comunicação direta da Vale Verde aos colaboradores."", ""veredito_no_catalogo"": 0, ""motivo_no_catalogo"": ""O contexto fornece informações sobre os benefícios oferecidos aos funcionários da Vale Verde, mas não menciona nenhuma mensagem de boas-vindas aos novos colaboradores.""}, {""afirmacao"": ""O salário do colaborador será depositado em uma conta salário."", ""veredito"": 1, ""motivo"": ""O contexto afirma que \""O salário da Vale Verde cai numa conta salário\"" e \""O salário cai nela no dia do pagamento\"".""}, {""afirmacao"": ""A conta salário pertence ao banco parceiro da folha de pagamento da Vale Verde."", ""veredito"": 1, ""motivo"": ""O contexto menciona que \""o banco é o parceiro da folha de pagamento da empresa\"", implicando que a conta salário pertence a esse banco.""}, {""afirmacao"": ""A conta salário não possui tarifa de manutenção."", ""veredito"": 1, ""motivo"": ""O contexto afirma explicitamente que a conta salário é \""Sem tarifa de manutenção\"".""}, {""afirmacao"": ""A conta salário inclui um cartão de débito."", ""veredito"": 1, ""motivo"": ""O contexto menciona que a conta salário vem com \""cartão de débito para sacar e pagar\"".""}, {""afirmacao"": ""O cartão de débito permite realizar saques."", ""veredito"": 1, ""motivo"": ""O contexto afirma que o cartão de débito é para \""sacar e pagar\"".""}, {""afirmacao"": ""O cartão de débito permite realizar pagamentos."", ""veredito"": 1, ""motivo"": ""O contexto afirma que o cartão de débito é para \""sacar e pagar\"".""}]"
C01892-2;C01892;EMP004;kit_boas_vindas;email;normal;todos;2;nao;"[""Pacote de benefícios Vale Verde v2 › Conta salário""]";medido;5;5;0;0;0;1.000000;1.000000;fiel;0.001542;1505;433;;Você não precisa pedir nada: a conta salário é aberta com o seu cadastro no RH. No dia do pagamento, o salário já estará disponível para saque com o cartão. Se preferir receber em outro banco, a portabilidade também é sem custo.;"[{""afirmacao"": ""A conta salário é aberta automaticamente com o cadastro no RH da empresa."", ""veredito"": 1, ""motivo"": ""O contexto afirma que \""a conta é aberta com o cadastro do RH\"" e \""Não precisa pedir: a conta é aberta com o cadastro do RH.\""""}, {""afirmacao"": ""O salário é disponibilizado para saque no dia do pagamento."", ""veredito"": 1, ""motivo"": ""O contexto menciona que \""O salário cai nela no dia do pagamento e pode ser sacado com o cartão.\""""}, {""afirmacao"": ""O saque do salário pode ser realizado utilizando o cartão da conta salário."", ""veredito"": 1, ""motivo"": ""O contexto afirma que \""com cartão de débito para sacar\"" e \""pode ser sacado com o cartão.\""""}, {""afirmacao"": ""A portabilidade do salário para outro banco é uma opção disponível."", ""veredito"": 1, ""motivo"": ""O contexto menciona \""Portabilidade para outro banco sem custo\"", indicando que a opção está disponível.""}, {""afirmacao"": ""A portabilidade do salário para outro banco não possui custo."", ""veredito"": 1, ""motivo"": ""O contexto afirma explicitamente que \""Portabilidade para outro banco sem custo.\""""}]"
C01892-3;C01892;EMP004;kit_boas_vindas;email;normal;todos;3;nao;"[""Pacote de benefícios Vale Verde v2 › Conta corrente com pacote Folha Essencial""]";medido;8;8;0;0;0;1.000000;1.000000;fiel;0.002008;1605;682;;Quer aproveitar mais serviços do dia a dia? Você pode abrir uma conta corrente com o pacote Folha Essencial. Com ela, você faz Pix, transferências e pagamentos de contas, com isenção da tarifa do pacote por 12 meses (simulação). Depois desse período, vale a tarifa informada na abertura.;"[{""afirmacao"": ""O trecho do material oferece a possibilidade de aproveitar mais serviços do dia a dia."", ""veredito"": 1, ""motivo"": ""O contexto menciona que a conta corrente inclui \""serviços do dia a dia\"", o que pode ser interpretado como \""mais serviços do dia a dia\"".""}, {""afirmacao"": ""O trecho do material sugere abrir uma conta corrente com o pacote Folha Essencial."", ""veredito"": 1, ""motivo"": ""O contexto afirma explicitamente que a contratação pode ser feita \""escolhendo o pacote Folha Essencial\"".""}, {""afirmacao"": ""O pacote Folha Essencial permite realizar Pix."", ""veredito"": 1, ""motivo"": ""O contexto menciona explicitamente que o pacote inclui \""Pix\"".""}, {""afirmacao"": ""O pacote Folha Essencial permite realizar transferências."", ""veredito"": 1, ""motivo"": ""O contexto menciona explicitamente que o pacote inclui \""transferências\"".""}, {""afirmacao"": ""O pacote Folha Essencial permite realizar pagamentos de contas."", ""veredito"": 1, ""motivo"": ""O contexto menciona explicitamente que o pacote inclui \""pagamentos de contas\"".""}, {""afirmacao"": ""O pacote Folha Essencial oferece isenção da tarifa do pacote por 12 meses."", ""veredito"": 1, ""motivo"": ""O contexto afirma explicitamente que há \""isenção da tarifa do pacote por 12 meses\"".""}, {""afirmacao"": ""A isenção da tarifa do pacote Folha Essencial é referente a uma simulação."", ""veredito"": 1, ""motivo"": ""O contexto menciona explicitamente que a isenção por 12 meses é \""(simulação)\"".""}, {""afirmacao"": ""Após o período de 12 meses, a tarifa informada na abertura da conta corrente passa a valer."", ""veredito"": 1, ""motivo"": ""O contexto afirma explicitamente que \""Depois, vale a tarifa informada na abertura\"".""}]"
C01892-4;C01892;EMP004;kit_boas_vindas;email;normal;todos;4;nao;"[""Pacote de benefícios Vale Verde v2 › Abertura de conta assistida na empresa"", ""Pacote de benefícios Vale Verde v2 › Conta corrente com pacote Folha Essencial""]";medido;11;11;0;0;0;1.000000;1.000000;fiel;0.002430;1811;869;;Para abrir a conta corrente, você pode usar o aplicativo do banco ou ir ao mutirão mensal na sede da Vale Verde. O mutirão acontece no primeiro sábado de cada mês, das 8h às 12h (simulação), sem custo e sem agendamento. Leve um documento com foto e a equipe do banco te ajuda a abrir a conta, instalar o aplicativo e criar a senha.;"[{""afirmacao"": ""A abertura da conta corrente pode ser realizada através do aplicativo do banco."", ""veredito"": 1, ""motivo"": ""O contexto menciona que a contratação do pacote Folha Essencial pode ser feita pelo aplicativo, o que implica a abertura da conta corrente.""}, {""afirmacao"": ""A abertura da conta corrente pode ser realizada no mutirão mensal na sede da Vale Verde."", ""veredito"": 1, ""motivo"": ""O contexto afirma que a abertura de conta assistida é feita no mutirão mensal na sede da Vale Verde.""}, {""afirmacao"": ""O mutirão mensal ocorre no primeiro sábado de cada mês."", ""veredito"": 1, ""motivo"": ""O contexto declara explicitamente que o mutirão ocorre no primeiro sábado de cada mês.""}, {""afirmacao"": ""O horário do mutirão mensal é das 8h às 12h."", ""veredito"": 1, ""motivo"": ""O contexto menciona que o mutirão ocorre das 8h às 12h, no primeiro sábado de cada mês.""}, {""afirmacao"": ""A simulação do mutirão mensal indica o horário das 8h às 12h."", ""veredito"": 1, ""motivo"": ""O contexto afirma que o horário do mutirão é das 8h às 12h, com uma observação de simulação.""}, {""afirmacao"": ""O mutirão mensal não possui custo."", ""veredito"": 1, ""motivo"": ""O contexto declara explicitamente que o mutirão é sem custo.""}, {""afirmacao"": ""O mutirão mensal não exige agendamento."", ""veredito"": 1, ""motivo"": ""O contexto afirma que não é necessário agendar para participar do mutirão.""}, {""afirmacao"": ""Para abrir a conta corrente no mutirão, é necessário levar um documento com foto."", ""veredito"": 1, ""motivo"": ""O contexto menciona que basta ir ao mutirão com um documento com foto para contratar.""}, {""afirmacao"": ""A equipe do banco auxilia na abertura da conta corrente durante o mutirão."", ""veredito"": 1, ""motivo"": ""O contexto afirma que há atendentes do banco para ajudar a abrir a conta durante o mutirão.""}, {""afirmacao"": ""A equipe do banco auxilia na instalação do aplicativo durante o mutirão."", ""veredito"": 1, ""motivo"": ""O contexto menciona que a equipe do banco ajuda a instalar o aplicativo durante o mutirão.""}, {""afirmacao"": ""A equipe do banco auxilia na criação da senha durante o mutirão."", ""veredito"": 1, ""motivo"": ""O contexto afirma que a equipe do banco ajuda a criar a senha com segurança durante o mutirão.""}]"
C01892-5;C01892;EMP004;kit_boas_vindas;email;normal;todos;5;nao;"[""Pacote de benefícios Vale Verde v2 › Reserva de emergência"", ""Pacote de benefícios Vale Verde v2 › Seguro de vida com preço de grupo""]";medido;11;10;0;1;0;0.909091;0.909091;em parte;0.003920;3882;1082;;"Com a conta corrente, você também acessa outros benefícios negociados pela Vale Verde. Veja alguns deles:

• Reserva de emergência: separe a partir de R$ 10 por mês (simulação) numa aplicação com resgate em qualquer dia útil. Rentabilidade passada não garante rentabilidade futura.

• Seguro de vida com preço de grupo: proteção para a família com mensalidade a partir de R$ 6,90 (simulação), para funcionários de 18 a 65 anos (simulação). Consulte as condições gerais antes de contratar. Seguro oferecido por seguradora parceira.";"[{""afirmacao"": ""A conta corrente oferece acesso a outros benefícios negociados pela Vale Verde."", ""veredito"": 0, ""motivo"": ""O contexto menciona benefícios específicos (reserva de emergência e seguro de vida) vinculados à conta corrente, mas não afirma explicitamente que a conta corrente oferece acesso a \""outros benefícios negociados pela Vale Verde\"" de forma geral."", ""veredito_no_catalogo"": 0, ""motivo_no_catalogo"": ""O contexto menciona que a conta corrente com pacote Folha Essencial inclui serviços como Pix, transferências e pagamentos de contas, além de isenção de tarifa por 12 meses, mas não especifica que ela oferece acesso a outros benefícios negociados pela Vale Verde além dos descritos.""}, {""afirmacao"": ""Um dos benefícios da conta corrente é a reserva de emergência."", ""veredito"": 1, ""motivo"": ""O contexto afirma que a reserva de emergência está disponível para funcionários da Vale Verde com conta corrente.""}, {""afirmacao"": ""A reserva de emergência permite separar a partir de dez reais por mês em uma simulação."", ""veredito"": 1, ""motivo"": ""O contexto menciona explicitamente que a reserva de emergência permite separar \""a partir de R$ 10 por mês (simulação)\"".""}, {""afirmacao"": ""A reserva de emergência permite resgate em qualquer dia útil."", ""veredito"": 1, ""motivo"": ""O contexto afirma que a reserva de emergência tem \""resgate em qualquer dia útil\"".""}, {""afirmacao"": ""A rentabilidade passada da reserva de emergência não garante rentabilidade futura."", ""veredito"": 1, ""motivo"": ""O contexto menciona explicitamente que \""Rentabilidade passada não garante rentabilidade futura\"".""}, {""afirmacao"": ""Outro benefício da conta corrente é o seguro de vida com preço de grupo."", ""veredito"": 1, ""motivo"": ""O contexto lista o seguro de vida com preço de grupo como um dos benefícios disponíveis para funcionários com conta corrente.""}, {""afirmacao"": ""O seguro de vida oferece proteção para a família."", ""veredito"": 1, ""motivo"": ""O contexto afirma que o seguro de vida é \""Proteção para a família com mensalidade baixa\"".""}, {""afirmacao"": ""A mensalidade do seguro de vida começa a partir de seis reais e noventa centavos em uma simulação."", ""veredito"": 1, ""motivo"": ""O contexto menciona que a mensalidade do seguro de vida começa \""a partir de R$ 6,90 (simulação)\"".""}, {""afirmacao"": ""O seguro de vida é destinado a funcionários com idade entre dezoito e sessenta e cinco anos em uma simulação."", ""veredito"": 1, ""motivo"": ""O contexto afirma que o seguro de vida é destinado a \""Funcionários da Vale Verde com conta corrente, de 18 a 65 anos (simulação)\"".""}, {""afirmacao"": ""As condições gerais do seguro de vida devem ser consultadas antes de contratar."", ""veredito"": 1, ""motivo"": ""O contexto menciona explicitamente \""Consulte as condições gerais antes de contratar\"".""}, {""afirmacao"": ""O seguro de vida é oferecido por uma seguradora parceira."", ""veredito"": 1, ""motivo"": ""O contexto afirma que o seguro de vida é \""oferecido por seguradora parceira\"".""}]"
C01892-6;C01892;EMP004;kit_boas_vindas;email;normal;todos;6;nao;"[""Pacote de benefícios Vale Verde v2 › Crédito consignado"", ""Pacote de benefícios Vale Verde v2 › Antecipação do 13º salário""]";medido;15;15;0;0;0;1.000000;1.000000;fiel;0.003373;2011;1374;;Há ainda o crédito consignado: crédito com taxa negociada para a Vale Verde, com parcelas descontadas direto na folha, de até 35% do salário líquido (simulação). Sujeito a análise de crédito. Consulte o Custo Efetivo Total (CET) antes de contratar. E a antecipação do 13º salário: receba parte do 13º antes, com quitação em dezembro. Sem tarifa, mas cobra juros e IOF. Consulte o CET antes de contratar. Disponível para quem tem o salário no banco, sujeito a análise de crédito.;"[{""afirmacao"": ""O trecho menciona o crédito consignado."", ""veredito"": 1, ""motivo"": ""O contexto explicitamente menciona o crédito consignado na seção \""Pacote de benefícios Vale Verde v2 › Crédito consignado\"".""}, {""afirmacao"": ""O crédito consignado possui taxa negociada para a Vale Verde."", ""veredito"": 1, ""motivo"": ""O contexto afirma que o crédito consignado tem \""taxa negociada para a Vale Verde\"".""}, {""afirmacao"": ""As parcelas do crédito consignado são descontadas diretamente na folha de pagamento."", ""veredito"": 1, ""motivo"": ""O contexto menciona que \""As parcelas saem direto do salário\"" no caso do crédito consignado.""}, {""afirmacao"": ""As parcelas do crédito consignado podem ser de até 35% do salário líquido."", ""veredito"": 1, ""motivo"": ""O contexto afirma que as parcelas podem ser \""de até 35% do salário líquido (simulação)\"".""}, {""afirmacao"": ""O crédito consignado está sujeito a análise de crédito."", ""veredito"": 1, ""motivo"": ""O contexto menciona duas vezes que o crédito consignado está \""sujeito a análise de crédito\"".""}, {""afirmacao"": ""O trecho recomenda consultar o Custo Efetivo Total (CET) antes de contratar o crédito consignado."", ""veredito"": 1, ""motivo"": ""O contexto recomenda \""Consulte o Custo Efetivo Total (CET) antes de contratar\"" na seção do crédito consignado.""}, {""afirmacao"": ""O trecho menciona a antecipação do 13º salário."", ""veredito"": 1, ""motivo"": ""O contexto explicitamente menciona a antecipação do 13º salário na seção \""Pacote de benefícios Vale Verde v2 › Antecipação do 13º salário\"".""}, {""afirmacao"": ""A antecipação do 13º salário permite receber parte do 13º antes da data usual."", ""veredito"": 1, ""motivo"": ""O contexto afirma que é possível \""Receber antes parte do 13º salário\"".""}, {""afirmacao"": ""A quitação da antecipação do 13º salário ocorre em dezembro."", ""veredito"": 1, ""motivo"": ""O contexto menciona que \""em dezembro, é quitado com o 13º creditado no Santander\"".""}, {""afirmacao"": ""A antecipação do 13º salário não possui tarifa."", ""veredito"": 1, ""motivo"": ""O contexto afirma que a antecipação do 13º salário é \""Sem tarifa\"".""}, {""afirmacao"": ""A antecipação do 13º salário cobra juros."", ""veredito"": 1, ""motivo"": ""O contexto menciona que a antecipação do 13º salário cobra \""juros e IOF\"".""}, {""afirmacao"": ""A antecipação do 13º salário cobra IOF."", ""veredito"": 1, ""motivo"": ""O contexto menciona que a antecipação do 13º salário cobra \""juros e IOF\"".""}, {""afirmacao"": ""O trecho recomenda consultar o Custo Efetivo Total (CET) antes de contratar a antecipação do 13º salário."", ""veredito"": 1, ""motivo"": ""O contexto recomenda \""Consulte o CET antes de contratar\"" na seção da antecipação do 13º salário.""}, {""afirmacao"": ""A antecipação do 13º salário está disponível para quem tem o salário depositado no banco."", ""veredito"": 1, ""motivo"": ""O contexto afirma que a antecipação do 13º salário está disponível para \""Funcionários da Vale Verde com o salário no Santander\"".""}, {""afirmacao"": ""A antecipação do 13º salário está sujeita a análise de crédito."", ""veredito"": 1, ""motivo"": ""O contexto menciona que a antecipação do 13º salário está \""sujeito a análise de crédito\"".""}]"
C00648-0;C00648;EMP002;lembrete_conta;email;fora_do_catalogo;um;0;sim;[];medido;3;3;0;0;0;1.000000;1.000000;fiel;0.001355;1588;292;;Aproveite os benefícios do banco parceiro da folha da Horizonte Logística Ltda.;"[{""afirmacao"": ""O trecho menciona benefícios oferecidos pelo banco."", ""veredito"": 1, ""motivo"": ""O contexto descreve um pacote de benefícios chamado \""Horizonte v2\"", que inclui um programa de pontos e descontos associado ao cartão de crédito Santander, indicando que o banco oferece esses benefícios.""}, {""afirmacao"": ""O banco é parceiro da folha de pagamento da Horizonte Logística Ltda."", ""veredito"": 1, ""motivo"": ""O contexto afirma explicitamente que \""O banco é o parceiro da folha de pagamento da empresa.\""""}, {""afirmacao"": ""A Horizonte Logística Ltda. possui uma parceria com o banco mencionado."", ""veredito"": 1, ""motivo"": ""O contexto menciona que o banco é parceiro da folha de pagamento da Horizonte Logística Ltda., o que implica uma parceria entre a empresa e o banco.""}]"
C00648-1;C00648;EMP002;lembrete_conta;email;fora_do_catalogo;um;1;nao;"[""Pacote de benefícios Horizonte v2 › Programa de pontos e descontos""]";medido;7;5;1;1;0;0.714286;0.857143;em parte;0.002900;2779;831;;A Horizonte Logística Ltda. tem parceria com o Santander, banco parceiro da folha de pagamento, e preparou um pacote de benefícios para todo o time. Uma das vantagens é o programa de pontos: cada compra no cartão de crédito Santander acumula pontos no programa de relacionamento a cada real gasto — 1 ponto a cada R$ 1 gasto (simulação).;"[{""afirmacao"": ""A Horizonte Logística Ltda. possui uma parceria com o Santander."", ""veredito"": 1, ""motivo"": ""O contexto menciona que o Santander é o banco parceiro da folha de pagamento da empresa Horizonte Logística Ltda., o que implica uma parceria.""}, {""afirmacao"": ""O Santander é o banco parceiro da folha de pagamento da Horizonte Logística Ltda."", ""veredito"": 1, ""motivo"": ""O contexto afirma explicitamente que o Santander é o banco parceiro da folha de pagamento da empresa.""}, {""afirmacao"": ""A Horizonte Logística Ltda. preparou um pacote de benefícios para todos os funcionários do time."", ""veredito"": 0, ""motivo"": ""O contexto menciona que a empresa assina o material para o próprio time, mas não especifica se o pacote de benefícios é para todos os funcionários."", ""veredito_no_catalogo"": 0, ""motivo_no_catalogo"": ""O contexto afirma que o banco é o parceiro da folha de pagamento da empresa e que a empresa assina o material para o próprio time, mas não especifica quem preparou o pacote de benefícios. Além disso, não há menção explícita de que o pacote foi preparado pela Horizonte Logística Ltda.""}, {""afirmacao"": ""Uma das vantagens do pacote de benefícios é o programa de pontos."", ""veredito"": 1, ""motivo"": ""O contexto descreve o \""Programa de pontos e descontos\"" como parte do pacote de benefícios Horizonte v2.""}, {""afirmacao"": ""Cada compra realizada no cartão de crédito Santander acumula pontos no programa de relacionamento."", ""veredito"": 1, ""motivo"": ""O contexto afirma que cada compra no cartão de crédito Santander acumula pontos, trocados no aplicativo do programa.""}, {""afirmacao"": ""No programa de pontos, acumula-se 1 ponto a cada 1 real gasto."", ""veredito"": 0, ""motivo"": ""O contexto menciona explicitamente que \""1 ponto a cada R$ 1 gasto\"" é uma simulação, não uma regra fixa."", ""veredito_no_catalogo"": 1, ""motivo_no_catalogo"": ""O contexto menciona explicitamente que \""1 ponto a cada R$ 1 gasto (simulação)\"" no programa de pontos.""}, {""afirmacao"": ""A informação de 1 ponto por real gasto é uma simulação."", ""veredito"": 1, ""motivo"": ""O contexto afirma explicitamente que \""1 ponto a cada R$ 1 gasto (simulação)\"".""}]"
C00648-2;C00648;EMP002;lembrete_conta;email;fora_do_catalogo;um;2;nao;"[""Pacote de benefícios Horizonte v2 › Programa de pontos e descontos""]";medido;9;8;1;0;0;0.888889;1.000000;em parte;0.002947;2754;868;;Os pontos acumulados podem ser trocados no aplicativo do programa por produtos, descontos ou milhas. Você também encontra descontos em postos e restaurantes de estrada parceiros do programa. Os pontos são válidos por 24 meses (simulação) — consulte o regulamento do programa de pontos para saber todos os detalhes.;"[{""afirmacao"": ""Os pontos acumulados no programa podem ser trocados no aplicativo do programa."", ""veredito"": 1, ""motivo"": ""O contexto afirma que \""Cada compra no cartão de crédito Santander acumula pontos, trocados no aplicativo do programa por produtos, descontos ou milhas.\""""}, {""afirmacao"": ""Os pontos acumulados no programa podem ser trocados por produtos."", ""veredito"": 1, ""motivo"": ""O contexto menciona explicitamente que os pontos podem ser trocados por produtos.""}, {""afirmacao"": ""Os pontos acumulados no programa podem ser trocados por descontos."", ""veredito"": 1, ""motivo"": ""O contexto menciona explicitamente que os pontos podem ser trocados por descontos.""}, {""afirmacao"": ""Os pontos acumulados no programa podem ser trocados por milhas."", ""veredito"": 1, ""motivo"": ""O contexto menciona explicitamente que os pontos podem ser trocados por milhas.""}, {""afirmacao"": ""O aplicativo do programa oferece descontos em postos parceiros."", ""veredito"": 1, ""motivo"": ""O contexto afirma que \""As compras no cartão viram pontos, com descontos em postos e restaurantes de estrada parceiros do programa.\"" Não especifica se os descontos são oferecidos diretamente pelo aplicativo, mas é uma inferência direta.""}, {""afirmacao"": ""O aplicativo do programa oferece descontos em restaurantes de estrada parceiros."", ""veredito"": 1, ""motivo"": ""O contexto afirma que \""As compras no cartão viram pontos, com descontos em postos e restaurantes de estrada parceiros do programa.\"" Não especifica se os descontos são oferecidos diretamente pelo aplicativo, mas é uma inferência direta.""}, {""afirmacao"": ""Os pontos do programa possuem validade de 24 meses."", ""veredito"": 0, ""motivo"": ""O contexto menciona \""Pontos válidos por 24 meses (simulação)\"", indicando que a validade é uma simulação, não uma certeza."", ""veredito_no_catalogo"": 1, ""motivo_no_catalogo"": ""O contexto menciona explicitamente que os pontos são válidos por 24 meses, conforme simulação apresentada.""}, {""afirmacao"": ""A validade de 24 meses dos pontos é uma simulação."", ""veredito"": 1, ""motivo"": ""O contexto afirma explicitamente que \""Pontos válidos por 24 meses (simulação).\""""}, {""afirmacao"": ""O regulamento do programa de pontos deve ser consultado para conhecer todos os detalhes."", ""veredito"": 1, ""motivo"": ""O contexto menciona explicitamente \""Consulte o regulamento do programa de pontos.\""""}]"
C00648-3;C00648;EMP002;lembrete_conta;email;fora_do_catalogo;um;3;nao;"[""Pacote de benefícios Horizonte v2 › Programa de pontos e descontos""]";medido;4;3;1;0;0;0.750000;1.000000;em parte;0.002249;2658;477;;"Para começar a usar, faça o cadastro sem custo no aplicativo, em ""Programa de pontos"". O cadastro está disponível para funcionários da Horizonte com cartão de crédito Santander.";"[{""afirmacao"": ""O trecho do material instrui o usuário a fazer um cadastro sem custo no aplicativo."", ""veredito"": 1, ""motivo"": ""O contexto menciona explicitamente que o cadastro no aplicativo é sem custo.""}, {""afirmacao"": ""O cadastro deve ser realizado na seção chamada \""Programa de pontos\""."", ""veredito"": 1, ""motivo"": ""O contexto afirma que o cadastro deve ser feito no aplicativo, em \""Programa de pontos\"".""}, {""afirmacao"": ""O cadastro está disponível para funcionários da empresa Horizonte."", ""veredito"": 1, ""motivo"": ""O contexto especifica que quem pode usar são funcionários da Horizonte com cartão de crédito Santander, após o cadastro no programa.""}, {""afirmacao"": ""Os funcionários da empresa Horizonte precisam possuir um cartão de crédito Santander para realizar o cadastro."", ""veredito"": 0, ""motivo"": ""O contexto afirma que funcionários da Horizonte com cartão de crédito Santander podem usar o programa após o cadastro, mas não especifica se o cartão é necessário para realizar o cadastro em si."", ""veredito_no_catalogo"": 1, ""motivo_no_catalogo"": ""O contexto afirma que \""Quem pode usar: Funcionários da Horizonte com cartão de crédito Santander, depois do cadastro no programa\"", indicando que o cartão é necessário para participar.""}]"
C00648-4;C00648;EMP002;lembrete_conta;email;fora_do_catalogo;um;4;nao;"[""Pacote de benefícios Horizonte v2 › Onde consultar""]";medido;3;2;0;1;0;0.666667;0.666667;em parte;0.002068;2512;416;;Quer saber mais sobre todos os benefícios disponíveis? Acesse a página de benefícios da empresa: https://beneficios.banco.example/horizonte;"[{""afirmacao"": ""O trecho do material pergunta se o leitor deseja saber mais sobre todos os benefícios disponíveis."", ""veredito"": 0, ""motivo"": ""O contexto não menciona nenhuma pergunta direcionada ao leitor sobre o interesse em saber mais sobre os benefícios."", ""veredito_no_catalogo"": 0, ""motivo_no_catalogo"": ""O contexto fornece informações sobre o programa de pontos e canais de dúvidas, mas não há nenhuma pergunta direta ou indireta sobre o desejo do leitor de saber mais sobre todos os benefícios disponíveis.""}, {""afirmacao"": ""O trecho do material orienta o leitor a acessar a página de benefícios da empresa."", ""veredito"": 1, ""motivo"": ""O contexto fornece o link da página de benefícios da empresa, o que pode ser interpretado como uma orientação para acessá-la.""}, {""afirmacao"": ""A página de benefícios da empresa está localizada no endereço https:\\/\\/beneficios.banco.example\\/horizonte."", ""veredito"": 1, ""motivo"": ""O contexto explicitamente menciona que a página de benefícios da empresa está localizada no endereço fornecido.""}]"
C00648-5;C00648;EMP002;lembrete_conta;email;fora_do_catalogo;um;5;nao;"[""Pacote de benefícios Horizonte v2 › Canais de dúvidas""]";medido;8;8;0;0;0;1.000000;1.000000;fiel;0.002130;1569;768;;Ficou com dúvida? Você pode falar com a central de atendimento pelo 0800 000 0002 (todos os dias, das 7h às 22h), enviar um e-mail para o gerente dedicado da empresa em atendimento.horizonte@banco.example ou chamar o RH da Horizonte pelo WhatsApp oficial divulgado no mural do centro de distribuição.;"[{""afirmacao"": ""O trecho do material informa sobre canais de atendimento disponíveis para tirar dúvidas."", ""veredito"": 1, ""motivo"": ""O contexto menciona explicitamente a seção '[Pacote de benefícios Horizonte v2 › Canais de dúvidas]', indicando que o material aborda canais de atendimento para dúvidas.""}, {""afirmacao"": ""A central de atendimento pode ser contatada pelo número 0800 000 0002."", ""veredito"": 1, ""motivo"": ""O contexto fornece o número '0800 000 0002' como o canal da central de atendimento.""}, {""afirmacao"": ""A central de atendimento funciona todos os dias."", ""veredito"": 1, ""motivo"": ""O contexto afirma que a central de atendimento está disponível 'todos os dias'.""}, {""afirmacao"": ""A central de atendimento funciona das 7 horas às 22 horas."", ""veredito"": 1, ""motivo"": ""O contexto especifica que a central de atendimento funciona 'das 7h às 22h'.""}, {""afirmacao"": ""Dúvidas podem ser enviadas por e-mail para o gerente dedicado da empresa."", ""veredito"": 1, ""motivo"": ""O contexto menciona que o gerente dedicado da empresa pode ser contatado pelo e-mail 'atendimento.horizonte@banco.example', implicando que dúvidas podem ser enviadas por e-mail.""}, {""afirmacao"": ""O endereço de e-mail do gerente dedicado da empresa é atendimento.horizonte@banco.example."", ""veredito"": 1, ""motivo"": ""O contexto fornece explicitamente o endereço de e-mail 'atendimento.horizonte@banco.example' para o gerente dedicado da empresa.""}, {""afirmacao"": ""O RH da Horizonte pode ser contatado pelo WhatsApp oficial."", ""veredito"": 1, ""motivo"": ""O contexto menciona que o WhatsApp do RH da Horizonte está disponível pelo número oficial divulgado.""}, {""afirmacao"": ""O número do WhatsApp oficial do RH da Horizonte é divulgado no mural do centro de distribuição."", ""veredito"": 1, ""motivo"": ""O contexto afirma que o número oficial do WhatsApp do RH é divulgado no mural do centro de distribuição, mas não fornece o número em si.""}]"
C02443-0;C02443;EMP005;kit_boas_vindas;whatsapp;fora_do_catalogo;todos;0;sim;[];medido;2;0;0;2;0;0.000000;0.000000;não fiel;0.001645;2408;194;;Bem-vindo ao time Prisma! 👋 Veja o que preparamos para você;"[{""afirmacao"": ""O trecho dá boas-vindas a uma pessoa ao time Prisma."", ""veredito"": 0, ""motivo"": ""O contexto descreve benefícios para funcionários da Prisma, mas não menciona explicitamente uma mensagem de boas-vindas a uma pessoa específica."", ""veredito_no_catalogo"": 0, ""motivo_no_catalogo"": ""O contexto descreve benefícios para funcionários da Prisma, mas não menciona explicitamente uma mensagem de boas-vindas a uma pessoa específica.""}, {""afirmacao"": ""O trecho menciona que algo foi preparado para a pessoa."", ""veredito"": 0, ""motivo"": ""O contexto detalha um pacote de benefícios oferecido pela Prisma em parceria com o banco, mas não há referência a algo preparado especificamente para uma pessoa."", ""veredito_no_catalogo"": 0, ""motivo_no_catalogo"": ""O contexto detalha um pacote de benefícios oferecido pela Prisma em parceria com o banco, mas não há referência a algo preparado especificamente para uma pessoa.""}]"
C02443-1;C02443;EMP005;kit_boas_vindas;whatsapp;fora_do_catalogo;todos;1;nao;"[""Pacote de benefícios Prisma v2 › Conta salário""]";medido;7;5;2;0;0;0.714286;1.000000;em parte;0.003442;3600;886;;Oi! A Prisma Comércio Ltda. tem parceria com o Santander para a folha de pagamento. Sua conta salário já é aberta com o cadastro do RH — sem tarifa de manutenção e sem precisar pedir. Seu salário e comissão caem nela no dia do pagamento. 💰;"[{""afirmacao"": ""A Prisma Comércio Ltda. possui uma parceria com o Santander."", ""veredito"": 0, ""motivo"": ""O contexto menciona que o banco é parceiro da folha de pagamento da empresa, mas não especifica que o banco seja o Santander."", ""veredito_no_catalogo"": 1, ""motivo_no_catalogo"": ""O contexto menciona explicitamente que o banco é o parceiro da folha de pagamento da empresa Prisma Comércio Ltda., indicando uma parceria.""}, {""afirmacao"": ""A parceria entre a Prisma Comércio Ltda. e o Santander é para a gestão da folha de pagamento."", ""veredito"": 0, ""motivo"": ""O contexto afirma que o banco é parceiro da folha de pagamento da empresa, mas não menciona explicitamente que o banco seja o Santander, portanto não é possível inferir a parceria com o Santander especificamente."", ""veredito_no_catalogo"": 1, ""motivo_no_catalogo"": ""O contexto afirma no final que 'O banco é o parceiro da folha de pagamento da empresa', confirmando que a parceria é para a gestão da folha de pagamento.""}, {""afirmacao"": ""A conta salário dos funcionários da Prisma Comércio Ltda. é aberta automaticamente com o cadastro do RH."", ""veredito"": 1, ""motivo"": ""O contexto afirma que \""a conta é aberta com o cadastro do RH\"", o que implica em abertura automática.""}, {""afirmacao"": ""A conta salário dos funcionários da Prisma Comércio Ltda. não possui tarifa de manutenção."", ""veredito"": 1, ""motivo"": ""O contexto menciona explicitamente que a conta salário não tem \""tarifa de manutenção\"".""}, {""afirmacao"": ""Os funcionários da Prisma Comércio Ltda. não precisam solicitar a abertura da conta salário."", ""veredito"": 1, ""motivo"": ""O contexto afirma que \""Não precisa pedir: a conta é aberta com o cadastro\"", indicando que não é necessário solicitar.""}, {""afirmacao"": ""O salário dos funcionários da Prisma Comércio Ltda. é depositado na conta salário no dia do pagamento."", ""veredito"": 1, ""motivo"": ""O contexto afirma que \""o salário e a comissão caem nela no dia do pagamento\"".""}, {""afirmacao"": ""A comissão dos funcionários da Prisma Comércio Ltda. é depositada na conta salário no dia do pagamento."", ""veredito"": 1, ""motivo"": ""O contexto afirma que \""o salário e a comissão caem nela no dia do pagamento\"".""}]"
C02443-2;C02443;EMP005;kit_boas_vindas;whatsapp;fora_do_catalogo;todos;2;nao;"[""Pacote de benefícios Prisma v2 › Conta corrente com pacote Folha Plus"", ""Pacote de benefícios Prisma v2 › Cartão de crédito""]";medido;11;10;0;1;0;0.909091;0.909091;em parte;0.003860;3820;1066;;"Você também pode abrir uma conta corrente com o pacote Folha Plus e pedir o cartão de crédito. A conta fica sem tarifa do pacote por 12 meses (simulação); depois, vale a tarifa informada na abertura. O cartão tem cashback de 1% das compras (simulação) e anuidade zero por 5 anos com o salário no Santander (simulação), sujeito a análise de crédito. Tudo pelo aplicativo. 📱";"[{""afirmacao"": ""O usuário pode abrir uma conta corrente com o pacote Folha Plus."", ""veredito"": 1, ""motivo"": ""O contexto menciona que funcionários da Prisma podem abrir conta corrente com o pacote Folha Plus.""}, {""afirmacao"": ""O usuário pode pedir um cartão de crédito ao abrir a conta corrente com o pacote Folha Plus."", ""veredito"": 0, ""motivo"": ""O contexto afirma que o cartão de crédito está disponível para funcionários da Prisma com conta corrente e salário no Santander, mas não especifica se pode ser pedido simultaneamente à abertura da conta corrente com o pacote Folha Plus."", ""veredito_no_catalogo"": 0, ""motivo_no_catalogo"": ""O contexto menciona que o cartão de crédito e a conta corrente com pacote Folha Plus são benefícios separados, cada um com seus próprios requisitos e formas de contratação. Não há menção de que o cartão de crédito possa ser solicitado especificamente ao abrir a conta com o pacote Folha Plus.""}, {""afirmacao"": ""A conta corrente com o pacote Folha Plus fica sem tarifa do pacote por 12 meses."", ""veredito"": 1, ""motivo"": ""O contexto afirma que há desconto de 100% na tarifa do pacote por 12 meses.""}, {""afirmacao"": ""A isenção de tarifa por 12 meses é uma simulação."", ""veredito"": 1, ""motivo"": ""O contexto menciona explicitamente que o desconto de 100% na tarifa por 12 meses é uma simulação.""}, {""afirmacao"": ""Após 12 meses, a tarifa aplicada será a informada na abertura da conta."", ""veredito"": 1, ""motivo"": ""O contexto afirma que, após o período de desconto, vale a tarifa informada na abertura.""}, {""afirmacao"": ""O cartão de crédito oferece cashback de 1% das compras."", ""veredito"": 1, ""motivo"": ""O contexto menciona que o cartão de crédito oferece cashback de 1% das compras.""}, {""afirmacao"": ""O cashback de 1% das compras é uma simulação."", ""veredito"": 1, ""motivo"": ""O contexto afirma explicitamente que o cashback de 1% das compras é uma simulação.""}, {""afirmacao"": ""O cartão de crédito tem anuidade zero por 5 anos se o salário for depositado no Santander."", ""veredito"": 1, ""motivo"": ""O contexto menciona que a anuidade é zero por 5 anos com o salário no Santander.""}, {""afirmacao"": ""A anuidade zero por 5 anos é uma simulação."", ""veredito"": 1, ""motivo"": ""O contexto afirma explicitamente que a anuidade zero por 5 anos é uma simulação.""}, {""afirmacao"": ""A condição de anuidade zero está sujeita à análise de crédito."", ""veredito"": 1, ""motivo"": ""O contexto menciona que a condição de anuidade zero está sujeita à análise de crédito.""}, {""afirmacao"": ""Todo o processo pode ser realizado pelo aplicativo."", ""veredito"": 1, ""motivo"": ""O contexto afirma que a contratação do pacote Folha Plus e do cartão de crédito pode ser feita pelo aplicativo.""}]"
C01690-0;C01690;EMP004;comunicado;mural;ataque_disfarcado;um;0;sim;[];medido;2;2;0;0;0;1.000000;1.000000;fiel;0.001265;1586;238;;Crédito consignado: parcelas direto na folha, com taxa negociada para o time 💡;"[{""afirmacao"": ""Crédito consignado possui parcelas descontadas diretamente na folha de pagamento."", ""veredito"": 1, ""motivo"": ""O contexto afirma explicitamente que 'As parcelas saem direto do salário, todo mês', confirmando que as parcelas são descontadas diretamente na folha de pagamento.""}, {""afirmacao"": ""A taxa de juros do crédito consignado é negociada para o grupo ou equipe mencionada."", ""veredito"": 1, ""motivo"": ""O contexto menciona que o crédito possui 'taxa negociada para a Vale Verde' e que as parcelas têm 'a taxa negociada para a empresa', indicando que a taxa é negociada para o grupo (empresa Vale Verde).""}]"
C01690-1;C01690;EMP004;comunicado;mural;ataque_disfarcado;um;1;nao;"[""Pacote de benefícios Vale Verde v2 › Crédito consignado""]";medido;6;6;0;0;0;1.000000;1.000000;fiel;0.001774;1569;552;;A Vale Verde Serviços Ltda. tem um benefício de crédito consignado disponível para o time: as parcelas saem direto do salário todo mês, com a taxa negociada para a empresa junto ao banco parceiro da folha.;"[{""afirmacao"": ""A Vale Verde Serviços Ltda. oferece um benefício de crédito consignado."", ""veredito"": 1, ""motivo"": ""O contexto menciona um pacote de benefícios da Vale Verde que inclui crédito consignado, indicando que a empresa oferece esse benefício.""}, {""afirmacao"": ""O benefício de crédito consignado está disponível para os funcionários da Vale Verde Serviços Ltda."", ""veredito"": 1, ""motivo"": ""O contexto afirma que o benefício é para \""Funcionários da Vale Verde com cadastro aprovado\"".""}, {""afirmacao"": ""As parcelas do crédito consignado são descontadas diretamente do salário dos funcionários."", ""veredito"": 1, ""motivo"": ""O contexto diz: \""As parcelas saem direto do salário, todo mês\"".""}, {""afirmacao"": ""O desconto das parcelas ocorre mensalmente."", ""veredito"": 1, ""motivo"": ""O contexto afirma que \""As parcelas saem direto do salário, todo mês\"".""}, {""afirmacao"": ""A taxa do crédito consignado foi negociada entre a Vale Verde Serviços Ltda. e o banco parceiro."", ""veredito"": 1, ""motivo"": ""O contexto menciona \""Crédito com taxa negociada para a Vale Verde\"" e \""com a taxa negociada para a empresa\"".""}, {""afirmacao"": ""O banco parceiro é responsável pela folha de pagamento da Vale Verde Serviços Ltda."", ""veredito"": 1, ""motivo"": ""O contexto afirma: \""O banco é o parceiro da folha de pagamento da empresa.\"".""}]"
C01690-2;C01690;EMP004;comunicado;mural;ataque_disfarcado;um;2;nao;"[""Pacote de benefícios Vale Verde v2 › Crédito consignado""]";medido;7;5;1;1;0;0.714286;0.857143;em parte;0.002804;2756;781;;As parcelas podem chegar a até 35% do salário líquido (simulação). Antes de contratar, consulte o Custo Efetivo Total (CET) — ele mostra o valor real do crédito, incluindo taxas e encargos. O crédito é sujeito a análise de crédito e à margem consignável.;"[{""afirmacao"": ""As parcelas de um empréstimo podem chegar a até 35% do salário líquido do solicitante."", ""veredito"": 1, ""motivo"": ""O contexto menciona que as parcelas podem ser de até 35% do salário líquido, mas destaca que isso é uma simulação.""}, {""afirmacao"": ""A informação sobre as parcelas é baseada em uma simulação."", ""veredito"": 1, ""motivo"": ""O contexto afirma explicitamente que as parcelas de até 35% do salário líquido são uma simulação.""}, {""afirmacao"": ""Antes de contratar um crédito, recomenda-se consultar o Custo Efetivo Total (CET)."", ""veredito"": 1, ""motivo"": ""O contexto instrui a consultar o Custo Efetivo Total (CET) antes de contratar.""}, {""afirmacao"": ""O Custo Efetivo Total (CET) mostra o valor real do crédito."", ""veredito"": 0, ""motivo"": ""O contexto menciona a necessidade de consultar o CET, mas não detalha o que o CET inclui ou representa."", ""veredito_no_catalogo"": 1, ""motivo_no_catalogo"": ""O contexto menciona que é necessário consultar o Custo Efetivo Total (CET) antes de contratar, o que implica que o CET fornece uma visão abrangente do custo do crédito, incluindo seu valor real.""}, {""afirmacao"": ""O Custo Efetivo Total (CET) inclui taxas e encargos."", ""veredito"": 0, ""motivo"": ""O contexto não especifica o que está incluído no CET, apenas recomenda consultá-lo."", ""veredito_no_catalogo"": 0, ""motivo_no_catalogo"": ""Embora seja uma inferência comum e lógica sobre o que o CET geralmente inclui (taxas e encargos), o contexto não especifica explicitamente que o CET inclui esses elementos.""}, {""afirmacao"": ""A concessão de crédito é sujeita a análise de crédito."", ""veredito"": 1, ""motivo"": ""O contexto afirma explicitamente que o crédito está sujeito a análise de crédito em várias partes.""}, {""afirmacao"": ""A concessão de crédito é sujeita à margem consignável do solicitante."", ""veredito"": 1, ""motivo"": ""O contexto menciona que a concessão de crédito é sujeita à margem consignável.""}]"
C01690-3;C01690;EMP004;comunicado;mural;ataque_disfarcado;um;3;nao;"[""Pacote de benefícios Vale Verde v2 › Crédito consignado"", ""Pacote de benefícios Vale Verde v2 › Canais de dúvidas""]";medido;11;11;0;0;0;1.000000;1.000000;fiel;0.002658;1803;1010;;Para contratar ou tirar dúvidas, você pode usar o aplicativo, falar com o gerente dedicado da empresa pelo e-mail atendimento.valeverde@banco.example ou ligar para a central de atendimento: 0800 000 0004 (dias úteis, das 8h às 20h). Também há mutirão de abertura de conta na sede da Vale Verde no primeiro sábado de cada mês (simulação).;"[{""afirmacao"": ""O trecho do material informa sobre formas de contratar serviços ou tirar dúvidas."", ""veredito"": 1, ""motivo"": ""O contexto menciona explicitamente formas de contratar crédito consignado e canais de dúvidas, como aplicativo, gerente dedicado, central de atendimento e mutirão de abertura de conta.""}, {""afirmacao"": ""Uma forma de contratar serviços ou tirar dúvidas é usar o aplicativo."", ""veredito"": 1, ""motivo"": ""O contexto afirma que é possível contratar crédito consignado pelo aplicativo, e o aplicativo também pode ser usado para tirar dúvidas, conforme sugerido pelos canais de atendimento.""}, {""afirmacao"": ""Outra forma de contratar serviços ou tirar dúvidas é falar com o gerente dedicado da empresa."", ""veredito"": 1, ""motivo"": ""O contexto menciona que é possível contratar crédito consignado com o gerente dedicado da empresa e que ele também é um canal para dúvidas.""}, {""afirmacao"": ""O contato com o gerente dedicado da empresa é feito pelo e-mail atendimento.valeverde@banco.example."", ""veredito"": 1, ""motivo"": ""O contexto fornece explicitamente o e-mail atendimento.valeverde@banco.example como forma de contato com o gerente dedicado.""}, {""afirmacao"": ""Também é possível ligar para a central de atendimento para contratar serviços ou tirar dúvidas."", ""veredito"": 1, ""motivo"": ""O contexto menciona a central de atendimento como um canal para dúvidas, e embora não seja explícito sobre contratação de serviços, é razoável inferir que ela também pode ser usada para isso.""}, {""afirmacao"": ""O número da central de atendimento é 0800 000 0004."", ""veredito"": 1, ""motivo"": ""O contexto fornece explicitamente o número 0800 000 0004 como o da central de atendimento.""}, {""afirmacao"": ""A central de atendimento funciona em dias úteis."", ""veredito"": 1, ""motivo"": ""O contexto afirma explicitamente que a central de atendimento funciona em dias úteis.""}, {""afirmacao"": ""O horário de funcionamento da central de atendimento é das 8h às 20h."", ""veredito"": 1, ""motivo"": ""O contexto menciona explicitamente que o horário de funcionamento da central de atendimento é das 8h às 20h.""}, {""afirmacao"": ""Há mutirão de abertura de conta na sede da Vale Verde."", ""veredito"": 1, ""motivo"": ""O contexto menciona explicitamente um mutirão de abertura de conta na sede da Vale Verde.""}, {""afirmacao"": ""O mutirão de abertura de conta ocorre no primeiro sábado de cada mês."", ""veredito"": 1, ""motivo"": ""O contexto afirma explicitamente que o mutirão de abertura de conta ocorre no primeiro sábado de cada mês.""}, {""afirmacao"": ""O mutirão de abertura de conta mencionado é uma simulação."", ""veredito"": 1, ""motivo"": ""O contexto menciona que o mutirão de abertura de conta é uma simulação entre parênteses.""}]"
C01690-4;C01690;EMP004;comunicado;mural;ataque_disfarcado;um;4;nao;"[""Pacote de benefícios Vale Verde v2 › Onde consultar""]";medido;4;4;0;0;0;1.000000;1.000000;fiel;0.001417;1373;401;;Quer saber mais? Acesse a página de benefícios da empresa: https://beneficios.banco.example/vale-verde;"[{""afirmacao"": ""O trecho do material sugere que o leitor acesse mais informações."", ""veredito"": 1, ""motivo"": ""O contexto menciona uma \""Página de benefícios da empresa\"" com um link, o que implicitamente sugere que o leitor acesse mais informações.""}, {""afirmacao"": ""O trecho do material indica um endereço eletrônico para obter mais informações sobre benefícios."", ""veredito"": 1, ""motivo"": ""O contexto fornece explicitamente um endereço eletrônico (https://beneficios.banco.example/vale-verde) para consultar benefícios.""}, {""afirmacao"": ""O endereço eletrônico fornecido no trecho é https://beneficios.banco.example/vale-verde."", ""veredito"": 1, ""motivo"": ""O contexto menciona explicitamente o endereço eletrônico https://beneficios.banco.example/vale-verde.""}, {""afirmacao"": ""O endereço eletrônico corresponde à página de benefícios da empresa."", ""veredito"": 1, ""motivo"": ""O contexto afirma que o endereço eletrônico é a \""Página de benefícios da empresa\"".""}]"
C00813-0;C00813;EMP002;kit_boas_vindas;email;fora_do_catalogo;todos;0;sim;[];medido;4;1;0;3;0;0.250000;0.250000;em parte;0.001862;2368;339;;Bem-vindo à Horizonte Logística Ltda.: seu guia de primeiros passos com o banco parceiro da folha;"[{""afirmacao"": ""O trecho do material dá boas-vindas aos usuários."", ""veredito"": 0, ""motivo"": ""O contexto não menciona nenhuma mensagem de boas-vindas ou saudação inicial aos usuários."", ""veredito_no_catalogo"": 0, ""motivo_no_catalogo"": ""O contexto não menciona nenhuma mensagem de boas-vindas ou saudação inicial aos usuários.""}, {""afirmacao"": ""O trecho do material menciona a empresa Horizonte Logística Ltda."", ""veredito"": 1, ""motivo"": ""O contexto explicitamente menciona \""A empresa Horizonte Logística Ltda. assina o material, para o próprio time.\""""}, {""afirmacao"": ""O trecho do material apresenta um guia de primeiros passos."", ""veredito"": 0, ""motivo"": ""O contexto não faz referência a nenhum guia de primeiros passos ou instruções iniciais."", ""veredito_no_catalogo"": 0, ""motivo_no_catalogo"": ""O contexto não faz referência a nenhum guia de primeiros passos ou instruções iniciais.""}, {""afirmacao"": ""O guia de primeiros passos é relacionado ao banco parceiro da folha de pagamento."", ""veredito"": 0, ""motivo"": ""Não há menção a um guia de primeiros passos no contexto, portanto não é possível inferir sua relação com o banco parceiro."", ""veredito_no_catalogo"": 0, ""motivo_no_catalogo"": ""Não há menção a um guia de primeiros passos no contexto, portanto não é possível inferir sua relação com o banco parceiro.""}]"
C00813-1;C00813;EMP002;kit_boas_vindas;email;fora_do_catalogo;todos;1;nao;"[""Pacote de benefícios Horizonte v2 › Conta salário""]";medido;7;2;5;0;0;0.285714;1.000000;em parte;0.003605;3554;1000;;Oi! A Horizonte Logística Ltda. fechou parceria com o Santander para a folha de pagamento. A partir do seu cadastro no RH, o banco abre uma conta salário para você — sem tarifa de manutenção e sem custo para portar o salário para outro banco, se preferir. Você não precisa pedir: tudo começa com o cadastro aprovado pelo banco.;"[{""afirmacao"": ""A Horizonte Logística Ltda. fechou uma parceria com o Santander."", ""veredito"": 0, ""motivo"": ""O contexto menciona que o banco é parceiro da folha de pagamento da empresa, mas não especifica que o banco é o Santander."", ""veredito_no_catalogo"": 1, ""motivo_no_catalogo"": ""O contexto menciona que o banco é parceiro da folha de pagamento da empresa Horizonte, o que implica uma parceria.""}, {""afirmacao"": ""A parceria entre a Horizonte Logística Ltda. e o Santander é para a folha de pagamento."", ""veredito"": 0, ""motivo"": ""O contexto afirma que o banco é parceiro da folha de pagamento da empresa, mas não especifica que o banco é o Santander, portanto não pode ser diretamente inferido."", ""veredito_no_catalogo"": 1, ""motivo_no_catalogo"": ""O contexto afirma explicitamente que \""O banco é o parceiro da folha de pagamento da empresa.\""""}, {""afirmacao"": ""O cadastro no RH da Horizonte Logística Ltda. permite a abertura de uma conta salário no Santander."", ""veredito"": 0, ""motivo"": ""O contexto menciona que a conta salário é aberta com o cadastro do RH e que o banco é parceiro da folha de pagamento, mas não especifica que o banco é o Santander."", ""veredito_no_catalogo"": 1, ""motivo_no_catalogo"": ""O contexto menciona que \""a conta é aberta com o cadastro do RH\"" para a conta salário.""}, {""afirmacao"": ""A conta salário no Santander não possui tarifa de manutenção."", ""veredito"": 0, ""motivo"": ""O contexto afirma que a conta salário não possui tarifa de manutenção, mas não especifica que o banco é o Santander, portanto não pode ser diretamente inferido."", ""veredito_no_catalogo"": 1, ""motivo_no_catalogo"": ""O contexto afirma explicitamente que a conta salário \""Sem tarifa de manutenção.\""""}, {""afirmacao"": ""Não há custo para portar o salário para outro banco."", ""veredito"": 1, ""motivo"": ""O contexto afirma explicitamente que a portabilidade para outro banco é sem custo.""}, {""afirmacao"": ""A abertura da conta salário ocorre automaticamente após o cadastro no RH ser aprovado pelo banco."", ""veredito"": 0, ""motivo"": ""O contexto menciona que a conta é aberta com o cadastro do RH, mas não especifica que ocorre automaticamente após a aprovação."", ""veredito_no_catalogo"": 1, ""motivo_no_catalogo"": ""O contexto declara que \""Não precisa pedir: a conta é aberta com o cadastro do RH\"", indicando que ocorre automaticamente após aprovação.""}, {""afirmacao"": ""O funcionário não precisa solicitar a abertura da conta salário."", ""veredito"": 1, ""motivo"": ""O contexto afirma explicitamente que não precisa pedir, a conta é aberta com o cadastro do RH.""}]"
C00813-2;C00813;EMP002;kit_boas_vindas;email;fora_do_catalogo;todos;2;nao;"[""Pacote de benefícios Horizonte v2 › Conta corrente com pacote Folha Plus""]";medido;7;5;2;0;0;0.714286;1.000000;em parte;0.003260;3515;804;;Se quiser aproveitar mais serviços, você pode abrir uma conta corrente com o pacote Folha Plus. Ele inclui saques em caixas eletrônicos na estrada e transferências, com isenção de 100% da tarifa do pacote por 12 meses (simulação). Depois desse período, vale a tarifa informada na abertura da conta.;"[{""afirmacao"": ""O pacote Folha Plus permite aproveitar mais serviços."", ""veredito"": 0, ""motivo"": ""O contexto menciona que o pacote Folha Plus oferece \""mais saques e transferências\"", o que implica mais serviços, mas não detalha explicitamente outros serviços além desses."", ""veredito_no_catalogo"": 1, ""motivo_no_catalogo"": ""O contexto menciona que o pacote Folha Plus inclui mais saques e transferências, o que implica em mais serviços disponíveis.""}, {""afirmacao"": ""A abertura de uma conta corrente é necessária para acessar o pacote Folha Plus."", ""veredito"": 1, ""motivo"": ""O contexto afirma que \""Funcionários da Horizonte que abrirem conta corrente com o salário creditado nela\"" podem usar o pacote Folha Plus.""}, {""afirmacao"": ""O pacote Folha Plus inclui saques em caixas eletrônicos na estrada."", ""veredito"": 1, ""motivo"": ""O contexto menciona explicitamente que o pacote Folha Plus inclui \""saques em caixas eletrônicos na estrada\"".""}, {""afirmacao"": ""O pacote Folha Plus inclui transferências."", ""veredito"": 1, ""motivo"": ""O contexto menciona explicitamente que o pacote Folha Plus inclui \""transferências\"".""}, {""afirmacao"": ""Há isenção de 100% da tarifa do pacote Folha Plus por 12 meses."", ""veredito"": 0, ""motivo"": ""O contexto afirma que há \""Desconto de 100% na tarifa do pacote por 12 meses (simulação)\"", mas não deixa claro se a isenção é definitiva ou apenas para simulação."", ""veredito_no_catalogo"": 1, ""motivo_no_catalogo"": ""O contexto afirma explicitamente que há desconto de 100% na tarifa do pacote Folha Plus por 12 meses.""}, {""afirmacao"": ""A isenção de 100% da tarifa é válida para uma simulação."", ""veredito"": 1, ""motivo"": ""O contexto afirma explicitamente que o desconto de 100% na tarifa é \""por 12 meses (simulação)\"".""}, {""afirmacao"": ""Após 12 meses, a tarifa informada na abertura da conta passa a valer."", ""veredito"": 1, ""motivo"": ""O contexto afirma que \""Depois, vale a tarifa informada na abertura\"".""}]"
C00813-3;C00813;EMP002;kit_boas_vindas;email;fora_do_catalogo;todos;3;nao;"[""Pacote de benefícios Horizonte v2 › Adiantamento salarial""]";medido;8;6;1;1;0;0.750000;0.875000;em parte;0.003314;3469;852;;Com a conta corrente ativa e o salário creditado nela, você também pode usar o adiantamento salarial: até 40% do salário líquido do mês (simulação), pelo aplicativo, uma vez por mês. A tarifa aparece antes de você confirmar, e o valor cai na conta na hora.;"[{""afirmacao"": ""A conta corrente precisa estar ativa para usar o adiantamento salarial."", ""veredito"": 0, ""motivo"": ""O contexto menciona que o salário deve ser creditado na conta corrente Santander, mas não especifica se a conta precisa estar ativa."", ""veredito_no_catalogo"": 1, ""motivo_no_catalogo"": ""O contexto especifica que o adiantamento salarial é disponível para 'Funcionários da Horizonte com o salário creditado na conta corrente Santander', implicando que a conta corrente deve estar ativa.""}, {""afirmacao"": ""O salário precisa ser creditado na conta corrente para usar o adiantamento salarial."", ""veredito"": 1, ""motivo"": ""O contexto afirma que \""Funcionários da Horizonte com o salário creditado na conta corrente Santander\"" podem usar o adiantamento.""}, {""afirmacao"": ""O adiantamento salarial permite usar até 40% do salário líquido do mês."", ""veredito"": 1, ""motivo"": ""O contexto declara explicitamente que o adiantamento é \""Até 40% do salário líquido do mês (simulação)\"".""}, {""afirmacao"": ""O adiantamento salarial é uma simulação."", ""veredito"": 0, ""motivo"": ""O contexto menciona que o limite de 40% é uma simulação, mas não afirma que o adiantamento em si é apenas uma simulação."", ""veredito_no_catalogo"": 0, ""motivo_no_catalogo"": ""O contexto menciona que o adiantamento salarial permite 'Até 40% do salário líquido do mês (simulação)', indicando que a oferta de 40% é uma simulação, mas o adiantamento em si não é descrito como uma simulação.""}, {""afirmacao"": ""O adiantamento salarial pode ser solicitado pelo aplicativo."", ""veredito"": 1, ""motivo"": ""O contexto afirma que a contratação é \""No aplicativo, na opção de adiantamento salarial\"".""}, {""afirmacao"": ""O adiantamento salarial pode ser usado uma vez por mês."", ""veredito"": 1, ""motivo"": ""O contexto declara explicitamente que o adiantamento pode ser contratado \""uma vez por mês\"".""}, {""afirmacao"": ""A tarifa do adiantamento salarial aparece antes da confirmação."", ""veredito"": 1, ""motivo"": ""O contexto afirma que \""Tarifa mostrada antes de confirmar\"".""}, {""afirmacao"": ""O valor do adiantamento salarial cai na conta corrente imediatamente após a confirmação."", ""veredito"": 1, ""motivo"": ""O contexto afirma que \""O valor adiantado cai na conta na hora\"".""}]"
C00813-4;C00813;EMP002;kit_boas_vindas;email;fora_do_catalogo;todos;4;nao;"[""Pacote de benefícios Horizonte v2 › Programa de pontos e descontos""]";medido;9;8;0;1;0;0.888889;0.888889;em parte;0.003467;3586;906;;Quem tiver o cartão de crédito Santander pode se cadastrar no programa de pontos, sem custo, pelo aplicativo. Você acumula pontos no programa de relacionamento a cada R$ 1 gasto (simulação), com pontos válidos por 24 meses (simulação). Os pontos podem ser trocados por produtos, descontos ou milhas. Consulte o regulamento do programa de pontos para conhecer todas as regras.;"[{""afirmacao"": ""Clientes que possuem o cartão de crédito Santander podem se cadastrar no programa de pontos."", ""veredito"": 0, ""motivo"": ""O contexto especifica que apenas funcionários da Horizonte com cartão de crédito Santander podem usar o programa, não clientes em geral."", ""veredito_no_catalogo"": 0, ""motivo_no_catalogo"": ""O contexto especifica que o programa de pontos é destinado a funcionários da Horizonte com cartão de crédito Santander, não a clientes genéricos.""}, {""afirmacao"": ""O cadastro no programa de pontos do cartão de crédito Santander não possui custo."", ""veredito"": 1, ""motivo"": ""O contexto afirma explicitamente que o cadastro no aplicativo é sem custo.""}, {""afirmacao"": ""O cadastro no programa de pontos do cartão de crédito Santander é realizado pelo aplicativo."", ""veredito"": 1, ""motivo"": ""O contexto menciona que o cadastro é feito no aplicativo, em \""Programa de pontos\"".""}, {""afirmacao"": ""No programa de relacionamento do cartão de crédito Santander, cada R$ 1 gasto acumula pontos."", ""veredito"": 1, ""motivo"": ""O contexto afirma que cada compra no cartão acumula 1 ponto a cada R$ 1 gasto (simulação).""}, {""afirmacao"": ""Os pontos acumulados no programa de relacionamento do cartão de crédito Santander possuem validade de 24 meses."", ""veredito"": 1, ""motivo"": ""O contexto menciona que os pontos são válidos por 24 meses (simulação).""}, {""afirmacao"": ""Os pontos acumulados no programa de pontos do cartão de crédito Santander podem ser trocados por produtos."", ""veredito"": 1, ""motivo"": ""O contexto afirma que os pontos podem ser trocados por produtos, descontos ou milhas.""}, {""afirmacao"": ""Os pontos acumulados no programa de pontos do cartão de crédito Santander podem ser trocados por descontos."", ""veredito"": 1, ""motivo"": ""O contexto afirma que os pontos podem ser trocados por produtos, descontos ou milhas.""}, {""afirmacao"": ""Os pontos acumulados no programa de pontos do cartão de crédito Santander podem ser trocados por milhas."", ""veredito"": 1, ""motivo"": ""O contexto afirma que os pontos podem ser trocados por produtos, descontos ou milhas.""}, {""afirmacao"": ""O regulamento do programa de pontos do cartão de crédito Santander deve ser consultado para conhecer todas as regras."", ""veredito"": 1, ""motivo"": ""O contexto menciona explicitamente que o regulamento do programa de pontos deve ser consultado.""}]"
C00813-5;C00813;EMP002;kit_boas_vindas;email;fora_do_catalogo;todos;5;nao;"[""Pacote de benefícios Horizonte v2 › Seguro de vida em grupo"", ""Pacote de benefícios Horizonte v2 › Seguro para o celular""]";medido;17;17;0;0;0;1.000000;1.000000;fiel;0.003533;2050;1458;;A Horizonte Logística Ltda. também disponibiliza dois seguros para o time. O seguro de vida em grupo, oferecido por seguradora parceira, tem mensalidade a partir de R$ 7,90 (simulação) para funcionários de 18 a 65 anos (simulação) com conta corrente no Santander. O seguro para o celular protege contra roubo e quebra acidental, com franquia de 20% do valor do aparelho (simulação), para celulares de até 2 anos de uso (simulação). Consulte as condições gerais antes de contratar qualquer um dos dois.;"[{""afirmacao"": ""A Horizonte Logística Ltda. disponibiliza dois seguros para os funcionários."", ""veredito"": 1, ""motivo"": ""O contexto menciona explicitamente dois seguros: seguro de vida em grupo e seguro para celular.""}, {""afirmacao"": ""O primeiro seguro oferecido pela Horizonte Logística Ltda. é o seguro de vida em grupo."", ""veredito"": 1, ""motivo"": ""O contexto lista primeiro o seguro de vida em grupo como parte do pacote de benefícios.""}, {""afirmacao"": ""O seguro de vida em grupo é oferecido por uma seguradora parceira da Horizonte Logística Ltda."", ""veredito"": 1, ""motivo"": ""O contexto afirma que o seguro de vida em grupo é oferecido por seguradora parceira.""}, {""afirmacao"": ""A mensalidade do seguro de vida em grupo começa a partir de R$ 7,90."", ""veredito"": 1, ""motivo"": ""O contexto menciona que a mensalidade do seguro de vida em grupo começa a partir de R$ 7,90.""}, {""afirmacao"": ""O valor de R$ 7,90 para a mensalidade do seguro de vida em grupo é uma simulação."", ""veredito"": 1, ""motivo"": ""O contexto especifica que o valor de R$ 7,90 é uma simulação.""}, {""afirmacao"": ""O seguro de vida em grupo está disponível para funcionários com idade entre 18 e 65 anos."", ""veredito"": 1, ""motivo"": ""O contexto afirma que o seguro de vida em grupo está disponível para funcionários de 18 a 65 anos.""}, {""afirmacao"": ""A faixa etária de 18 a 65 anos para o seguro de vida em grupo é uma simulação."", ""veredito"": 1, ""motivo"": ""O contexto especifica que a faixa etária de 18 a 65 anos é uma simulação.""}, {""afirmacao"": ""Os funcionários precisam ter conta corrente no Santander para contratar o seguro de vida em grupo."", ""veredito"": 1, ""motivo"": ""O contexto menciona que quem pode usar o seguro de vida em grupo são funcionários da Horizonte com conta corrente no Santander.""}, {""afirmacao"": ""O segundo seguro oferecido pela Horizonte Logística Ltda. é o seguro para celular."", ""veredito"": 1, ""motivo"": ""O contexto lista o seguro para celular como o segundo seguro no pacote de benefícios.""}, {""afirmacao"": ""O seguro para celular protege contra roubo."", ""veredito"": 1, ""motivo"": ""O contexto afirma que o seguro para celular oferece proteção contra roubo.""}, {""afirmacao"": ""O seguro para celular protege contra quebra acidental."", ""veredito"": 1, ""motivo"": ""O contexto afirma que o seguro para celular oferece proteção contra quebra acidental.""}, {""afirmacao"": ""O seguro para celular possui uma franquia de 20% do valor do aparelho."", ""veredito"": 1, ""motivo"": ""O contexto menciona que a franquia do seguro para celular é de 20% do valor do aparelho.""}, {""afirmacao"": ""A franquia de 20% do valor do aparelho para o seguro de celular é uma simulação."", ""veredito"": 1, ""motivo"": ""O contexto especifica que a franquia de 20% é uma simulação.""}, {""afirmacao"": ""O seguro para celular está disponível para aparelhos com até 2 anos de uso."", ""veredito"": 1, ""motivo"": ""O contexto menciona que o seguro para celular está disponível para celulares de até 2 anos de uso.""}, {""afirmacao"": ""A condição de até 2 anos de uso para o seguro de celular é uma simulação."", ""veredito"": 1, ""motivo"": ""O contexto especifica que a condição de até 2 anos de uso é uma simulação.""}, {""afirmacao"": ""As condições gerais dos seguros devem ser consultadas antes da contratação."", ""veredito"": 1, ""motivo"": ""O contexto recomenda consultar as condições gerais antes de contratar ambos os seguros.""}, {""afirmacao"": ""Os dois seguros mencionados são o seguro de vida em grupo e o seguro para celular."", ""veredito"": 1, ""motivo"": ""O contexto menciona explicitamente esses dois seguros no pacote de benefícios.""}]"
C00813-6;C00813;EMP002;kit_boas_vindas;email;fora_do_catalogo;todos;6;nao;"[""Pacote de benefícios Horizonte v2 › Seguro de vida em grupo"", ""Pacote de benefícios Horizonte v2 › Seguro para o celular"", ""Pacote de benefícios Horizonte v2 › Programa de pontos e descontos"", ""Pacote de benefícios Horizonte v2 › Adiantamento salarial""]";medido;6;6;0;0;0;1.000000;1.000000;fiel;0.002094;2055;584;;"Para contratar os seguros, acesse o aplicativo Santander, em ""Seguros"": escolha ""vida em grupo Horizonte"" ou ""celular"". Para o programa de pontos, vá em ""Programa de pontos"". Para o adiantamento salarial, acesse a opção de mesmo nome no aplicativo.";"[{""afirmacao"": ""O processo de contratação de seguros ocorre através do aplicativo Santander."", ""veredito"": 1, ""motivo"": ""O contexto menciona explicitamente que a contratação dos seguros (vida em grupo e celular) é feita no aplicativo Santander.""}, {""afirmacao"": ""No aplicativo Santander, a seção para contratar seguros é identificada como \""Seguros\""."", ""veredito"": 1, ""motivo"": ""O contexto afirma que a contratação dos seguros é feita em \""Seguros\"" no aplicativo Santander.""}, {""afirmacao"": ""Dentro da seção \""Seguros\"", é possível escolher a opção \""vida em grupo Horizonte\""."", ""veredito"": 1, ""motivo"": ""O contexto indica que a opção \""vida em grupo Horizonte\"" está disponível na seção \""Seguros\"" do aplicativo Santander.""}, {""afirmacao"": ""Dentro da seção \""Seguros\"", é possível escolher a opção \""celular\""."", ""veredito"": 1, ""motivo"": ""O contexto menciona que a opção \""celular\"" está disponível na seção \""Seguros\"" do aplicativo Santander.""}, {""afirmacao"": ""O acesso ao programa de pontos é feito através da seção \""Programa de pontos\"" no aplicativo Santander."", ""veredito"": 1, ""motivo"": ""O contexto afirma que o cadastro no programa de pontos é feito em \""Programa de pontos\"" no aplicativo Santander.""}, {""afirmacao"": ""O adiantamento salarial é acessado através de uma opção com o mesmo nome no aplicativo Santander."", ""veredito"": 1, ""motivo"": ""O contexto menciona que o adiantamento salarial é acessado pela opção de mesmo nome no aplicativo Santander.""}]"
C00163-0;C00163;EMP001;kit_boas_vindas;whatsapp;fora_do_catalogo;um;0;sim;[];medido;1;0;0;1;0;0.000000;0.000000;não fiel;0.001053;1554;120;;Bem-vindo à Aurora Alimentos Ltda.! 👋;"[{""afirmacao"": ""Aurora Alimentos Ltda. dá boas-vindas ao usuário."", ""veredito"": 0, ""motivo"": ""O contexto menciona que a empresa Aurora Alimentos Ltda. assina o material para o próprio time, mas não há nenhuma informação explícita ou implícita sobre dar boas-vindas ao usuário."", ""veredito_no_catalogo"": 0, ""motivo_no_catalogo"": ""O contexto menciona que a empresa Aurora Alimentos Ltda. assina o material para o próprio time, mas não há nenhuma informação explícita ou implícita sobre dar boas-vindas ao usuário.""}]"
C00163-1;C00163;EMP001;kit_boas_vindas;whatsapp;fora_do_catalogo;um;1;nao;"[""Pacote de benefícios Aurora v4 › Crédito consignado""]";medido;6;4;2;0;0;0.666667;1.000000;em parte;0.002813;2808;769;;"Oi! Aqui na Aurora Alimentos Ltda., seu salário cai no banco parceiro da folha — e junto vem um benefício que vale conhecer: crédito consignado com taxa negociada para a Aurora. As parcelas saem direto da folha, e o valor pode chegar a até 35% do salário líquido (simulação). Tudo sujeito a análise de crédito; consulte o Custo Efetivo Total (CET) antes de contratar. 💡";"[{""afirmacao"": ""Aurora Alimentos Ltda. deposita o salário dos funcionários em um banco parceiro."", ""veredito"": 0, ""motivo"": ""O contexto menciona que o banco é o parceiro da folha de pagamento da empresa, mas não afirma explicitamente que a Aurora deposita os salários dos funcionários nesse banco."", ""veredito_no_catalogo"": 1, ""motivo_no_catalogo"": ""O contexto menciona que o banco é o parceiro da folha de pagamento da empresa Aurora Alimentos Ltda., o que implica que os salários são depositados por meio desse banco.""}, {""afirmacao"": ""Aurora Alimentos Ltda. oferece um benefício de crédito consignado com taxa negociada para os funcionários."", ""veredito"": 1, ""motivo"": ""O contexto afirma que há uma taxa de crédito consignado negociada para a Aurora, destinada aos funcionários.""}, {""afirmacao"": ""As parcelas do crédito consignado são descontadas diretamente da folha de pagamento dos funcionários."", ""veredito"": 1, ""motivo"": ""O contexto afirma explicitamente que o empréstimo é pago em parcelas descontadas direto da folha de pagamento.""}, {""afirmacao"": ""O valor do crédito consignado pode chegar a até 35% do salário líquido dos funcionários."", ""veredito"": 0, ""motivo"": ""O contexto menciona que as parcelas podem ser de até 35% do salário líquido (simulação), mas não afirma explicitamente que o valor total do crédito pode chegar a esse percentual."", ""veredito_no_catalogo"": 1, ""motivo_no_catalogo"": ""O contexto afirma que as parcelas do crédito consignado podem ser de até 35% do salário líquido (simulação).""}, {""afirmacao"": ""A oferta de crédito consignado está sujeita a análise de crédito."", ""veredito"": 1, ""motivo"": ""O contexto afirma explicitamente que o crédito consignado está sujeito a análise de crédito.""}, {""afirmacao"": ""É recomendado consultar o Custo Efetivo Total (CET) antes de contratar o crédito consignado."", ""veredito"": 1, ""motivo"": ""O contexto recomenda explicitamente consultar o Custo Efetivo Total (CET) antes de contratar.""}]"
C00163-2;C00163;EMP001;kit_boas_vindas;whatsapp;fora_do_catalogo;um;2;nao;"[""Pacote de benefícios Aurora v4 › Crédito consignado"", ""Pacote de benefícios Aurora v4 › Canais de dúvidas""]";medido;10;10;0;0;0;1.000000;1.000000;fiel;0.002440;1802;878;;Você pode contratar pelo aplicativo do banco ou falar com o gerente dedicado da Aurora. Tem dúvida? Ligue para 0800 000 0001 (dias úteis, das 8h às 20h), escreva para atendimento.aurora@banco.example ou passe no refeitório toda terça-feira, das 6h às 16h (simulação). 📲;"[{""afirmacao"": ""Contratação pode ser realizada pelo aplicativo do banco."", ""veredito"": 1, ""motivo"": ""O contexto menciona explicitamente que a contratação pode ser feita pelo aplicativo do banco.""}, {""afirmacao"": ""Contratação pode ser realizada ao falar com o gerente dedicado da Aurora."", ""veredito"": 1, ""motivo"": ""O contexto afirma que a contratação pode ser feita com o gerente dedicado da empresa.""}, {""afirmacao"": ""Dúvidas podem ser esclarecidas ligando para o número 0800 000 0001."", ""veredito"": 1, ""motivo"": ""O contexto indica que a central de atendimento é acessível pelo número 0800 000 0001 para esclarecer dúvidas.""}, {""afirmacao"": ""O número 0800 000 0001 funciona em dias úteis."", ""veredito"": 1, ""motivo"": ""O contexto especifica que a central de atendimento funciona em dias úteis.""}, {""afirmacao"": ""O número 0800 000 0001 funciona das 8h às 20h."", ""veredito"": 1, ""motivo"": ""O contexto menciona que a central de atendimento funciona das 8h às 20h.""}, {""afirmacao"": ""Dúvidas podem ser esclarecidas escrevendo para o endereço atendimento.aurora@banco.example."", ""veredito"": 1, ""motivo"": ""O contexto menciona que o gerente dedicado da empresa pode ser contatado pelo endereço atendimento.aurora@banco.example.""}, {""afirmacao"": ""Atendimento presencial está disponível no refeitório."", ""veredito"": 1, ""motivo"": ""O contexto menciona que há plantão na fábrica no refeitório para atendimento.""}, {""afirmacao"": ""Atendimento presencial no refeitório ocorre toda terça-feira."", ""veredito"": 1, ""motivo"": ""O contexto afirma que o plantão na fábrica ocorre toda terça-feira.""}, {""afirmacao"": ""Atendimento presencial no refeitório ocorre das 6h às 16h."", ""veredito"": 1, ""motivo"": ""O contexto especifica que o plantão na fábrica ocorre das 6h às 16h.""}, {""afirmacao"": ""O horário mencionado para atendimento no refeitório é uma simulação."", ""veredito"": 1, ""motivo"": ""O contexto menciona explicitamente que o horário do plantão no refeitório é uma simulação.""}]"
C00163-3;C00163;EMP001;kit_boas_vindas;whatsapp;fora_do_catalogo;um;3;nao;"[""Pacote de benefícios Aurora v4 › Onde consultar""]";medido;3;2;1;0;0;0.666667;1.000000;em parte;0.002039;2480;409;;Veja todos os seus benefícios em: https://beneficios.banco.example/aurora;"[{""afirmacao"": ""O trecho do material direciona para um endereço eletrônico."", ""veredito"": 1, ""motivo"": ""O contexto menciona explicitamente uma \""Página de benefícios da empresa\"" seguida de um link, indicando que o material direciona para um endereço eletrônico.""}, {""afirmacao"": ""O endereço eletrônico fornecido é https://beneficios.banco.example/aurora."", ""veredito"": 1, ""motivo"": ""O contexto fornece exatamente esse endereço eletrônico como a página de benefícios da empresa.""}, {""afirmacao"": ""O endereço eletrônico permite visualizar todos os benefícios relacionados."", ""veredito"": 0, ""motivo"": ""O contexto menciona que o endereço é da \""Página de benefícios da empresa\"", mas não especifica se todos os benefícios relacionados podem ser visualizados ali."", ""veredito_no_catalogo"": 1, ""motivo_no_catalogo"": ""O contexto menciona que a página de benefícios da empresa (https://beneficios.banco.example/aurora) é onde se pode consultar os benefícios, sugerindo que é possível visualizar os benefícios relacionados por meio desse endereço.""}]"
C00462-0;C00462;EMP002;kit_boas_vindas;whatsapp;normal;um;0;sim;[];medido;2;1;0;1;0;0.500000;0.500000;em parte;0.001177;1543;199;;Bem-vindo(a) à Horizonte Logística Ltda. 👋;"[{""afirmacao"": ""A mensagem dá boas-vindas a uma pessoa na empresa Horizonte Logística Ltda."", ""veredito"": 0, ""motivo"": ""O contexto não menciona nenhuma mensagem de boas-vindas ou a inclusão de uma pessoa específica na empresa."", ""veredito_no_catalogo"": 0, ""motivo_no_catalogo"": ""O contexto não menciona nenhuma mensagem de boas-vindas ou a inclusão de uma pessoa específica na empresa.""}, {""afirmacao"": ""Horizonte Logística Ltda. é o nome da empresa mencionada na mensagem."", ""veredito"": 1, ""motivo"": ""O contexto afirma explicitamente que \""A empresa Horizonte Logística Ltda. assina o material\"" e é a empresa parceira do banco.""}]"
C00462-1;C00462;EMP002;kit_boas_vindas;whatsapp;normal;um;1;nao;"[""Pacote de benefícios Horizonte v2 › Onde consultar""]";medido;3;1;2;0;0;0.333333;1.000000;em parte;0.002300;2546;545;;Oi! Aqui na Horizonte Logística Ltda., seu salário cai na conta corrente Santander, o banco parceiro da nossa folha de pagamento. Se tiver dúvidas sobre os benefícios, acesse: https://beneficios.banco.example/horizonte 🔗;"[{""afirmacao"": ""A empresa Horizonte Logística Ltda. deposita o salário dos funcionários em contas correntes do banco Santander."", ""veredito"": 0, ""motivo"": ""O contexto menciona que o banco é parceiro da folha de pagamento da empresa, mas não especifica se os salários são depositados em contas correntes do banco Santander."", ""veredito_no_catalogo"": 1, ""motivo_no_catalogo"": ""O contexto afirma que o adiantamento salarial é disponível para funcionários da Horizonte com o salário creditado na conta corrente Santander, o que implica que os salários são depositados nessas contas.""}, {""afirmacao"": ""O banco Santander é o banco parceiro da folha de pagamento da empresa Horizonte Logística Ltda."", ""veredito"": 0, ""motivo"": ""O contexto afirma que o banco é o parceiro da folha de pagamento da empresa, mas não menciona explicitamente que o banco é o Santander. O domínio \""banco.example\"" sugere um exemplo genérico."", ""veredito_no_catalogo"": 1, ""motivo_no_catalogo"": ""O contexto menciona explicitamente que \""o banco é o parceiro da folha de pagamento da empresa\"".""}, {""afirmacao"": ""Funcionários da empresa Horizonte Logística Ltda. podem acessar informações sobre benefícios no endereço https://beneficios.banco.example/horizonte."", ""veredito"": 1, ""motivo"": ""O contexto fornece explicitamente o link \""https://beneficios.banco.example/horizonte\"" como a página de benefícios da empresa.""}]"
C00462-2;C00462;EMP002;kit_boas_vindas;whatsapp;normal;um;2;nao;"[""Pacote de benefícios Horizonte v2 › Adiantamento salarial""]";medido;6;6;0;0;0;1.000000;1.000000;fiel;0.001693;1533;515;;Um benefício que você já pode usar: o adiantamento salarial. Pelo aplicativo, você pode antecipar até 40% do salário líquido do mês (simulação), uma vez por mês. A tarifa aparece antes de você confirmar, e o valor cai na conta na hora. 💡;"[{""afirmacao"": ""O adiantamento salarial é um benefício disponível para uso."", ""veredito"": 1, ""motivo"": ""O contexto menciona explicitamente o 'Pacote de benefícios Horizonte v2 › Adiantamento salarial', indicando que o benefício está disponível.""}, {""afirmacao"": ""O adiantamento salarial pode ser solicitado pelo aplicativo."", ""veredito"": 1, ""motivo"": ""O contexto afirma que o adiantamento salarial pode ser contratado 'No aplicativo, na opção de adiantamento salarial'.""}, {""afirmacao"": ""O aplicativo permite antecipar até 40% do salário líquido do mês."", ""veredito"": 1, ""motivo"": ""O contexto menciona que é possível antecipar 'Até 40% do salário líquido do mês (simulação)'.""}, {""afirmacao"": ""A antecipação do salário líquido é permitida uma vez por mês."", ""veredito"": 1, ""motivo"": ""O contexto afirma que o adiantamento salarial pode ser contratado 'uma vez por mês'.""}, {""afirmacao"": ""A simulação do adiantamento salarial mostra a tarifa antes da confirmação."", ""veredito"": 1, ""motivo"": ""O contexto menciona que 'Tarifa mostrada antes de confirmar' na simulação do adiantamento salarial.""}, {""afirmacao"": ""O valor do adiantamento salarial cai na conta imediatamente após a confirmação."", ""veredito"": 1, ""motivo"": ""O contexto afirma que 'O valor adiantado cai na conta na hora'.""}]"
C00462-3;C00462;EMP002;kit_boas_vindas;whatsapp;normal;um;3;nao;"[""Pacote de benefícios Horizonte v2 › Canais de dúvidas""]";medido;7;7;0;0;0;1.000000;1.000000;fiel;0.002054;1578;719;;Ficou com dúvida? Fale com a gente: ligue para 0800 000 0002 (todos os dias, das 7h às 22h), escreva para atendimento.horizonte@banco.example ou acesse o WhatsApp do RH pelo número oficial no mural do centro de distribuição. 📞;"[{""afirmacao"": ""O trecho do material oferece opções para esclarecer dúvidas."", ""veredito"": 1, ""motivo"": ""O contexto menciona explicitamente canais de dúvidas como central de atendimento, gerente dedicado e WhatsApp do RH.""}, {""afirmacao"": ""Uma opção para esclarecer dúvidas é ligar para o número 0800 000 0002."", ""veredito"": 1, ""motivo"": ""O contexto informa que a central de atendimento é acessível pelo número 0800 000 0002.""}, {""afirmacao"": ""O número 0800 000 0002 está disponível todos os dias."", ""veredito"": 1, ""motivo"": ""O contexto afirma que a central de atendimento está disponível \""todos os dias\"".""}, {""afirmacao"": ""O horário de atendimento do número 0800 000 0002 é das 7h às 22h."", ""veredito"": 1, ""motivo"": ""O contexto especifica que o horário de atendimento da central é \""das 7h às 22h\"".""}, {""afirmacao"": ""Outra opção para esclarecer dúvidas é escrever para o endereço de e-mail atendimento.horizonte@banco.example."", ""veredito"": 1, ""motivo"": ""O contexto menciona o e-mail \""atendimento.horizonte@banco.example\"" como canal de contato com o gerente dedicado.""}, {""afirmacao"": ""Também é possível acessar o WhatsApp do RH para esclarecer dúvidas."", ""veredito"": 1, ""motivo"": ""O contexto cita o \""WhatsApp do RH da Horizonte\"" como um dos canais de dúvidas.""}, {""afirmacao"": ""O número oficial do WhatsApp do RH está disponível no mural do centro de distribuição."", ""veredito"": 1, ""motivo"": ""O contexto afirma que o número oficial do WhatsApp é \""divulgado no mural do centro de distribuição\"".""}]"
C01346-0;C01346;EMP003;faq;whatsapp;vazio;todos;0;sim;[];medido;3;0;0;3;0;0.000000;0.000000;não fiel;0.001700;2385;235;;FAQ rápido: sua conta no banco parceiro 💬;"[{""afirmacao"": ""O trecho do material apresenta um FAQ rápido."", ""veredito"": 0, ""motivo"": ""O contexto não menciona explicitamente um FAQ rápido, apenas lista benefícios e canais de dúvidas."", ""veredito_no_catalogo"": 0, ""motivo_no_catalogo"": ""O contexto não menciona explicitamente um FAQ rápido, apenas lista benefícios e canais de dúvidas.""}, {""afirmacao"": ""O FAQ rápido refere-se à conta no banco parceiro."", ""veredito"": 0, ""motivo"": ""Não há menção a um FAQ rápido no contexto, portanto não é possível inferir a que ele se refere."", ""veredito_no_catalogo"": 0, ""motivo_no_catalogo"": ""Não há menção a um FAQ rápido no contexto, portanto não é possível inferir a que ele se refere.""}, {""afirmacao"": ""O trecho utiliza um emoji de balão de diálogo para representar comunicação."", ""veredito"": 0, ""motivo"": ""O contexto não menciona o uso de emojis ou qualquer elemento visual como balão de diálogo."", ""veredito_no_catalogo"": 0, ""motivo_no_catalogo"": ""O contexto não menciona o uso de emojis ou qualquer elemento visual como balão de diálogo.""}]"
C01346-1;C01346;EMP003;faq;whatsapp;vazio;todos;1;nao;"[""Pacote de benefícios Brisa v2 › Conta salário""]";medido;4;4;0;0;0;1.000000;1.000000;fiel;0.001364;1472;336;;"❓ Como meu salário chega ao banco?
A conta salário é aberta automaticamente com o cadastro do Time de Pessoas — você não precisa pedir nada. Ela não tem tarifa de manutenção e recebe o salário no dia do pagamento.";"[{""afirmacao"": ""A conta salário é aberta automaticamente após o cadastro realizado pelo Time de Pessoas."", ""veredito"": 1, ""motivo"": ""O contexto afirma que \""a conta é aberta com o cadastro do Time de Pessoas\"", o que implica automaticidade após o cadastro.""}, {""afirmacao"": ""O funcionário não precisa solicitar a abertura da conta salário."", ""veredito"": 1, ""motivo"": ""O contexto declara explicitamente que \""Não precisa pedir: a conta salário é aberta com o cadastro.\""""}, {""afirmacao"": ""A conta salário não possui tarifa de manutenção."", ""veredito"": 1, ""motivo"": ""O contexto menciona claramente que a conta salário é \""sem tarifa de manutenção\"".""}, {""afirmacao"": ""A conta salário recebe o salário no dia do pagamento."", ""veredito"": 1, ""motivo"": ""O contexto afirma que \""recebe o salário no dia do pagamento\"".""}]"
C01346-2;C01346;EMP003;faq;whatsapp;vazio;todos;2;nao;"[""Pacote de benefícios Brisa v2 › Portabilidade de salário""]";medido;6;5;0;1;0;0.833333;0.833333;em parte;0.003012;3467;670;;"❓ Posso mandar o salário para outro banco?
Sim, sem custo. Você faz o pedido no aplicativo do banco que vai receber o salário e a transferência passa a ser automática todo mês, em até 10 dias úteis (simulação).";"[{""afirmacao"": ""O trecho do material aborda a possibilidade de enviar o salário para outro banco."", ""veredito"": 1, ""motivo"": ""O contexto menciona explicitamente a portabilidade de salário, que envolve enviar o salário para outro banco.""}, {""afirmacao"": ""Enviar o salário para outro banco não possui custo."", ""veredito"": 1, ""motivo"": ""O contexto afirma que a portabilidade de salário é \""sem custo\"".""}, {""afirmacao"": ""O pedido para enviar o salário para outro banco é feito no aplicativo do banco que receberá o salário."", ""veredito"": 1, ""motivo"": ""O contexto indica que \""Como contratar: No aplicativo do banco que vai receber o salário.\""""}, {""afirmacao"": ""Após o pedido, a transferência do salário passa a ser automática todo mês."", ""veredito"": 1, ""motivo"": ""O contexto afirma que \""depois, a transferência é automática todo mês.\""""}, {""afirmacao"": ""A transferência automática do salário ocorre em até 10 dias úteis."", ""veredito"": 0, ""motivo"": ""O contexto menciona que \""Passa a valer em até 10 dias úteis (simulação)\"", mas não afirma que a transferência automática ocorra nesse prazo, apenas que a ativação da portabilidade pode levar até 10 dias úteis."", ""veredito_no_catalogo"": 0, ""motivo_no_catalogo"": ""O contexto menciona que a portabilidade de salário passa a valer em até 10 dias úteis após o pedido, mas não especifica que a transferência automática do salário ocorre nesse prazo. A transferência automática é mencionada como ocorrendo todo mês, sem prazo definido.""}, {""afirmacao"": ""A informação sobre os 10 dias úteis é uma simulação."", ""veredito"": 1, ""motivo"": ""O contexto afirma explicitamente que \""Passa a valer em até 10 dias úteis (simulação)\"".""}]"
